Tarih,Magaza_ID,Urun_ID,Baslangic_Stoku,Planlanan_Sevkiyat,Birim_Fiyat,Promosyon_Flag,Bolge,Tedarik_Suresi_Gun,Beklenen_Giris_Tarihi,Dagitilabilir_Depo_Stogu,Magaza_Kapasitesi
2025-05-07,M01,U001,0.0,79.0,175.82,False,Marmara,3,2025-05-07,168,285.0
2025-05-08,M01,U001,,0.0,175.82,False,Marmara,3,2025-05-08,168,118.0
2025-05-09,M01,U001,,0.0,175.82,False,Marmara,3,2025-05-09,168,249.0
2025-05-10,M01,U001,,0.0,175.82,False,Marmara,3,2025-05-10,168,362.0
2025-05-11,M01,U001,,0.0,175.82,False,Marmara,3,2025-05-11,168,329.0
2025-05-12,M01,U001,,0.0,175.82,False,Marmara,3,2025-05-12,168,131.0
2025-05-13,M01,U001,,90.0,175.82,False,Marmara,3,2025-05-14,168,157.0
2025-05-14,M01,U001,,0.0,175.82,False,Marmara,3,2025-05-14,168,297.0
2025-05-15,M01,U001,,0.0,175.82,False,Marmara,3,2025-05-15,168,274.0
2025-05-16,M01,U001,,0.0,175.82,False,Marmara,3,2025-05-16,168,308.0
2025-05-17,M01,U001,,0.0,175.82,False,Marmara,3,2025-05-17,168,188.0
2025-05-18,M01,U001,,0.0,175.82,False,Marmara,3,2025-05-18,168,123.0
2025-05-19,M01,U001,,85.0,175.82,False,Marmara,3,2025-05-20,168,369.0
2025-05-20,M01,U001,,0.0,158.24,True,Marmara,3,2025-05-20,168,321.0
2025-05-07,M01,U002,0.0,144.0,192.33,False,Marmara,4,2025-05-09,861,296.0
2025-05-08,M01,U002,,0.0,173.1,True,Marmara,4,2025-05-08,861,155.0
2025-05-09,M01,U002,,0.0,192.33,False,Marmara,4,2025-05-09,861,121.0
2025-05-10,M01,U002,,0.0,192.33,False,Marmara,4,2025-05-10,861,255.0
2025-05-11,M01,U002,,0.0,192.33,False,Marmara,4,2025-05-11,861,235.0
2025-05-12,M01,U002,,0.0,192.33,False,Marmara,4,2025-05-12,861,351.0
2025-05-13,M01,U002,,0.0,192.33,False,Marmara,4,2025-05-13,861,111.0
2025-05-14,M01,U002,,126.0,192.33,False,Marmara,4,2025-05-15,861,354.0
2025-05-15,M01,U002,,0.0,192.33,False,Marmara,4,2025-05-15,861,140.0
2025-05-16,M01,U002,,0.0,192.33,False,Marmara,4,2025-05-16,861,355.0
2025-05-17,M01,U002,,0.0,192.33,False,Marmara,4,2025-05-17,861,182.0
2025-05-18,M01,U002,,0.0,192.33,False,Marmara,4,2025-05-18,861,103.0
2025-05-19,M01,U002,,0.0,192.33,False,Marmara,4,2025-05-19,861,243.0
2025-05-20,M01,U002,,0.0,192.33,False,Marmara,4,2025-05-20,861,172.0
2025-05-07,M01,U003,0.0,0.0,43.26,False,Marmara,3,2025-05-07,777,206.0
2025-05-08,M01,U003,,0.0,43.26,False,Marmara,3,2025-05-08,777,274.0
2025-05-09,M01,U003,,199.0,43.26,False,Marmara,3,2025-05-11,777,162.0
2025-05-10,M01,U003,,0.0,43.26,False,Marmara,3,2025-05-10,777,234.0
2025-05-11,M01,U003,,0.0,43.26,False,Marmara,3,2025-05-11,777,325.0
2025-05-12,M01,U003,,0.0,43.26,False,Marmara,3,2025-05-12,777,386.0
2025-05-13,M01,U003,,125.0,43.26,False,Marmara,3,2025-05-14,777,175.0
2025-05-14,M01,U003,,0.0,43.26,False,Marmara,3,2025-05-14,777,340.0
2025-05-15,M01,U003,,0.0,38.93,True,Marmara,3,2025-05-15,777,212.0
2025-05-16,M01,U003,,0.0,43.26,False,Marmara,3,2025-05-16,777,299.0
2025-05-17,M01,U003,,177.0,43.26,False,Marmara,3,2025-05-19,777,363.0
2025-05-18,M01,U003,,0.0,43.26,False,Marmara,3,2025-05-18,777,248.0
2025-05-19,M01,U003,,0.0,43.26,False,Marmara,3,2025-05-19,777,388.0
2025-05-20,M01,U003,,0.0,43.26,False,Marmara,3,2025-05-20,777,221.0
2025-05-07,M01,U004,116.0,0.0,173.32,False,Marmara,4,2025-05-07,602,351.0
2025-05-08,M01,U004,,0.0,173.32,False,Marmara,4,2025-05-08,602,325.0
2025-05-09,M01,U004,,0.0,173.32,False,Marmara,4,2025-05-09,602,420.0
2025-05-10,M01,U004,,0.0,173.32,False,Marmara,4,2025-05-10,602,384.0
2025-05-11,M01,U004,,128.0,173.32,False,Marmara,4,2025-05-13,602,245.0
2025-05-12,M01,U004,,0.0,173.32,False,Marmara,4,2025-05-12,602,319.0
2025-05-13,M01,U004,,0.0,173.32,False,Marmara,4,2025-05-13,602,220.0
2025-05-14,M01,U004,,0.0,173.32,False,Marmara,4,2025-05-14,602,512.0
2025-05-15,M01,U004,,0.0,173.32,False,Marmara,4,2025-05-15,602,490.0
2025-05-16,M01,U004,,118.0,173.32,False,Marmara,4,2025-05-17,602,504.0
2025-05-17,M01,U004,,0.0,138.66,True,Marmara,4,2025-05-17,602,437.0
2025-05-18,M01,U004,,0.0,173.32,False,Marmara,4,2025-05-18,602,366.0
2025-05-19,M01,U004,,0.0,173.32,False,Marmara,4,2025-05-19,602,270.0
2025-05-20,M01,U004,,0.0,173.32,False,Marmara,4,2025-05-20,602,226.0
2025-05-07,M01,U005,0.0,98.0,49.88,False,Marmara,9,2025-05-09,667,178.0
2025-05-08,M01,U005,,0.0,49.88,False,Marmara,9,2025-05-08,667,240.0
2025-05-09,M01,U005,,0.0,42.4,True,Marmara,9,2025-05-09,667,153.0
2025-05-10,M01,U005,,0.0,49.88,False,Marmara,9,2025-05-10,667,229.0
2025-05-11,M01,U005,,0.0,49.88,False,Marmara,9,2025-05-11,667,170.0
2025-05-12,M01,U005,,0.0,49.88,False,Marmara,9,2025-05-12,667,160.0
2025-05-13,M01,U005,,95.0,49.88,False,Marmara,9,2025-05-14,667,346.0
2025-05-14,M01,U005,,0.0,49.88,False,Marmara,9,2025-05-14,667,381.0
2025-05-15,M01,U005,,0.0,49.88,False,Marmara,9,2025-05-15,667,399.0
2025-05-16,M01,U005,,0.0,42.4,True,Marmara,9,2025-05-16,667,181.0
2025-05-17,M01,U005,,0.0,49.88,False,Marmara,9,2025-05-17,667,278.0
2025-05-18,M01,U005,,0.0,49.88,False,Marmara,9,2025-05-18,667,382.0
2025-05-19,M01,U005,,88.0,49.88,False,Marmara,9,2025-05-20,667,217.0
2025-05-20,M01,U005,,0.0,49.88,False,Marmara,9,2025-05-20,667,320.0
2025-05-07,M01,U006,0.0,186.0,97.21,False,Marmara,6,2025-05-08,575,120.0
2025-05-08,M01,U006,,0.0,97.21,False,Marmara,6,2025-05-08,575,139.0
2025-05-09,M01,U006,,0.0,97.21,False,Marmara,6,2025-05-09,575,246.0
2025-05-10,M01,U006,,0.0,97.21,False,Marmara,6,2025-05-10,575,226.0
2025-05-11,M01,U006,,0.0,77.77,True,Marmara,6,2025-05-11,575,376.0
2025-05-12,M01,U006,,0.0,97.21,False,Marmara,6,2025-05-12,575,219.0
2025-05-13,M01,U006,,167.0,97.21,False,Marmara,6,2025-05-15,575,217.0
2025-05-14,M01,U006,,0.0,77.77,True,Marmara,6,2025-05-14,575,230.0
2025-05-15,M01,U006,,0.0,97.21,False,Marmara,6,2025-05-15,575,340.0
2025-05-16,M01,U006,,0.0,97.21,False,Marmara,6,2025-05-16,575,385.0
2025-05-17,M01,U006,,0.0,97.21,False,Marmara,6,2025-05-17,575,345.0
2025-05-18,M01,U006,,0.0,97.21,False,Marmara,6,2025-05-18,575,236.0
2025-05-19,M01,U006,,178.0,97.21,False,Marmara,6,2025-05-21,575,221.0
2025-05-20,M01,U006,,0.0,97.21,False,Marmara,6,2025-05-20,575,375.0
2025-05-07,M01,U007,0.0,0.0,150.45,False,Marmara,2,2025-05-07,159,341.0
2025-05-08,M01,U007,,0.0,150.45,False,Marmara,2,2025-05-08,159,121.0
2025-05-09,M01,U007,,0.0,150.45,False,Marmara,2,2025-05-09,159,122.0
2025-05-10,M01,U007,,0.0,150.45,False,Marmara,2,2025-05-10,159,318.0
2025-05-11,M01,U007,,120.0,150.45,False,Marmara,2,2025-05-12,159,363.0
2025-05-12,M01,U007,,0.0,150.45,False,Marmara,2,2025-05-12,159,180.0
2025-05-13,M01,U007,,0.0,150.45,False,Marmara,2,2025-05-13,159,180.0
2025-05-14,M01,U007,,0.0,150.45,False,Marmara,2,2025-05-14,159,356.0
2025-05-15,M01,U007,,0.0,150.45,False,Marmara,2,2025-05-15,159,124.0
2025-05-16,M01,U007,,108.0,150.45,False,Marmara,2,2025-05-16,159,133.0
2025-05-17,M01,U007,,0.0,150.45,False,Marmara,2,2025-05-17,159,295.0
2025-05-18,M01,U007,,0.0,150.45,False,Marmara,2,2025-05-18,159,287.0
2025-05-19,M01,U007,,0.0,150.45,False,Marmara,2,2025-05-19,159,256.0
2025-05-20,M01,U007,,0.0,150.45,False,Marmara,2,2025-05-20,159,356.0
2025-05-07,M01,U008,61.0,0.0,111.37,False,Marmara,5,2025-05-07,589,180.0
2025-05-08,M01,U008,,0.0,111.37,False,Marmara,5,2025-05-08,589,183.0
2025-05-09,M01,U008,,39.0,111.37,False,Marmara,5,2025-05-11,589,185.0
2025-05-10,M01,U008,,0.0,111.37,False,Marmara,5,2025-05-10,589,274.0
2025-05-11,M01,U008,,0.0,111.37,False,Marmara,5,2025-05-11,589,327.0
2025-05-12,M01,U008,,0.0,94.66,True,Marmara,5,2025-05-12,589,402.0
2025-05-13,M01,U008,,59.0,111.37,False,Marmara,5,2025-05-15,589,358.0
2025-05-14,M01,U008,,0.0,111.37,False,Marmara,5,2025-05-14,589,394.0
2025-05-15,M01,U008,,0.0,111.37,False,Marmara,5,2025-05-15,589,373.0
2025-05-16,M01,U008,,0.0,111.37,False,Marmara,5,2025-05-16,589,319.0
2025-05-17,M01,U008,,71.0,111.37,False,Marmara,5,2025-05-19,589,335.0
2025-05-18,M01,U008,,0.0,100.23,True,Marmara,5,2025-05-18,589,222.0
2025-05-19,M01,U008,,0.0,111.37,False,Marmara,5,2025-05-19,589,256.0
2025-05-20,M01,U008,,0.0,111.37,False,Marmara,5,2025-05-20,589,401.0
2025-05-07,M01,U009,31.0,0.0,106.43,True,Marmara,4,2025-05-07,594,288.0
2025-05-08,M01,U009,,0.0,133.04,False,Marmara,4,2025-05-08,594,284.0
2025-05-09,M01,U009,,0.0,133.04,False,Marmara,4,2025-05-09,594,249.0
2025-05-10,M01,U009,,0.0,133.04,False,Marmara,4,2025-05-10,594,258.0
2025-05-11,M01,U009,,42.0,133.04,False,Marmara,4,2025-05-11,594,403.0
2025-05-12,M01,U009,,0.0,133.04,False,Marmara,4,2025-05-12,594,322.0
2025-05-13,M01,U009,,0.0,133.04,False,Marmara,4,2025-05-13,594,214.0
2025-05-14,M01,U009,,0.0,133.04,False,Marmara,4,2025-05-14,594,337.0
2025-05-15,M01,U009,,0.0,133.04,False,Marmara,4,2025-05-15,594,289.0
2025-05-16,M01,U009,,0.0,133.04,False,Marmara,4,2025-05-16,594,328.0
2025-05-17,M01,U009,,0.0,133.04,False,Marmara,4,2025-05-17,594,272.0
2025-05-18,M01,U009,,0.0,133.04,False,Marmara,4,2025-05-18,594,200.0
2025-05-19,M01,U009,,0.0,133.04,False,Marmara,4,2025-05-19,594,281.0
2025-05-20,M01,U009,,0.0,113.08,True,Marmara,4,2025-05-20,594,418.0
2025-05-07,M01,U010,0.0,121.0,186.29,False,Marmara,7,2025-05-09,492,350.0
2025-05-08,M01,U010,,0.0,186.29,False,Marmara,7,2025-05-08,492,258.0
2025-05-09,M01,U010,,0.0,186.29,False,Marmara,7,2025-05-09,492,326.0
2025-05-10,M01,U010,,0.0,186.29,False,Marmara,7,2025-05-10,492,167.0
2025-05-11,M01,U010,,0.0,186.29,False,Marmara,7,2025-05-11,492,136.0
2025-05-12,M01,U010,,0.0,186.29,False,Marmara,7,2025-05-12,492,317.0
2025-05-13,M01,U010,,0.0,158.35,True,Marmara,7,2025-05-13,492,294.0
2025-05-14,M01,U010,,120.0,167.66,True,Marmara,7,2025-05-15,492,173.0
2025-05-15,M01,U010,,0.0,186.29,False,Marmara,7,2025-05-15,492,249.0
2025-05-16,M01,U010,,0.0,186.29,False,Marmara,7,2025-05-16,492,351.0
2025-05-17,M01,U010,,0.0,158.35,True,Marmara,7,2025-05-17,492,286.0
2025-05-18,M01,U010,,0.0,186.29,False,Marmara,7,2025-05-18,492,117.0
2025-05-19,M01,U010,,0.0,186.29,False,Marmara,7,2025-05-19,492,380.0
2025-05-20,M01,U010,,0.0,186.29,False,Marmara,7,2025-05-20,492,311.0
2025-05-07,M01,U011,0.0,91.0,172.73,False,Marmara,9,2025-05-07,753,385.0
2025-05-08,M01,U011,,0.0,172.73,False,Marmara,9,2025-05-08,753,150.0
2025-05-09,M01,U011,,0.0,172.73,False,Marmara,9,2025-05-09,753,193.0
2025-05-10,M01,U011,,0.0,172.73,False,Marmara,9,2025-05-10,753,204.0
2025-05-11,M01,U011,,0.0,172.73,False,Marmara,9,2025-05-11,753,141.0
2025-05-12,M01,U011,,0.0,172.73,False,Marmara,9,2025-05-12,753,239.0
2025-05-13,M01,U011,,0.0,172.73,False,Marmara,9,2025-05-13,753,209.0
2025-05-14,M01,U011,,82.0,172.73,False,Marmara,9,2025-05-16,753,104.0
2025-05-15,M01,U011,,0.0,172.73,False,Marmara,9,2025-05-15,753,336.0
2025-05-16,M01,U011,,0.0,172.73,False,Marmara,9,2025-05-16,753,328.0
2025-05-17,M01,U011,,0.0,155.46,True,Marmara,9,2025-05-17,753,170.0
2025-05-18,M01,U011,,0.0,172.73,False,Marmara,9,2025-05-18,753,381.0
2025-05-19,M01,U011,,0.0,172.73,False,Marmara,9,2025-05-19,753,222.0
2025-05-20,M01,U011,,0.0,172.73,False,Marmara,9,2025-05-20,753,229.0
2025-05-07,M01,U012,0.0,161.0,214.19,False,Marmara,2,2025-05-07,601,363.0
2025-05-08,M01,U012,,0.0,192.77,True,Marmara,2,2025-05-08,601,304.0
2025-05-09,M01,U012,,0.0,214.19,False,Marmara,2,2025-05-09,601,361.0
2025-05-10,M01,U012,,0.0,214.19,False,Marmara,2,2025-05-10,601,286.0
2025-05-11,M01,U012,,0.0,214.19,False,Marmara,2,2025-05-11,601,294.0
2025-05-12,M01,U012,,0.0,214.19,False,Marmara,2,2025-05-12,601,393.0
2025-05-13,M01,U012,,174.0,214.19,False,Marmara,2,2025-05-13,601,360.0
2025-05-14,M01,U012,,0.0,214.19,False,Marmara,2,2025-05-14,601,226.0
2025-05-15,M01,U012,,0.0,214.19,False,Marmara,2,2025-05-15,601,274.0
2025-05-16,M01,U012,,0.0,214.19,False,Marmara,2,2025-05-16,601,279.0
2025-05-17,M01,U012,,0.0,214.19,False,Marmara,2,2025-05-17,601,307.0
2025-05-18,M01,U012,,0.0,214.19,False,Marmara,2,2025-05-18,601,302.0
2025-05-19,M01,U012,,186.0,214.19,False,Marmara,2,2025-05-20,601,311.0
2025-05-20,M01,U012,,0.0,214.19,False,Marmara,2,2025-05-20,601,196.0
2025-05-07,M01,U013,0.0,0.0,176.68,False,Marmara,6,2025-05-07,350,351.0
2025-05-08,M01,U013,,0.0,176.68,False,Marmara,6,2025-05-08,350,276.0
2025-05-09,M01,U013,,0.0,176.68,False,Marmara,6,2025-05-09,350,284.0
2025-05-10,M01,U013,,0.0,176.68,False,Marmara,6,2025-05-10,350,184.0
2025-05-11,M01,U013,,0.0,176.68,False,Marmara,6,2025-05-11,350,241.0
2025-05-12,M01,U013,,0.0,176.68,False,Marmara,6,2025-05-12,350,345.0
2025-05-13,M01,U013,,78.0,176.68,False,Marmara,6,2025-05-15,350,149.0
2025-05-14,M01,U013,,0.0,176.68,False,Marmara,6,2025-05-14,350,214.0
2025-05-15,M01,U013,,0.0,176.68,False,Marmara,6,2025-05-15,350,128.0
2025-05-16,M01,U013,,0.0,176.68,False,Marmara,6,2025-05-16,350,384.0
2025-05-17,M01,U013,,51.0,176.68,False,Marmara,6,2025-05-19,350,239.0
2025-05-18,M01,U013,,0.0,176.68,False,Marmara,6,2025-05-18,350,102.0
2025-05-19,M01,U013,,0.0,159.01,True,Marmara,6,2025-05-19,350,211.0
2025-05-20,M01,U013,,0.0,159.01,True,Marmara,6,2025-05-20,350,280.0
2025-05-07,M01,U014,0.0,43.0,115.91,False,Marmara,6,2025-05-07,528,327.0
2025-05-08,M01,U014,,0.0,115.91,False,Marmara,6,2025-05-08,528,272.0
2025-05-09,M01,U014,,0.0,115.91,False,Marmara,6,2025-05-09,528,283.0
2025-05-10,M01,U014,,0.0,115.91,False,Marmara,6,2025-05-10,528,335.0
2025-05-11,M01,U014,,0.0,115.91,False,Marmara,6,2025-05-11,528,118.0
2025-05-12,M01,U014,,0.0,115.91,False,Marmara,6,2025-05-12,528,151.0
2025-05-13,M01,U014,,37.0,115.91,False,Marmara,6,2025-05-15,528,293.0
2025-05-14,M01,U014,,0.0,115.91,False,Marmara,6,2025-05-14,528,324.0
2025-05-15,M01,U014,,0.0,115.91,False,Marmara,6,2025-05-15,528,169.0
2025-05-16,M01,U014,,0.0,115.91,False,Marmara,6,2025-05-16,528,104.0
2025-05-17,M01,U014,,0.0,104.32,True,Marmara,6,2025-05-17,528,335.0
2025-05-18,M01,U014,,0.0,104.32,True,Marmara,6,2025-05-18,528,284.0
2025-05-19,M01,U014,,41.0,115.91,False,Marmara,6,2025-05-21,528,188.0
2025-05-20,M01,U014,,0.0,115.91,False,Marmara,6,2025-05-20,528,329.0
2025-05-07,M01,U015,118.0,0.0,43.99,True,Marmara,10,2025-05-07,175,366.0
2025-05-08,M01,U015,,0.0,54.99,False,Marmara,10,2025-05-08,175,243.0
2025-05-09,M01,U015,,0.0,54.99,False,Marmara,10,2025-05-09,175,459.0
2025-05-10,M01,U015,,0.0,54.99,False,Marmara,10,2025-05-10,175,309.0
2025-05-11,M01,U015,,134.0,54.99,False,Marmara,10,2025-05-12,175,308.0
2025-05-12,M01,U015,,0.0,49.49,True,Marmara,10,2025-05-12,175,498.0
2025-05-13,M01,U015,,0.0,54.99,False,Marmara,10,2025-05-13,175,475.0
2025-05-14,M01,U015,,0.0,54.99,False,Marmara,10,2025-05-14,175,462.0
2025-05-15,M01,U015,,0.0,54.99,False,Marmara,10,2025-05-15,175,323.0
2025-05-16,M01,U015,,134.0,54.99,False,Marmara,10,2025-05-18,175,442.0
2025-05-17,M01,U015,,0.0,54.99,False,Marmara,10,2025-05-17,175,358.0
2025-05-18,M01,U015,,0.0,54.99,False,Marmara,10,2025-05-18,175,512.0
2025-05-19,M01,U015,,0.0,54.99,False,Marmara,10,2025-05-19,175,452.0
2025-05-20,M01,U015,,0.0,54.99,False,Marmara,10,2025-05-20,175,296.0
2025-05-07,M01,U016,130.0,0.0,170.13,False,Marmara,5,2025-05-07,205,514.0
2025-05-08,M01,U016,,0.0,170.13,False,Marmara,5,2025-05-08,205,347.0
2025-05-09,M01,U016,,0.0,170.13,False,Marmara,5,2025-05-09,205,343.0
2025-05-10,M01,U016,,0.0,170.13,False,Marmara,5,2025-05-10,205,252.0
2025-05-11,M01,U016,,175.0,153.12,True,Marmara,5,2025-05-12,205,489.0
2025-05-12,M01,U016,,0.0,144.61,True,Marmara,5,2025-05-12,205,233.0
2025-05-13,M01,U016,,0.0,170.13,False,Marmara,5,2025-05-13,205,349.0
2025-05-14,M01,U016,,0.0,170.13,False,Marmara,5,2025-05-14,205,461.0
2025-05-15,M01,U016,,0.0,153.12,True,Marmara,5,2025-05-15,205,448.0
2025-05-16,M01,U016,,191.0,170.13,False,Marmara,5,2025-05-17,205,334.0
2025-05-17,M01,U016,,0.0,170.13,False,Marmara,5,2025-05-17,205,432.0
2025-05-18,M01,U016,,0.0,153.12,True,Marmara,5,2025-05-18,205,479.0
2025-05-19,M01,U016,,0.0,170.13,False,Marmara,5,2025-05-19,205,446.0
2025-05-20,M01,U016,,0.0,170.13,False,Marmara,5,2025-05-20,205,384.0
2025-05-07,M01,U017,0.0,96.0,88.44,False,Marmara,3,2025-05-09,619,278.0
2025-05-08,M01,U017,,0.0,88.44,False,Marmara,3,2025-05-08,619,273.0
2025-05-09,M01,U017,,0.0,88.44,False,Marmara,3,2025-05-09,619,168.0
2025-05-10,M01,U017,,0.0,88.44,False,Marmara,3,2025-05-10,619,386.0
2025-05-11,M01,U017,,0.0,88.44,False,Marmara,3,2025-05-11,619,346.0
2025-05-12,M01,U017,,0.0,88.44,False,Marmara,3,2025-05-12,619,366.0
2025-05-13,M01,U017,,0.0,88.44,False,Marmara,3,2025-05-13,619,262.0
2025-05-14,M01,U017,,96.0,88.44,False,Marmara,3,2025-05-15,619,293.0
2025-05-15,M01,U017,,0.0,88.44,False,Marmara,3,2025-05-15,619,321.0
2025-05-16,M01,U017,,0.0,88.44,False,Marmara,3,2025-05-16,619,375.0
2025-05-17,M01,U017,,0.0,88.44,False,Marmara,3,2025-05-17,619,282.0
2025-05-18,M01,U017,,0.0,88.44,False,Marmara,3,2025-05-18,619,357.0
2025-05-19,M01,U017,,0.0,88.44,False,Marmara,3,2025-05-19,619,341.0
2025-05-20,M01,U017,,0.0,88.44,False,Marmara,3,2025-05-20,619,300.0
2025-05-07,M01,U018,0.0,60.0,116.46,False,Marmara,3,2025-05-08,424,122.0
2025-05-08,M01,U018,,0.0,116.46,False,Marmara,3,2025-05-08,424,319.0
2025-05-09,M01,U018,,0.0,116.46,False,Marmara,3,2025-05-09,424,145.0
2025-05-10,M01,U018,,0.0,116.46,False,Marmara,3,2025-05-10,424,135.0
2025-05-11,M01,U018,,0.0,116.46,False,Marmara,3,2025-05-11,424,224.0
2025-05-12,M01,U018,,0.0,116.46,False,Marmara,3,2025-05-12,424,188.0
2025-05-13,M01,U018,,0.0,116.46,False,Marmara,3,2025-05-13,424,362.0
2025-05-14,M01,U018,,57.0,116.46,False,Marmara,3,2025-05-16,424,361.0
2025-05-15,M01,U018,,0.0,116.46,False,Marmara,3,2025-05-15,424,373.0
2025-05-16,M01,U018,,0.0,116.46,False,Marmara,3,2025-05-16,424,344.0
2025-05-17,M01,U018,,0.0,116.46,False,Marmara,3,2025-05-17,424,227.0
2025-05-18,M01,U018,,0.0,116.46,False,Marmara,3,2025-05-18,424,125.0
2025-05-19,M01,U018,,0.0,116.46,False,Marmara,3,2025-05-19,424,236.0
2025-05-20,M01,U018,,0.0,116.46,False,Marmara,3,2025-05-20,424,215.0
2025-05-07,M02,U001,0.0,0.0,149.45,True,Marmara,3,2025-05-07,168,187.0
2025-05-08,M02,U001,,0.0,175.82,False,Marmara,3,2025-05-08,168,181.0
2025-05-09,M02,U001,,0.0,175.82,False,Marmara,3,2025-05-09,168,334.0
2025-05-10,M02,U001,,0.0,175.82,False,Marmara,3,2025-05-10,168,232.0
2025-05-11,M02,U001,,0.0,175.82,False,Marmara,3,2025-05-11,168,363.0
2025-05-12,M02,U001,,0.0,175.82,False,Marmara,3,2025-05-12,168,230.0
2025-05-13,M02,U001,,0.0,175.82,False,Marmara,3,2025-05-13,168,102.0
2025-05-14,M02,U001,,119.0,175.82,False,Marmara,3,2025-05-15,168,199.0
2025-05-15,M02,U001,,0.0,175.82,False,Marmara,3,2025-05-15,168,206.0
2025-05-16,M02,U001,,0.0,175.82,False,Marmara,3,2025-05-16,168,142.0
2025-05-17,M02,U001,,0.0,175.82,False,Marmara,3,2025-05-17,168,170.0
2025-05-18,M02,U001,,0.0,175.82,False,Marmara,3,2025-05-18,168,174.0
2025-05-19,M02,U001,,0.0,175.82,False,Marmara,3,2025-05-19,168,332.0
2025-05-20,M02,U001,,0.0,175.82,False,Marmara,3,2025-05-20,168,115.0
2025-05-07,M02,U002,0.0,137.0,192.33,False,Marmara,4,2025-05-09,861,134.0
2025-05-08,M02,U002,,0.0,192.33,False,Marmara,4,2025-05-08,861,250.0
2025-05-09,M02,U002,,0.0,192.33,False,Marmara,4,2025-05-09,861,286.0
2025-05-10,M02,U002,,0.0,192.33,False,Marmara,4,2025-05-10,861,304.0
2025-05-11,M02,U002,,0.0,192.33,False,Marmara,4,2025-05-11,861,394.0
2025-05-12,M02,U002,,0.0,192.33,False,Marmara,4,2025-05-12,861,178.0
2025-05-13,M02,U002,,0.0,192.33,False,Marmara,4,2025-05-13,861,296.0
2025-05-14,M02,U002,,132.0,192.33,False,Marmara,4,2025-05-15,861,164.0
2025-05-15,M02,U002,,0.0,192.33,False,Marmara,4,2025-05-15,861,309.0
2025-05-16,M02,U002,,0.0,192.33,False,Marmara,4,2025-05-16,861,306.0
2025-05-17,M02,U002,,0.0,192.33,False,Marmara,4,2025-05-17,861,245.0
2025-05-18,M02,U002,,0.0,192.33,False,Marmara,4,2025-05-18,861,266.0
2025-05-19,M02,U002,,0.0,192.33,False,Marmara,4,2025-05-19,861,280.0
2025-05-20,M02,U002,,0.0,173.1,True,Marmara,4,2025-05-20,861,115.0
2025-05-07,M02,U003,0.0,0.0,43.26,False,Marmara,3,2025-05-07,777,216.0
2025-05-08,M02,U003,,0.0,38.93,True,Marmara,3,2025-05-08,777,184.0
2025-05-09,M02,U003,,0.0,43.26,False,Marmara,3,2025-05-09,777,357.0
2025-05-10,M02,U003,,0.0,43.26,False,Marmara,3,2025-05-10,777,133.0
2025-05-11,M02,U003,,0.0,43.26,False,Marmara,3,2025-05-11,777,179.0
2025-05-12,M02,U003,,0.0,43.26,False,Marmara,3,2025-05-12,777,207.0
2025-05-13,M02,U003,,0.0,43.26,False,Marmara,3,2025-05-13,777,166.0
2025-05-14,M02,U003,,216.0,43.26,False,Marmara,3,2025-05-14,777,281.0
2025-05-15,M02,U003,,0.0,43.26,False,Marmara,3,2025-05-15,777,117.0
2025-05-16,M02,U003,,0.0,43.26,False,Marmara,3,2025-05-16,777,270.0
2025-05-17,M02,U003,,0.0,43.26,False,Marmara,3,2025-05-17,777,155.0
2025-05-18,M02,U003,,0.0,43.26,False,Marmara,3,2025-05-18,777,264.0
2025-05-19,M02,U003,,0.0,43.26,False,Marmara,3,2025-05-19,777,126.0
2025-05-20,M02,U003,,0.0,43.26,False,Marmara,3,2025-05-20,777,109.0
2025-05-07,M02,U004,68.0,0.0,173.32,False,Marmara,4,2025-05-07,602,192.0
2025-05-08,M02,U004,,0.0,173.32,False,Marmara,4,2025-05-08,602,216.0
2025-05-09,M02,U004,,140.0,173.32,False,Marmara,4,2025-05-10,602,258.0
2025-05-10,M02,U004,,0.0,173.32,False,Marmara,4,2025-05-10,602,273.0
2025-05-11,M02,U004,,0.0,173.32,False,Marmara,4,2025-05-11,602,180.0
2025-05-12,M02,U004,,0.0,173.32,False,Marmara,4,2025-05-12,602,293.0
2025-05-13,M02,U004,,130.0,173.32,False,Marmara,4,2025-05-13,602,355.0
2025-05-14,M02,U004,,0.0,173.32,False,Marmara,4,2025-05-14,602,302.0
2025-05-15,M02,U004,,0.0,173.32,False,Marmara,4,2025-05-15,602,187.0
2025-05-16,M02,U004,,0.0,173.32,False,Marmara,4,2025-05-16,602,390.0
2025-05-17,M02,U004,,132.0,173.32,False,Marmara,4,2025-05-19,602,432.0
2025-05-18,M02,U004,,0.0,173.32,False,Marmara,4,2025-05-18,602,452.0
2025-05-19,M02,U004,,0.0,173.32,False,Marmara,4,2025-05-19,602,208.0
2025-05-20,M02,U004,,0.0,173.32,False,Marmara,4,2025-05-20,602,397.0
2025-05-07,M02,U005,0.0,79.0,49.88,False,Marmara,9,2025-05-08,667,139.0
2025-05-08,M02,U005,,0.0,49.88,False,Marmara,9,2025-05-08,667,311.0
2025-05-09,M02,U005,,0.0,49.88,False,Marmara,9,2025-05-09,667,197.0
2025-05-10,M02,U005,,0.0,49.88,False,Marmara,9,2025-05-10,667,147.0
2025-05-11,M02,U005,,0.0,49.88,False,Marmara,9,2025-05-11,667,395.0
2025-05-12,M02,U005,,0.0,49.88,False,Marmara,9,2025-05-12,667,223.0
2025-05-13,M02,U005,,0.0,49.88,False,Marmara,9,2025-05-13,667,369.0
2025-05-14,M02,U005,,81.0,49.88,False,Marmara,9,2025-05-15,667,265.0
2025-05-15,M02,U005,,0.0,49.88,False,Marmara,9,2025-05-15,667,368.0
2025-05-16,M02,U005,,0.0,49.88,False,Marmara,9,2025-05-16,667,223.0
2025-05-17,M02,U005,,0.0,49.88,False,Marmara,9,2025-05-17,667,198.0
2025-05-18,M02,U005,,0.0,49.88,False,Marmara,9,2025-05-18,667,206.0
2025-05-19,M02,U005,,0.0,42.4,True,Marmara,9,2025-05-19,667,342.0
2025-05-20,M02,U005,,0.0,49.88,False,Marmara,9,2025-05-20,667,202.0
2025-05-07,M02,U006,102.0,0.0,97.21,False,Marmara,6,2025-05-07,575,328.0
2025-05-08,M02,U006,,0.0,97.21,False,Marmara,6,2025-05-08,575,501.0
2025-05-09,M02,U006,,116.0,97.21,False,Marmara,6,2025-05-09,575,267.0
2025-05-10,M02,U006,,0.0,97.21,False,Marmara,6,2025-05-10,575,242.0
2025-05-11,M02,U006,,0.0,97.21,False,Marmara,6,2025-05-11,575,312.0
2025-05-12,M02,U006,,0.0,97.21,False,Marmara,6,2025-05-12,575,396.0
2025-05-13,M02,U006,,0.0,97.21,False,Marmara,6,2025-05-13,575,218.0
2025-05-14,M02,U006,,0.0,97.21,False,Marmara,6,2025-05-14,575,262.0
2025-05-15,M02,U006,,0.0,97.21,False,Marmara,6,2025-05-15,575,371.0
2025-05-16,M02,U006,,0.0,97.21,False,Marmara,6,2025-05-16,575,359.0
2025-05-17,M02,U006,,161.0,82.63,True,Marmara,6,2025-05-17,575,202.0
2025-05-18,M02,U006,,0.0,97.21,False,Marmara,6,2025-05-18,575,245.0
2025-05-19,M02,U006,,0.0,97.21,False,Marmara,6,2025-05-19,575,357.0
2025-05-20,M02,U006,,0.0,97.21,False,Marmara,6,2025-05-20,575,479.0
2025-05-07,M02,U007,168.0,0.0,150.45,False,Marmara,2,2025-05-07,159,318.0
2025-05-08,M02,U007,,0.0,150.45,False,Marmara,2,2025-05-08,159,517.0
2025-05-09,M02,U007,,0.0,150.45,False,Marmara,2,2025-05-09,159,479.0
2025-05-10,M02,U007,,0.0,150.45,False,Marmara,2,2025-05-10,159,435.0
2025-05-11,M02,U007,,147.0,150.45,False,Marmara,2,2025-05-12,159,484.0
2025-05-12,M02,U007,,0.0,150.45,False,Marmara,2,2025-05-12,159,474.0
2025-05-13,M02,U007,,0.0,150.45,False,Marmara,2,2025-05-13,159,327.0
2025-05-14,M02,U007,,0.0,150.45,False,Marmara,2,2025-05-14,159,308.0
2025-05-15,M02,U007,,0.0,150.45,False,Marmara,2,2025-05-15,159,268.0
2025-05-16,M02,U007,,190.0,150.45,False,Marmara,2,2025-05-17,159,362.0
2025-05-17,M02,U007,,0.0,150.45,False,Marmara,2,2025-05-17,159,446.0
2025-05-18,M02,U007,,0.0,127.88,True,Marmara,2,2025-05-18,159,436.0
2025-05-19,M02,U007,,0.0,150.45,False,Marmara,2,2025-05-19,159,301.0
2025-05-20,M02,U007,,0.0,150.45,False,Marmara,2,2025-05-20,159,535.0
2025-05-07,M02,U008,0.0,74.0,111.37,False,Marmara,5,2025-05-07,589,122.0
2025-05-08,M02,U008,,0.0,111.37,False,Marmara,5,2025-05-08,589,129.0
2025-05-09,M02,U008,,0.0,111.37,False,Marmara,5,2025-05-09,589,169.0
2025-05-10,M02,U008,,0.0,111.37,False,Marmara,5,2025-05-10,589,197.0
2025-05-11,M02,U008,,0.0,111.37,False,Marmara,5,2025-05-11,589,367.0
2025-05-12,M02,U008,,0.0,111.37,False,Marmara,5,2025-05-12,589,122.0
2025-05-13,M02,U008,,74.0,111.37,False,Marmara,5,2025-05-15,589,347.0
2025-05-14,M02,U008,,0.0,111.37,False,Marmara,5,2025-05-14,589,328.0
2025-05-15,M02,U008,,0.0,111.37,False,Marmara,5,2025-05-15,589,282.0
2025-05-16,M02,U008,,0.0,111.37,False,Marmara,5,2025-05-16,589,336.0
2025-05-17,M02,U008,,0.0,111.37,False,Marmara,5,2025-05-17,589,389.0
2025-05-18,M02,U008,,0.0,111.37,False,Marmara,5,2025-05-18,589,240.0
2025-05-19,M02,U008,,67.0,111.37,False,Marmara,5,2025-05-20,589,115.0
2025-05-20,M02,U008,,0.0,111.37,False,Marmara,5,2025-05-20,589,333.0
2025-05-07,M02,U009,0.0,0.0,133.04,False,Marmara,4,2025-05-07,594,366.0
2025-05-08,M02,U009,,0.0,133.04,False,Marmara,4,2025-05-08,594,343.0
2025-05-09,M02,U009,,0.0,133.04,False,Marmara,4,2025-05-09,594,227.0
2025-05-10,M02,U009,,0.0,133.04,False,Marmara,4,2025-05-10,594,211.0
2025-05-11,M02,U009,,0.0,133.04,False,Marmara,4,2025-05-11,594,203.0
2025-05-12,M02,U009,,0.0,133.04,False,Marmara,4,2025-05-12,594,140.0
2025-05-13,M02,U009,,0.0,133.04,False,Marmara,4,2025-05-13,594,108.0
2025-05-14,M02,U009,,43.0,133.04,False,Marmara,4,2025-05-16,594,158.0
2025-05-15,M02,U009,,0.0,133.04,False,Marmara,4,2025-05-15,594,105.0
2025-05-16,M02,U009,,0.0,133.04,False,Marmara,4,2025-05-16,594,390.0
2025-05-17,M02,U009,,0.0,133.04,False,Marmara,4,2025-05-17,594,115.0
2025-05-18,M02,U009,,0.0,133.04,False,Marmara,4,2025-05-18,594,253.0
2025-05-19,M02,U009,,0.0,133.04,False,Marmara,4,2025-05-19,594,227.0
2025-05-20,M02,U009,,0.0,133.04,False,Marmara,4,2025-05-20,594,318.0
2025-05-07,M02,U010,0.0,180.0,186.29,False,Marmara,7,2025-05-09,492,168.0
2025-05-08,M02,U010,,0.0,186.29,False,Marmara,7,2025-05-08,492,189.0
2025-05-09,M02,U010,,0.0,186.29,False,Marmara,7,2025-05-09,492,289.0
2025-05-10,M02,U010,,0.0,186.29,False,Marmara,7,2025-05-10,492,379.0
2025-05-11,M02,U010,,0.0,186.29,False,Marmara,7,2025-05-11,492,209.0
2025-05-12,M02,U010,,0.0,186.29,False,Marmara,7,2025-05-12,492,248.0
2025-05-13,M02,U010,,162.0,186.29,False,Marmara,7,2025-05-14,492,282.0
2025-05-14,M02,U010,,0.0,158.35,True,Marmara,7,2025-05-14,492,277.0
2025-05-15,M02,U010,,0.0,186.29,False,Marmara,7,2025-05-15,492,200.0
2025-05-16,M02,U010,,0.0,186.29,False,Marmara,7,2025-05-16,492,235.0
2025-05-17,M02,U010,,0.0,186.29,False,Marmara,7,2025-05-17,492,176.0
2025-05-18,M02,U010,,0.0,186.29,False,Marmara,7,2025-05-18,492,320.0
2025-05-19,M02,U010,,159.0,186.29,False,Marmara,7,2025-05-19,492,122.0
2025-05-20,M02,U010,,0.0,186.29,False,Marmara,7,2025-05-20,492,204.0
2025-05-07,M02,U011,0.0,86.0,172.73,False,Marmara,9,2025-05-08,753,289.0
2025-05-08,M02,U011,,0.0,172.73,False,Marmara,9,2025-05-08,753,373.0
2025-05-09,M02,U011,,0.0,172.73,False,Marmara,9,2025-05-09,753,284.0
2025-05-10,M02,U011,,0.0,172.73,False,Marmara,9,2025-05-10,753,118.0
2025-05-11,M02,U011,,0.0,172.73,False,Marmara,9,2025-05-11,753,292.0
2025-05-12,M02,U011,,0.0,172.73,False,Marmara,9,2025-05-12,753,249.0
2025-05-13,M02,U011,,103.0,172.73,False,Marmara,9,2025-05-13,753,114.0
2025-05-14,M02,U011,,0.0,172.73,False,Marmara,9,2025-05-14,753,356.0
2025-05-15,M02,U011,,0.0,172.73,False,Marmara,9,2025-05-15,753,317.0
2025-05-16,M02,U011,,0.0,172.73,False,Marmara,9,2025-05-16,753,110.0
2025-05-17,M02,U011,,0.0,172.73,False,Marmara,9,2025-05-17,753,332.0
2025-05-18,M02,U011,,0.0,172.73,False,Marmara,9,2025-05-18,753,254.0
2025-05-19,M02,U011,,86.0,172.73,False,Marmara,9,2025-05-21,753,190.0
2025-05-20,M02,U011,,0.0,172.73,False,Marmara,9,2025-05-20,753,273.0
2025-05-07,M02,U012,146.0,0.0,214.19,False,Marmara,2,2025-05-07,601,283.0
2025-05-08,M02,U012,,0.0,214.19,False,Marmara,2,2025-05-08,601,498.0
2025-05-09,M02,U012,,0.0,171.35,True,Marmara,2,2025-05-09,601,341.0
2025-05-10,M02,U012,,0.0,214.19,False,Marmara,2,2025-05-10,601,540.0
2025-05-11,M02,U012,,198.0,214.19,False,Marmara,2,2025-05-13,601,426.0
2025-05-12,M02,U012,,0.0,214.19,False,Marmara,2,2025-05-12,601,388.0
2025-05-13,M02,U012,,0.0,214.19,False,Marmara,2,2025-05-13,601,292.0
2025-05-14,M02,U012,,0.0,214.19,False,Marmara,2,2025-05-14,601,252.0
2025-05-15,M02,U012,,0.0,214.19,False,Marmara,2,2025-05-15,601,498.0
2025-05-16,M02,U012,,168.0,214.19,False,Marmara,2,2025-05-16,601,452.0
2025-05-17,M02,U012,,0.0,214.19,False,Marmara,2,2025-05-17,601,321.0
2025-05-18,M02,U012,,0.0,214.19,False,Marmara,2,2025-05-18,601,385.0
2025-05-19,M02,U012,,0.0,214.19,False,Marmara,2,2025-05-19,601,472.0
2025-05-20,M02,U012,,0.0,214.19,False,Marmara,2,2025-05-20,601,428.0
2025-05-07,M02,U013,52.0,0.0,176.68,False,Marmara,6,2025-05-07,350,241.0
2025-05-08,M02,U013,,0.0,176.68,False,Marmara,6,2025-05-08,350,292.0
2025-05-09,M02,U013,,67.0,176.68,False,Marmara,6,2025-05-09,350,388.0
2025-05-10,M02,U013,,0.0,176.68,False,Marmara,6,2025-05-10,350,158.0
2025-05-11,M02,U013,,0.0,176.68,False,Marmara,6,2025-05-11,350,249.0
2025-05-12,M02,U013,,0.0,159.01,True,Marmara,6,2025-05-12,350,201.0
2025-05-13,M02,U013,,71.0,159.01,True,Marmara,6,2025-05-14,350,259.0
2025-05-14,M02,U013,,0.0,176.68,False,Marmara,6,2025-05-14,350,378.0
2025-05-15,M02,U013,,0.0,176.68,False,Marmara,6,2025-05-15,350,363.0
2025-05-16,M02,U013,,0.0,176.68,False,Marmara,6,2025-05-16,350,450.0
2025-05-17,M02,U013,,57.0,176.68,False,Marmara,6,2025-05-19,350,213.0
2025-05-18,M02,U013,,0.0,176.68,False,Marmara,6,2025-05-18,350,450.0
2025-05-19,M02,U013,,0.0,176.68,False,Marmara,6,2025-05-19,350,156.0
2025-05-20,M02,U013,,0.0,176.68,False,Marmara,6,2025-05-20,350,415.0
2025-05-07,M02,U014,23.0,0.0,115.91,False,Marmara,6,2025-05-07,528,281.0
2025-05-08,M02,U014,,0.0,115.91,False,Marmara,6,2025-05-08,528,348.0
2025-05-09,M02,U014,,34.0,115.91,False,Marmara,6,2025-05-09,528,353.0
2025-05-10,M02,U014,,0.0,115.91,False,Marmara,6,2025-05-10,528,418.0
2025-05-11,M02,U014,,0.0,115.91,False,Marmara,6,2025-05-11,528,198.0
2025-05-12,M02,U014,,0.0,115.91,False,Marmara,6,2025-05-12,528,388.0
2025-05-13,M02,U014,,34.0,115.91,False,Marmara,6,2025-05-15,528,145.0
2025-05-14,M02,U014,,0.0,104.32,True,Marmara,6,2025-05-14,528,324.0
2025-05-15,M02,U014,,0.0,115.91,False,Marmara,6,2025-05-15,528,325.0
2025-05-16,M02,U014,,0.0,115.91,False,Marmara,6,2025-05-16,528,226.0
2025-05-17,M02,U014,,0.0,115.91,False,Marmara,6,2025-05-17,528,293.0
2025-05-18,M02,U014,,0.0,115.91,False,Marmara,6,2025-05-18,528,148.0
2025-05-19,M02,U014,,0.0,115.91,False,Marmara,6,2025-05-19,528,340.0
2025-05-20,M02,U014,,0.0,115.91,False,Marmara,6,2025-05-20,528,262.0
2025-05-07,M02,U015,91.0,0.0,54.99,False,Marmara,10,2025-05-07,175,397.0
2025-05-08,M02,U015,,0.0,54.99,False,Marmara,10,2025-05-08,175,406.0
2025-05-09,M02,U015,,108.0,54.99,False,Marmara,10,2025-05-09,175,363.0
2025-05-10,M02,U015,,0.0,54.99,False,Marmara,10,2025-05-10,175,208.0
2025-05-11,M02,U015,,0.0,54.99,False,Marmara,10,2025-05-11,175,447.0
2025-05-12,M02,U015,,0.0,54.99,False,Marmara,10,2025-05-12,175,228.0
2025-05-13,M02,U015,,139.0,54.99,False,Marmara,10,2025-05-14,175,343.0
2025-05-14,M02,U015,,0.0,54.99,False,Marmara,10,2025-05-14,175,434.0
2025-05-15,M02,U015,,0.0,54.99,False,Marmara,10,2025-05-15,175,246.0
2025-05-16,M02,U015,,0.0,54.99,False,Marmara,10,2025-05-16,175,452.0
2025-05-17,M02,U015,,111.0,54.99,False,Marmara,10,2025-05-19,175,318.0
2025-05-18,M02,U015,,0.0,54.99,False,Marmara,10,2025-05-18,175,358.0
2025-05-19,M02,U015,,0.0,54.99,False,Marmara,10,2025-05-19,175,435.0
2025-05-20,M02,U015,,0.0,54.99,False,Marmara,10,2025-05-20,175,379.0
2025-05-07,M02,U016,0.0,0.0,170.13,False,Marmara,5,2025-05-07,205,290.0
2025-05-08,M02,U016,,0.0,170.13,False,Marmara,5,2025-05-08,205,314.0
2025-05-09,M02,U016,,0.0,170.13,False,Marmara,5,2025-05-09,205,312.0
2025-05-10,M02,U016,,0.0,170.13,False,Marmara,5,2025-05-10,205,143.0
2025-05-11,M02,U016,,0.0,170.13,False,Marmara,5,2025-05-11,205,175.0
2025-05-12,M02,U016,,0.0,170.13,False,Marmara,5,2025-05-12,205,387.0
2025-05-13,M02,U016,,0.0,170.13,False,Marmara,5,2025-05-13,205,391.0
2025-05-14,M02,U016,,0.0,170.13,False,Marmara,5,2025-05-14,205,350.0
2025-05-15,M02,U016,,0.0,170.13,False,Marmara,5,2025-05-15,205,188.0
2025-05-16,M02,U016,,186.0,170.13,False,Marmara,5,2025-05-18,205,228.0
2025-05-17,M02,U016,,0.0,170.13,False,Marmara,5,2025-05-17,205,356.0
2025-05-18,M02,U016,,0.0,170.13,False,Marmara,5,2025-05-18,205,117.0
2025-05-19,M02,U016,,0.0,170.13,False,Marmara,5,2025-05-19,205,240.0
2025-05-20,M02,U016,,0.0,170.13,False,Marmara,5,2025-05-20,205,382.0
2025-05-07,M02,U017,0.0,0.0,88.44,False,Marmara,3,2025-05-07,619,288.0
2025-05-08,M02,U017,,0.0,88.44,False,Marmara,3,2025-05-08,619,376.0
2025-05-09,M02,U017,,0.0,88.44,False,Marmara,3,2025-05-09,619,253.0
2025-05-10,M02,U017,,0.0,88.44,False,Marmara,3,2025-05-10,619,107.0
2025-05-11,M02,U017,,0.0,88.44,False,Marmara,3,2025-05-11,619,205.0
2025-05-12,M02,U017,,0.0,88.44,False,Marmara,3,2025-05-12,619,141.0
2025-05-13,M02,U017,,0.0,88.44,False,Marmara,3,2025-05-13,619,190.0
2025-05-14,M02,U017,,0.0,88.44,False,Marmara,3,2025-05-14,619,174.0
2025-05-15,M02,U017,,0.0,88.44,False,Marmara,3,2025-05-15,619,307.0
2025-05-16,M02,U017,,0.0,88.44,False,Marmara,3,2025-05-16,619,160.0
2025-05-17,M02,U017,,0.0,88.44,False,Marmara,3,2025-05-17,619,346.0
2025-05-18,M02,U017,,0.0,88.44,False,Marmara,3,2025-05-18,619,268.0
2025-05-19,M02,U017,,0.0,88.44,False,Marmara,3,2025-05-19,619,243.0
2025-05-20,M02,U017,,0.0,88.44,False,Marmara,3,2025-05-20,619,265.0
2025-05-07,M02,U018,0.0,87.0,116.46,False,Marmara,3,2025-05-08,424,144.0
2025-05-08,M02,U018,,0.0,116.46,False,Marmara,3,2025-05-08,424,172.0
2025-05-09,M02,U018,,0.0,116.46,False,Marmara,3,2025-05-09,424,101.0
2025-05-10,M02,U018,,0.0,116.46,False,Marmara,3,2025-05-10,424,308.0
2025-05-11,M02,U018,,0.0,116.46,False,Marmara,3,2025-05-11,424,198.0
2025-05-12,M02,U018,,0.0,116.46,False,Marmara,3,2025-05-12,424,381.0
2025-05-13,M02,U018,,90.0,116.46,False,Marmara,3,2025-05-15,424,191.0
2025-05-14,M02,U018,,0.0,116.46,False,Marmara,3,2025-05-14,424,303.0
2025-05-15,M02,U018,,0.0,116.46,False,Marmara,3,2025-05-15,424,241.0
2025-05-16,M02,U018,,0.0,116.46,False,Marmara,3,2025-05-16,424,368.0
2025-05-17,M02,U018,,0.0,98.99,True,Marmara,3,2025-05-17,424,294.0
2025-05-18,M02,U018,,0.0,104.81,True,Marmara,3,2025-05-18,424,294.0
2025-05-19,M02,U018,,85.0,116.46,False,Marmara,3,2025-05-21,424,316.0
2025-05-20,M02,U018,,0.0,116.46,False,Marmara,3,2025-05-20,424,255.0
2025-05-07,M03,U001,0.0,0.0,175.82,False,Ege,3,2025-05-07,168,252.0
2025-05-08,M03,U001,,0.0,175.82,False,Ege,3,2025-05-08,168,128.0
2025-05-09,M03,U001,,0.0,175.82,False,Ege,3,2025-05-09,168,115.0
2025-05-10,M03,U001,,0.0,158.24,True,Ege,3,2025-05-10,168,141.0
2025-05-11,M03,U001,,0.0,175.82,False,Ege,3,2025-05-11,168,306.0
2025-05-12,M03,U001,,0.0,175.82,False,Ege,3,2025-05-12,168,235.0
2025-05-13,M03,U001,,0.0,175.82,False,Ege,3,2025-05-13,168,277.0
2025-05-14,M03,U001,,99.0,158.24,True,Ege,3,2025-05-14,168,139.0
2025-05-15,M03,U001,,0.0,175.82,False,Ege,3,2025-05-15,168,314.0
2025-05-16,M03,U001,,0.0,149.45,True,Ege,3,2025-05-16,168,182.0
2025-05-17,M03,U001,,0.0,175.82,False,Ege,3,2025-05-17,168,234.0
2025-05-18,M03,U001,,0.0,175.82,False,Ege,3,2025-05-18,168,234.0
2025-05-19,M03,U001,,0.0,140.66,True,Ege,3,2025-05-19,168,282.0
2025-05-20,M03,U001,,0.0,175.82,False,Ege,3,2025-05-20,168,264.0
2025-05-07,M03,U002,125.0,0.0,192.33,False,Ege,4,2025-05-07,861,467.0
2025-05-08,M03,U002,,0.0,163.48,True,Ege,4,2025-05-08,861,316.0
2025-05-09,M03,U002,,0.0,192.33,False,Ege,4,2025-05-09,861,274.0
2025-05-10,M03,U002,,0.0,153.86,True,Ege,4,2025-05-10,861,450.0
2025-05-11,M03,U002,,146.0,192.33,False,Ege,4,2025-05-11,861,325.0
2025-05-12,M03,U002,,0.0,192.33,False,Ege,4,2025-05-12,861,300.0
2025-05-13,M03,U002,,0.0,192.33,False,Ege,4,2025-05-13,861,515.0
2025-05-14,M03,U002,,0.0,192.33,False,Ege,4,2025-05-14,861,332.0
2025-05-15,M03,U002,,0.0,192.33,False,Ege,4,2025-05-15,861,416.0
2025-05-16,M03,U002,,141.0,192.33,False,Ege,4,2025-05-18,861,490.0
2025-05-17,M03,U002,,0.0,192.33,False,Ege,4,2025-05-17,861,456.0
2025-05-18,M03,U002,,0.0,192.33,False,Ege,4,2025-05-18,861,506.0
2025-05-19,M03,U002,,0.0,192.33,False,Ege,4,2025-05-19,861,414.0
2025-05-20,M03,U002,,0.0,192.33,False,Ege,4,2025-05-20,861,390.0
2025-05-07,M03,U003,0.0,255.0,43.26,False,Ege,3,2025-05-08,777,396.0
2025-05-08,M03,U003,,0.0,43.26,False,Ege,3,2025-05-08,777,120.0
2025-05-09,M03,U003,,0.0,43.26,False,Ege,3,2025-05-09,777,322.0
2025-05-10,M03,U003,,0.0,43.26,False,Ege,3,2025-05-10,777,291.0
2025-05-11,M03,U003,,0.0,43.26,False,Ege,3,2025-05-11,777,146.0
2025-05-12,M03,U003,,0.0,43.26,False,Ege,3,2025-05-12,777,143.0
2025-05-13,M03,U003,,236.0,43.26,False,Ege,3,2025-05-14,777,245.0
2025-05-14,M03,U003,,0.0,43.26,False,Ege,3,2025-05-14,777,284.0
2025-05-15,M03,U003,,0.0,43.26,False,Ege,3,2025-05-15,777,354.0
2025-05-16,M03,U003,,0.0,43.26,False,Ege,3,2025-05-16,777,201.0
2025-05-17,M03,U003,,0.0,43.26,False,Ege,3,2025-05-17,777,142.0
2025-05-18,M03,U003,,0.0,43.26,False,Ege,3,2025-05-18,777,210.0
2025-05-19,M03,U003,,253.0,43.26,False,Ege,3,2025-05-19,777,246.0
2025-05-20,M03,U003,,0.0,43.26,False,Ege,3,2025-05-20,777,244.0
2025-05-07,M03,U004,0.0,152.0,173.32,False,Ege,4,2025-05-07,602,259.0
2025-05-08,M03,U004,,0.0,138.66,True,Ege,4,2025-05-08,602,216.0
2025-05-09,M03,U004,,0.0,173.32,False,Ege,4,2025-05-09,602,389.0
2025-05-10,M03,U004,,0.0,173.32,False,Ege,4,2025-05-10,602,356.0
2025-05-11,M03,U004,,0.0,173.32,False,Ege,4,2025-05-11,602,399.0
2025-05-12,M03,U004,,0.0,173.32,False,Ege,4,2025-05-12,602,226.0
2025-05-13,M03,U004,,0.0,173.32,False,Ege,4,2025-05-13,602,306.0
2025-05-14,M03,U004,,178.0,155.99,True,Ege,4,2025-05-15,602,342.0
2025-05-15,M03,U004,,0.0,173.32,False,Ege,4,2025-05-15,602,312.0
2025-05-16,M03,U004,,0.0,173.32,False,Ege,4,2025-05-16,602,172.0
2025-05-17,M03,U004,,0.0,173.32,False,Ege,4,2025-05-17,602,204.0
2025-05-18,M03,U004,,0.0,173.32,False,Ege,4,2025-05-18,602,290.0
2025-05-19,M03,U004,,0.0,173.32,False,Ege,4,2025-05-19,602,266.0
2025-05-20,M03,U004,,0.0,173.32,False,Ege,4,2025-05-20,602,244.0
2025-05-07,M03,U005,0.0,88.0,49.88,False,Ege,9,2025-05-07,667,279.0
2025-05-08,M03,U005,,0.0,49.88,False,Ege,9,2025-05-08,667,127.0
2025-05-09,M03,U005,,0.0,49.88,False,Ege,9,2025-05-09,667,214.0
2025-05-10,M03,U005,,0.0,49.88,False,Ege,9,2025-05-10,667,218.0
2025-05-11,M03,U005,,0.0,49.88,False,Ege,9,2025-05-11,667,288.0
2025-05-12,M03,U005,,0.0,49.88,False,Ege,9,2025-05-12,667,230.0
2025-05-13,M03,U005,,0.0,49.88,False,Ege,9,2025-05-13,667,386.0
2025-05-14,M03,U005,,87.0,49.88,False,Ege,9,2025-05-14,667,217.0
2025-05-15,M03,U005,,0.0,49.88,False,Ege,9,2025-05-15,667,108.0
2025-05-16,M03,U005,,0.0,49.88,False,Ege,9,2025-05-16,667,317.0
2025-05-17,M03,U005,,0.0,49.88,False,Ege,9,2025-05-17,667,238.0
2025-05-18,M03,U005,,0.0,49.88,False,Ege,9,2025-05-18,667,133.0
2025-05-19,M03,U005,,0.0,49.88,False,Ege,9,2025-05-19,667,265.0
2025-05-20,M03,U005,,0.0,49.88,False,Ege,9,2025-05-20,667,146.0
2025-05-07,M03,U006,82.0,0.0,97.21,False,Ege,6,2025-05-07,575,367.0
2025-05-08,M03,U006,,0.0,97.21,False,Ege,6,2025-05-08,575,215.0
2025-05-09,M03,U006,,176.0,97.21,False,Ege,6,2025-05-11,575,245.0
2025-05-10,M03,U006,,0.0,97.21,False,Ege,6,2025-05-10,575,468.0
2025-05-11,M03,U006,,0.0,97.21,False,Ege,6,2025-05-11,575,408.0
2025-05-12,M03,U006,,0.0,97.21,False,Ege,6,2025-05-12,575,293.0
2025-05-13,M03,U006,,148.0,97.21,False,Ege,6,2025-05-15,575,438.0
2025-05-14,M03,U006,,0.0,97.21,False,Ege,6,2025-05-14,575,326.0
2025-05-15,M03,U006,,0.0,97.21,False,Ege,6,2025-05-15,575,266.0
2025-05-16,M03,U006,,0.0,87.49,True,Ege,6,2025-05-16,575,267.0
2025-05-17,M03,U006,,170.0,97.21,False,Ege,6,2025-05-17,575,416.0
2025-05-18,M03,U006,,0.0,97.21,False,Ege,6,2025-05-18,575,252.0
2025-05-19,M03,U006,,0.0,97.21,False,Ege,6,2025-05-19,575,401.0
2025-05-20,M03,U006,,0.0,97.21,False,Ege,6,2025-05-20,575,429.0
2025-05-07,M03,U007,163.0,0.0,150.45,False,Ege,2,2025-05-07,159,379.0
2025-05-08,M03,U007,,0.0,150.45,False,Ege,2,2025-05-08,159,342.0
2025-05-09,M03,U007,,101.0,150.45,False,Ege,2,2025-05-10,159,377.0
2025-05-10,M03,U007,,0.0,150.45,False,Ege,2,2025-05-10,159,338.0
2025-05-11,M03,U007,,0.0,150.45,False,Ege,2,2025-05-11,159,434.0
2025-05-12,M03,U007,,0.0,150.45,False,Ege,2,2025-05-12,159,393.0
2025-05-13,M03,U007,,147.0,150.45,False,Ege,2,2025-05-13,159,363.0
2025-05-14,M03,U007,,0.0,150.45,False,Ege,2,2025-05-14,159,327.0
2025-05-15,M03,U007,,0.0,150.45,False,Ege,2,2025-05-15,159,431.0
2025-05-16,M03,U007,,0.0,150.45,False,Ege,2,2025-05-16,159,307.0
2025-05-17,M03,U007,,156.0,150.45,False,Ege,2,2025-05-17,159,377.0
2025-05-18,M03,U007,,0.0,150.45,False,Ege,2,2025-05-18,159,463.0
2025-05-19,M03,U007,,0.0,150.45,False,Ege,2,2025-05-19,159,535.0
2025-05-20,M03,U007,,0.0,150.45,False,Ege,2,2025-05-20,159,283.0
2025-05-07,M03,U008,2.0,0.0,111.37,False,Ege,5,2025-05-07,589,376.0
2025-05-08,M03,U008,,0.0,111.37,False,Ege,5,2025-05-08,589,110.0
2025-05-09,M03,U008,,102.0,111.37,False,Ege,5,2025-05-11,589,393.0
2025-05-10,M03,U008,,0.0,111.37,False,Ege,5,2025-05-10,589,166.0
2025-05-11,M03,U008,,0.0,111.37,False,Ege,5,2025-05-11,589,368.0
2025-05-12,M03,U008,,0.0,111.37,False,Ege,5,2025-05-12,589,250.0
2025-05-13,M03,U008,,51.0,111.37,False,Ege,5,2025-05-15,589,117.0
2025-05-14,M03,U008,,0.0,111.37,False,Ege,5,2025-05-14,589,193.0
2025-05-15,M03,U008,,0.0,111.37,False,Ege,5,2025-05-15,589,211.0
2025-05-16,M03,U008,,0.0,111.37,False,Ege,5,2025-05-16,589,214.0
2025-05-17,M03,U008,,79.0,111.37,False,Ege,5,2025-05-19,589,249.0
2025-05-18,M03,U008,,0.0,111.37,False,Ege,5,2025-05-18,589,276.0
2025-05-19,M03,U008,,0.0,111.37,False,Ege,5,2025-05-19,589,102.0
2025-05-20,M03,U008,,0.0,111.37,False,Ege,5,2025-05-20,589,132.0
2025-05-07,M03,U009,49.0,0.0,133.04,False,Ege,4,2025-05-07,594,373.0
2025-05-08,M03,U009,,0.0,133.04,False,Ege,4,2025-05-08,594,446.0
2025-05-09,M03,U009,,0.0,133.04,False,Ege,4,2025-05-09,594,152.0
2025-05-10,M03,U009,,0.0,133.04,False,Ege,4,2025-05-10,594,216.0
2025-05-11,M03,U009,,60.0,133.04,False,Ege,4,2025-05-13,594,287.0
2025-05-12,M03,U009,,0.0,133.04,False,Ege,4,2025-05-12,594,261.0
2025-05-13,M03,U009,,0.0,133.04,False,Ege,4,2025-05-13,594,247.0
2025-05-14,M03,U009,,0.0,133.04,False,Ege,4,2025-05-14,594,377.0
2025-05-15,M03,U009,,0.0,133.04,False,Ege,4,2025-05-15,594,247.0
2025-05-16,M03,U009,,43.0,133.04,False,Ege,4,2025-05-17,594,164.0
2025-05-17,M03,U009,,0.0,133.04,False,Ege,4,2025-05-17,594,302.0
2025-05-18,M03,U009,,0.0,133.04,False,Ege,4,2025-05-18,594,417.0
2025-05-19,M03,U009,,0.0,133.04,False,Ege,4,2025-05-19,594,381.0
2025-05-20,M03,U009,,0.0,133.04,False,Ege,4,2025-05-20,594,447.0
2025-05-07,M03,U010,95.0,0.0,186.29,False,Ege,7,2025-05-07,492,309.0
2025-05-08,M03,U010,,0.0,186.29,False,Ege,7,2025-05-08,492,203.0
2025-05-09,M03,U010,,0.0,186.29,False,Ege,7,2025-05-09,492,214.0
2025-05-10,M03,U010,,0.0,149.03,True,Ege,7,2025-05-10,492,283.0
2025-05-11,M03,U010,,0.0,186.29,False,Ege,7,2025-05-11,492,306.0
2025-05-12,M03,U010,,0.0,186.29,False,Ege,7,2025-05-12,492,459.0
2025-05-13,M03,U010,,0.0,149.03,True,Ege,7,2025-05-13,492,348.0
2025-05-14,M03,U010,,0.0,186.29,False,Ege,7,2025-05-14,492,440.0
2025-05-15,M03,U010,,0.0,186.29,False,Ege,7,2025-05-15,492,354.0
2025-05-16,M03,U010,,138.0,158.35,True,Ege,7,2025-05-16,492,341.0
2025-05-17,M03,U010,,0.0,186.29,False,Ege,7,2025-05-17,492,288.0
2025-05-18,M03,U010,,0.0,186.29,False,Ege,7,2025-05-18,492,399.0
2025-05-19,M03,U010,,0.0,186.29,False,Ege,7,2025-05-19,492,218.0
2025-05-20,M03,U010,,0.0,186.29,False,Ege,7,2025-05-20,492,284.0
2025-05-07,M03,U011,17.0,0.0,172.73,False,Ege,9,2025-05-07,753,138.0
2025-05-08,M03,U011,,0.0,172.73,False,Ege,9,2025-05-08,753,200.0
2025-05-09,M03,U011,,118.0,172.73,False,Ege,9,2025-05-09,753,350.0
2025-05-10,M03,U011,,0.0,172.73,False,Ege,9,2025-05-10,753,370.0
2025-05-11,M03,U011,,0.0,172.73,False,Ege,9,2025-05-11,753,301.0
2025-05-12,M03,U011,,0.0,155.46,True,Ege,9,2025-05-12,753,227.0
2025-05-13,M03,U011,,91.0,172.73,False,Ege,9,2025-05-15,753,217.0
2025-05-14,M03,U011,,0.0,172.73,False,Ege,9,2025-05-14,753,339.0
2025-05-15,M03,U011,,0.0,172.73,False,Ege,9,2025-05-15,753,289.0
2025-05-16,M03,U011,,0.0,155.46,True,Ege,9,2025-05-16,753,268.0
2025-05-17,M03,U011,,101.0,172.73,False,Ege,9,2025-05-18,753,323.0
2025-05-18,M03,U011,,0.0,172.73,False,Ege,9,2025-05-18,753,339.0
2025-05-19,M03,U011,,0.0,172.73,False,Ege,9,2025-05-19,753,273.0
2025-05-20,M03,U011,,0.0,172.73,False,Ege,9,2025-05-20,753,123.0
2025-05-07,M03,U012,0.0,160.0,214.19,False,Ege,2,2025-05-08,601,351.0
2025-05-08,M03,U012,,0.0,214.19,False,Ege,2,2025-05-08,601,128.0
2025-05-09,M03,U012,,0.0,214.19,False,Ege,2,2025-05-09,601,368.0
2025-05-10,M03,U012,,0.0,214.19,False,Ege,2,2025-05-10,601,192.0
2025-05-11,M03,U012,,0.0,214.19,False,Ege,2,2025-05-11,601,343.0
2025-05-12,M03,U012,,0.0,214.19,False,Ege,2,2025-05-12,601,396.0
2025-05-13,M03,U012,,0.0,214.19,False,Ege,2,2025-05-13,601,218.0
2025-05-14,M03,U012,,160.0,214.19,False,Ege,2,2025-05-14,601,288.0
2025-05-15,M03,U012,,0.0,214.19,False,Ege,2,2025-05-15,601,352.0
2025-05-16,M03,U012,,0.0,214.19,False,Ege,2,2025-05-16,601,129.0
2025-05-17,M03,U012,,0.0,214.19,False,Ege,2,2025-05-17,601,266.0
2025-05-18,M03,U012,,0.0,214.19,False,Ege,2,2025-05-18,601,306.0
2025-05-19,M03,U012,,0.0,214.19,False,Ege,2,2025-05-19,601,141.0
2025-05-20,M03,U012,,0.0,214.19,False,Ege,2,2025-05-20,601,298.0
2025-05-07,M03,U013,56.0,0.0,176.68,False,Ege,6,2025-05-07,350,348.0
2025-05-08,M03,U013,,0.0,176.68,False,Ege,6,2025-05-08,350,362.0
2025-05-09,M03,U013,,61.0,176.68,False,Ege,6,2025-05-09,350,448.0
2025-05-10,M03,U013,,0.0,176.68,False,Ege,6,2025-05-10,350,190.0
2025-05-11,M03,U013,,0.0,176.68,False,Ege,6,2025-05-11,350,366.0
2025-05-12,M03,U013,,0.0,176.68,False,Ege,6,2025-05-12,350,411.0
2025-05-13,M03,U013,,79.0,176.68,False,Ege,6,2025-05-14,350,158.0
2025-05-14,M03,U013,,0.0,176.68,False,Ege,6,2025-05-14,350,378.0
2025-05-15,M03,U013,,0.0,176.68,False,Ege,6,2025-05-15,350,171.0
2025-05-16,M03,U013,,0.0,176.68,False,Ege,6,2025-05-16,350,299.0
2025-05-17,M03,U013,,78.0,176.68,False,Ege,6,2025-05-19,350,382.0
2025-05-18,M03,U013,,0.0,159.01,True,Ege,6,2025-05-18,350,171.0
2025-05-19,M03,U013,,0.0,176.68,False,Ege,6,2025-05-19,350,331.0
2025-05-20,M03,U013,,0.0,176.68,False,Ege,6,2025-05-20,350,288.0
2025-05-07,M03,U014,0.0,62.0,92.73,True,Ege,6,2025-05-09,528,194.0
2025-05-08,M03,U014,,0.0,115.91,False,Ege,6,2025-05-08,528,182.0
2025-05-09,M03,U014,,0.0,115.91,False,Ege,6,2025-05-09,528,381.0
2025-05-10,M03,U014,,0.0,115.91,False,Ege,6,2025-05-10,528,297.0
2025-05-11,M03,U014,,0.0,92.73,True,Ege,6,2025-05-11,528,266.0
2025-05-12,M03,U014,,0.0,115.91,False,Ege,6,2025-05-12,528,304.0
2025-05-13,M03,U014,,0.0,115.91,False,Ege,6,2025-05-13,528,374.0
2025-05-14,M03,U014,,0.0,115.91,False,Ege,6,2025-05-14,528,213.0
2025-05-15,M03,U014,,0.0,115.91,False,Ege,6,2025-05-15,528,203.0
2025-05-16,M03,U014,,0.0,115.91,False,Ege,6,2025-05-16,528,100.0
2025-05-17,M03,U014,,0.0,115.91,False,Ege,6,2025-05-17,528,149.0
2025-05-18,M03,U014,,0.0,115.91,False,Ege,6,2025-05-18,528,121.0
2025-05-19,M03,U014,,59.0,104.32,True,Ege,6,2025-05-20,528,368.0
2025-05-20,M03,U014,,0.0,115.91,False,Ege,6,2025-05-20,528,355.0
2025-05-07,M03,U015,22.0,168.0,54.99,False,Ege,10,2025-05-08,175,375.0
2025-05-08,M03,U015,,0.0,54.99,False,Ege,10,2025-05-08,175,173.0
2025-05-09,M03,U015,,0.0,54.99,False,Ege,10,2025-05-09,175,148.0
2025-05-10,M03,U015,,0.0,46.74,True,Ege,10,2025-05-10,175,140.0
2025-05-11,M03,U015,,0.0,54.99,False,Ege,10,2025-05-11,175,295.0
2025-05-12,M03,U015,,0.0,54.99,False,Ege,10,2025-05-12,175,255.0
2025-05-13,M03,U015,,189.0,54.99,False,Ege,10,2025-05-15,175,187.0
2025-05-14,M03,U015,,0.0,54.99,False,Ege,10,2025-05-14,175,329.0
2025-05-15,M03,U015,,0.0,54.99,False,Ege,10,2025-05-15,175,299.0
2025-05-16,M03,U015,,0.0,54.99,False,Ege,10,2025-05-16,175,312.0
2025-05-17,M03,U015,,0.0,54.99,False,Ege,10,2025-05-17,175,129.0
2025-05-18,M03,U015,,0.0,54.99,False,Ege,10,2025-05-18,175,250.0
2025-05-19,M03,U015,,0.0,54.99,False,Ege,10,2025-05-19,175,379.0
2025-05-20,M03,U015,,0.0,54.99,False,Ege,10,2025-05-20,175,338.0
2025-05-07,M03,U016,186.0,0.0,170.13,False,Ege,5,2025-05-07,205,520.0
2025-05-08,M03,U016,,0.0,170.13,False,Ege,5,2025-05-08,205,492.0
2025-05-09,M03,U016,,0.0,170.13,False,Ege,5,2025-05-09,205,522.0
2025-05-10,M03,U016,,0.0,170.13,False,Ege,5,2025-05-10,205,453.0
2025-05-11,M03,U016,,214.0,170.13,False,Ege,5,2025-05-12,205,566.0
2025-05-12,M03,U016,,0.0,170.13,False,Ege,5,2025-05-12,205,489.0
2025-05-13,M03,U016,,0.0,170.13,False,Ege,5,2025-05-13,205,565.0
2025-05-14,M03,U016,,0.0,170.13,False,Ege,5,2025-05-14,205,329.0
2025-05-15,M03,U016,,0.0,170.13,False,Ege,5,2025-05-15,205,498.0
2025-05-16,M03,U016,,206.0,170.13,False,Ege,5,2025-05-17,205,421.0
2025-05-17,M03,U016,,0.0,170.13,False,Ege,5,2025-05-17,205,491.0
2025-05-18,M03,U016,,0.0,170.13,False,Ege,5,2025-05-18,205,502.0
2025-05-19,M03,U016,,0.0,170.13,False,Ege,5,2025-05-19,205,585.0
2025-05-20,M03,U016,,0.0,170.13,False,Ege,5,2025-05-20,205,372.0
2025-05-07,M03,U017,0.0,0.0,88.44,False,Ege,3,2025-05-07,619,159.0
2025-05-08,M03,U017,,0.0,88.44,False,Ege,3,2025-05-08,619,356.0
2025-05-09,M03,U017,,0.0,88.44,False,Ege,3,2025-05-09,619,395.0
2025-05-10,M03,U017,,0.0,88.44,False,Ege,3,2025-05-10,619,363.0
2025-05-11,M03,U017,,0.0,88.44,False,Ege,3,2025-05-11,619,384.0
2025-05-12,M03,U017,,0.0,88.44,False,Ege,3,2025-05-12,619,186.0
2025-05-13,M03,U017,,0.0,88.44,False,Ege,3,2025-05-13,619,141.0
2025-05-14,M03,U017,,0.0,88.44,False,Ege,3,2025-05-14,619,347.0
2025-05-15,M03,U017,,0.0,88.44,False,Ege,3,2025-05-15,619,244.0
2025-05-16,M03,U017,,0.0,75.17,True,Ege,3,2025-05-16,619,253.0
2025-05-17,M03,U017,,0.0,88.44,False,Ege,3,2025-05-17,619,105.0
2025-05-18,M03,U017,,0.0,88.44,False,Ege,3,2025-05-18,619,283.0
2025-05-19,M03,U017,,0.0,88.44,False,Ege,3,2025-05-19,619,374.0
2025-05-20,M03,U017,,0.0,88.44,False,Ege,3,2025-05-20,619,254.0
2025-05-07,M03,U018,0.0,91.0,116.46,False,Ege,3,2025-05-09,424,261.0
2025-05-08,M03,U018,,0.0,116.46,False,Ege,3,2025-05-08,424,127.0
2025-05-09,M03,U018,,0.0,116.46,False,Ege,3,2025-05-09,424,149.0
2025-05-10,M03,U018,,0.0,116.46,False,Ege,3,2025-05-10,424,123.0
2025-05-11,M03,U018,,0.0,116.46,False,Ege,3,2025-05-11,424,384.0
2025-05-12,M03,U018,,0.0,116.46,False,Ege,3,2025-05-12,424,366.0
2025-05-13,M03,U018,,93.0,116.46,False,Ege,3,2025-05-14,424,396.0
2025-05-14,M03,U018,,0.0,116.46,False,Ege,3,2025-05-14,424,391.0
2025-05-15,M03,U018,,0.0,116.46,False,Ege,3,2025-05-15,424,162.0
2025-05-16,M03,U018,,0.0,104.81,True,Ege,3,2025-05-16,424,300.0
2025-05-17,M03,U018,,0.0,116.46,False,Ege,3,2025-05-17,424,132.0
2025-05-18,M03,U018,,0.0,93.17,True,Ege,3,2025-05-18,424,256.0
2025-05-19,M03,U018,,88.0,116.46,False,Ege,3,2025-05-20,424,347.0
2025-05-20,M03,U018,,0.0,116.46,False,Ege,3,2025-05-20,424,218.0
2025-05-07,M04,U001,89.0,0.0,175.82,False,İç Anadolu,3,2025-05-07,168,253.0
2025-05-08,M04,U001,,0.0,175.82,False,İç Anadolu,3,2025-05-08,168,367.0
2025-05-09,M04,U001,,0.0,175.82,False,İç Anadolu,3,2025-05-09,168,381.0
2025-05-10,M04,U001,,0.0,175.82,False,İç Anadolu,3,2025-05-10,168,376.0
2025-05-11,M04,U001,,111.0,175.82,False,İç Anadolu,3,2025-05-11,168,419.0
2025-05-12,M04,U001,,0.0,175.82,False,İç Anadolu,3,2025-05-12,168,256.0
2025-05-13,M04,U001,,0.0,175.82,False,İç Anadolu,3,2025-05-13,168,328.0
2025-05-14,M04,U001,,0.0,140.66,True,İç Anadolu,3,2025-05-14,168,324.0
2025-05-15,M04,U001,,0.0,175.82,False,İç Anadolu,3,2025-05-15,168,294.0
2025-05-16,M04,U001,,121.0,175.82,False,İç Anadolu,3,2025-05-16,168,211.0
2025-05-17,M04,U001,,0.0,175.82,False,İç Anadolu,3,2025-05-17,168,467.0
2025-05-18,M04,U001,,0.0,175.82,False,İç Anadolu,3,2025-05-18,168,212.0
2025-05-19,M04,U001,,0.0,158.24,True,İç Anadolu,3,2025-05-19,168,266.0
2025-05-20,M04,U001,,0.0,175.82,False,İç Anadolu,3,2025-05-20,168,425.0
2025-05-07,M04,U002,133.0,0.0,173.1,True,İç Anadolu,4,2025-05-07,861,337.0
2025-05-08,M04,U002,,0.0,192.33,False,İç Anadolu,4,2025-05-08,861,461.0
2025-05-09,M04,U002,,0.0,192.33,False,İç Anadolu,4,2025-05-09,861,525.0
2025-05-10,M04,U002,,0.0,192.33,False,İç Anadolu,4,2025-05-10,861,425.0
2025-05-11,M04,U002,,172.0,192.33,False,İç Anadolu,4,2025-05-11,861,467.0
2025-05-12,M04,U002,,0.0,192.33,False,İç Anadolu,4,2025-05-12,861,339.0
2025-05-13,M04,U002,,0.0,192.33,False,İç Anadolu,4,2025-05-13,861,373.0
2025-05-14,M04,U002,,0.0,192.33,False,İç Anadolu,4,2025-05-14,861,259.0
2025-05-15,M04,U002,,0.0,192.33,False,İç Anadolu,4,2025-05-15,861,410.0
2025-05-16,M04,U002,,171.0,192.33,False,İç Anadolu,4,2025-05-17,861,420.0
2025-05-17,M04,U002,,0.0,192.33,False,İç Anadolu,4,2025-05-17,861,482.0
2025-05-18,M04,U002,,0.0,192.33,False,İç Anadolu,4,2025-05-18,861,388.0
2025-05-19,M04,U002,,0.0,192.33,False,İç Anadolu,4,2025-05-19,861,254.0
2025-05-20,M04,U002,,0.0,192.33,False,İç Anadolu,4,2025-05-20,861,320.0
2025-05-07,M04,U003,0.0,0.0,43.26,False,İç Anadolu,3,2025-05-07,777,166.0
2025-05-08,M04,U003,,0.0,43.26,False,İç Anadolu,3,2025-05-08,777,359.0
2025-05-09,M04,U003,,198.0,43.26,False,İç Anadolu,3,2025-05-11,777,298.0
2025-05-10,M04,U003,,0.0,43.26,False,İç Anadolu,3,2025-05-10,777,225.0
2025-05-11,M04,U003,,0.0,43.26,False,İç Anadolu,3,2025-05-11,777,231.0
2025-05-12,M04,U003,,0.0,43.26,False,İç Anadolu,3,2025-05-12,777,213.0
2025-05-13,M04,U003,,202.0,43.26,False,İç Anadolu,3,2025-05-15,777,370.0
2025-05-14,M04,U003,,0.0,43.26,False,İç Anadolu,3,2025-05-14,777,354.0
2025-05-15,M04,U003,,0.0,43.26,False,İç Anadolu,3,2025-05-15,777,362.0
2025-05-16,M04,U003,,0.0,43.26,False,İç Anadolu,3,2025-05-16,777,362.0
2025-05-17,M04,U003,,183.0,43.26,False,İç Anadolu,3,2025-05-19,777,207.0
2025-05-18,M04,U003,,0.0,43.26,False,İç Anadolu,3,2025-05-18,777,266.0
2025-05-19,M04,U003,,0.0,43.26,False,İç Anadolu,3,2025-05-19,777,196.0
2025-05-20,M04,U003,,0.0,43.26,False,İç Anadolu,3,2025-05-20,777,187.0
2025-05-07,M04,U004,0.0,177.0,173.32,False,İç Anadolu,4,2025-05-07,602,193.0
2025-05-08,M04,U004,,0.0,173.32,False,İç Anadolu,4,2025-05-08,602,387.0
2025-05-09,M04,U004,,0.0,173.32,False,İç Anadolu,4,2025-05-09,602,138.0
2025-05-10,M04,U004,,0.0,173.32,False,İç Anadolu,4,2025-05-10,602,304.0
2025-05-11,M04,U004,,0.0,173.32,False,İç Anadolu,4,2025-05-11,602,257.0
2025-05-12,M04,U004,,0.0,173.32,False,İç Anadolu,4,2025-05-12,602,386.0
2025-05-13,M04,U004,,0.0,173.32,False,İç Anadolu,4,2025-05-13,602,227.0
2025-05-14,M04,U004,,185.0,173.32,False,İç Anadolu,4,2025-05-16,602,232.0
2025-05-15,M04,U004,,0.0,173.32,False,İç Anadolu,4,2025-05-15,602,380.0
2025-05-16,M04,U004,,0.0,173.32,False,İç Anadolu,4,2025-05-16,602,339.0
2025-05-17,M04,U004,,0.0,173.32,False,İç Anadolu,4,2025-05-17,602,346.0
2025-05-18,M04,U004,,0.0,173.32,False,İç Anadolu,4,2025-05-18,602,191.0
2025-05-19,M04,U004,,0.0,173.32,False,İç Anadolu,4,2025-05-19,602,331.0
2025-05-20,M04,U004,,0.0,173.32,False,İç Anadolu,4,2025-05-20,602,192.0
2025-05-07,M04,U005,0.0,140.0,49.88,False,İç Anadolu,9,2025-05-07,667,386.0
2025-05-08,M04,U005,,0.0,49.88,False,İç Anadolu,9,2025-05-08,667,254.0
2025-05-09,M04,U005,,0.0,49.88,False,İç Anadolu,9,2025-05-09,667,142.0
2025-05-10,M04,U005,,0.0,49.88,False,İç Anadolu,9,2025-05-10,667,340.0
2025-05-11,M04,U005,,0.0,49.88,False,İç Anadolu,9,2025-05-11,667,234.0
2025-05-12,M04,U005,,0.0,49.88,False,İç Anadolu,9,2025-05-12,667,371.0
2025-05-13,M04,U005,,0.0,49.88,False,İç Anadolu,9,2025-05-13,667,167.0
2025-05-14,M04,U005,,129.0,49.88,False,İç Anadolu,9,2025-05-14,667,181.0
2025-05-15,M04,U005,,0.0,49.88,False,İç Anadolu,9,2025-05-15,667,238.0
2025-05-16,M04,U005,,0.0,49.88,False,İç Anadolu,9,2025-05-16,667,182.0
2025-05-17,M04,U005,,0.0,49.88,False,İç Anadolu,9,2025-05-17,667,174.0
2025-05-18,M04,U005,,0.0,49.88,False,İç Anadolu,9,2025-05-18,667,362.0
2025-05-19,M04,U005,,0.0,49.88,False,İç Anadolu,9,2025-05-19,667,300.0
2025-05-20,M04,U005,,0.0,49.88,False,İç Anadolu,9,2025-05-20,667,258.0
2025-05-07,M04,U006,152.0,0.0,97.21,False,İç Anadolu,6,2025-05-07,575,520.0
2025-05-08,M04,U006,,0.0,97.21,False,İç Anadolu,6,2025-05-08,575,366.0
2025-05-09,M04,U006,,0.0,77.77,True,İç Anadolu,6,2025-05-09,575,316.0
2025-05-10,M04,U006,,0.0,97.21,False,İç Anadolu,6,2025-05-10,575,322.0
2025-05-11,M04,U006,,170.0,97.21,False,İç Anadolu,6,2025-05-12,575,277.0
2025-05-12,M04,U006,,0.0,97.21,False,İç Anadolu,6,2025-05-12,575,517.0
2025-05-13,M04,U006,,0.0,97.21,False,İç Anadolu,6,2025-05-13,575,308.0
2025-05-14,M04,U006,,0.0,97.21,False,İç Anadolu,6,2025-05-14,575,283.0
2025-05-15,M04,U006,,0.0,97.21,False,İç Anadolu,6,2025-05-15,575,326.0
2025-05-16,M04,U006,,193.0,97.21,False,İç Anadolu,6,2025-05-17,575,506.0
2025-05-17,M04,U006,,0.0,97.21,False,İç Anadolu,6,2025-05-17,575,411.0
2025-05-18,M04,U006,,0.0,97.21,False,İç Anadolu,6,2025-05-18,575,392.0
2025-05-19,M04,U006,,0.0,97.21,False,İç Anadolu,6,2025-05-19,575,373.0
2025-05-20,M04,U006,,0.0,97.21,False,İç Anadolu,6,2025-05-20,575,525.0
2025-05-07,M04,U007,0.0,251.0,150.45,False,İç Anadolu,2,2025-05-08,159,349.0
2025-05-08,M04,U007,,0.0,150.45,False,İç Anadolu,2,2025-05-08,159,338.0
2025-05-09,M04,U007,,0.0,127.88,True,İç Anadolu,2,2025-05-09,159,157.0
2025-05-10,M04,U007,,0.0,150.45,False,İç Anadolu,2,2025-05-10,159,107.0
2025-05-11,M04,U007,,0.0,120.36,True,İç Anadolu,2,2025-05-11,159,264.0
2025-05-12,M04,U007,,0.0,150.45,False,İç Anadolu,2,2025-05-12,159,202.0
2025-05-13,M04,U007,,228.0,150.45,False,İç Anadolu,2,2025-05-14,159,308.0
2025-05-14,M04,U007,,0.0,135.41,True,İç Anadolu,2,2025-05-14,159,137.0
2025-05-15,M04,U007,,0.0,150.45,False,İç Anadolu,2,2025-05-15,159,262.0
2025-05-16,M04,U007,,0.0,150.45,False,İç Anadolu,2,2025-05-16,159,246.0
2025-05-17,M04,U007,,0.0,150.45,False,İç Anadolu,2,2025-05-17,159,236.0
2025-05-18,M04,U007,,0.0,150.45,False,İç Anadolu,2,2025-05-18,159,197.0
2025-05-19,M04,U007,,220.0,150.45,False,İç Anadolu,2,2025-05-21,159,200.0
2025-05-20,M04,U007,,0.0,150.45,False,İç Anadolu,2,2025-05-20,159,138.0
2025-05-07,M04,U008,0.0,112.0,111.37,False,İç Anadolu,5,2025-05-07,589,230.0
2025-05-08,M04,U008,,0.0,111.37,False,İç Anadolu,5,2025-05-08,589,292.0
2025-05-09,M04,U008,,0.0,111.37,False,İç Anadolu,5,2025-05-09,589,254.0
2025-05-10,M04,U008,,0.0,111.37,False,İç Anadolu,5,2025-05-10,589,279.0
2025-05-11,M04,U008,,0.0,111.37,False,İç Anadolu,5,2025-05-11,589,159.0
2025-05-12,M04,U008,,0.0,111.37,False,İç Anadolu,5,2025-05-12,589,289.0
2025-05-13,M04,U008,,97.0,111.37,False,İç Anadolu,5,2025-05-13,589,154.0
2025-05-14,M04,U008,,0.0,111.37,False,İç Anadolu,5,2025-05-14,589,365.0
2025-05-15,M04,U008,,0.0,111.37,False,İç Anadolu,5,2025-05-15,589,346.0
2025-05-16,M04,U008,,0.0,111.37,False,İç Anadolu,5,2025-05-16,589,340.0
2025-05-17,M04,U008,,0.0,111.37,False,İç Anadolu,5,2025-05-17,589,204.0
2025-05-18,M04,U008,,0.0,111.37,False,İç Anadolu,5,2025-05-18,589,305.0
2025-05-19,M04,U008,,95.0,111.37,False,İç Anadolu,5,2025-05-21,589,381.0
2025-05-20,M04,U008,,0.0,111.37,False,İç Anadolu,5,2025-05-20,589,363.0
2025-05-07,M04,U009,0.0,52.0,133.04,False,İç Anadolu,4,2025-05-09,594,143.0
2025-05-08,M04,U009,,0.0,133.04,False,İç Anadolu,4,2025-05-08,594,226.0
2025-05-09,M04,U009,,0.0,133.04,False,İç Anadolu,4,2025-05-09,594,262.0
2025-05-10,M04,U009,,0.0,133.04,False,İç Anadolu,4,2025-05-10,594,166.0
2025-05-11,M04,U009,,0.0,133.04,False,İç Anadolu,4,2025-05-11,594,102.0
2025-05-12,M04,U009,,0.0,133.04,False,İç Anadolu,4,2025-05-12,594,322.0
2025-05-13,M04,U009,,57.0,133.04,False,İç Anadolu,4,2025-05-13,594,153.0
2025-05-14,M04,U009,,0.0,133.04,False,İç Anadolu,4,2025-05-14,594,389.0
2025-05-15,M04,U009,,0.0,133.04,False,İç Anadolu,4,2025-05-15,594,385.0
2025-05-16,M04,U009,,0.0,133.04,False,İç Anadolu,4,2025-05-16,594,377.0
2025-05-17,M04,U009,,0.0,133.04,False,İç Anadolu,4,2025-05-17,594,343.0
2025-05-18,M04,U009,,0.0,119.74,True,İç Anadolu,4,2025-05-18,594,139.0
2025-05-19,M04,U009,,58.0,133.04,False,İç Anadolu,4,2025-05-21,594,282.0
2025-05-20,M04,U009,,0.0,133.04,False,İç Anadolu,4,2025-05-20,594,313.0
2025-05-07,M04,U010,155.0,0.0,186.29,False,İç Anadolu,7,2025-05-07,492,405.0
2025-05-08,M04,U010,,0.0,186.29,False,İç Anadolu,7,2025-05-08,492,384.0
2025-05-09,M04,U010,,123.0,186.29,False,İç Anadolu,7,2025-05-11,492,303.0
2025-05-10,M04,U010,,0.0,186.29,False,İç Anadolu,7,2025-05-10,492,352.0
2025-05-11,M04,U010,,0.0,186.29,False,İç Anadolu,7,2025-05-11,492,292.0
2025-05-12,M04,U010,,0.0,186.29,False,İç Anadolu,7,2025-05-12,492,494.0
2025-05-13,M04,U010,,107.0,186.29,False,İç Anadolu,7,2025-05-15,492,302.0
2025-05-14,M04,U010,,0.0,186.29,False,İç Anadolu,7,2025-05-14,492,385.0
2025-05-15,M04,U010,,0.0,186.29,False,İç Anadolu,7,2025-05-15,492,511.0
2025-05-16,M04,U010,,0.0,186.29,False,İç Anadolu,7,2025-05-16,492,448.0
2025-05-17,M04,U010,,138.0,186.29,False,İç Anadolu,7,2025-05-17,492,346.0
2025-05-18,M04,U010,,0.0,186.29,False,İç Anadolu,7,2025-05-18,492,292.0
2025-05-19,M04,U010,,0.0,186.29,False,İç Anadolu,7,2025-05-19,492,537.0
2025-05-20,M04,U010,,0.0,186.29,False,İç Anadolu,7,2025-05-20,492,329.0
2025-05-07,M04,U011,85.0,0.0,172.73,False,İç Anadolu,9,2025-05-07,753,280.0
2025-05-08,M04,U011,,0.0,172.73,False,İç Anadolu,9,2025-05-08,753,415.0
2025-05-09,M04,U011,,0.0,172.73,False,İç Anadolu,9,2025-05-09,753,442.0
2025-05-10,M04,U011,,0.0,172.73,False,İç Anadolu,9,2025-05-10,753,414.0
2025-05-11,M04,U011,,115.0,172.73,False,İç Anadolu,9,2025-05-12,753,447.0
2025-05-12,M04,U011,,0.0,172.73,False,İç Anadolu,9,2025-05-12,753,361.0
2025-05-13,M04,U011,,0.0,172.73,False,İç Anadolu,9,2025-05-13,753,484.0
2025-05-14,M04,U011,,0.0,172.73,False,İç Anadolu,9,2025-05-14,753,408.0
2025-05-15,M04,U011,,0.0,172.73,False,İç Anadolu,9,2025-05-15,753,469.0
2025-05-16,M04,U011,,114.0,146.82,True,İç Anadolu,9,2025-05-16,753,464.0
2025-05-17,M04,U011,,0.0,172.73,False,İç Anadolu,9,2025-05-17,753,254.0
2025-05-18,M04,U011,,0.0,172.73,False,İç Anadolu,9,2025-05-18,753,476.0
2025-05-19,M04,U011,,0.0,172.73,False,İç Anadolu,9,2025-05-19,753,342.0
2025-05-20,M04,U011,,0.0,172.73,False,İç Anadolu,9,2025-05-20,753,455.0
2025-05-07,M04,U012,126.0,0.0,214.19,False,İç Anadolu,2,2025-05-07,601,466.0
2025-05-08,M04,U012,,0.0,214.19,False,İç Anadolu,2,2025-05-08,601,408.0
2025-05-09,M04,U012,,0.0,214.19,False,İç Anadolu,2,2025-05-09,601,409.0
2025-05-10,M04,U012,,0.0,214.19,False,İç Anadolu,2,2025-05-10,601,264.0
2025-05-11,M04,U012,,151.0,214.19,False,İç Anadolu,2,2025-05-13,601,421.0
2025-05-12,M04,U012,,0.0,214.19,False,İç Anadolu,2,2025-05-12,601,501.0
2025-05-13,M04,U012,,0.0,192.77,True,İç Anadolu,2,2025-05-13,601,312.0
2025-05-14,M04,U012,,0.0,214.19,False,İç Anadolu,2,2025-05-14,601,478.0
2025-05-15,M04,U012,,0.0,214.19,False,İç Anadolu,2,2025-05-15,601,512.0
2025-05-16,M04,U012,,171.0,214.19,False,İç Anadolu,2,2025-05-17,601,248.0
2025-05-17,M04,U012,,0.0,214.19,False,İç Anadolu,2,2025-05-17,601,228.0
2025-05-18,M04,U012,,0.0,214.19,False,İç Anadolu,2,2025-05-18,601,477.0
2025-05-19,M04,U012,,0.0,214.19,False,İç Anadolu,2,2025-05-19,601,454.0
2025-05-20,M04,U012,,0.0,214.19,False,İç Anadolu,2,2025-05-20,601,320.0
2025-05-07,M04,U013,0.0,71.0,176.68,False,İç Anadolu,6,2025-05-09,350,216.0
2025-05-08,M04,U013,,0.0,176.68,False,İç Anadolu,6,2025-05-08,350,360.0
2025-05-09,M04,U013,,0.0,176.68,False,İç Anadolu,6,2025-05-09,350,165.0
2025-05-10,M04,U013,,0.0,176.68,False,İç Anadolu,6,2025-05-10,350,220.0
2025-05-11,M04,U013,,0.0,176.68,False,İç Anadolu,6,2025-05-11,350,335.0
2025-05-12,M04,U013,,0.0,176.68,False,İç Anadolu,6,2025-05-12,350,331.0
2025-05-13,M04,U013,,0.0,176.68,False,İç Anadolu,6,2025-05-13,350,391.0
2025-05-14,M04,U013,,81.0,176.68,False,İç Anadolu,6,2025-05-14,350,121.0
2025-05-15,M04,U013,,0.0,176.68,False,İç Anadolu,6,2025-05-15,350,211.0
2025-05-16,M04,U013,,0.0,176.68,False,İç Anadolu,6,2025-05-16,350,198.0
2025-05-17,M04,U013,,0.0,176.68,False,İç Anadolu,6,2025-05-17,350,332.0
2025-05-18,M04,U013,,0.0,176.68,False,İç Anadolu,6,2025-05-18,350,175.0
2025-05-19,M04,U013,,0.0,176.68,False,İç Anadolu,6,2025-05-19,350,273.0
2025-05-20,M04,U013,,0.0,176.68,False,İç Anadolu,6,2025-05-20,350,226.0
2025-05-07,M04,U014,0.0,37.0,115.91,False,İç Anadolu,6,2025-05-07,528,371.0
2025-05-08,M04,U014,,0.0,115.91,False,İç Anadolu,6,2025-05-08,528,381.0
2025-05-09,M04,U014,,0.0,115.91,False,İç Anadolu,6,2025-05-09,528,265.0
2025-05-10,M04,U014,,0.0,115.91,False,İç Anadolu,6,2025-05-10,528,346.0
2025-05-11,M04,U014,,0.0,115.91,False,İç Anadolu,6,2025-05-11,528,199.0
2025-05-12,M04,U014,,0.0,115.91,False,İç Anadolu,6,2025-05-12,528,315.0
2025-05-13,M04,U014,,39.0,115.91,False,İç Anadolu,6,2025-05-14,528,216.0
2025-05-14,M04,U014,,0.0,98.52,True,İç Anadolu,6,2025-05-14,528,202.0
2025-05-15,M04,U014,,0.0,115.91,False,İç Anadolu,6,2025-05-15,528,133.0
2025-05-16,M04,U014,,0.0,115.91,False,İç Anadolu,6,2025-05-16,528,292.0
2025-05-17,M04,U014,,0.0,115.91,False,İç Anadolu,6,2025-05-17,528,152.0
2025-05-18,M04,U014,,0.0,115.91,False,İç Anadolu,6,2025-05-18,528,183.0
2025-05-19,M04,U014,,0.0,115.91,False,İç Anadolu,6,2025-05-19,528,113.0
2025-05-20,M04,U014,,0.0,115.91,False,İç Anadolu,6,2025-05-20,528,196.0
2025-05-07,M04,U015,0.0,0.0,54.99,False,İç Anadolu,10,2025-05-07,175,184.0
2025-05-08,M04,U015,,0.0,54.99,False,İç Anadolu,10,2025-05-08,175,230.0
2025-05-09,M04,U015,,0.0,54.99,False,İç Anadolu,10,2025-05-09,175,370.0
2025-05-10,M04,U015,,0.0,54.99,False,İç Anadolu,10,2025-05-10,175,376.0
2025-05-11,M04,U015,,161.0,54.99,False,İç Anadolu,10,2025-05-11,175,364.0
2025-05-12,M04,U015,,0.0,54.99,False,İç Anadolu,10,2025-05-12,175,284.0
2025-05-13,M04,U015,,0.0,54.99,False,İç Anadolu,10,2025-05-13,175,235.0
2025-05-14,M04,U015,,0.0,54.99,False,İç Anadolu,10,2025-05-14,175,152.0
2025-05-15,M04,U015,,0.0,54.99,False,İç Anadolu,10,2025-05-15,175,164.0
2025-05-16,M04,U015,,160.0,54.99,False,İç Anadolu,10,2025-05-18,175,385.0
2025-05-17,M04,U015,,0.0,54.99,False,İç Anadolu,10,2025-05-17,175,311.0
2025-05-18,M04,U015,,0.0,54.99,False,İç Anadolu,10,2025-05-18,175,371.0
2025-05-19,M04,U015,,0.0,54.99,False,İç Anadolu,10,2025-05-19,175,124.0
2025-05-20,M04,U015,,0.0,54.99,False,İç Anadolu,10,2025-05-20,175,120.0
2025-05-07,M04,U016,176.0,0.0,170.13,False,İç Anadolu,5,2025-05-07,205,559.0
2025-05-08,M04,U016,,0.0,170.13,False,İç Anadolu,5,2025-05-08,205,366.0
2025-05-09,M04,U016,,146.0,170.13,False,İç Anadolu,5,2025-05-11,205,277.0
2025-05-10,M04,U016,,0.0,170.13,False,İç Anadolu,5,2025-05-10,205,511.0
2025-05-11,M04,U016,,0.0,170.13,False,İç Anadolu,5,2025-05-11,205,530.0
2025-05-12,M04,U016,,0.0,170.13,False,İç Anadolu,5,2025-05-12,205,440.0
2025-05-13,M04,U016,,0.0,170.13,False,İç Anadolu,5,2025-05-13,205,343.0
2025-05-14,M04,U016,,0.0,170.13,False,İç Anadolu,5,2025-05-14,205,276.0
2025-05-15,M04,U016,,0.0,170.13,False,İç Anadolu,5,2025-05-15,205,565.0
2025-05-16,M04,U016,,0.0,170.13,False,İç Anadolu,5,2025-05-16,205,520.0
2025-05-17,M04,U016,,215.0,170.13,False,İç Anadolu,5,2025-05-17,205,380.0
2025-05-18,M04,U016,,0.0,170.13,False,İç Anadolu,5,2025-05-18,205,499.0
2025-05-19,M04,U016,,0.0,153.12,True,İç Anadolu,5,2025-05-19,205,291.0
2025-05-20,M04,U016,,0.0,170.13,False,İç Anadolu,5,2025-05-20,205,309.0
2025-05-07,M04,U017,0.0,120.0,88.44,False,İç Anadolu,3,2025-05-07,619,235.0
2025-05-08,M04,U017,,0.0,88.44,False,İç Anadolu,3,2025-05-08,619,120.0
2025-05-09,M04,U017,,0.0,88.44,False,İç Anadolu,3,2025-05-09,619,217.0
2025-05-10,M04,U017,,0.0,88.44,False,İç Anadolu,3,2025-05-10,619,236.0
2025-05-11,M04,U017,,0.0,88.44,False,İç Anadolu,3,2025-05-11,619,182.0
2025-05-12,M04,U017,,0.0,88.44,False,İç Anadolu,3,2025-05-12,619,190.0
2025-05-13,M04,U017,,0.0,88.44,False,İç Anadolu,3,2025-05-13,619,212.0
2025-05-14,M04,U017,,137.0,88.44,False,İç Anadolu,3,2025-05-16,619,128.0
2025-05-15,M04,U017,,0.0,88.44,False,İç Anadolu,3,2025-05-15,619,237.0
2025-05-16,M04,U017,,0.0,88.44,False,İç Anadolu,3,2025-05-16,619,302.0
2025-05-17,M04,U017,,0.0,88.44,False,İç Anadolu,3,2025-05-17,619,322.0
2025-05-18,M04,U017,,0.0,88.44,False,İç Anadolu,3,2025-05-18,619,301.0
2025-05-19,M04,U017,,0.0,88.44,False,İç Anadolu,3,2025-05-19,619,326.0
2025-05-20,M04,U017,,0.0,75.17,True,İç Anadolu,3,2025-05-20,619,199.0
2025-05-07,M04,U018,14.0,0.0,116.46,False,İç Anadolu,3,2025-05-07,424,215.0
2025-05-08,M04,U018,,0.0,116.46,False,İç Anadolu,3,2025-05-08,424,387.0
2025-05-09,M04,U018,,0.0,116.46,False,İç Anadolu,3,2025-05-09,424,178.0
2025-05-10,M04,U018,,0.0,116.46,False,İç Anadolu,3,2025-05-10,424,242.0
2025-05-11,M04,U018,,0.0,116.46,False,İç Anadolu,3,2025-05-11,424,400.0
2025-05-12,M04,U018,,0.0,116.46,False,İç Anadolu,3,2025-05-12,424,179.0
2025-05-13,M04,U018,,94.0,116.46,False,İç Anadolu,3,2025-05-14,424,284.0
2025-05-14,M04,U018,,0.0,116.46,False,İç Anadolu,3,2025-05-14,424,271.0
2025-05-15,M04,U018,,0.0,116.46,False,İç Anadolu,3,2025-05-15,424,319.0
2025-05-16,M04,U018,,0.0,116.46,False,İç Anadolu,3,2025-05-16,424,393.0
2025-05-17,M04,U018,,0.0,116.46,False,İç Anadolu,3,2025-05-17,424,205.0
2025-05-18,M04,U018,,0.0,104.81,True,İç Anadolu,3,2025-05-18,424,396.0
2025-05-19,M04,U018,,93.0,116.46,False,İç Anadolu,3,2025-05-21,424,138.0
2025-05-20,M04,U018,,0.0,116.46,False,İç Anadolu,3,2025-05-20,424,194.0
2025-05-07,M05,U001,122.0,0.0,175.82,False,Akdeniz,3,2025-05-07,168,426.0
2025-05-08,M05,U001,,0.0,175.82,False,Akdeniz,3,2025-05-08,168,253.0
2025-05-09,M05,U001,,94.0,175.82,False,Akdeniz,3,2025-05-11,168,304.0
2025-05-10,M05,U001,,0.0,175.82,False,Akdeniz,3,2025-05-10,168,491.0
2025-05-11,M05,U001,,0.0,175.82,False,Akdeniz,3,2025-05-11,168,279.0
2025-05-12,M05,U001,,0.0,175.82,False,Akdeniz,3,2025-05-12,168,455.0
2025-05-13,M05,U001,,142.0,175.82,False,Akdeniz,3,2025-05-13,168,406.0
2025-05-14,M05,U001,,0.0,175.82,False,Akdeniz,3,2025-05-14,168,335.0
2025-05-15,M05,U001,,0.0,175.82,False,Akdeniz,3,2025-05-15,168,310.0
2025-05-16,M05,U001,,0.0,175.82,False,Akdeniz,3,2025-05-16,168,496.0
2025-05-17,M05,U001,,85.0,175.82,False,Akdeniz,3,2025-05-19,168,342.0
2025-05-18,M05,U001,,0.0,175.82,False,Akdeniz,3,2025-05-18,168,489.0
2025-05-19,M05,U001,,0.0,175.82,False,Akdeniz,3,2025-05-19,168,334.0
2025-05-20,M05,U001,,0.0,175.82,False,Akdeniz,3,2025-05-20,168,411.0
2025-05-07,M05,U002,0.0,219.0,192.33,False,Akdeniz,4,2025-05-09,861,155.0
2025-05-08,M05,U002,,0.0,192.33,False,Akdeniz,4,2025-05-08,861,246.0
2025-05-09,M05,U002,,0.0,192.33,False,Akdeniz,4,2025-05-09,861,106.0
2025-05-10,M05,U002,,0.0,192.33,False,Akdeniz,4,2025-05-10,861,225.0
2025-05-11,M05,U002,,0.0,192.33,False,Akdeniz,4,2025-05-11,861,154.0
2025-05-12,M05,U002,,0.0,163.48,True,Akdeniz,4,2025-05-12,861,178.0
2025-05-13,M05,U002,,234.0,192.33,False,Akdeniz,4,2025-05-15,861,324.0
2025-05-14,M05,U002,,0.0,192.33,False,Akdeniz,4,2025-05-14,861,263.0
2025-05-15,M05,U002,,0.0,192.33,False,Akdeniz,4,2025-05-15,861,367.0
2025-05-16,M05,U002,,0.0,192.33,False,Akdeniz,4,2025-05-16,861,184.0
2025-05-17,M05,U002,,0.0,173.1,True,Akdeniz,4,2025-05-17,861,321.0
2025-05-18,M05,U002,,0.0,192.33,False,Akdeniz,4,2025-05-18,861,325.0
2025-05-19,M05,U002,,226.0,192.33,False,Akdeniz,4,2025-05-19,861,373.0
2025-05-20,M05,U002,,0.0,192.33,False,Akdeniz,4,2025-05-20,861,243.0
2025-05-07,M05,U003,0.0,0.0,43.26,False,Akdeniz,3,2025-05-07,777,222.0
2025-05-08,M05,U003,,0.0,43.26,False,Akdeniz,3,2025-05-08,777,121.0
2025-05-09,M05,U003,,0.0,43.26,False,Akdeniz,3,2025-05-09,777,181.0
2025-05-10,M05,U003,,0.0,43.26,False,Akdeniz,3,2025-05-10,777,119.0
2025-05-11,M05,U003,,0.0,43.26,False,Akdeniz,3,2025-05-11,777,142.0
2025-05-12,M05,U003,,0.0,43.26,False,Akdeniz,3,2025-05-12,777,129.0
2025-05-13,M05,U003,,0.0,43.26,False,Akdeniz,3,2025-05-13,777,261.0
2025-05-14,M05,U003,,0.0,43.26,False,Akdeniz,3,2025-05-14,777,335.0
2025-05-15,M05,U003,,0.0,43.26,False,Akdeniz,3,2025-05-15,777,245.0
2025-05-16,M05,U003,,0.0,43.26,False,Akdeniz,3,2025-05-16,777,151.0
2025-05-17,M05,U003,,0.0,43.26,False,Akdeniz,3,2025-05-17,777,207.0
2025-05-18,M05,U003,,0.0,43.26,False,Akdeniz,3,2025-05-18,777,237.0
2025-05-19,M05,U003,,0.0,43.26,False,Akdeniz,3,2025-05-19,777,270.0
2025-05-20,M05,U003,,0.0,43.26,False,Akdeniz,3,2025-05-20,777,225.0
2025-05-07,M05,U004,195.0,0.0,173.32,False,Akdeniz,4,2025-05-07,602,588.0
2025-05-08,M05,U004,,0.0,173.32,False,Akdeniz,4,2025-05-08,602,414.0
2025-05-09,M05,U004,,0.0,173.32,False,Akdeniz,4,2025-05-09,602,336.0
2025-05-10,M05,U004,,0.0,173.32,False,Akdeniz,4,2025-05-10,602,459.0
2025-05-11,M05,U004,,0.0,173.32,False,Akdeniz,4,2025-05-11,602,408.0
2025-05-12,M05,U004,,0.0,173.32,False,Akdeniz,4,2025-05-12,602,591.0
2025-05-13,M05,U004,,0.0,173.32,False,Akdeniz,4,2025-05-13,602,564.0
2025-05-14,M05,U004,,0.0,173.32,False,Akdeniz,4,2025-05-14,602,331.0
2025-05-15,M05,U004,,0.0,155.99,True,Akdeniz,4,2025-05-15,602,487.0
2025-05-16,M05,U004,,244.0,173.32,False,Akdeniz,4,2025-05-17,602,548.0
2025-05-17,M05,U004,,0.0,173.32,False,Akdeniz,4,2025-05-17,602,459.0
2025-05-18,M05,U004,,0.0,173.32,False,Akdeniz,4,2025-05-18,602,520.0
2025-05-19,M05,U004,,0.0,173.32,False,Akdeniz,4,2025-05-19,602,479.0
2025-05-20,M05,U004,,0.0,173.32,False,Akdeniz,4,2025-05-20,602,543.0
2025-05-07,M05,U005,0.0,0.0,49.88,False,Akdeniz,9,2025-05-07,667,287.0
2025-05-08,M05,U005,,0.0,49.88,False,Akdeniz,9,2025-05-08,667,368.0
2025-05-09,M05,U005,,0.0,49.88,False,Akdeniz,9,2025-05-09,667,253.0
2025-05-10,M05,U005,,0.0,49.88,False,Akdeniz,9,2025-05-10,667,290.0
2025-05-11,M05,U005,,0.0,49.88,False,Akdeniz,9,2025-05-11,667,211.0
2025-05-12,M05,U005,,0.0,49.88,False,Akdeniz,9,2025-05-12,667,288.0
2025-05-13,M05,U005,,0.0,49.88,False,Akdeniz,9,2025-05-13,667,371.0
2025-05-14,M05,U005,,0.0,49.88,False,Akdeniz,9,2025-05-14,667,314.0
2025-05-15,M05,U005,,0.0,49.88,False,Akdeniz,9,2025-05-15,667,190.0
2025-05-16,M05,U005,,0.0,49.88,False,Akdeniz,9,2025-05-16,667,173.0
2025-05-17,M05,U005,,0.0,49.88,False,Akdeniz,9,2025-05-17,667,337.0
2025-05-18,M05,U005,,0.0,49.88,False,Akdeniz,9,2025-05-18,667,106.0
2025-05-19,M05,U005,,133.0,49.88,False,Akdeniz,9,2025-05-21,667,130.0
2025-05-20,M05,U005,,0.0,49.88,False,Akdeniz,9,2025-05-20,667,188.0
2025-05-07,M05,U006,0.0,0.0,87.49,True,Akdeniz,6,2025-05-07,575,335.0
2025-05-08,M05,U006,,0.0,97.21,False,Akdeniz,6,2025-05-08,575,329.0
2025-05-09,M05,U006,,0.0,97.21,False,Akdeniz,6,2025-05-09,575,101.0
2025-05-10,M05,U006,,0.0,77.77,True,Akdeniz,6,2025-05-10,575,161.0
2025-05-11,M05,U006,,0.0,77.77,True,Akdeniz,6,2025-05-11,575,148.0
2025-05-12,M05,U006,,0.0,97.21,False,Akdeniz,6,2025-05-12,575,181.0
2025-05-13,M05,U006,,0.0,97.21,False,Akdeniz,6,2025-05-13,575,325.0
2025-05-14,M05,U006,,265.0,97.21,False,Akdeniz,6,2025-05-16,575,352.0
2025-05-15,M05,U006,,0.0,97.21,False,Akdeniz,6,2025-05-15,575,157.0
2025-05-16,M05,U006,,0.0,97.21,False,Akdeniz,6,2025-05-16,575,259.0
2025-05-17,M05,U006,,0.0,97.21,False,Akdeniz,6,2025-05-17,575,250.0
2025-05-18,M05,U006,,0.0,97.21,False,Akdeniz,6,2025-05-18,575,368.0
2025-05-19,M05,U006,,0.0,97.21,False,Akdeniz,6,2025-05-19,575,325.0
2025-05-20,M05,U006,,0.0,97.21,False,Akdeniz,6,2025-05-20,575,256.0
2025-05-07,M05,U007,0.0,199.0,150.45,False,Akdeniz,2,2025-05-08,159,252.0
2025-05-08,M05,U007,,0.0,150.45,False,Akdeniz,2,2025-05-08,159,336.0
2025-05-09,M05,U007,,0.0,150.45,False,Akdeniz,2,2025-05-09,159,290.0
2025-05-10,M05,U007,,0.0,150.45,False,Akdeniz,2,2025-05-10,159,100.0
2025-05-11,M05,U007,,0.0,150.45,False,Akdeniz,2,2025-05-11,159,353.0
2025-05-12,M05,U007,,0.0,150.45,False,Akdeniz,2,2025-05-12,159,236.0
2025-05-13,M05,U007,,185.0,150.45,False,Akdeniz,2,2025-05-14,159,230.0
2025-05-14,M05,U007,,0.0,150.45,False,Akdeniz,2,2025-05-14,159,294.0
2025-05-15,M05,U007,,0.0,150.45,False,Akdeniz,2,2025-05-15,159,372.0
2025-05-16,M05,U007,,0.0,150.45,False,Akdeniz,2,2025-05-16,159,309.0
2025-05-17,M05,U007,,0.0,150.45,False,Akdeniz,2,2025-05-17,159,291.0
2025-05-18,M05,U007,,0.0,150.45,False,Akdeniz,2,2025-05-18,159,129.0
2025-05-19,M05,U007,,0.0,150.45,False,Akdeniz,2,2025-05-19,159,180.0
2025-05-20,M05,U007,,0.0,150.45,False,Akdeniz,2,2025-05-20,159,393.0
2025-05-07,M05,U008,66.0,0.0,111.37,False,Akdeniz,5,2025-05-07,589,311.0
2025-05-08,M05,U008,,0.0,94.66,True,Akdeniz,5,2025-05-08,589,441.0
2025-05-09,M05,U008,,0.0,111.37,False,Akdeniz,5,2025-05-09,589,195.0
2025-05-10,M05,U008,,0.0,111.37,False,Akdeniz,5,2025-05-10,589,381.0
2025-05-11,M05,U008,,0.0,111.37,False,Akdeniz,5,2025-05-11,589,280.0
2025-05-12,M05,U008,,0.0,111.37,False,Akdeniz,5,2025-05-12,589,321.0
2025-05-13,M05,U008,,112.0,111.37,False,Akdeniz,5,2025-05-14,589,249.0
2025-05-14,M05,U008,,0.0,111.37,False,Akdeniz,5,2025-05-14,589,351.0
2025-05-15,M05,U008,,0.0,100.23,True,Akdeniz,5,2025-05-15,589,208.0
2025-05-16,M05,U008,,0.0,111.37,False,Akdeniz,5,2025-05-16,589,208.0
2025-05-17,M05,U008,,127.0,111.37,False,Akdeniz,5,2025-05-18,589,441.0
2025-05-18,M05,U008,,0.0,111.37,False,Akdeniz,5,2025-05-18,589,386.0
2025-05-19,M05,U008,,0.0,111.37,False,Akdeniz,5,2025-05-19,589,379.0
2025-05-20,M05,U008,,0.0,111.37,False,Akdeniz,5,2025-05-20,589,362.0
2025-05-07,M05,U009,0.0,58.0,133.04,False,Akdeniz,4,2025-05-08,594,397.0
2025-05-08,M05,U009,,0.0,133.04,False,Akdeniz,4,2025-05-08,594,323.0
2025-05-09,M05,U009,,0.0,133.04,False,Akdeniz,4,2025-05-09,594,346.0
2025-05-10,M05,U009,,0.0,133.04,False,Akdeniz,4,2025-05-10,594,351.0
2025-05-11,M05,U009,,0.0,133.04,False,Akdeniz,4,2025-05-11,594,230.0
2025-05-12,M05,U009,,0.0,133.04,False,Akdeniz,4,2025-05-12,594,339.0
2025-05-13,M05,U009,,58.0,133.04,False,Akdeniz,4,2025-05-13,594,239.0
2025-05-14,M05,U009,,0.0,133.04,False,Akdeniz,4,2025-05-14,594,144.0
2025-05-15,M05,U009,,0.0,133.04,False,Akdeniz,4,2025-05-15,594,215.0
2025-05-16,M05,U009,,0.0,133.04,False,Akdeniz,4,2025-05-16,594,129.0
2025-05-17,M05,U009,,0.0,133.04,False,Akdeniz,4,2025-05-17,594,194.0
2025-05-18,M05,U009,,0.0,106.43,True,Akdeniz,4,2025-05-18,594,306.0
2025-05-19,M05,U009,,54.0,133.04,False,Akdeniz,4,2025-05-19,594,240.0
2025-05-20,M05,U009,,0.0,133.04,False,Akdeniz,4,2025-05-20,594,143.0
2025-05-07,M05,U010,101.0,0.0,186.29,False,Akdeniz,7,2025-05-07,492,360.0
2025-05-08,M05,U010,,0.0,186.29,False,Akdeniz,7,2025-05-08,492,342.0
2025-05-09,M05,U010,,0.0,186.29,False,Akdeniz,7,2025-05-09,492,227.0
2025-05-10,M05,U010,,0.0,167.66,True,Akdeniz,7,2025-05-10,492,223.0
2025-05-11,M05,U010,,0.0,186.29,False,Akdeniz,7,2025-05-11,492,299.0
2025-05-12,M05,U010,,0.0,186.29,False,Akdeniz,7,2025-05-12,492,474.0
2025-05-13,M05,U010,,0.0,158.35,True,Akdeniz,7,2025-05-13,492,480.0
2025-05-14,M05,U010,,0.0,186.29,False,Akdeniz,7,2025-05-14,492,284.0
2025-05-15,M05,U010,,0.0,158.35,True,Akdeniz,7,2025-05-15,492,304.0
2025-05-16,M05,U010,,122.0,186.29,False,Akdeniz,7,2025-05-17,492,402.0
2025-05-17,M05,U010,,0.0,167.66,True,Akdeniz,7,2025-05-17,492,444.0
2025-05-18,M05,U010,,0.0,186.29,False,Akdeniz,7,2025-05-18,492,315.0
2025-05-19,M05,U010,,0.0,186.29,False,Akdeniz,7,2025-05-19,492,392.0
2025-05-20,M05,U010,,0.0,186.29,False,Akdeniz,7,2025-05-20,492,412.0
2025-05-07,M05,U011,0.0,107.0,172.73,False,Akdeniz,9,2025-05-08,753,392.0
2025-05-08,M05,U011,,0.0,172.73,False,Akdeniz,9,2025-05-08,753,339.0
2025-05-09,M05,U011,,0.0,172.73,False,Akdeniz,9,2025-05-09,753,148.0
2025-05-10,M05,U011,,0.0,172.73,False,Akdeniz,9,2025-05-10,753,376.0
2025-05-11,M05,U011,,0.0,172.73,False,Akdeniz,9,2025-05-11,753,328.0
2025-05-12,M05,U011,,0.0,172.73,False,Akdeniz,9,2025-05-12,753,168.0
2025-05-13,M05,U011,,0.0,172.73,False,Akdeniz,9,2025-05-13,753,241.0
2025-05-14,M05,U011,,123.0,172.73,False,Akdeniz,9,2025-05-16,753,374.0
2025-05-15,M05,U011,,0.0,172.73,False,Akdeniz,9,2025-05-15,753,102.0
2025-05-16,M05,U011,,0.0,172.73,False,Akdeniz,9,2025-05-16,753,252.0
2025-05-17,M05,U011,,0.0,172.73,False,Akdeniz,9,2025-05-17,753,247.0
2025-05-18,M05,U011,,0.0,172.73,False,Akdeniz,9,2025-05-18,753,375.0
2025-05-19,M05,U011,,0.0,172.73,False,Akdeniz,9,2025-05-19,753,364.0
2025-05-20,M05,U011,,0.0,172.73,False,Akdeniz,9,2025-05-20,753,135.0
2025-05-07,M05,U012,95.0,0.0,214.19,False,Akdeniz,2,2025-05-07,601,255.0
2025-05-08,M05,U012,,0.0,214.19,False,Akdeniz,2,2025-05-08,601,355.0
2025-05-09,M05,U012,,203.0,192.77,True,Akdeniz,2,2025-05-10,601,201.0
2025-05-10,M05,U012,,0.0,214.19,False,Akdeniz,2,2025-05-10,601,403.0
2025-05-11,M05,U012,,0.0,214.19,False,Akdeniz,2,2025-05-11,601,195.0
2025-05-12,M05,U012,,0.0,214.19,False,Akdeniz,2,2025-05-12,601,302.0
2025-05-13,M05,U012,,202.0,214.19,False,Akdeniz,2,2025-05-15,601,311.0
2025-05-14,M05,U012,,0.0,214.19,False,Akdeniz,2,2025-05-14,601,349.0
2025-05-15,M05,U012,,0.0,214.19,False,Akdeniz,2,2025-05-15,601,346.0
2025-05-16,M05,U012,,0.0,214.19,False,Akdeniz,2,2025-05-16,601,479.0
2025-05-17,M05,U012,,185.0,214.19,False,Akdeniz,2,2025-05-17,601,481.0
2025-05-18,M05,U012,,0.0,182.06,True,Akdeniz,2,2025-05-18,601,378.0
2025-05-19,M05,U012,,0.0,214.19,False,Akdeniz,2,2025-05-19,601,295.0
2025-05-20,M05,U012,,0.0,214.19,False,Akdeniz,2,2025-05-20,601,229.0
2025-05-07,M05,U013,0.0,103.0,176.68,False,Akdeniz,6,2025-05-08,350,150.0
2025-05-08,M05,U013,,0.0,176.68,False,Akdeniz,6,2025-05-08,350,126.0
2025-05-09,M05,U013,,0.0,150.18,True,Akdeniz,6,2025-05-09,350,146.0
2025-05-10,M05,U013,,0.0,176.68,False,Akdeniz,6,2025-05-10,350,396.0
2025-05-11,M05,U013,,0.0,176.68,False,Akdeniz,6,2025-05-11,350,181.0
2025-05-12,M05,U013,,0.0,176.68,False,Akdeniz,6,2025-05-12,350,362.0
2025-05-13,M05,U013,,0.0,176.68,False,Akdeniz,6,2025-05-13,350,313.0
2025-05-14,M05,U013,,0.0,176.68,False,Akdeniz,6,2025-05-14,350,144.0
2025-05-15,M05,U013,,0.0,176.68,False,Akdeniz,6,2025-05-15,350,168.0
2025-05-16,M05,U013,,0.0,176.68,False,Akdeniz,6,2025-05-16,350,368.0
2025-05-17,M05,U013,,0.0,176.68,False,Akdeniz,6,2025-05-17,350,313.0
2025-05-18,M05,U013,,0.0,159.01,True,Akdeniz,6,2025-05-18,350,139.0
2025-05-19,M05,U013,,103.0,176.68,False,Akdeniz,6,2025-05-19,350,287.0
2025-05-20,M05,U013,,0.0,176.68,False,Akdeniz,6,2025-05-20,350,266.0
2025-05-07,M05,U014,32.0,0.0,115.91,False,Akdeniz,6,2025-05-07,528,283.0
2025-05-08,M05,U014,,0.0,115.91,False,Akdeniz,6,2025-05-08,528,297.0
2025-05-09,M05,U014,,0.0,115.91,False,Akdeniz,6,2025-05-09,528,178.0
2025-05-10,M05,U014,,0.0,115.91,False,Akdeniz,6,2025-05-10,528,379.0
2025-05-11,M05,U014,,46.0,115.91,False,Akdeniz,6,2025-05-12,528,431.0
2025-05-12,M05,U014,,0.0,115.91,False,Akdeniz,6,2025-05-12,528,286.0
2025-05-13,M05,U014,,0.0,115.91,False,Akdeniz,6,2025-05-13,528,424.0
2025-05-14,M05,U014,,0.0,115.91,False,Akdeniz,6,2025-05-14,528,235.0
2025-05-15,M05,U014,,0.0,115.91,False,Akdeniz,6,2025-05-15,528,230.0
2025-05-16,M05,U014,,44.0,115.91,False,Akdeniz,6,2025-05-16,528,182.0
2025-05-17,M05,U014,,0.0,115.91,False,Akdeniz,6,2025-05-17,528,276.0
2025-05-18,M05,U014,,0.0,115.91,False,Akdeniz,6,2025-05-18,528,277.0
2025-05-19,M05,U014,,0.0,115.91,False,Akdeniz,6,2025-05-19,528,253.0
2025-05-20,M05,U014,,0.0,115.91,False,Akdeniz,6,2025-05-20,528,405.0
2025-05-07,M05,U015,2.0,0.0,54.99,False,Akdeniz,10,2025-05-07,175,337.0
2025-05-08,M05,U015,,0.0,54.99,False,Akdeniz,10,2025-05-08,175,255.0
2025-05-09,M05,U015,,0.0,54.99,False,Akdeniz,10,2025-05-09,175,190.0
2025-05-10,M05,U015,,0.0,54.99,False,Akdeniz,10,2025-05-10,175,198.0
2025-05-11,M05,U015,,0.0,54.99,False,Akdeniz,10,2025-05-11,175,301.0
2025-05-12,M05,U015,,0.0,54.99,False,Akdeniz,10,2025-05-12,175,243.0
2025-05-13,M05,U015,,205.0,54.99,False,Akdeniz,10,2025-05-15,175,391.0
2025-05-14,M05,U015,,0.0,49.49,True,Akdeniz,10,2025-05-14,175,143.0
2025-05-15,M05,U015,,0.0,54.99,False,Akdeniz,10,2025-05-15,175,105.0
2025-05-16,M05,U015,,0.0,54.99,False,Akdeniz,10,2025-05-16,175,217.0
2025-05-17,M05,U015,,0.0,54.99,False,Akdeniz,10,2025-05-17,175,146.0
2025-05-18,M05,U015,,0.0,54.99,False,Akdeniz,10,2025-05-18,175,328.0
2025-05-19,M05,U015,,233.0,54.99,False,Akdeniz,10,2025-05-21,175,393.0
2025-05-20,M05,U015,,0.0,54.99,False,Akdeniz,10,2025-05-20,175,233.0
2025-05-07,M05,U016,223.0,0.0,170.13,False,Akdeniz,5,2025-05-07,205,331.0
2025-05-08,M05,U016,,0.0,170.13,False,Akdeniz,5,2025-05-08,205,577.0
2025-05-09,M05,U016,,0.0,170.13,False,Akdeniz,5,2025-05-09,205,528.0
2025-05-10,M05,U016,,0.0,170.13,False,Akdeniz,5,2025-05-10,205,461.0
2025-05-11,M05,U016,,0.0,170.13,False,Akdeniz,5,2025-05-11,205,448.0
2025-05-12,M05,U016,,0.0,170.13,False,Akdeniz,5,2025-05-12,205,449.0
2025-05-13,M05,U016,,0.0,170.13,False,Akdeniz,5,2025-05-13,205,576.0
2025-05-14,M05,U016,,0.0,170.13,False,Akdeniz,5,2025-05-14,205,605.0
2025-05-15,M05,U016,,0.0,136.1,True,Akdeniz,5,2025-05-15,205,508.0
2025-05-16,M05,U016,,235.0,144.61,True,Akdeniz,5,2025-05-17,205,503.0
2025-05-17,M05,U016,,0.0,170.13,False,Akdeniz,5,2025-05-17,205,376.0
2025-05-18,M05,U016,,0.0,170.13,False,Akdeniz,5,2025-05-18,205,544.0
2025-05-19,M05,U016,,0.0,170.13,False,Akdeniz,5,2025-05-19,205,597.0
2025-05-20,M05,U016,,0.0,136.1,True,Akdeniz,5,2025-05-20,205,581.0
2025-05-07,M05,U017,119.0,0.0,88.44,False,Akdeniz,3,2025-05-07,619,510.0
2025-05-08,M05,U017,,0.0,88.44,False,Akdeniz,3,2025-05-08,619,286.0
2025-05-09,M05,U017,,0.0,88.44,False,Akdeniz,3,2025-05-09,619,494.0
2025-05-10,M05,U017,,0.0,88.44,False,Akdeniz,3,2025-05-10,619,258.0
2025-05-11,M05,U017,,0.0,88.44,False,Akdeniz,3,2025-05-11,619,492.0
2025-05-12,M05,U017,,0.0,88.44,False,Akdeniz,3,2025-05-12,619,311.0
2025-05-13,M05,U017,,0.0,88.44,False,Akdeniz,3,2025-05-13,619,366.0
2025-05-14,M05,U017,,0.0,88.44,False,Akdeniz,3,2025-05-14,619,435.0
2025-05-15,M05,U017,,0.0,88.44,False,Akdeniz,3,2025-05-15,619,242.0
2025-05-16,M05,U017,,143.0,75.17,True,Akdeniz,3,2025-05-18,619,328.0
2025-05-17,M05,U017,,0.0,88.44,False,Akdeniz,3,2025-05-17,619,420.0
2025-05-18,M05,U017,,0.0,88.44,False,Akdeniz,3,2025-05-18,619,518.0
2025-05-19,M05,U017,,0.0,88.44,False,Akdeniz,3,2025-05-19,619,266.0
2025-05-20,M05,U017,,0.0,88.44,False,Akdeniz,3,2025-05-20,619,348.0
2025-05-07,M05,U018,87.0,0.0,116.46,False,Akdeniz,3,2025-05-07,424,329.0
2025-05-08,M05,U018,,0.0,116.46,False,Akdeniz,3,2025-05-08,424,428.0
2025-05-09,M05,U018,,0.0,116.46,False,Akdeniz,3,2025-05-09,424,412.0
2025-05-10,M05,U018,,0.0,98.99,True,Akdeniz,3,2025-05-10,424,378.0
2025-05-11,M05,U018,,98.0,116.46,False,Akdeniz,3,2025-05-13,424,354.0
2025-05-12,M05,U018,,0.0,116.46,False,Akdeniz,3,2025-05-12,424,438.0
2025-05-13,M05,U018,,0.0,116.46,False,Akdeniz,3,2025-05-13,424,320.0
2025-05-14,M05,U018,,0.0,116.46,False,Akdeniz,3,2025-05-14,424,254.0
2025-05-15,M05,U018,,0.0,116.46,False,Akdeniz,3,2025-05-15,424,475.0
2025-05-16,M05,U018,,83.0,116.46,False,Akdeniz,3,2025-05-17,424,309.0
2025-05-17,M05,U018,,0.0,116.46,False,Akdeniz,3,2025-05-17,424,300.0
2025-05-18,M05,U018,,0.0,116.46,False,Akdeniz,3,2025-05-18,424,193.0
2025-05-19,M05,U018,,0.0,116.46,False,Akdeniz,3,2025-05-19,424,198.0
2025-05-20,M05,U018,,0.0,116.46,False,Akdeniz,3,2025-05-20,424,197.0
2025-05-07,M06,U001,129.0,0.0,175.82,False,Karadeniz,3,2025-05-07,168,305.0
2025-05-08,M06,U001,,0.0,175.82,False,Karadeniz,3,2025-05-08,168,394.0
2025-05-09,M06,U001,,102.0,175.82,False,Karadeniz,3,2025-05-09,168,294.0
2025-05-10,M06,U001,,0.0,175.82,False,Karadeniz,3,2025-05-10,168,417.0
2025-05-11,M06,U001,,0.0,175.82,False,Karadeniz,3,2025-05-11,168,329.0
2025-05-12,M06,U001,,0.0,175.82,False,Karadeniz,3,2025-05-12,168,468.0
2025-05-13,M06,U001,,110.0,175.82,False,Karadeniz,3,2025-05-15,168,449.0
2025-05-14,M06,U001,,0.0,175.82,False,Karadeniz,3,2025-05-14,168,246.0
2025-05-15,M06,U001,,0.0,175.82,False,Karadeniz,3,2025-05-15,168,247.0
2025-05-16,M06,U001,,0.0,175.82,False,Karadeniz,3,2025-05-16,168,471.0
2025-05-17,M06,U001,,130.0,175.82,False,Karadeniz,3,2025-05-18,168,520.0
2025-05-18,M06,U001,,0.0,175.82,False,Karadeniz,3,2025-05-18,168,342.0
2025-05-19,M06,U001,,0.0,175.82,False,Karadeniz,3,2025-05-19,168,359.0
2025-05-20,M06,U001,,0.0,140.66,True,Karadeniz,3,2025-05-20,168,519.0
2025-05-07,M06,U002,170.0,0.0,192.33,False,Karadeniz,4,2025-05-07,861,285.0
2025-05-08,M06,U002,,0.0,192.33,False,Karadeniz,4,2025-05-08,861,314.0
2025-05-09,M06,U002,,0.0,192.33,False,Karadeniz,4,2025-05-09,861,382.0
2025-05-10,M06,U002,,0.0,192.33,False,Karadeniz,4,2025-05-10,861,527.0
2025-05-11,M06,U002,,193.0,192.33,False,Karadeniz,4,2025-05-13,861,425.0
2025-05-12,M06,U002,,0.0,192.33,False,Karadeniz,4,2025-05-12,861,313.0
2025-05-13,M06,U002,,0.0,192.33,False,Karadeniz,4,2025-05-13,861,541.0
2025-05-14,M06,U002,,0.0,192.33,False,Karadeniz,4,2025-05-14,861,518.0
2025-05-15,M06,U002,,0.0,192.33,False,Karadeniz,4,2025-05-15,861,343.0
2025-05-16,M06,U002,,180.0,192.33,False,Karadeniz,4,2025-05-18,861,493.0
2025-05-17,M06,U002,,0.0,192.33,False,Karadeniz,4,2025-05-17,861,311.0
2025-05-18,M06,U002,,0.0,192.33,False,Karadeniz,4,2025-05-18,861,368.0
2025-05-19,M06,U002,,0.0,192.33,False,Karadeniz,4,2025-05-19,861,354.0
2025-05-20,M06,U002,,0.0,192.33,False,Karadeniz,4,2025-05-20,861,330.0
2025-05-07,M06,U003,0.0,257.0,43.26,False,Karadeniz,3,2025-05-09,777,245.0
2025-05-08,M06,U003,,0.0,43.26,False,Karadeniz,3,2025-05-08,777,319.0
2025-05-09,M06,U003,,0.0,43.26,False,Karadeniz,3,2025-05-09,777,145.0
2025-05-10,M06,U003,,0.0,43.26,False,Karadeniz,3,2025-05-10,777,378.0
2025-05-11,M06,U003,,0.0,43.26,False,Karadeniz,3,2025-05-11,777,259.0
2025-05-12,M06,U003,,0.0,43.26,False,Karadeniz,3,2025-05-12,777,219.0
2025-05-13,M06,U003,,0.0,43.26,False,Karadeniz,3,2025-05-13,777,352.0
2025-05-14,M06,U003,,241.0,38.93,True,Karadeniz,3,2025-05-14,777,232.0
2025-05-15,M06,U003,,0.0,38.93,True,Karadeniz,3,2025-05-15,777,118.0
2025-05-16,M06,U003,,0.0,34.61,True,Karadeniz,3,2025-05-16,777,223.0
2025-05-17,M06,U003,,0.0,43.26,False,Karadeniz,3,2025-05-17,777,123.0
2025-05-18,M06,U003,,0.0,43.26,False,Karadeniz,3,2025-05-18,777,326.0
2025-05-19,M06,U003,,0.0,43.26,False,Karadeniz,3,2025-05-19,777,136.0
2025-05-20,M06,U003,,0.0,43.26,False,Karadeniz,3,2025-05-20,777,136.0
2025-05-07,M06,U004,246.0,0.0,173.32,False,Karadeniz,4,2025-05-07,602,636.0
2025-05-08,M06,U004,,0.0,173.32,False,Karadeniz,4,2025-05-08,602,354.0
2025-05-09,M06,U004,,0.0,173.32,False,Karadeniz,4,2025-05-09,602,600.0
2025-05-10,M06,U004,,0.0,173.32,False,Karadeniz,4,2025-05-10,602,478.0
2025-05-11,M06,U004,,222.0,147.32,True,Karadeniz,4,2025-05-11,602,416.0
2025-05-12,M06,U004,,0.0,173.32,False,Karadeniz,4,2025-05-12,602,536.0
2025-05-13,M06,U004,,0.0,173.32,False,Karadeniz,4,2025-05-13,602,540.0
2025-05-14,M06,U004,,0.0,173.32,False,Karadeniz,4,2025-05-14,602,399.0
2025-05-15,M06,U004,,0.0,173.32,False,Karadeniz,4,2025-05-15,602,353.0
2025-05-16,M06,U004,,251.0,173.32,False,Karadeniz,4,2025-05-17,602,625.0
2025-05-17,M06,U004,,0.0,173.32,False,Karadeniz,4,2025-05-17,602,551.0
2025-05-18,M06,U004,,0.0,173.32,False,Karadeniz,4,2025-05-18,602,501.0
2025-05-19,M06,U004,,0.0,173.32,False,Karadeniz,4,2025-05-19,602,585.0
2025-05-20,M06,U004,,0.0,173.32,False,Karadeniz,4,2025-05-20,602,358.0
2025-05-07,M06,U005,0.0,122.0,49.88,False,Karadeniz,9,2025-05-07,667,272.0
2025-05-08,M06,U005,,0.0,49.88,False,Karadeniz,9,2025-05-08,667,211.0
2025-05-09,M06,U005,,0.0,49.88,False,Karadeniz,9,2025-05-09,667,323.0
2025-05-10,M06,U005,,0.0,49.88,False,Karadeniz,9,2025-05-10,667,197.0
2025-05-11,M06,U005,,0.0,49.88,False,Karadeniz,9,2025-05-11,667,145.0
2025-05-12,M06,U005,,0.0,49.88,False,Karadeniz,9,2025-05-12,667,360.0
2025-05-13,M06,U005,,0.0,49.88,False,Karadeniz,9,2025-05-13,667,371.0
2025-05-14,M06,U005,,122.0,49.88,False,Karadeniz,9,2025-05-14,667,108.0
2025-05-15,M06,U005,,0.0,49.88,False,Karadeniz,9,2025-05-15,667,259.0
2025-05-16,M06,U005,,0.0,49.88,False,Karadeniz,9,2025-05-16,667,152.0
2025-05-17,M06,U005,,0.0,49.88,False,Karadeniz,9,2025-05-17,667,359.0
2025-05-18,M06,U005,,0.0,49.88,False,Karadeniz,9,2025-05-18,667,364.0
2025-05-19,M06,U005,,0.0,49.88,False,Karadeniz,9,2025-05-19,667,322.0
2025-05-20,M06,U005,,0.0,42.4,True,Karadeniz,9,2025-05-20,667,227.0
2025-05-07,M06,U006,3.0,297.0,97.21,False,Karadeniz,6,2025-05-08,575,253.0
2025-05-08,M06,U006,,0.0,97.21,False,Karadeniz,6,2025-05-08,575,200.0
2025-05-09,M06,U006,,0.0,97.21,False,Karadeniz,6,2025-05-09,575,376.0
2025-05-10,M06,U006,,0.0,97.21,False,Karadeniz,6,2025-05-10,575,287.0
2025-05-11,M06,U006,,0.0,97.21,False,Karadeniz,6,2025-05-11,575,216.0
2025-05-12,M06,U006,,0.0,97.21,False,Karadeniz,6,2025-05-12,575,135.0
2025-05-13,M06,U006,,316.0,97.21,False,Karadeniz,6,2025-05-13,575,162.0
2025-05-14,M06,U006,,0.0,97.21,False,Karadeniz,6,2025-05-14,575,293.0
2025-05-15,M06,U006,,0.0,97.21,False,Karadeniz,6,2025-05-15,575,113.0
2025-05-16,M06,U006,,0.0,97.21,False,Karadeniz,6,2025-05-16,575,390.0
2025-05-17,M06,U006,,0.0,97.21,False,Karadeniz,6,2025-05-17,575,330.0
2025-05-18,M06,U006,,0.0,97.21,False,Karadeniz,6,2025-05-18,575,379.0
2025-05-19,M06,U006,,284.0,97.21,False,Karadeniz,6,2025-05-19,575,106.0
2025-05-20,M06,U006,,0.0,97.21,False,Karadeniz,6,2025-05-20,575,324.0
2025-05-07,M06,U007,77.0,0.0,150.45,False,Karadeniz,2,2025-05-07,159,392.0
2025-05-08,M06,U007,,0.0,150.45,False,Karadeniz,2,2025-05-08,159,239.0
2025-05-09,M06,U007,,181.0,150.45,False,Karadeniz,2,2025-05-09,159,407.0
2025-05-10,M06,U007,,0.0,150.45,False,Karadeniz,2,2025-05-10,159,389.0
2025-05-11,M06,U007,,0.0,150.45,False,Karadeniz,2,2025-05-11,159,438.0
2025-05-12,M06,U007,,0.0,150.45,False,Karadeniz,2,2025-05-12,159,427.0
2025-05-13,M06,U007,,187.0,150.45,False,Karadeniz,2,2025-05-13,159,275.0
2025-05-14,M06,U007,,0.0,150.45,False,Karadeniz,2,2025-05-14,159,389.0
2025-05-15,M06,U007,,0.0,150.45,False,Karadeniz,2,2025-05-15,159,186.0
2025-05-16,M06,U007,,0.0,150.45,False,Karadeniz,2,2025-05-16,159,251.0
2025-05-17,M06,U007,,183.0,150.45,False,Karadeniz,2,2025-05-18,159,476.0
2025-05-18,M06,U007,,0.0,150.45,False,Karadeniz,2,2025-05-18,159,438.0
2025-05-19,M06,U007,,0.0,150.45,False,Karadeniz,2,2025-05-19,159,409.0
2025-05-20,M06,U007,,0.0,150.45,False,Karadeniz,2,2025-05-20,159,371.0
2025-05-07,M06,U008,0.0,0.0,111.37,False,Karadeniz,5,2025-05-07,589,242.0
2025-05-08,M06,U008,,0.0,111.37,False,Karadeniz,5,2025-05-08,589,113.0
2025-05-09,M06,U008,,0.0,111.37,False,Karadeniz,5,2025-05-09,589,249.0
2025-05-10,M06,U008,,0.0,111.37,False,Karadeniz,5,2025-05-10,589,252.0
2025-05-11,M06,U008,,0.0,111.37,False,Karadeniz,5,2025-05-11,589,313.0
2025-05-12,M06,U008,,0.0,111.37,False,Karadeniz,5,2025-05-12,589,149.0
2025-05-13,M06,U008,,0.0,111.37,False,Karadeniz,5,2025-05-13,589,306.0
2025-05-14,M06,U008,,85.0,111.37,False,Karadeniz,5,2025-05-14,589,269.0
2025-05-15,M06,U008,,0.0,111.37,False,Karadeniz,5,2025-05-15,589,180.0
2025-05-16,M06,U008,,0.0,111.37,False,Karadeniz,5,2025-05-16,589,219.0
2025-05-17,M06,U008,,0.0,111.37,False,Karadeniz,5,2025-05-17,589,338.0
2025-05-18,M06,U008,,0.0,111.37,False,Karadeniz,5,2025-05-18,589,329.0
2025-05-19,M06,U008,,0.0,111.37,False,Karadeniz,5,2025-05-19,589,309.0
2025-05-20,M06,U008,,0.0,111.37,False,Karadeniz,5,2025-05-20,589,253.0
2025-05-07,M06,U009,42.0,0.0,133.04,False,Karadeniz,4,2025-05-07,594,149.0
2025-05-08,M06,U009,,0.0,133.04,False,Karadeniz,4,2025-05-08,594,320.0
2025-05-09,M06,U009,,64.0,133.04,False,Karadeniz,4,2025-05-11,594,221.0
2025-05-10,M06,U009,,0.0,133.04,False,Karadeniz,4,2025-05-10,594,263.0
2025-05-11,M06,U009,,0.0,133.04,False,Karadeniz,4,2025-05-11,594,151.0
2025-05-12,M06,U009,,0.0,133.04,False,Karadeniz,4,2025-05-12,594,177.0
2025-05-13,M06,U009,,47.0,133.04,False,Karadeniz,4,2025-05-15,594,285.0
2025-05-14,M06,U009,,0.0,133.04,False,Karadeniz,4,2025-05-14,594,193.0
2025-05-15,M06,U009,,0.0,133.04,False,Karadeniz,4,2025-05-15,594,348.0
2025-05-16,M06,U009,,0.0,133.04,False,Karadeniz,4,2025-05-16,594,195.0
2025-05-17,M06,U009,,61.0,133.04,False,Karadeniz,4,2025-05-19,594,189.0
2025-05-18,M06,U009,,0.0,133.04,False,Karadeniz,4,2025-05-18,594,288.0
2025-05-19,M06,U009,,0.0,133.04,False,Karadeniz,4,2025-05-19,594,296.0
2025-05-20,M06,U009,,0.0,106.43,True,Karadeniz,4,2025-05-20,594,411.0
2025-05-07,M06,U010,95.0,0.0,186.29,False,Karadeniz,7,2025-05-07,492,386.0
2025-05-08,M06,U010,,0.0,186.29,False,Karadeniz,7,2025-05-08,492,482.0
2025-05-09,M06,U010,,148.0,186.29,False,Karadeniz,7,2025-05-09,492,247.0
2025-05-10,M06,U010,,0.0,186.29,False,Karadeniz,7,2025-05-10,492,234.0
2025-05-11,M06,U010,,0.0,186.29,False,Karadeniz,7,2025-05-11,492,465.0
2025-05-12,M06,U010,,0.0,186.29,False,Karadeniz,7,2025-05-12,492,374.0
2025-05-13,M06,U010,,149.0,186.29,False,Karadeniz,7,2025-05-14,492,419.0
2025-05-14,M06,U010,,0.0,186.29,False,Karadeniz,7,2025-05-14,492,385.0
2025-05-15,M06,U010,,0.0,186.29,False,Karadeniz,7,2025-05-15,492,427.0
2025-05-16,M06,U010,,0.0,186.29,False,Karadeniz,7,2025-05-16,492,355.0
2025-05-17,M06,U010,,172.0,186.29,False,Karadeniz,7,2025-05-18,492,365.0
2025-05-18,M06,U010,,0.0,186.29,False,Karadeniz,7,2025-05-18,492,269.0
2025-05-19,M06,U010,,0.0,186.29,False,Karadeniz,7,2025-05-19,492,209.0
2025-05-20,M06,U010,,0.0,186.29,False,Karadeniz,7,2025-05-20,492,416.0
2025-05-07,M06,U011,97.0,0.0,172.73,False,Karadeniz,9,2025-05-07,753,488.0
2025-05-08,M06,U011,,0.0,138.18,True,Karadeniz,9,2025-05-08,753,484.0
2025-05-09,M06,U011,,0.0,172.73,False,Karadeniz,9,2025-05-09,753,263.0
2025-05-10,M06,U011,,0.0,172.73,False,Karadeniz,9,2025-05-10,753,319.0
2025-05-11,M06,U011,,138.0,172.73,False,Karadeniz,9,2025-05-12,753,319.0
2025-05-12,M06,U011,,0.0,172.73,False,Karadeniz,9,2025-05-12,753,309.0
2025-05-13,M06,U011,,0.0,138.18,True,Karadeniz,9,2025-05-13,753,413.0
2025-05-14,M06,U011,,0.0,155.46,True,Karadeniz,9,2025-05-14,753,396.0
2025-05-15,M06,U011,,0.0,172.73,False,Karadeniz,9,2025-05-15,753,419.0
2025-05-16,M06,U011,,145.0,172.73,False,Karadeniz,9,2025-05-16,753,225.0
2025-05-17,M06,U011,,0.0,172.73,False,Karadeniz,9,2025-05-17,753,495.0
2025-05-18,M06,U011,,0.0,172.73,False,Karadeniz,9,2025-05-18,753,258.0
2025-05-19,M06,U011,,0.0,172.73,False,Karadeniz,9,2025-05-19,753,435.0
2025-05-20,M06,U011,,0.0,172.73,False,Karadeniz,9,2025-05-20,753,481.0
2025-05-07,M06,U012,0.0,0.0,214.19,False,Karadeniz,2,2025-05-07,601,351.0
2025-05-08,M06,U012,,0.0,214.19,False,Karadeniz,2,2025-05-08,601,362.0
2025-05-09,M06,U012,,0.0,214.19,False,Karadeniz,2,2025-05-09,601,112.0
2025-05-10,M06,U012,,0.0,214.19,False,Karadeniz,2,2025-05-10,601,284.0
2025-05-11,M06,U012,,0.0,214.19,False,Karadeniz,2,2025-05-11,601,207.0
2025-05-12,M06,U012,,0.0,214.19,False,Karadeniz,2,2025-05-12,601,109.0
2025-05-13,M06,U012,,293.0,214.19,False,Karadeniz,2,2025-05-14,601,150.0
2025-05-14,M06,U012,,0.0,214.19,False,Karadeniz,2,2025-05-14,601,198.0
2025-05-15,M06,U012,,0.0,171.35,True,Karadeniz,2,2025-05-15,601,171.0
2025-05-16,M06,U012,,0.0,214.19,False,Karadeniz,2,2025-05-16,601,142.0
2025-05-17,M06,U012,,0.0,214.19,False,Karadeniz,2,2025-05-17,601,202.0
2025-05-18,M06,U012,,0.0,214.19,False,Karadeniz,2,2025-05-18,601,289.0
2025-05-19,M06,U012,,316.0,214.19,False,Karadeniz,2,2025-05-20,601,231.0
2025-05-20,M06,U012,,0.0,214.19,False,Karadeniz,2,2025-05-20,601,375.0
2025-05-07,M06,U013,68.0,0.0,176.68,False,Karadeniz,6,2025-05-07,350,277.0
2025-05-08,M06,U013,,0.0,176.68,False,Karadeniz,6,2025-05-08,350,407.0
2025-05-09,M06,U013,,94.0,176.68,False,Karadeniz,6,2025-05-09,350,282.0
2025-05-10,M06,U013,,0.0,150.18,True,Karadeniz,6,2025-05-10,350,350.0
2025-05-11,M06,U013,,0.0,176.68,False,Karadeniz,6,2025-05-11,350,198.0
2025-05-12,M06,U013,,0.0,176.68,False,Karadeniz,6,2025-05-12,350,357.0
2025-05-13,M06,U013,,107.0,141.34,True,Karadeniz,6,2025-05-15,350,204.0
2025-05-14,M06,U013,,0.0,176.68,False,Karadeniz,6,2025-05-14,350,425.0
2025-05-15,M06,U013,,0.0,176.68,False,Karadeniz,6,2025-05-15,350,234.0
2025-05-16,M06,U013,,0.0,176.68,False,Karadeniz,6,2025-05-16,350,276.0
2025-05-17,M06,U013,,78.0,176.68,False,Karadeniz,6,2025-05-18,350,413.0
2025-05-18,M06,U013,,0.0,176.68,False,Karadeniz,6,2025-05-18,350,257.0
2025-05-19,M06,U013,,0.0,176.68,False,Karadeniz,6,2025-05-19,350,347.0
2025-05-20,M06,U013,,0.0,176.68,False,Karadeniz,6,2025-05-20,350,364.0
2025-05-07,M06,U014,0.0,75.0,115.91,False,Karadeniz,6,2025-05-08,528,204.0
2025-05-08,M06,U014,,0.0,115.91,False,Karadeniz,6,2025-05-08,528,250.0
2025-05-09,M06,U014,,0.0,115.91,False,Karadeniz,6,2025-05-09,528,324.0
2025-05-10,M06,U014,,0.0,115.91,False,Karadeniz,6,2025-05-10,528,358.0
2025-05-11,M06,U014,,0.0,115.91,False,Karadeniz,6,2025-05-11,528,129.0
2025-05-12,M06,U014,,0.0,115.91,False,Karadeniz,6,2025-05-12,528,238.0
2025-05-13,M06,U014,,0.0,115.91,False,Karadeniz,6,2025-05-13,528,244.0
2025-05-14,M06,U014,,81.0,115.91,False,Karadeniz,6,2025-05-16,528,333.0
2025-05-15,M06,U014,,0.0,115.91,False,Karadeniz,6,2025-05-15,528,296.0
2025-05-16,M06,U014,,0.0,115.91,False,Karadeniz,6,2025-05-16,528,209.0
2025-05-17,M06,U014,,0.0,115.91,False,Karadeniz,6,2025-05-17,528,181.0
2025-05-18,M06,U014,,0.0,115.91,False,Karadeniz,6,2025-05-18,528,180.0
2025-05-19,M06,U014,,0.0,115.91,False,Karadeniz,6,2025-05-19,528,312.0
2025-05-20,M06,U014,,0.0,115.91,False,Karadeniz,6,2025-05-20,528,139.0
2025-05-07,M06,U015,132.0,0.0,54.99,False,Karadeniz,10,2025-05-07,175,464.0
2025-05-08,M06,U015,,0.0,54.99,False,Karadeniz,10,2025-05-08,175,276.0
2025-05-09,M06,U015,,0.0,49.49,True,Karadeniz,10,2025-05-09,175,490.0
2025-05-10,M06,U015,,0.0,54.99,False,Karadeniz,10,2025-05-10,175,382.0
2025-05-11,M06,U015,,0.0,54.99,False,Karadeniz,10,2025-05-11,175,293.0
2025-05-12,M06,U015,,0.0,54.99,False,Karadeniz,10,2025-05-12,175,357.0
2025-05-13,M06,U015,,0.0,54.99,False,Karadeniz,10,2025-05-13,175,301.0
2025-05-14,M06,U015,,0.0,54.99,False,Karadeniz,10,2025-05-14,175,290.0
2025-05-15,M06,U015,,0.0,54.99,False,Karadeniz,10,2025-05-15,175,284.0
2025-05-16,M06,U015,,153.0,54.99,False,Karadeniz,10,2025-05-16,175,454.0
2025-05-17,M06,U015,,0.0,54.99,False,Karadeniz,10,2025-05-17,175,498.0
2025-05-18,M06,U015,,0.0,54.99,False,Karadeniz,10,2025-05-18,175,517.0
2025-05-19,M06,U015,,0.0,54.99,False,Karadeniz,10,2025-05-19,175,235.0
2025-05-20,M06,U015,,0.0,54.99,False,Karadeniz,10,2025-05-20,175,335.0
2025-05-07,M06,U016,0.0,0.0,170.13,False,Karadeniz,5,2025-05-07,205,337.0
2025-05-08,M06,U016,,0.0,170.13,False,Karadeniz,5,2025-05-08,205,379.0
2025-05-09,M06,U016,,0.0,136.1,True,Karadeniz,5,2025-05-09,205,344.0
2025-05-10,M06,U016,,0.0,170.13,False,Karadeniz,5,2025-05-10,205,238.0
2025-05-11,M06,U016,,228.0,170.13,False,Karadeniz,5,2025-05-11,205,310.0
2025-05-12,M06,U016,,0.0,170.13,False,Karadeniz,5,2025-05-12,205,379.0
2025-05-13,M06,U016,,0.0,170.13,False,Karadeniz,5,2025-05-13,205,265.0
2025-05-14,M06,U016,,0.0,170.13,False,Karadeniz,5,2025-05-14,205,299.0
2025-05-15,M06,U016,,0.0,170.13,False,Karadeniz,5,2025-05-15,205,320.0
2025-05-16,M06,U016,,0.0,170.13,False,Karadeniz,5,2025-05-16,205,114.0
2025-05-17,M06,U016,,0.0,170.13,False,Karadeniz,5,2025-05-17,205,145.0
2025-05-18,M06,U016,,0.0,170.13,False,Karadeniz,5,2025-05-18,205,136.0
2025-05-19,M06,U016,,0.0,170.13,False,Karadeniz,5,2025-05-19,205,134.0
2025-05-20,M06,U016,,0.0,170.13,False,Karadeniz,5,2025-05-20,205,304.0
2025-05-07,M06,U017,0.0,155.0,75.17,True,Karadeniz,3,2025-05-08,619,307.0
2025-05-08,M06,U017,,0.0,88.44,False,Karadeniz,3,2025-05-08,619,162.0
2025-05-09,M06,U017,,0.0,88.44,False,Karadeniz,3,2025-05-09,619,267.0
2025-05-10,M06,U017,,0.0,88.44,False,Karadeniz,3,2025-05-10,619,374.0
2025-05-11,M06,U017,,0.0,88.44,False,Karadeniz,3,2025-05-11,619,214.0
2025-05-12,M06,U017,,0.0,88.44,False,Karadeniz,3,2025-05-12,619,292.0
2025-05-13,M06,U017,,135.0,88.44,False,Karadeniz,3,2025-05-13,619,247.0
2025-05-14,M06,U017,,0.0,88.44,False,Karadeniz,3,2025-05-14,619,265.0
2025-05-15,M06,U017,,0.0,88.44,False,Karadeniz,3,2025-05-15,619,326.0
2025-05-16,M06,U017,,0.0,88.44,False,Karadeniz,3,2025-05-16,619,392.0
2025-05-17,M06,U017,,0.0,88.44,False,Karadeniz,3,2025-05-17,619,369.0
2025-05-18,M06,U017,,0.0,88.44,False,Karadeniz,3,2025-05-18,619,271.0
2025-05-19,M06,U017,,155.0,88.44,False,Karadeniz,3,2025-05-20,619,307.0
2025-05-20,M06,U017,,0.0,88.44,False,Karadeniz,3,2025-05-20,619,342.0
2025-05-07,M06,U018,101.0,0.0,116.46,False,Karadeniz,3,2025-05-07,424,363.0
2025-05-08,M06,U018,,0.0,116.46,False,Karadeniz,3,2025-05-08,424,262.0
2025-05-09,M06,U018,,0.0,116.46,False,Karadeniz,3,2025-05-09,424,389.0
2025-05-10,M06,U018,,0.0,116.46,False,Karadeniz,3,2025-05-10,424,321.0
2025-05-11,M06,U018,,95.0,116.46,False,Karadeniz,3,2025-05-12,424,406.0
2025-05-12,M06,U018,,0.0,116.46,False,Karadeniz,3,2025-05-12,424,346.0
2025-05-13,M06,U018,,0.0,98.99,True,Karadeniz,3,2025-05-13,424,385.0
2025-05-14,M06,U018,,0.0,116.46,False,Karadeniz,3,2025-05-14,424,341.0
2025-05-15,M06,U018,,0.0,116.46,False,Karadeniz,3,2025-05-15,424,210.0
2025-05-16,M06,U018,,0.0,116.46,False,Karadeniz,3,2025-05-16,424,295.0
2025-05-17,M06,U018,,0.0,116.46,False,Karadeniz,3,2025-05-17,424,435.0
2025-05-18,M06,U018,,0.0,116.46,False,Karadeniz,3,2025-05-18,424,242.0
2025-05-19,M06,U018,,0.0,116.46,False,Karadeniz,3,2025-05-19,424,453.0
2025-05-20,M06,U018,,0.0,116.46,False,Karadeniz,3,2025-05-20,424,435.0
