Tarih,Magaza_ID,Urun_ID,Satis_Adedi,Stok_Miktari,Birim_Fiyat,Stokout_Flag,Ana_Kategori,Alt_Kategori,Marka_Grubu,Promosyon_Flag
2025-01-01,M01,U001,18,70,175.82,False,İçecek,Gazlı İçecek,Marka-A,False
2025-01-02,M01,U001,20,50,175.82,False,İçecek,Gazlı İçecek,Marka-A,False
2025-01-03,M01,U001,20,30,175.82,False,İçecek,Gazlı İçecek,Marka-A,False
2025-01-04,M01,U001,22,8,175.82,False,İçecek,Gazlı İçecek,Marka-A,False
2025-01-05,M01,U001,8,0,175.82,True,İçecek,Gazlı İçecek,Marka-A,False
2025-01-06,M01,U001,0,0,175.82,True,İçecek,Gazlı İçecek,Marka-A,False
2025-01-07,M01,U001,16,71,175.82,False,İçecek,Gazlı İçecek,Marka-A,False
2025-01-08,M01,U001,13,58,175.82,False,İçecek,Gazlı İçecek,Marka-A,False
2025-01-09,M01,U001,12,46,175.82,False,İçecek,Gazlı İçecek,Marka-A,False
2025-01-10,M01,U001,14,32,175.82,False,İçecek,Gazlı İçecek,Marka-A,False
2025-01-11,M01,U001,17,15,175.82,False,İçecek,Gazlı İçecek,Marka-A,False
2025-01-12,M01,U001,15,0,175.82,True,İçecek,Gazlı İçecek,Marka-A,False
2025-01-13,M01,U001,17,60,175.82,False,İçecek,Gazlı İçecek,Marka-A,False
2025-01-14,M01,U001,15,45,175.82,False,İçecek,Gazlı İçecek,Marka-A,False
2025-01-15,M01,U001,15,30,175.82,False,İçecek,Gazlı İçecek,Marka-A,False
2025-01-16,M01,U001,18,12,175.82,False,İçecek,Gazlı İçecek,Marka-A,False
2025-01-17,M01,U001,12,0,149.45,True,İçecek,Gazlı İçecek,Marka-A,True
2025-01-18,M01,U001,0,0,175.82,True,İçecek,Gazlı İçecek,Marka-A,False
2025-01-19,M01,U001,0,0,175.82,True,İçecek,Gazlı İçecek,Marka-A,False
2025-01-20,M01,U001,0,0,175.82,True,İçecek,Gazlı İçecek,Marka-A,False
2025-01-21,M01,U001,0,0,175.82,True,İçecek,Gazlı İçecek,Marka-A,False
2025-01-22,M01,U001,0,0,175.82,True,İçecek,Gazlı İçecek,Marka-A,False
2025-01-23,M01,U001,0,0,158.24,True,İçecek,Gazlı İçecek,Marka-A,True
2025-01-24,M01,U001,0,0,175.82,True,İçecek,Gazlı İçecek,Marka-A,False
2025-01-25,M01,U001,22,58,175.82,False,İçecek,Gazlı İçecek,Marka-A,False
2025-01-26,M01,U001,19,39,175.82,False,İçecek,Gazlı İçecek,Marka-A,False
2025-01-27,M01,U001,23,16,149.45,False,İçecek,Gazlı İçecek,Marka-A,True
2025-01-28,M01,U001,16,0,175.82,False,İçecek,Gazlı İçecek,Marka-A,False
2025-01-29,M01,U001,0,0,175.82,True,İçecek,Gazlı İçecek,Marka-A,False
2025-01-30,M01,U001,0,0,175.82,True,İçecek,Gazlı İçecek,Marka-A,False
2025-01-31,M01,U001,15,70,175.82,False,İçecek,Gazlı İçecek,Marka-A,False
2025-02-01,M01,U001,25,45,175.82,False,İçecek,Gazlı İçecek,Marka-A,False
2025-02-02,M01,U001,15,30,175.82,False,İçecek,Gazlı İçecek,Marka-A,False
2025-02-03,M01,U001,13,17,175.82,False,İçecek,Gazlı İçecek,Marka-A,False
2025-02-04,M01,U001,13,4,175.82,False,İçecek,Gazlı İçecek,Marka-A,False
2025-02-05,M01,U001,4,0,175.82,True,İçecek,Gazlı İçecek,Marka-A,False
2025-02-06,M01,U001,33,56,140.66,False,İçecek,Gazlı İçecek,Marka-A,True
2025-02-07,M01,U001,22,34,175.82,False,İçecek,Gazlı İçecek,Marka-A,False
2025-02-08,M01,U001,14,20,175.82,False,İçecek,Gazlı İçecek,Marka-A,False
2025-02-09,M01,U001,20,0,175.82,True,İçecek,Gazlı İçecek,Marka-A,False
2025-02-10,M01,U001,0,0,175.82,True,İçecek,Gazlı İçecek,Marka-A,False
2025-02-11,M01,U001,0,0,175.82,True,İçecek,Gazlı İçecek,Marka-A,False
2025-02-12,M01,U001,11,71,175.82,False,İçecek,Gazlı İçecek,Marka-A,False
2025-02-13,M01,U001,11,60,175.82,False,İçecek,Gazlı İçecek,Marka-A,False
2025-02-14,M01,U001,18,42,175.82,False,İçecek,Gazlı İçecek,Marka-A,False
2025-02-15,M01,U001,17,25,175.82,False,İçecek,Gazlı İçecek,Marka-A,False
2025-02-16,M01,U001,23,2,175.82,False,İçecek,Gazlı İçecek,Marka-A,False
2025-02-17,M01,U001,2,0,175.82,True,İçecek,Gazlı İçecek,Marka-A,False
2025-02-18,M01,U001,25,60,175.82,False,İçecek,Gazlı İçecek,Marka-A,False
2025-02-19,M01,U001,18,42,175.82,False,İçecek,Gazlı İçecek,Marka-A,False
2025-02-20,M01,U001,21,21,175.82,False,İçecek,Gazlı İçecek,Marka-A,False
2025-02-21,M01,U001,21,0,175.82,True,İçecek,Gazlı İçecek,Marka-A,False
2025-02-22,M01,U001,0,0,175.82,True,İçecek,Gazlı İçecek,Marka-A,False
2025-02-23,M01,U001,0,0,175.82,True,İçecek,Gazlı İçecek,Marka-A,False
2025-02-24,M01,U001,20,65,175.82,False,İçecek,Gazlı İçecek,Marka-A,False
2025-02-25,M01,U001,12,53,175.82,False,İçecek,Gazlı İçecek,Marka-A,False
2025-02-26,M01,U001,11,42,175.82,False,İçecek,Gazlı İçecek,Marka-A,False
2025-02-27,M01,U001,15,27,175.82,False,İçecek,Gazlı İçecek,Marka-A,False
2025-02-28,M01,U001,14,13,175.82,False,İçecek,Gazlı İçecek,Marka-A,False
2025-03-01,M01,U001,13,0,175.82,True,İçecek,Gazlı İçecek,Marka-A,False
2025-03-02,M01,U001,32,43,149.45,False,İçecek,Gazlı İçecek,Marka-A,True
2025-03-03,M01,U001,13,30,175.82,False,İçecek,Gazlı İçecek,Marka-A,False
2025-03-04,M01,U001,21,9,175.82,False,İçecek,Gazlı İçecek,Marka-A,False
2025-03-05,M01,U001,9,0,175.82,True,İçecek,Gazlı İçecek,Marka-A,False
2025-03-06,M01,U001,0,0,175.82,True,İçecek,Gazlı İçecek,Marka-A,False
2025-03-07,M01,U001,0,0,175.82,True,İçecek,Gazlı İçecek,Marka-A,False
2025-03-08,M01,U001,0,0,175.82,True,İçecek,Gazlı İçecek,Marka-A,False
2025-03-09,M01,U001,0,0,175.82,True,İçecek,Gazlı İçecek,Marka-A,False
2025-03-10,M01,U001,0,0,175.82,True,İçecek,Gazlı İçecek,Marka-A,False
2025-03-11,M01,U001,0,0,175.82,True,İçecek,Gazlı İçecek,Marka-A,False
2025-03-12,M01,U001,0,0,175.82,True,İçecek,Gazlı İçecek,Marka-A,False
2025-03-13,M01,U001,0,0,175.82,True,İçecek,Gazlı İçecek,Marka-A,False
2025-03-14,M01,U001,17,63,175.82,False,İçecek,Gazlı İçecek,Marka-A,False
2025-03-15,M01,U001,25,38,175.82,False,İçecek,Gazlı İçecek,Marka-A,False
2025-03-16,M01,U001,28,10,175.82,False,İçecek,Gazlı İçecek,Marka-A,False
2025-03-17,M01,U001,10,0,175.82,True,İçecek,Gazlı İçecek,Marka-A,False
2025-03-18,M01,U001,0,0,175.82,True,İçecek,Gazlı İçecek,Marka-A,False
2025-03-19,M01,U001,0,0,175.82,True,İçecek,Gazlı İçecek,Marka-A,False
2025-03-20,M01,U001,12,76,175.82,False,İçecek,Gazlı İçecek,Marka-A,False
2025-03-21,M01,U001,22,54,175.82,False,İçecek,Gazlı İçecek,Marka-A,False
2025-03-22,M01,U001,27,27,175.82,False,İçecek,Gazlı İçecek,Marka-A,False
2025-03-23,M01,U001,17,10,175.82,False,İçecek,Gazlı İçecek,Marka-A,False
2025-03-24,M01,U001,10,0,175.82,True,İçecek,Gazlı İçecek,Marka-A,False
2025-03-25,M01,U001,0,0,175.82,True,İçecek,Gazlı İçecek,Marka-A,False
2025-03-26,M01,U001,17,70,175.82,False,İçecek,Gazlı İçecek,Marka-A,False
2025-03-27,M01,U001,12,58,175.82,False,İçecek,Gazlı İçecek,Marka-A,False
2025-03-28,M01,U001,29,29,149.45,False,İçecek,Gazlı İçecek,Marka-A,True
2025-03-29,M01,U001,20,9,175.82,False,İçecek,Gazlı İçecek,Marka-A,False
2025-03-30,M01,U001,9,0,175.82,True,İçecek,Gazlı İçecek,Marka-A,False
2025-03-31,M01,U001,0,0,175.82,True,İçecek,Gazlı İçecek,Marka-A,False
2025-04-01,M01,U001,20,60,175.82,False,İçecek,Gazlı İçecek,Marka-A,False
2025-04-02,M01,U001,21,39,175.82,False,İçecek,Gazlı İçecek,Marka-A,False
2025-04-03,M01,U001,28,11,175.82,False,İçecek,Gazlı İçecek,Marka-A,False
2025-04-04,M01,U001,11,0,175.82,True,İçecek,Gazlı İçecek,Marka-A,False
2025-04-05,M01,U001,0,0,175.82,True,İçecek,Gazlı İçecek,Marka-A,False
2025-04-06,M01,U001,0,0,175.82,True,İçecek,Gazlı İçecek,Marka-A,False
2025-04-07,M01,U001,23,56,175.82,False,İçecek,Gazlı İçecek,Marka-A,False
2025-04-08,M01,U001,14,42,175.82,False,İçecek,Gazlı İçecek,Marka-A,False
2025-04-09,M01,U001,20,22,175.82,False,İçecek,Gazlı İçecek,Marka-A,False
2025-04-10,M01,U001,13,9,175.82,False,İçecek,Gazlı İçecek,Marka-A,False
2025-04-11,M01,U001,9,0,175.82,True,İçecek,Gazlı İçecek,Marka-A,False
2025-04-12,M01,U001,0,0,149.45,True,İçecek,Gazlı İçecek,Marka-A,True
2025-04-13,M01,U001,25,50,175.82,False,İçecek,Gazlı İçecek,Marka-A,False
2025-04-14,M01,U001,6,44,175.82,False,İçecek,Gazlı İçecek,Marka-A,False
2025-04-15,M01,U001,17,27,175.82,False,İçecek,Gazlı İçecek,Marka-A,False
2025-04-16,M01,U001,23,4,175.82,False,İçecek,Gazlı İçecek,Marka-A,False
2025-04-17,M01,U001,4,0,175.82,True,İçecek,Gazlı İçecek,Marka-A,False
2025-04-18,M01,U001,0,0,175.82,True,İçecek,Gazlı İçecek,Marka-A,False
2025-04-19,M01,U001,26,51,140.66,False,İçecek,Gazlı İçecek,Marka-A,True
2025-04-20,M01,U001,21,30,175.82,False,İçecek,Gazlı İçecek,Marka-A,False
2025-04-21,M01,U001,17,13,175.82,False,İçecek,Gazlı İçecek,Marka-A,False
2025-04-22,M01,U001,13,0,175.82,True,İçecek,Gazlı İçecek,Marka-A,False
2025-04-23,M01,U001,0,0,175.82,True,İçecek,Gazlı İçecek,Marka-A,False
2025-04-24,M01,U001,0,0,175.82,True,İçecek,Gazlı İçecek,Marka-A,False
2025-04-25,M01,U001,19,60,175.82,False,İçecek,Gazlı İçecek,Marka-A,False
2025-04-26,M01,U001,22,38,175.82,False,İçecek,Gazlı İçecek,Marka-A,False
2025-04-27,M01,U001,23,15,175.82,False,İçecek,Gazlı İçecek,Marka-A,False
2025-04-28,M01,U001,15,0,158.24,True,İçecek,Gazlı İçecek,Marka-A,True
2025-04-29,M01,U001,0,0,175.82,True,İçecek,Gazlı İçecek,Marka-A,False
2025-04-30,M01,U001,0,0,175.82,True,İçecek,Gazlı İçecek,Marka-A,False
2025-05-01,M01,U001,18,65,175.82,False,İçecek,Gazlı İçecek,Marka-A,False
2025-05-02,M01,U001,21,44,175.82,False,İçecek,Gazlı İçecek,Marka-A,False
2025-05-03,M01,U001,32,12,175.82,False,İçecek,Gazlı İçecek,Marka-A,False
2025-05-04,M01,U001,12,0,175.82,True,İçecek,Gazlı İçecek,Marka-A,False
2025-05-05,M01,U001,0,0,175.82,True,İçecek,Gazlı İçecek,Marka-A,False
2025-05-06,M01,U001,0,0,158.24,True,İçecek,Gazlı İçecek,Marka-A,True
2025-01-01,M01,U002,29,103,192.33,False,İçecek,Gazlı İçecek,Marka-B,False
2025-01-02,M01,U002,20,83,192.33,False,İçecek,Gazlı İçecek,Marka-B,False
2025-01-03,M01,U002,16,67,192.33,False,İçecek,Gazlı İçecek,Marka-B,False
2025-01-04,M01,U002,30,37,192.33,False,İçecek,Gazlı İçecek,Marka-B,False
2025-01-05,M01,U002,20,17,192.33,False,İçecek,Gazlı İçecek,Marka-B,False
2025-01-06,M01,U002,17,0,192.33,True,İçecek,Gazlı İçecek,Marka-B,False
2025-01-07,M01,U002,0,0,192.33,True,İçecek,Gazlı İçecek,Marka-B,False
2025-01-08,M01,U002,15,116,192.33,False,İçecek,Gazlı İçecek,Marka-B,False
2025-01-09,M01,U002,23,93,192.33,False,İçecek,Gazlı İçecek,Marka-B,False
2025-01-10,M01,U002,28,65,192.33,False,İçecek,Gazlı İçecek,Marka-B,False
2025-01-11,M01,U002,21,44,192.33,False,İçecek,Gazlı İçecek,Marka-B,False
2025-01-12,M01,U002,24,20,192.33,False,İçecek,Gazlı İçecek,Marka-B,False
2025-01-13,M01,U002,20,0,173.1,True,İçecek,Gazlı İçecek,Marka-B,True
2025-01-14,M01,U002,0,0,192.33,True,İçecek,Gazlı İçecek,Marka-B,False
2025-01-15,M01,U002,0,0,192.33,True,İçecek,Gazlı İçecek,Marka-B,False
2025-01-16,M01,U002,0,0,192.33,True,İçecek,Gazlı İçecek,Marka-B,False
2025-01-17,M01,U002,0,0,192.33,True,İçecek,Gazlı İçecek,Marka-B,False
2025-01-18,M01,U002,0,0,192.33,True,İçecek,Gazlı İçecek,Marka-B,False
2025-01-19,M01,U002,0,0,192.33,True,İçecek,Gazlı İçecek,Marka-B,False
2025-01-20,M01,U002,0,0,192.33,True,İçecek,Gazlı İçecek,Marka-B,False
2025-01-21,M01,U002,0,0,192.33,True,İçecek,Gazlı İçecek,Marka-B,False
2025-01-22,M01,U002,17,125,192.33,False,İçecek,Gazlı İçecek,Marka-B,False
2025-01-23,M01,U002,21,104,192.33,False,İçecek,Gazlı İçecek,Marka-B,False
2025-01-24,M01,U002,26,78,192.33,False,İçecek,Gazlı İçecek,Marka-B,False
2025-01-25,M01,U002,28,50,192.33,False,İçecek,Gazlı İçecek,Marka-B,False
2025-01-26,M01,U002,16,34,192.33,False,İçecek,Gazlı İçecek,Marka-B,False
2025-01-27,M01,U002,34,0,153.86,False,İçecek,Gazlı İçecek,Marka-B,True
2025-01-28,M01,U002,0,0,192.33,True,İçecek,Gazlı İçecek,Marka-B,False
2025-01-29,M01,U002,18,124,192.33,False,İçecek,Gazlı İçecek,Marka-B,False
2025-01-30,M01,U002,23,101,192.33,False,İçecek,Gazlı İçecek,Marka-B,False
2025-01-31,M01,U002,27,74,192.33,False,İçecek,Gazlı İçecek,Marka-B,False
2025-02-01,M01,U002,26,48,192.33,False,İçecek,Gazlı İçecek,Marka-B,False
2025-02-02,M01,U002,23,25,192.33,False,İçecek,Gazlı İçecek,Marka-B,False
2025-02-03,M01,U002,25,0,192.33,False,İçecek,Gazlı İçecek,Marka-B,False
2025-02-04,M01,U002,0,0,192.33,True,İçecek,Gazlı İçecek,Marka-B,False
2025-02-05,M01,U002,33,103,192.33,False,İçecek,Gazlı İçecek,Marka-B,False
2025-02-06,M01,U002,16,87,192.33,False,İçecek,Gazlı İçecek,Marka-B,False
2025-02-07,M01,U002,15,72,192.33,False,İçecek,Gazlı İçecek,Marka-B,False
2025-02-08,M01,U002,26,46,192.33,False,İçecek,Gazlı İçecek,Marka-B,False
2025-02-09,M01,U002,25,21,192.33,False,İçecek,Gazlı İçecek,Marka-B,False
2025-02-10,M01,U002,16,5,192.33,False,İçecek,Gazlı İçecek,Marka-B,False
2025-02-11,M01,U002,5,0,192.33,True,İçecek,Gazlı İçecek,Marka-B,False
2025-02-12,M01,U002,23,96,192.33,False,İçecek,Gazlı İçecek,Marka-B,False
2025-02-13,M01,U002,22,74,192.33,False,İçecek,Gazlı İçecek,Marka-B,False
2025-02-14,M01,U002,21,53,192.33,False,İçecek,Gazlı İçecek,Marka-B,False
2025-02-15,M01,U002,29,24,192.33,False,İçecek,Gazlı İçecek,Marka-B,False
2025-02-16,M01,U002,24,0,192.33,False,İçecek,Gazlı İçecek,Marka-B,False
2025-02-17,M01,U002,0,0,163.48,True,İçecek,Gazlı İçecek,Marka-B,True
2025-02-18,M01,U002,0,0,192.33,True,İçecek,Gazlı İçecek,Marka-B,False
2025-02-19,M01,U002,0,0,192.33,True,İçecek,Gazlı İçecek,Marka-B,False
2025-02-20,M01,U002,0,0,192.33,True,İçecek,Gazlı İçecek,Marka-B,False
2025-02-21,M01,U002,0,0,192.33,True,İçecek,Gazlı İçecek,Marka-B,False
2025-02-22,M01,U002,0,0,153.86,True,İçecek,Gazlı İçecek,Marka-B,True
2025-02-23,M01,U002,0,0,192.33,True,İçecek,Gazlı İçecek,Marka-B,False
2025-02-24,M01,U002,0,0,192.33,True,İçecek,Gazlı İçecek,Marka-B,False
2025-02-25,M01,U002,0,0,192.33,True,İçecek,Gazlı İçecek,Marka-B,False
2025-02-26,M01,U002,19,115,192.33,False,İçecek,Gazlı İçecek,Marka-B,False
2025-02-27,M01,U002,15,100,192.33,False,İçecek,Gazlı İçecek,Marka-B,False
2025-02-28,M01,U002,29,71,192.33,False,İçecek,Gazlı İçecek,Marka-B,False
2025-03-01,M01,U002,27,44,192.33,False,İçecek,Gazlı İçecek,Marka-B,False
2025-03-02,M01,U002,20,24,192.33,False,İçecek,Gazlı İçecek,Marka-B,False
2025-03-03,M01,U002,16,8,192.33,False,İçecek,Gazlı İçecek,Marka-B,False
2025-03-04,M01,U002,8,0,192.33,True,İçecek,Gazlı İçecek,Marka-B,False
2025-03-05,M01,U002,20,115,192.33,False,İçecek,Gazlı İçecek,Marka-B,False
2025-03-06,M01,U002,21,94,192.33,False,İçecek,Gazlı İçecek,Marka-B,False
2025-03-07,M01,U002,22,72,192.33,False,İçecek,Gazlı İçecek,Marka-B,False
2025-03-08,M01,U002,32,40,192.33,False,İçecek,Gazlı İçecek,Marka-B,False
2025-03-09,M01,U002,30,10,192.33,False,İçecek,Gazlı İçecek,Marka-B,False
2025-03-10,M01,U002,10,0,192.33,True,İçecek,Gazlı İçecek,Marka-B,False
2025-03-11,M01,U002,0,0,173.1,True,İçecek,Gazlı İçecek,Marka-B,True
2025-03-12,M01,U002,0,0,192.33,True,İçecek,Gazlı İçecek,Marka-B,False
2025-03-13,M01,U002,0,0,192.33,True,İçecek,Gazlı İçecek,Marka-B,False
2025-03-14,M01,U002,0,0,192.33,True,İçecek,Gazlı İçecek,Marka-B,False
2025-03-15,M01,U002,0,0,192.33,True,İçecek,Gazlı İçecek,Marka-B,False
2025-03-16,M01,U002,0,0,192.33,True,İçecek,Gazlı İçecek,Marka-B,False
2025-03-17,M01,U002,0,0,192.33,True,İçecek,Gazlı İçecek,Marka-B,False
2025-03-18,M01,U002,0,0,192.33,True,İçecek,Gazlı İçecek,Marka-B,False
2025-03-19,M01,U002,25,102,192.33,False,İçecek,Gazlı İçecek,Marka-B,False
2025-03-20,M01,U002,24,78,192.33,False,İçecek,Gazlı İçecek,Marka-B,False
2025-03-21,M01,U002,25,53,192.33,False,İçecek,Gazlı İçecek,Marka-B,False
2025-03-22,M01,U002,34,19,192.33,False,İçecek,Gazlı İçecek,Marka-B,False
2025-03-23,M01,U002,19,0,192.33,True,İçecek,Gazlı İçecek,Marka-B,False
2025-03-24,M01,U002,0,0,192.33,True,İçecek,Gazlı İçecek,Marka-B,False
2025-03-25,M01,U002,0,0,192.33,True,İçecek,Gazlı İçecek,Marka-B,False
2025-03-26,M01,U002,26,94,192.33,False,İçecek,Gazlı İçecek,Marka-B,False
2025-03-27,M01,U002,21,73,192.33,False,İçecek,Gazlı İçecek,Marka-B,False
2025-03-28,M01,U002,39,34,192.33,False,İçecek,Gazlı İçecek,Marka-B,False
2025-03-29,M01,U002,28,6,192.33,False,İçecek,Gazlı İçecek,Marka-B,False
2025-03-30,M01,U002,6,0,192.33,True,İçecek,Gazlı İçecek,Marka-B,False
2025-03-31,M01,U002,0,0,192.33,True,İçecek,Gazlı İçecek,Marka-B,False
2025-04-01,M01,U002,0,0,192.33,True,İçecek,Gazlı İçecek,Marka-B,False
2025-04-02,M01,U002,23,105,192.33,False,İçecek,Gazlı İçecek,Marka-B,False
2025-04-03,M01,U002,17,88,192.33,False,İçecek,Gazlı İçecek,Marka-B,False
2025-04-04,M01,U002,21,67,192.33,False,İçecek,Gazlı İçecek,Marka-B,False
2025-04-05,M01,U002,27,40,192.33,False,İçecek,Gazlı İçecek,Marka-B,False
2025-04-06,M01,U002,36,4,192.33,False,İçecek,Gazlı İçecek,Marka-B,False
2025-04-07,M01,U002,4,0,192.33,True,İçecek,Gazlı İçecek,Marka-B,False
2025-04-08,M01,U002,0,0,192.33,True,İçecek,Gazlı İçecek,Marka-B,False
2025-04-09,M01,U002,23,110,192.33,False,İçecek,Gazlı İçecek,Marka-B,False
2025-04-10,M01,U002,36,74,192.33,False,İçecek,Gazlı İçecek,Marka-B,False
2025-04-11,M01,U002,21,53,192.33,False,İçecek,Gazlı İçecek,Marka-B,False
2025-04-12,M01,U002,27,26,192.33,False,İçecek,Gazlı İçecek,Marka-B,False
2025-04-13,M01,U002,26,0,192.33,True,İçecek,Gazlı İçecek,Marka-B,False
2025-04-14,M01,U002,0,0,192.33,True,İçecek,Gazlı İçecek,Marka-B,False
2025-04-15,M01,U002,0,0,192.33,True,İçecek,Gazlı İçecek,Marka-B,False
2025-04-16,M01,U002,22,121,192.33,False,İçecek,Gazlı İçecek,Marka-B,False
2025-04-17,M01,U002,30,91,192.33,False,İçecek,Gazlı İçecek,Marka-B,False
2025-04-18,M01,U002,33,58,192.33,False,İçecek,Gazlı İçecek,Marka-B,False
2025-04-19,M01,U002,31,27,192.33,False,İçecek,Gazlı İçecek,Marka-B,False
2025-04-20,M01,U002,27,0,163.48,True,İçecek,Gazlı İçecek,Marka-B,True
2025-04-21,M01,U002,0,0,192.33,True,İçecek,Gazlı İçecek,Marka-B,False
2025-04-22,M01,U002,0,0,192.33,True,İçecek,Gazlı İçecek,Marka-B,False
2025-04-23,M01,U002,27,104,192.33,False,İçecek,Gazlı İçecek,Marka-B,False
2025-04-24,M01,U002,37,67,192.33,False,İçecek,Gazlı İçecek,Marka-B,False
2025-04-25,M01,U002,30,37,192.33,False,İçecek,Gazlı İçecek,Marka-B,False
2025-04-26,M01,U002,30,7,192.33,False,İçecek,Gazlı İçecek,Marka-B,False
2025-04-27,M01,U002,7,0,192.33,True,İçecek,Gazlı İçecek,Marka-B,False
2025-04-28,M01,U002,0,0,192.33,True,İçecek,Gazlı İçecek,Marka-B,False
2025-04-29,M01,U002,0,0,192.33,True,İçecek,Gazlı İçecek,Marka-B,False
2025-04-30,M01,U002,27,94,192.33,False,İçecek,Gazlı İçecek,Marka-B,False
2025-05-01,M01,U002,21,73,192.33,False,İçecek,Gazlı İçecek,Marka-B,False
2025-05-02,M01,U002,24,49,192.33,False,İçecek,Gazlı İçecek,Marka-B,False
2025-05-03,M01,U002,29,20,192.33,False,İçecek,Gazlı İçecek,Marka-B,False
2025-05-04,M01,U002,20,0,192.33,True,İçecek,Gazlı İçecek,Marka-B,False
2025-05-05,M01,U002,0,0,192.33,True,İçecek,Gazlı İçecek,Marka-B,False
2025-05-06,M01,U002,0,0,192.33,True,İçecek,Gazlı İçecek,Marka-B,False
2025-01-01,M01,U003,28,181,43.26,False,İçecek,Meyve Suyu,Marka-C,False
2025-01-02,M01,U003,28,153,43.26,False,İçecek,Meyve Suyu,Marka-C,False
2025-01-03,M01,U003,51,102,36.77,False,İçecek,Meyve Suyu,Marka-C,True
2025-01-04,M01,U003,42,60,43.26,False,İçecek,Meyve Suyu,Marka-C,False
2025-01-05,M01,U003,38,161,43.26,False,İçecek,Meyve Suyu,Marka-C,False
2025-01-06,M01,U003,17,144,43.26,False,İçecek,Meyve Suyu,Marka-C,False
2025-01-07,M01,U003,17,127,43.26,False,İçecek,Meyve Suyu,Marka-C,False
2025-01-08,M01,U003,49,78,34.61,False,İçecek,Meyve Suyu,Marka-C,True
2025-01-09,M01,U003,34,143,43.26,False,İçecek,Meyve Suyu,Marka-C,False
2025-01-10,M01,U003,22,121,43.26,False,İçecek,Meyve Suyu,Marka-C,False
2025-01-11,M01,U003,32,89,43.26,False,İçecek,Meyve Suyu,Marka-C,False
2025-01-12,M01,U003,37,52,43.26,False,İçecek,Meyve Suyu,Marka-C,False
2025-01-13,M01,U003,30,149,43.26,False,İçecek,Meyve Suyu,Marka-C,False
2025-01-14,M01,U003,34,115,36.77,False,İçecek,Meyve Suyu,Marka-C,True
2025-01-15,M01,U003,21,94,43.26,False,İçecek,Meyve Suyu,Marka-C,False
2025-01-16,M01,U003,27,67,43.26,False,İçecek,Meyve Suyu,Marka-C,False
2025-01-17,M01,U003,26,152,43.26,False,İçecek,Meyve Suyu,Marka-C,False
2025-01-18,M01,U003,41,111,43.26,False,İçecek,Meyve Suyu,Marka-C,False
2025-01-19,M01,U003,40,71,43.26,False,İçecek,Meyve Suyu,Marka-C,False
2025-01-20,M01,U003,42,29,36.77,False,İçecek,Meyve Suyu,Marka-C,True
2025-01-21,M01,U003,32,168,43.26,False,İçecek,Meyve Suyu,Marka-C,False
2025-01-22,M01,U003,24,144,43.26,False,İçecek,Meyve Suyu,Marka-C,False
2025-01-23,M01,U003,30,114,43.26,False,İçecek,Meyve Suyu,Marka-C,False
2025-01-24,M01,U003,60,54,34.61,False,İçecek,Meyve Suyu,Marka-C,True
2025-01-25,M01,U003,36,153,43.26,False,İçecek,Meyve Suyu,Marka-C,False
2025-01-26,M01,U003,54,99,36.77,False,İçecek,Meyve Suyu,Marka-C,True
2025-01-27,M01,U003,21,78,43.26,False,İçecek,Meyve Suyu,Marka-C,False
2025-01-28,M01,U003,26,52,43.26,False,İçecek,Meyve Suyu,Marka-C,False
2025-01-29,M01,U003,26,157,43.26,False,İçecek,Meyve Suyu,Marka-C,False
2025-01-30,M01,U003,25,132,43.26,False,İçecek,Meyve Suyu,Marka-C,False
2025-01-31,M01,U003,23,109,43.26,False,İçecek,Meyve Suyu,Marka-C,False
2025-02-01,M01,U003,39,70,43.26,False,İçecek,Meyve Suyu,Marka-C,False
2025-02-02,M01,U003,20,182,43.26,False,İçecek,Meyve Suyu,Marka-C,False
2025-02-03,M01,U003,38,144,43.26,False,İçecek,Meyve Suyu,Marka-C,False
2025-02-04,M01,U003,27,117,43.26,False,İçecek,Meyve Suyu,Marka-C,False
2025-02-05,M01,U003,27,90,43.26,False,İçecek,Meyve Suyu,Marka-C,False
2025-02-06,M01,U003,24,159,43.26,False,İçecek,Meyve Suyu,Marka-C,False
2025-02-07,M01,U003,34,125,43.26,False,İçecek,Meyve Suyu,Marka-C,False
2025-02-08,M01,U003,36,89,43.26,False,İçecek,Meyve Suyu,Marka-C,False
2025-02-09,M01,U003,45,44,43.26,False,İçecek,Meyve Suyu,Marka-C,False
2025-02-10,M01,U003,26,167,43.26,False,İçecek,Meyve Suyu,Marka-C,False
2025-02-11,M01,U003,25,142,43.26,False,İçecek,Meyve Suyu,Marka-C,False
2025-02-12,M01,U003,21,121,43.26,False,İçecek,Meyve Suyu,Marka-C,False
2025-02-13,M01,U003,28,93,43.26,False,İçecek,Meyve Suyu,Marka-C,False
2025-02-14,M01,U003,34,147,43.26,False,İçecek,Meyve Suyu,Marka-C,False
2025-02-15,M01,U003,75,72,34.61,False,İçecek,Meyve Suyu,Marka-C,True
2025-02-16,M01,U003,36,36,43.26,False,İçecek,Meyve Suyu,Marka-C,False
2025-02-17,M01,U003,36,0,38.93,True,İçecek,Meyve Suyu,Marka-C,True
2025-02-18,M01,U003,27,163,43.26,False,İçecek,Meyve Suyu,Marka-C,False
2025-02-19,M01,U003,27,136,43.26,False,İçecek,Meyve Suyu,Marka-C,False
2025-02-20,M01,U003,31,105,43.26,False,İçecek,Meyve Suyu,Marka-C,False
2025-02-21,M01,U003,38,67,43.26,False,İçecek,Meyve Suyu,Marka-C,False
2025-02-22,M01,U003,46,162,43.26,False,İçecek,Meyve Suyu,Marka-C,False
2025-02-23,M01,U003,43,119,43.26,False,İçecek,Meyve Suyu,Marka-C,False
2025-02-24,M01,U003,33,86,43.26,False,İçecek,Meyve Suyu,Marka-C,False
2025-02-25,M01,U003,27,59,43.26,False,İçecek,Meyve Suyu,Marka-C,False
2025-02-26,M01,U003,36,165,43.26,False,İçecek,Meyve Suyu,Marka-C,False
2025-02-27,M01,U003,38,127,43.26,False,İçecek,Meyve Suyu,Marka-C,False
2025-02-28,M01,U003,33,94,43.26,False,İçecek,Meyve Suyu,Marka-C,False
2025-03-01,M01,U003,42,52,43.26,False,İçecek,Meyve Suyu,Marka-C,False
2025-03-02,M01,U003,35,17,43.26,False,İçecek,Meyve Suyu,Marka-C,False
2025-03-03,M01,U003,17,0,43.26,True,İçecek,Meyve Suyu,Marka-C,False
2025-03-04,M01,U003,0,0,43.26,True,İçecek,Meyve Suyu,Marka-C,False
2025-03-05,M01,U003,0,0,43.26,True,İçecek,Meyve Suyu,Marka-C,False
2025-03-06,M01,U003,30,157,43.26,False,İçecek,Meyve Suyu,Marka-C,False
2025-03-07,M01,U003,30,127,43.26,False,İçecek,Meyve Suyu,Marka-C,False
2025-03-08,M01,U003,76,51,38.93,False,İçecek,Meyve Suyu,Marka-C,True
2025-03-09,M01,U003,24,27,43.26,False,İçecek,Meyve Suyu,Marka-C,False
2025-03-10,M01,U003,29,177,43.26,False,İçecek,Meyve Suyu,Marka-C,False
2025-03-11,M01,U003,26,151,43.26,False,İçecek,Meyve Suyu,Marka-C,False
2025-03-12,M01,U003,45,106,43.26,False,İçecek,Meyve Suyu,Marka-C,False
2025-03-13,M01,U003,35,71,43.26,False,İçecek,Meyve Suyu,Marka-C,False
2025-03-14,M01,U003,26,181,43.26,False,İçecek,Meyve Suyu,Marka-C,False
2025-03-15,M01,U003,40,141,43.26,False,İçecek,Meyve Suyu,Marka-C,False
2025-03-16,M01,U003,40,101,43.26,False,İçecek,Meyve Suyu,Marka-C,False
2025-03-17,M01,U003,26,75,43.26,False,İçecek,Meyve Suyu,Marka-C,False
2025-03-18,M01,U003,20,55,43.26,False,İçecek,Meyve Suyu,Marka-C,False
2025-03-19,M01,U003,41,14,43.26,False,İçecek,Meyve Suyu,Marka-C,False
2025-03-20,M01,U003,14,0,34.61,True,İçecek,Meyve Suyu,Marka-C,True
2025-03-21,M01,U003,0,0,43.26,True,İçecek,Meyve Suyu,Marka-C,False
2025-03-22,M01,U003,75,118,34.61,False,İçecek,Meyve Suyu,Marka-C,True
2025-03-23,M01,U003,30,88,43.26,False,İçecek,Meyve Suyu,Marka-C,False
2025-03-24,M01,U003,26,62,43.26,False,İçecek,Meyve Suyu,Marka-C,False
2025-03-25,M01,U003,28,34,43.26,False,İçecek,Meyve Suyu,Marka-C,False
2025-03-26,M01,U003,25,167,43.26,False,İçecek,Meyve Suyu,Marka-C,False
2025-03-27,M01,U003,35,132,43.26,False,İçecek,Meyve Suyu,Marka-C,False
2025-03-28,M01,U003,39,93,43.26,False,İçecek,Meyve Suyu,Marka-C,False
2025-03-29,M01,U003,34,59,43.26,False,İçecek,Meyve Suyu,Marka-C,False
2025-03-30,M01,U003,36,154,43.26,False,İçecek,Meyve Suyu,Marka-C,False
2025-03-31,M01,U003,18,136,43.26,False,İçecek,Meyve Suyu,Marka-C,False
2025-04-01,M01,U003,32,104,43.26,False,İçecek,Meyve Suyu,Marka-C,False
2025-04-02,M01,U003,31,73,43.26,False,İçecek,Meyve Suyu,Marka-C,False
2025-04-03,M01,U003,38,35,43.26,False,İçecek,Meyve Suyu,Marka-C,False
2025-04-04,M01,U003,34,1,43.26,False,İçecek,Meyve Suyu,Marka-C,False
2025-04-05,M01,U003,1,0,43.26,True,İçecek,Meyve Suyu,Marka-C,False
2025-04-06,M01,U003,0,0,43.26,True,İçecek,Meyve Suyu,Marka-C,False
2025-04-07,M01,U003,28,171,43.26,False,İçecek,Meyve Suyu,Marka-C,False
2025-04-08,M01,U003,23,148,43.26,False,İçecek,Meyve Suyu,Marka-C,False
2025-04-09,M01,U003,27,121,43.26,False,İçecek,Meyve Suyu,Marka-C,False
2025-04-10,M01,U003,26,95,43.26,False,İçecek,Meyve Suyu,Marka-C,False
2025-04-11,M01,U003,40,164,43.26,False,İçecek,Meyve Suyu,Marka-C,False
2025-04-12,M01,U003,38,126,43.26,False,İçecek,Meyve Suyu,Marka-C,False
2025-04-13,M01,U003,33,93,43.26,False,İçecek,Meyve Suyu,Marka-C,False
2025-04-14,M01,U003,30,63,43.26,False,İçecek,Meyve Suyu,Marka-C,False
2025-04-15,M01,U003,54,145,36.77,False,İçecek,Meyve Suyu,Marka-C,True
2025-04-16,M01,U003,27,118,43.26,False,İçecek,Meyve Suyu,Marka-C,False
2025-04-17,M01,U003,32,86,43.26,False,İçecek,Meyve Suyu,Marka-C,False
2025-04-18,M01,U003,40,46,43.26,False,İçecek,Meyve Suyu,Marka-C,False
2025-04-19,M01,U003,38,150,43.26,False,İçecek,Meyve Suyu,Marka-C,False
2025-04-20,M01,U003,38,112,43.26,False,İçecek,Meyve Suyu,Marka-C,False
2025-04-21,M01,U003,34,78,43.26,False,İçecek,Meyve Suyu,Marka-C,False
2025-04-22,M01,U003,47,31,36.77,False,İçecek,Meyve Suyu,Marka-C,True
2025-04-23,M01,U003,24,179,43.26,False,İçecek,Meyve Suyu,Marka-C,False
2025-04-24,M01,U003,30,149,43.26,False,İçecek,Meyve Suyu,Marka-C,False
2025-04-25,M01,U003,33,116,43.26,False,İçecek,Meyve Suyu,Marka-C,False
2025-04-26,M01,U003,35,81,43.26,False,İçecek,Meyve Suyu,Marka-C,False
2025-04-27,M01,U003,63,140,36.77,False,İçecek,Meyve Suyu,Marka-C,True
2025-04-28,M01,U003,35,105,43.26,False,İçecek,Meyve Suyu,Marka-C,False
2025-04-29,M01,U003,24,81,43.26,False,İçecek,Meyve Suyu,Marka-C,False
2025-04-30,M01,U003,28,53,43.26,False,İçecek,Meyve Suyu,Marka-C,False
2025-05-01,M01,U003,32,155,43.26,False,İçecek,Meyve Suyu,Marka-C,False
2025-05-02,M01,U003,41,114,43.26,False,İçecek,Meyve Suyu,Marka-C,False
2025-05-03,M01,U003,36,78,43.26,False,İçecek,Meyve Suyu,Marka-C,False
2025-05-04,M01,U003,32,46,43.26,False,İçecek,Meyve Suyu,Marka-C,False
2025-05-05,M01,U003,28,18,43.26,False,İçecek,Meyve Suyu,Marka-C,False
2025-05-06,M01,U003,18,0,43.26,True,İçecek,Meyve Suyu,Marka-C,False
2025-01-01,M01,U004,22,104,173.32,False,İçecek,Meyve Suyu,Marka-D,False
2025-01-02,M01,U004,20,84,173.32,False,İçecek,Meyve Suyu,Marka-D,False
2025-01-03,M01,U004,26,58,173.32,False,İçecek,Meyve Suyu,Marka-D,False
2025-01-04,M01,U004,28,30,173.32,False,İçecek,Meyve Suyu,Marka-D,False
2025-01-05,M01,U004,26,4,173.32,False,İçecek,Meyve Suyu,Marka-D,False
2025-01-06,M01,U004,19,102,173.32,False,İçecek,Meyve Suyu,Marka-D,False
2025-01-07,M01,U004,24,78,173.32,False,İçecek,Meyve Suyu,Marka-D,False
2025-01-08,M01,U004,27,51,173.32,False,İçecek,Meyve Suyu,Marka-D,False
2025-01-09,M01,U004,14,37,173.32,False,İçecek,Meyve Suyu,Marka-D,False
2025-01-10,M01,U004,37,0,173.32,False,İçecek,Meyve Suyu,Marka-D,False
2025-01-11,M01,U004,25,108,173.32,False,İçecek,Meyve Suyu,Marka-D,False
2025-01-12,M01,U004,24,84,173.32,False,İçecek,Meyve Suyu,Marka-D,False
2025-01-13,M01,U004,36,48,138.66,False,İçecek,Meyve Suyu,Marka-D,True
2025-01-14,M01,U004,22,26,173.32,False,İçecek,Meyve Suyu,Marka-D,False
2025-01-15,M01,U004,26,0,173.32,True,İçecek,Meyve Suyu,Marka-D,False
2025-01-16,M01,U004,22,114,173.32,False,İçecek,Meyve Suyu,Marka-D,False
2025-01-17,M01,U004,18,96,173.32,False,İçecek,Meyve Suyu,Marka-D,False
2025-01-18,M01,U004,35,61,138.66,False,İçecek,Meyve Suyu,Marka-D,True
2025-01-19,M01,U004,29,32,173.32,False,İçecek,Meyve Suyu,Marka-D,False
2025-01-20,M01,U004,28,4,173.32,False,İçecek,Meyve Suyu,Marka-D,False
2025-01-21,M01,U004,20,103,173.32,False,İçecek,Meyve Suyu,Marka-D,False
2025-01-22,M01,U004,29,74,173.32,False,İçecek,Meyve Suyu,Marka-D,False
2025-01-23,M01,U004,21,53,173.32,False,İçecek,Meyve Suyu,Marka-D,False
2025-01-24,M01,U004,18,35,173.32,False,İçecek,Meyve Suyu,Marka-D,False
2025-01-25,M01,U004,26,9,173.32,False,İçecek,Meyve Suyu,Marka-D,False
2025-01-26,M01,U004,25,101,173.32,False,İçecek,Meyve Suyu,Marka-D,False
2025-01-27,M01,U004,24,77,173.32,False,İçecek,Meyve Suyu,Marka-D,False
2025-01-28,M01,U004,26,51,173.32,False,İçecek,Meyve Suyu,Marka-D,False
2025-01-29,M01,U004,15,36,173.32,False,İçecek,Meyve Suyu,Marka-D,False
2025-01-30,M01,U004,17,19,173.32,False,İçecek,Meyve Suyu,Marka-D,False
2025-01-31,M01,U004,33,85,173.32,False,İçecek,Meyve Suyu,Marka-D,False
2025-02-01,M01,U004,31,54,173.32,False,İçecek,Meyve Suyu,Marka-D,False
2025-02-02,M01,U004,38,16,173.32,False,İçecek,Meyve Suyu,Marka-D,False
2025-02-03,M01,U004,16,0,173.32,True,İçecek,Meyve Suyu,Marka-D,False
2025-02-04,M01,U004,0,0,155.99,True,İçecek,Meyve Suyu,Marka-D,True
2025-02-05,M01,U004,37,87,173.32,False,İçecek,Meyve Suyu,Marka-D,False
2025-02-06,M01,U004,21,66,173.32,False,İçecek,Meyve Suyu,Marka-D,False
2025-02-07,M01,U004,48,18,147.32,False,İçecek,Meyve Suyu,Marka-D,True
2025-02-08,M01,U004,18,0,147.32,True,İçecek,Meyve Suyu,Marka-D,True
2025-02-09,M01,U004,0,0,173.32,True,İçecek,Meyve Suyu,Marka-D,False
2025-02-10,M01,U004,26,96,173.32,False,İçecek,Meyve Suyu,Marka-D,False
2025-02-11,M01,U004,23,73,173.32,False,İçecek,Meyve Suyu,Marka-D,False
2025-02-12,M01,U004,21,52,173.32,False,İçecek,Meyve Suyu,Marka-D,False
2025-02-13,M01,U004,27,25,173.32,False,İçecek,Meyve Suyu,Marka-D,False
2025-02-14,M01,U004,23,2,173.32,False,İçecek,Meyve Suyu,Marka-D,False
2025-02-15,M01,U004,41,82,173.32,False,İçecek,Meyve Suyu,Marka-D,False
2025-02-16,M01,U004,26,56,173.32,False,İçecek,Meyve Suyu,Marka-D,False
2025-02-17,M01,U004,23,33,173.32,False,İçecek,Meyve Suyu,Marka-D,False
2025-02-18,M01,U004,27,6,173.32,False,İçecek,Meyve Suyu,Marka-D,False
2025-02-19,M01,U004,6,0,173.32,True,İçecek,Meyve Suyu,Marka-D,False
2025-02-20,M01,U004,30,88,173.32,False,İçecek,Meyve Suyu,Marka-D,False
2025-02-21,M01,U004,36,52,155.99,False,İçecek,Meyve Suyu,Marka-D,True
2025-02-22,M01,U004,21,31,173.32,False,İçecek,Meyve Suyu,Marka-D,False
2025-02-23,M01,U004,23,8,173.32,False,İçecek,Meyve Suyu,Marka-D,False
2025-02-24,M01,U004,8,0,173.32,True,İçecek,Meyve Suyu,Marka-D,False
2025-02-25,M01,U004,19,93,173.32,False,İçecek,Meyve Suyu,Marka-D,False
2025-02-26,M01,U004,19,74,173.32,False,İçecek,Meyve Suyu,Marka-D,False
2025-02-27,M01,U004,29,45,173.32,False,İçecek,Meyve Suyu,Marka-D,False
2025-02-28,M01,U004,28,17,173.32,False,İçecek,Meyve Suyu,Marka-D,False
2025-03-01,M01,U004,17,0,173.32,True,İçecek,Meyve Suyu,Marka-D,False
2025-03-02,M01,U004,49,81,138.66,False,İçecek,Meyve Suyu,Marka-D,True
2025-03-03,M01,U004,28,53,173.32,False,İçecek,Meyve Suyu,Marka-D,False
2025-03-04,M01,U004,24,29,173.32,False,İçecek,Meyve Suyu,Marka-D,False
2025-03-05,M01,U004,13,16,173.32,False,İçecek,Meyve Suyu,Marka-D,False
2025-03-06,M01,U004,16,0,173.32,True,İçecek,Meyve Suyu,Marka-D,False
2025-03-07,M01,U004,38,79,173.32,False,İçecek,Meyve Suyu,Marka-D,False
2025-03-08,M01,U004,46,33,173.32,False,İçecek,Meyve Suyu,Marka-D,False
2025-03-09,M01,U004,32,1,173.32,False,İçecek,Meyve Suyu,Marka-D,False
2025-03-10,M01,U004,1,0,173.32,True,İçecek,Meyve Suyu,Marka-D,False
2025-03-11,M01,U004,0,0,173.32,True,İçecek,Meyve Suyu,Marka-D,False
2025-03-12,M01,U004,29,107,173.32,False,İçecek,Meyve Suyu,Marka-D,False
2025-03-13,M01,U004,22,85,173.32,False,İçecek,Meyve Suyu,Marka-D,False
2025-03-14,M01,U004,33,52,173.32,False,İçecek,Meyve Suyu,Marka-D,False
2025-03-15,M01,U004,31,21,173.32,False,İçecek,Meyve Suyu,Marka-D,False
2025-03-16,M01,U004,21,0,173.32,True,İçecek,Meyve Suyu,Marka-D,False
2025-03-17,M01,U004,18,118,173.32,False,İçecek,Meyve Suyu,Marka-D,False
2025-03-18,M01,U004,22,96,173.32,False,İçecek,Meyve Suyu,Marka-D,False
2025-03-19,M01,U004,30,66,173.32,False,İçecek,Meyve Suyu,Marka-D,False
2025-03-20,M01,U004,33,33,173.32,False,İçecek,Meyve Suyu,Marka-D,False
2025-03-21,M01,U004,28,5,173.32,False,İçecek,Meyve Suyu,Marka-D,False
2025-03-22,M01,U004,34,100,173.32,False,İçecek,Meyve Suyu,Marka-D,False
2025-03-23,M01,U004,34,66,173.32,False,İçecek,Meyve Suyu,Marka-D,False
2025-03-24,M01,U004,18,48,173.32,False,İçecek,Meyve Suyu,Marka-D,False
2025-03-25,M01,U004,25,23,173.32,False,İçecek,Meyve Suyu,Marka-D,False
2025-03-26,M01,U004,23,0,155.99,True,İçecek,Meyve Suyu,Marka-D,True
2025-03-27,M01,U004,0,0,173.32,True,İçecek,Meyve Suyu,Marka-D,False
2025-03-28,M01,U004,0,0,173.32,True,İçecek,Meyve Suyu,Marka-D,False
2025-03-29,M01,U004,0,0,173.32,True,İçecek,Meyve Suyu,Marka-D,False
2025-03-30,M01,U004,0,0,173.32,True,İçecek,Meyve Suyu,Marka-D,False
2025-03-31,M01,U004,0,0,173.32,True,İçecek,Meyve Suyu,Marka-D,False
2025-04-01,M01,U004,24,111,173.32,False,İçecek,Meyve Suyu,Marka-D,False
2025-04-02,M01,U004,32,79,173.32,False,İçecek,Meyve Suyu,Marka-D,False
2025-04-03,M01,U004,20,59,173.32,False,İçecek,Meyve Suyu,Marka-D,False
2025-04-04,M01,U004,26,33,173.32,False,İçecek,Meyve Suyu,Marka-D,False
2025-04-05,M01,U004,33,0,173.32,False,İçecek,Meyve Suyu,Marka-D,False
2025-04-06,M01,U004,31,87,173.32,False,İçecek,Meyve Suyu,Marka-D,False
2025-04-07,M01,U004,21,66,173.32,False,İçecek,Meyve Suyu,Marka-D,False
2025-04-08,M01,U004,20,46,173.32,False,İçecek,Meyve Suyu,Marka-D,False
2025-04-09,M01,U004,39,7,147.32,False,İçecek,Meyve Suyu,Marka-D,True
2025-04-10,M01,U004,7,0,173.32,True,İçecek,Meyve Suyu,Marka-D,False
2025-04-11,M01,U004,33,88,173.32,False,İçecek,Meyve Suyu,Marka-D,False
2025-04-12,M01,U004,42,46,173.32,False,İçecek,Meyve Suyu,Marka-D,False
2025-04-13,M01,U004,40,6,173.32,False,İçecek,Meyve Suyu,Marka-D,False
2025-04-14,M01,U004,6,0,147.32,True,İçecek,Meyve Suyu,Marka-D,True
2025-04-15,M01,U004,0,0,173.32,True,İçecek,Meyve Suyu,Marka-D,False
2025-04-16,M01,U004,24,106,173.32,False,İçecek,Meyve Suyu,Marka-D,False
2025-04-17,M01,U004,28,78,173.32,False,İçecek,Meyve Suyu,Marka-D,False
2025-04-18,M01,U004,26,52,173.32,False,İçecek,Meyve Suyu,Marka-D,False
2025-04-19,M01,U004,30,22,173.32,False,İçecek,Meyve Suyu,Marka-D,False
2025-04-20,M01,U004,22,0,147.32,True,İçecek,Meyve Suyu,Marka-D,True
2025-04-21,M01,U004,22,98,173.32,False,İçecek,Meyve Suyu,Marka-D,False
2025-04-22,M01,U004,51,47,138.66,False,İçecek,Meyve Suyu,Marka-D,True
2025-04-23,M01,U004,24,23,173.32,False,İçecek,Meyve Suyu,Marka-D,False
2025-04-24,M01,U004,23,0,173.32,True,İçecek,Meyve Suyu,Marka-D,False
2025-04-25,M01,U004,0,0,173.32,True,İçecek,Meyve Suyu,Marka-D,False
2025-04-26,M01,U004,0,0,173.32,True,İçecek,Meyve Suyu,Marka-D,False
2025-04-27,M01,U004,0,0,173.32,True,İçecek,Meyve Suyu,Marka-D,False
2025-04-28,M01,U004,0,0,173.32,True,İçecek,Meyve Suyu,Marka-D,False
2025-04-29,M01,U004,0,0,173.32,True,İçecek,Meyve Suyu,Marka-D,False
2025-04-30,M01,U004,0,0,173.32,True,İçecek,Meyve Suyu,Marka-D,False
2025-05-01,M01,U004,28,92,173.32,False,İçecek,Meyve Suyu,Marka-D,False
2025-05-02,M01,U004,31,61,173.32,False,İçecek,Meyve Suyu,Marka-D,False
2025-05-03,M01,U004,37,24,173.32,False,İçecek,Meyve Suyu,Marka-D,False
2025-05-04,M01,U004,24,0,173.32,True,İçecek,Meyve Suyu,Marka-D,False
2025-05-05,M01,U004,0,0,173.32,True,İçecek,Meyve Suyu,Marka-D,False
2025-05-06,M01,U004,19,116,173.32,False,İçecek,Meyve Suyu,Marka-D,False
2025-01-01,M01,U005,14,81,49.88,False,İçecek,Su,Marka-E,False
2025-01-02,M01,U005,20,61,49.88,False,İçecek,Su,Marka-E,False
2025-01-03,M01,U005,29,32,49.88,False,İçecek,Su,Marka-E,False
2025-01-04,M01,U005,25,7,49.88,False,İçecek,Su,Marka-E,False
2025-01-05,M01,U005,7,0,49.88,True,İçecek,Su,Marka-E,False
2025-01-06,M01,U005,0,0,49.88,True,İçecek,Su,Marka-E,False
2025-01-07,M01,U005,20,74,49.88,False,İçecek,Su,Marka-E,False
2025-01-08,M01,U005,18,56,49.88,False,İçecek,Su,Marka-E,False
2025-01-09,M01,U005,14,42,49.88,False,İçecek,Su,Marka-E,False
2025-01-10,M01,U005,21,21,49.88,False,İçecek,Su,Marka-E,False
2025-01-11,M01,U005,21,0,49.88,True,İçecek,Su,Marka-E,False
2025-01-12,M01,U005,0,0,49.88,True,İçecek,Su,Marka-E,False
2025-01-13,M01,U005,14,83,49.88,False,İçecek,Su,Marka-E,False
2025-01-14,M01,U005,13,70,49.88,False,İçecek,Su,Marka-E,False
2025-01-15,M01,U005,17,53,49.88,False,İçecek,Su,Marka-E,False
2025-01-16,M01,U005,9,44,49.88,False,İçecek,Su,Marka-E,False
2025-01-17,M01,U005,16,28,49.88,False,İçecek,Su,Marka-E,False
2025-01-18,M01,U005,25,3,49.88,False,İçecek,Su,Marka-E,False
2025-01-19,M01,U005,3,0,49.88,True,İçecek,Su,Marka-E,False
2025-01-20,M01,U005,0,0,39.9,True,İçecek,Su,Marka-E,True
2025-01-21,M01,U005,0,0,49.88,True,İçecek,Su,Marka-E,False
2025-01-22,M01,U005,0,0,49.88,True,İçecek,Su,Marka-E,False
2025-01-23,M01,U005,0,0,49.88,True,İçecek,Su,Marka-E,False
2025-01-24,M01,U005,0,0,39.9,True,İçecek,Su,Marka-E,True
2025-01-25,M01,U005,23,75,39.9,False,İçecek,Su,Marka-E,True
2025-01-26,M01,U005,25,50,42.4,False,İçecek,Su,Marka-E,True
2025-01-27,M01,U005,19,31,49.88,False,İçecek,Su,Marka-E,False
2025-01-28,M01,U005,20,11,49.88,False,İçecek,Su,Marka-E,False
2025-01-29,M01,U005,11,0,49.88,True,İçecek,Su,Marka-E,False
2025-01-30,M01,U005,0,0,49.88,True,İçecek,Su,Marka-E,False
2025-01-31,M01,U005,16,76,49.88,False,İçecek,Su,Marka-E,False
2025-02-01,M01,U005,19,57,49.88,False,İçecek,Su,Marka-E,False
2025-02-02,M01,U005,21,36,49.88,False,İçecek,Su,Marka-E,False
2025-02-03,M01,U005,20,16,49.88,False,İçecek,Su,Marka-E,False
2025-02-04,M01,U005,16,0,49.88,True,İçecek,Su,Marka-E,False
2025-02-05,M01,U005,0,0,44.89,True,İçecek,Su,Marka-E,True
2025-02-06,M01,U005,14,80,49.88,False,İçecek,Su,Marka-E,False
2025-02-07,M01,U005,17,63,49.88,False,İçecek,Su,Marka-E,False
2025-02-08,M01,U005,15,48,49.88,False,İçecek,Su,Marka-E,False
2025-02-09,M01,U005,13,35,49.88,False,İçecek,Su,Marka-E,False
2025-02-10,M01,U005,18,17,49.88,False,İçecek,Su,Marka-E,False
2025-02-11,M01,U005,17,0,49.88,False,İçecek,Su,Marka-E,False
2025-02-12,M01,U005,14,80,49.88,False,İçecek,Su,Marka-E,False
2025-02-13,M01,U005,18,62,49.88,False,İçecek,Su,Marka-E,False
2025-02-14,M01,U005,14,48,49.88,False,İçecek,Su,Marka-E,False
2025-02-15,M01,U005,21,27,49.88,False,İçecek,Su,Marka-E,False
2025-02-16,M01,U005,27,0,42.4,True,İçecek,Su,Marka-E,True
2025-02-17,M01,U005,0,0,49.88,True,İçecek,Su,Marka-E,False
2025-02-18,M01,U005,17,76,49.88,False,İçecek,Su,Marka-E,False
2025-02-19,M01,U005,17,59,49.88,False,İçecek,Su,Marka-E,False
2025-02-20,M01,U005,11,48,49.88,False,İçecek,Su,Marka-E,False
2025-02-21,M01,U005,20,28,49.88,False,İçecek,Su,Marka-E,False
2025-02-22,M01,U005,21,7,49.88,False,İçecek,Su,Marka-E,False
2025-02-23,M01,U005,7,0,49.88,True,İçecek,Su,Marka-E,False
2025-02-24,M01,U005,22,65,42.4,False,İçecek,Su,Marka-E,True
2025-02-25,M01,U005,13,52,49.88,False,İçecek,Su,Marka-E,False
2025-02-26,M01,U005,21,31,49.88,False,İçecek,Su,Marka-E,False
2025-02-27,M01,U005,22,9,49.88,False,İçecek,Su,Marka-E,False
2025-02-28,M01,U005,9,0,49.88,True,İçecek,Su,Marka-E,False
2025-03-01,M01,U005,0,0,44.89,True,İçecek,Su,Marka-E,True
2025-03-02,M01,U005,20,78,49.88,False,İçecek,Su,Marka-E,False
2025-03-03,M01,U005,13,65,49.88,False,İçecek,Su,Marka-E,False
2025-03-04,M01,U005,24,41,49.88,False,İçecek,Su,Marka-E,False
2025-03-05,M01,U005,17,24,49.88,False,İçecek,Su,Marka-E,False
2025-03-06,M01,U005,11,13,49.88,False,İçecek,Su,Marka-E,False
2025-03-07,M01,U005,13,0,49.88,True,İçecek,Su,Marka-E,False
2025-03-08,M01,U005,23,63,49.88,False,İçecek,Su,Marka-E,False
2025-03-09,M01,U005,28,35,49.88,False,İçecek,Su,Marka-E,False
2025-03-10,M01,U005,17,18,49.88,False,İçecek,Su,Marka-E,False
2025-03-11,M01,U005,18,0,49.88,True,İçecek,Su,Marka-E,False
2025-03-12,M01,U005,0,0,49.88,True,İçecek,Su,Marka-E,False
2025-03-13,M01,U005,0,0,49.88,True,İçecek,Su,Marka-E,False
2025-03-14,M01,U005,18,75,49.88,False,İçecek,Su,Marka-E,False
2025-03-15,M01,U005,20,55,49.88,False,İçecek,Su,Marka-E,False
2025-03-16,M01,U005,20,35,49.88,False,İçecek,Su,Marka-E,False
2025-03-17,M01,U005,13,22,49.88,False,İçecek,Su,Marka-E,False
2025-03-18,M01,U005,22,0,44.89,False,İçecek,Su,Marka-E,True
2025-03-19,M01,U005,0,0,44.89,True,İçecek,Su,Marka-E,True
2025-03-20,M01,U005,7,83,49.88,False,İçecek,Su,Marka-E,False
2025-03-21,M01,U005,20,63,49.88,False,İçecek,Su,Marka-E,False
2025-03-22,M01,U005,23,40,49.88,False,İçecek,Su,Marka-E,False
2025-03-23,M01,U005,26,14,49.88,False,İçecek,Su,Marka-E,False
2025-03-24,M01,U005,9,5,49.88,False,İçecek,Su,Marka-E,False
2025-03-25,M01,U005,5,0,42.4,True,İçecek,Su,Marka-E,True
2025-03-26,M01,U005,20,70,49.88,False,İçecek,Su,Marka-E,False
2025-03-27,M01,U005,25,45,49.88,False,İçecek,Su,Marka-E,False
2025-03-28,M01,U005,19,26,49.88,False,İçecek,Su,Marka-E,False
2025-03-29,M01,U005,26,0,49.88,True,İçecek,Su,Marka-E,False
2025-03-30,M01,U005,0,0,49.88,True,İçecek,Su,Marka-E,False
2025-03-31,M01,U005,0,0,49.88,True,İçecek,Su,Marka-E,False
2025-04-01,M01,U005,14,83,49.88,False,İçecek,Su,Marka-E,False
2025-04-02,M01,U005,28,55,49.88,False,İçecek,Su,Marka-E,False
2025-04-03,M01,U005,19,36,49.88,False,İçecek,Su,Marka-E,False
2025-04-04,M01,U005,18,18,49.88,False,İçecek,Su,Marka-E,False
2025-04-05,M01,U005,15,3,49.88,False,İçecek,Su,Marka-E,False
2025-04-06,M01,U005,3,0,49.88,True,İçecek,Su,Marka-E,False
2025-04-07,M01,U005,21,66,49.88,False,İçecek,Su,Marka-E,False
2025-04-08,M01,U005,20,46,49.88,False,İçecek,Su,Marka-E,False
2025-04-09,M01,U005,15,31,49.88,False,İçecek,Su,Marka-E,False
2025-04-10,M01,U005,23,8,49.88,False,İçecek,Su,Marka-E,False
2025-04-11,M01,U005,8,0,49.88,True,İçecek,Su,Marka-E,False
2025-04-12,M01,U005,0,0,49.88,True,İçecek,Su,Marka-E,False
2025-04-13,M01,U005,20,70,49.88,False,İçecek,Su,Marka-E,False
2025-04-14,M01,U005,9,61,49.88,False,İçecek,Su,Marka-E,False
2025-04-15,M01,U005,19,42,49.88,False,İçecek,Su,Marka-E,False
2025-04-16,M01,U005,18,24,49.88,False,İçecek,Su,Marka-E,False
2025-04-17,M01,U005,18,6,49.88,False,İçecek,Su,Marka-E,False
2025-04-18,M01,U005,6,0,49.88,True,İçecek,Su,Marka-E,False
2025-04-19,M01,U005,20,74,49.88,False,İçecek,Su,Marka-E,False
2025-04-20,M01,U005,24,50,49.88,False,İçecek,Su,Marka-E,False
2025-04-21,M01,U005,26,24,49.88,False,İçecek,Su,Marka-E,False
2025-04-22,M01,U005,13,11,49.88,False,İçecek,Su,Marka-E,False
2025-04-23,M01,U005,11,0,44.89,True,İçecek,Su,Marka-E,True
2025-04-24,M01,U005,0,0,49.88,True,İçecek,Su,Marka-E,False
2025-04-25,M01,U005,17,82,49.88,False,İçecek,Su,Marka-E,False
2025-04-26,M01,U005,39,43,49.88,False,İçecek,Su,Marka-E,False
2025-04-27,M01,U005,16,27,49.88,False,İçecek,Su,Marka-E,False
2025-04-28,M01,U005,17,10,49.88,False,İçecek,Su,Marka-E,False
2025-04-29,M01,U005,10,0,49.88,True,İçecek,Su,Marka-E,False
2025-04-30,M01,U005,0,0,49.88,True,İçecek,Su,Marka-E,False
2025-05-01,M01,U005,16,67,49.88,False,İçecek,Su,Marka-E,False
2025-05-02,M01,U005,17,50,49.88,False,İçecek,Su,Marka-E,False
2025-05-03,M01,U005,24,26,49.88,False,İçecek,Su,Marka-E,False
2025-05-04,M01,U005,17,9,49.88,False,İçecek,Su,Marka-E,False
2025-05-05,M01,U005,9,0,49.88,True,İçecek,Su,Marka-E,False
2025-05-06,M01,U005,0,0,49.88,True,İçecek,Su,Marka-E,False
2025-01-01,M01,U006,43,132,82.63,False,İçecek,Su,Marka-F,True
2025-01-02,M01,U006,24,108,97.21,False,İçecek,Su,Marka-F,False
2025-01-03,M01,U006,51,57,77.77,False,İçecek,Su,Marka-F,True
2025-01-04,M01,U006,40,17,97.21,False,İçecek,Su,Marka-F,False
2025-01-05,M01,U006,17,0,97.21,True,İçecek,Su,Marka-F,False
2025-01-06,M01,U006,0,0,97.21,True,İçecek,Su,Marka-F,False
2025-01-07,M01,U006,24,154,97.21,False,İçecek,Su,Marka-F,False
2025-01-08,M01,U006,22,132,97.21,False,İçecek,Su,Marka-F,False
2025-01-09,M01,U006,25,107,97.21,False,İçecek,Su,Marka-F,False
2025-01-10,M01,U006,36,71,97.21,False,İçecek,Su,Marka-F,False
2025-01-11,M01,U006,47,24,97.21,False,İçecek,Su,Marka-F,False
2025-01-12,M01,U006,24,0,97.21,True,İçecek,Su,Marka-F,False
2025-01-13,M01,U006,17,159,97.21,False,İçecek,Su,Marka-F,False
2025-01-14,M01,U006,24,135,97.21,False,İçecek,Su,Marka-F,False
2025-01-15,M01,U006,26,109,97.21,False,İçecek,Su,Marka-F,False
2025-01-16,M01,U006,20,89,97.21,False,İçecek,Su,Marka-F,False
2025-01-17,M01,U006,29,60,97.21,False,İçecek,Su,Marka-F,False
2025-01-18,M01,U006,43,17,77.77,False,İçecek,Su,Marka-F,True
2025-01-19,M01,U006,24,149,97.21,False,İçecek,Su,Marka-F,False
2025-01-20,M01,U006,20,129,97.21,False,İçecek,Su,Marka-F,False
2025-01-21,M01,U006,24,105,97.21,False,İçecek,Su,Marka-F,False
2025-01-22,M01,U006,28,77,97.21,False,İçecek,Su,Marka-F,False
2025-01-23,M01,U006,28,49,97.21,False,İçecek,Su,Marka-F,False
2025-01-24,M01,U006,24,25,97.21,False,İçecek,Su,Marka-F,False
2025-01-25,M01,U006,25,0,97.21,True,İçecek,Su,Marka-F,False
2025-01-26,M01,U006,0,0,97.21,True,İçecek,Su,Marka-F,False
2025-01-27,M01,U006,0,0,97.21,True,İçecek,Su,Marka-F,False
2025-01-28,M01,U006,0,0,97.21,True,İçecek,Su,Marka-F,False
2025-01-29,M01,U006,0,0,97.21,True,İçecek,Su,Marka-F,False
2025-01-30,M01,U006,0,0,77.77,True,İçecek,Su,Marka-F,True
2025-01-31,M01,U006,25,170,97.21,False,İçecek,Su,Marka-F,False
2025-02-01,M01,U006,33,137,97.21,False,İçecek,Su,Marka-F,False
2025-02-02,M01,U006,40,97,97.21,False,İçecek,Su,Marka-F,False
2025-02-03,M01,U006,26,71,97.21,False,İçecek,Su,Marka-F,False
2025-02-04,M01,U006,42,29,97.21,False,İçecek,Su,Marka-F,False
2025-02-05,M01,U006,24,5,97.21,False,İçecek,Su,Marka-F,False
2025-02-06,M01,U006,23,163,97.21,False,İçecek,Su,Marka-F,False
2025-02-07,M01,U006,31,132,97.21,False,İçecek,Su,Marka-F,False
2025-02-08,M01,U006,40,92,97.21,False,İçecek,Su,Marka-F,False
2025-02-09,M01,U006,35,57,97.21,False,İçecek,Su,Marka-F,False
2025-02-10,M01,U006,27,30,97.21,False,İçecek,Su,Marka-F,False
2025-02-11,M01,U006,16,14,97.21,False,İçecek,Su,Marka-F,False
2025-02-12,M01,U006,34,160,97.21,False,İçecek,Su,Marka-F,False
2025-02-13,M01,U006,30,130,97.21,False,İçecek,Su,Marka-F,False
2025-02-14,M01,U006,23,107,97.21,False,İçecek,Su,Marka-F,False
2025-02-15,M01,U006,32,75,97.21,False,İçecek,Su,Marka-F,False
2025-02-16,M01,U006,53,22,82.63,False,İçecek,Su,Marka-F,True
2025-02-17,M01,U006,22,0,87.49,True,İçecek,Su,Marka-F,True
2025-02-18,M01,U006,23,167,97.21,False,İçecek,Su,Marka-F,False
2025-02-19,M01,U006,20,147,97.21,False,İçecek,Su,Marka-F,False
2025-02-20,M01,U006,27,120,97.21,False,İçecek,Su,Marka-F,False
2025-02-21,M01,U006,33,87,97.21,False,İçecek,Su,Marka-F,False
2025-02-22,M01,U006,32,55,97.21,False,İçecek,Su,Marka-F,False
2025-02-23,M01,U006,31,24,97.21,False,İçecek,Su,Marka-F,False
2025-02-24,M01,U006,45,156,82.63,False,İçecek,Su,Marka-F,True
2025-02-25,M01,U006,35,121,77.77,False,İçecek,Su,Marka-F,True
2025-02-26,M01,U006,38,83,97.21,False,İçecek,Su,Marka-F,False
2025-02-27,M01,U006,29,54,97.21,False,İçecek,Su,Marka-F,False
2025-02-28,M01,U006,28,26,97.21,False,İçecek,Su,Marka-F,False
2025-03-01,M01,U006,26,0,97.21,True,İçecek,Su,Marka-F,False
2025-03-02,M01,U006,27,160,97.21,False,İçecek,Su,Marka-F,False
2025-03-03,M01,U006,28,132,97.21,False,İçecek,Su,Marka-F,False
2025-03-04,M01,U006,35,97,97.21,False,İçecek,Su,Marka-F,False
2025-03-05,M01,U006,27,70,97.21,False,İçecek,Su,Marka-F,False
2025-03-06,M01,U006,29,41,97.21,False,İçecek,Su,Marka-F,False
2025-03-07,M01,U006,38,3,97.21,False,İçecek,Su,Marka-F,False
2025-03-08,M01,U006,40,137,97.21,False,İçecek,Su,Marka-F,False
2025-03-09,M01,U006,29,108,97.21,False,İçecek,Su,Marka-F,False
2025-03-10,M01,U006,31,77,97.21,False,İçecek,Su,Marka-F,False
2025-03-11,M01,U006,23,54,97.21,False,İçecek,Su,Marka-F,False
2025-03-12,M01,U006,38,16,97.21,False,İçecek,Su,Marka-F,False
2025-03-13,M01,U006,16,0,97.21,True,İçecek,Su,Marka-F,False
2025-03-14,M01,U006,67,104,77.77,False,İçecek,Su,Marka-F,True
2025-03-15,M01,U006,43,61,97.21,False,İçecek,Su,Marka-F,False
2025-03-16,M01,U006,31,30,97.21,False,İçecek,Su,Marka-F,False
2025-03-17,M01,U006,30,0,97.21,True,İçecek,Su,Marka-F,False
2025-03-18,M01,U006,0,0,97.21,True,İçecek,Su,Marka-F,False
2025-03-19,M01,U006,0,0,97.21,True,İçecek,Su,Marka-F,False
2025-03-20,M01,U006,24,151,97.21,False,İçecek,Su,Marka-F,False
2025-03-21,M01,U006,32,119,97.21,False,İçecek,Su,Marka-F,False
2025-03-22,M01,U006,39,80,97.21,False,İçecek,Su,Marka-F,False
2025-03-23,M01,U006,47,33,97.21,False,İçecek,Su,Marka-F,False
2025-03-24,M01,U006,19,14,97.21,False,İçecek,Su,Marka-F,False
2025-03-25,M01,U006,14,0,97.21,True,İçecek,Su,Marka-F,False
2025-03-26,M01,U006,42,137,82.63,False,İçecek,Su,Marka-F,True
2025-03-27,M01,U006,33,104,97.21,False,İçecek,Su,Marka-F,False
2025-03-28,M01,U006,40,64,97.21,False,İçecek,Su,Marka-F,False
2025-03-29,M01,U006,57,7,77.77,False,İçecek,Su,Marka-F,True
2025-03-30,M01,U006,7,0,97.21,True,İçecek,Su,Marka-F,False
2025-03-31,M01,U006,0,0,82.63,True,İçecek,Su,Marka-F,True
2025-04-01,M01,U006,32,138,97.21,False,İçecek,Su,Marka-F,False
2025-04-02,M01,U006,21,117,97.21,False,İçecek,Su,Marka-F,False
2025-04-03,M01,U006,52,65,87.49,False,İçecek,Su,Marka-F,True
2025-04-04,M01,U006,31,34,97.21,False,İçecek,Su,Marka-F,False
2025-04-05,M01,U006,34,0,97.21,True,İçecek,Su,Marka-F,False
2025-04-06,M01,U006,0,0,97.21,True,İçecek,Su,Marka-F,False
2025-04-07,M01,U006,35,161,82.63,False,İçecek,Su,Marka-F,True
2025-04-08,M01,U006,32,129,97.21,False,İçecek,Su,Marka-F,False
2025-04-09,M01,U006,31,98,97.21,False,İçecek,Su,Marka-F,False
2025-04-10,M01,U006,42,56,97.21,False,İçecek,Su,Marka-F,False
2025-04-11,M01,U006,44,12,97.21,False,İçecek,Su,Marka-F,False
2025-04-12,M01,U006,12,0,97.21,True,İçecek,Su,Marka-F,False
2025-04-13,M01,U006,0,0,77.77,True,İçecek,Su,Marka-F,True
2025-04-14,M01,U006,0,0,97.21,True,İçecek,Su,Marka-F,False
2025-04-15,M01,U006,0,0,97.21,True,İçecek,Su,Marka-F,False
2025-04-16,M01,U006,0,0,97.21,True,İçecek,Su,Marka-F,False
2025-04-17,M01,U006,0,0,97.21,True,İçecek,Su,Marka-F,False
2025-04-18,M01,U006,0,0,97.21,True,İçecek,Su,Marka-F,False
2025-04-19,M01,U006,39,143,97.21,False,İçecek,Su,Marka-F,False
2025-04-20,M01,U006,27,116,97.21,False,İçecek,Su,Marka-F,False
2025-04-21,M01,U006,41,75,97.21,False,İçecek,Su,Marka-F,False
2025-04-22,M01,U006,26,49,97.21,False,İçecek,Su,Marka-F,False
2025-04-23,M01,U006,40,9,97.21,False,İçecek,Su,Marka-F,False
2025-04-24,M01,U006,9,0,97.21,True,İçecek,Su,Marka-F,False
2025-04-25,M01,U006,30,152,97.21,False,İçecek,Su,Marka-F,False
2025-04-26,M01,U006,70,82,77.77,False,İçecek,Su,Marka-F,True
2025-04-27,M01,U006,38,44,97.21,False,İçecek,Su,Marka-F,False
2025-04-28,M01,U006,32,12,77.77,False,İçecek,Su,Marka-F,True
2025-04-29,M01,U006,12,0,97.21,True,İçecek,Su,Marka-F,False
2025-04-30,M01,U006,0,0,97.21,True,İçecek,Su,Marka-F,False
2025-05-01,M01,U006,36,152,97.21,False,İçecek,Su,Marka-F,False
2025-05-02,M01,U006,35,117,97.21,False,İçecek,Su,Marka-F,False
2025-05-03,M01,U006,31,86,97.21,False,İçecek,Su,Marka-F,False
2025-05-04,M01,U006,52,34,87.49,False,İçecek,Su,Marka-F,True
2025-05-05,M01,U006,31,3,97.21,False,İçecek,Su,Marka-F,False
2025-05-06,M01,U006,3,0,97.21,True,İçecek,Su,Marka-F,False
2025-01-01,M01,U007,25,99,150.45,False,Atıştırmalık,Cips,Marka-A,False
2025-01-02,M01,U007,11,88,150.45,False,Atıştırmalık,Cips,Marka-A,False
2025-01-03,M01,U007,38,50,120.36,False,Atıştırmalık,Cips,Marka-A,True
2025-01-04,M01,U007,32,18,150.45,False,Atıştırmalık,Cips,Marka-A,False
2025-01-05,M01,U007,18,0,150.45,True,Atıştırmalık,Cips,Marka-A,False
2025-01-06,M01,U007,20,100,150.45,False,Atıştırmalık,Cips,Marka-A,False
2025-01-07,M01,U007,25,75,150.45,False,Atıştırmalık,Cips,Marka-A,False
2025-01-08,M01,U007,31,44,150.45,False,Atıştırmalık,Cips,Marka-A,False
2025-01-09,M01,U007,19,25,150.45,False,Atıştırmalık,Cips,Marka-A,False
2025-01-10,M01,U007,25,0,150.45,True,Atıştırmalık,Cips,Marka-A,False
2025-01-11,M01,U007,33,94,150.45,False,Atıştırmalık,Cips,Marka-A,False
2025-01-12,M01,U007,28,66,150.45,False,Atıştırmalık,Cips,Marka-A,False
2025-01-13,M01,U007,31,35,150.45,False,Atıştırmalık,Cips,Marka-A,False
2025-01-14,M01,U007,26,9,150.45,False,Atıştırmalık,Cips,Marka-A,False
2025-01-15,M01,U007,9,0,127.88,True,Atıştırmalık,Cips,Marka-A,True
2025-01-16,M01,U007,21,97,150.45,False,Atıştırmalık,Cips,Marka-A,False
2025-01-17,M01,U007,30,67,150.45,False,Atıştırmalık,Cips,Marka-A,False
2025-01-18,M01,U007,20,47,150.45,False,Atıştırmalık,Cips,Marka-A,False
2025-01-19,M01,U007,31,16,150.45,False,Atıştırmalık,Cips,Marka-A,False
2025-01-20,M01,U007,16,0,135.41,True,Atıştırmalık,Cips,Marka-A,True
2025-01-21,M01,U007,32,86,150.45,False,Atıştırmalık,Cips,Marka-A,False
2025-01-22,M01,U007,21,65,150.45,False,Atıştırmalık,Cips,Marka-A,False
2025-01-23,M01,U007,23,42,150.45,False,Atıştırmalık,Cips,Marka-A,False
2025-01-24,M01,U007,38,4,127.88,False,Atıştırmalık,Cips,Marka-A,True
2025-01-25,M01,U007,4,0,127.88,True,Atıştırmalık,Cips,Marka-A,True
2025-01-26,M01,U007,27,96,150.45,False,Atıştırmalık,Cips,Marka-A,False
2025-01-27,M01,U007,24,72,150.45,False,Atıştırmalık,Cips,Marka-A,False
2025-01-28,M01,U007,46,26,120.36,False,Atıştırmalık,Cips,Marka-A,True
2025-01-29,M01,U007,24,2,150.45,False,Atıştırmalık,Cips,Marka-A,False
2025-01-30,M01,U007,2,0,135.41,True,Atıştırmalık,Cips,Marka-A,True
2025-01-31,M01,U007,27,86,150.45,False,Atıştırmalık,Cips,Marka-A,False
2025-02-01,M01,U007,31,55,150.45,False,Atıştırmalık,Cips,Marka-A,False
2025-02-02,M01,U007,40,15,150.45,False,Atıştırmalık,Cips,Marka-A,False
2025-02-03,M01,U007,15,0,150.45,True,Atıştırmalık,Cips,Marka-A,False
2025-02-04,M01,U007,0,0,150.45,True,Atıştırmalık,Cips,Marka-A,False
2025-02-05,M01,U007,25,86,150.45,False,Atıştırmalık,Cips,Marka-A,False
2025-02-06,M01,U007,42,44,135.41,False,Atıştırmalık,Cips,Marka-A,True
2025-02-07,M01,U007,32,12,150.45,False,Atıştırmalık,Cips,Marka-A,False
2025-02-08,M01,U007,12,0,150.45,True,Atıştırmalık,Cips,Marka-A,False
2025-02-09,M01,U007,0,0,150.45,True,Atıştırmalık,Cips,Marka-A,False
2025-02-10,M01,U007,27,95,150.45,False,Atıştırmalık,Cips,Marka-A,False
2025-02-11,M01,U007,25,70,150.45,False,Atıştırmalık,Cips,Marka-A,False
2025-02-12,M01,U007,32,38,150.45,False,Atıştırmalık,Cips,Marka-A,False
2025-02-13,M01,U007,26,12,150.45,False,Atıştırmalık,Cips,Marka-A,False
2025-02-14,M01,U007,12,0,150.45,True,Atıştırmalık,Cips,Marka-A,False
2025-02-15,M01,U007,56,53,135.41,False,Atıştırmalık,Cips,Marka-A,True
2025-02-16,M01,U007,32,21,150.45,False,Atıştırmalık,Cips,Marka-A,False
2025-02-17,M01,U007,21,0,150.45,True,Atıştırmalık,Cips,Marka-A,False
2025-02-18,M01,U007,0,0,150.45,True,Atıştırmalık,Cips,Marka-A,False
2025-02-19,M01,U007,0,0,150.45,True,Atıştırmalık,Cips,Marka-A,False
2025-02-20,M01,U007,27,87,150.45,False,Atıştırmalık,Cips,Marka-A,False
2025-02-21,M01,U007,29,58,150.45,False,Atıştırmalık,Cips,Marka-A,False
2025-02-22,M01,U007,34,24,150.45,False,Atıştırmalık,Cips,Marka-A,False
2025-02-23,M01,U007,24,0,150.45,True,Atıştırmalık,Cips,Marka-A,False
2025-02-24,M01,U007,0,0,150.45,True,Atıştırmalık,Cips,Marka-A,False
2025-02-25,M01,U007,22,87,150.45,False,Atıştırmalık,Cips,Marka-A,False
2025-02-26,M01,U007,24,63,150.45,False,Atıştırmalık,Cips,Marka-A,False
2025-02-27,M01,U007,31,32,150.45,False,Atıştırmalık,Cips,Marka-A,False
2025-02-28,M01,U007,32,0,150.45,True,Atıştırmalık,Cips,Marka-A,False
2025-03-01,M01,U007,0,0,150.45,True,Atıştırmalık,Cips,Marka-A,False
2025-03-02,M01,U007,28,96,150.45,False,Atıştırmalık,Cips,Marka-A,False
2025-03-03,M01,U007,36,60,120.36,False,Atıştırmalık,Cips,Marka-A,True
2025-03-04,M01,U007,25,35,150.45,False,Atıştırmalık,Cips,Marka-A,False
2025-03-05,M01,U007,22,13,150.45,False,Atıştırmalık,Cips,Marka-A,False
2025-03-06,M01,U007,13,0,150.45,True,Atıştırmalık,Cips,Marka-A,False
2025-03-07,M01,U007,33,87,150.45,False,Atıştırmalık,Cips,Marka-A,False
2025-03-08,M01,U007,36,51,150.45,False,Atıştırmalık,Cips,Marka-A,False
2025-03-09,M01,U007,37,14,150.45,False,Atıştırmalık,Cips,Marka-A,False
2025-03-10,M01,U007,14,0,150.45,True,Atıştırmalık,Cips,Marka-A,False
2025-03-11,M01,U007,0,0,150.45,True,Atıştırmalık,Cips,Marka-A,False
2025-03-12,M01,U007,28,87,150.45,False,Atıştırmalık,Cips,Marka-A,False
2025-03-13,M01,U007,23,64,150.45,False,Atıştırmalık,Cips,Marka-A,False
2025-03-14,M01,U007,26,38,150.45,False,Atıştırmalık,Cips,Marka-A,False
2025-03-15,M01,U007,28,10,150.45,False,Atıştırmalık,Cips,Marka-A,False
2025-03-16,M01,U007,10,0,150.45,True,Atıştırmalık,Cips,Marka-A,False
2025-03-17,M01,U007,20,93,150.45,False,Atıştırmalık,Cips,Marka-A,False
2025-03-18,M01,U007,23,70,150.45,False,Atıştırmalık,Cips,Marka-A,False
2025-03-19,M01,U007,25,45,150.45,False,Atıştırmalık,Cips,Marka-A,False
2025-03-20,M01,U007,37,8,120.36,False,Atıştırmalık,Cips,Marka-A,True
2025-03-21,M01,U007,8,0,150.45,True,Atıştırmalık,Cips,Marka-A,False
2025-03-22,M01,U007,33,76,150.45,False,Atıştırmalık,Cips,Marka-A,False
2025-03-23,M01,U007,34,42,150.45,False,Atıştırmalık,Cips,Marka-A,False
2025-03-24,M01,U007,22,20,150.45,False,Atıştırmalık,Cips,Marka-A,False
2025-03-25,M01,U007,20,0,150.45,False,Atıştırmalık,Cips,Marka-A,False
2025-03-26,M01,U007,0,0,150.45,True,Atıştırmalık,Cips,Marka-A,False
2025-03-27,M01,U007,26,94,150.45,False,Atıştırmalık,Cips,Marka-A,False
2025-03-28,M01,U007,22,72,150.45,False,Atıştırmalık,Cips,Marka-A,False
2025-03-29,M01,U007,34,38,150.45,False,Atıştırmalık,Cips,Marka-A,False
2025-03-30,M01,U007,38,0,127.88,True,Atıştırmalık,Cips,Marka-A,True
2025-03-31,M01,U007,0,0,150.45,True,Atıştırmalık,Cips,Marka-A,False
2025-04-01,M01,U007,43,70,120.36,False,Atıştırmalık,Cips,Marka-A,True
2025-04-02,M01,U007,34,36,150.45,False,Atıştırmalık,Cips,Marka-A,False
2025-04-03,M01,U007,32,4,150.45,False,Atıştırmalık,Cips,Marka-A,False
2025-04-04,M01,U007,4,0,150.45,True,Atıştırmalık,Cips,Marka-A,False
2025-04-05,M01,U007,0,0,150.45,True,Atıştırmalık,Cips,Marka-A,False
2025-04-06,M01,U007,47,77,150.45,False,Atıştırmalık,Cips,Marka-A,False
2025-04-07,M01,U007,33,44,150.45,False,Atıştırmalık,Cips,Marka-A,False
2025-04-08,M01,U007,22,22,150.45,False,Atıştırmalık,Cips,Marka-A,False
2025-04-09,M01,U007,22,0,150.45,True,Atıştırmalık,Cips,Marka-A,False
2025-04-10,M01,U007,0,0,150.45,True,Atıştırmalık,Cips,Marka-A,False
2025-04-11,M01,U007,38,74,150.45,False,Atıştırmalık,Cips,Marka-A,False
2025-04-12,M01,U007,26,48,150.45,False,Atıştırmalık,Cips,Marka-A,False
2025-04-13,M01,U007,37,11,150.45,False,Atıştırmalık,Cips,Marka-A,False
2025-04-14,M01,U007,11,0,150.45,True,Atıştırmalık,Cips,Marka-A,False
2025-04-15,M01,U007,0,0,150.45,True,Atıştırmalık,Cips,Marka-A,False
2025-04-16,M01,U007,0,0,150.45,True,Atıştırmalık,Cips,Marka-A,False
2025-04-17,M01,U007,0,0,150.45,True,Atıştırmalık,Cips,Marka-A,False
2025-04-18,M01,U007,0,0,150.45,True,Atıştırmalık,Cips,Marka-A,False
2025-04-19,M01,U007,0,0,150.45,True,Atıştırmalık,Cips,Marka-A,False
2025-04-20,M01,U007,0,0,150.45,True,Atıştırmalık,Cips,Marka-A,False
2025-04-21,M01,U007,26,85,150.45,False,Atıştırmalık,Cips,Marka-A,False
2025-04-22,M01,U007,20,65,150.45,False,Atıştırmalık,Cips,Marka-A,False
2025-04-23,M01,U007,23,42,150.45,False,Atıştırmalık,Cips,Marka-A,False
2025-04-24,M01,U007,42,0,135.41,True,Atıştırmalık,Cips,Marka-A,True
2025-04-25,M01,U007,0,0,150.45,True,Atıştırmalık,Cips,Marka-A,False
2025-04-26,M01,U007,0,0,150.45,True,Atıştırmalık,Cips,Marka-A,False
2025-04-27,M01,U007,0,0,150.45,True,Atıştırmalık,Cips,Marka-A,False
2025-04-28,M01,U007,0,0,150.45,True,Atıştırmalık,Cips,Marka-A,False
2025-04-29,M01,U007,0,0,150.45,True,Atıştırmalık,Cips,Marka-A,False
2025-04-30,M01,U007,0,0,150.45,True,Atıştırmalık,Cips,Marka-A,False
2025-05-01,M01,U007,34,91,150.45,False,Atıştırmalık,Cips,Marka-A,False
2025-05-02,M01,U007,32,59,150.45,False,Atıştırmalık,Cips,Marka-A,False
2025-05-03,M01,U007,49,10,150.45,False,Atıştırmalık,Cips,Marka-A,False
2025-05-04,M01,U007,10,0,150.45,True,Atıştırmalık,Cips,Marka-A,False
2025-05-05,M01,U007,0,0,150.45,True,Atıştırmalık,Cips,Marka-A,False
2025-05-06,M01,U007,0,0,150.45,True,Atıştırmalık,Cips,Marka-A,False
2025-01-01,M01,U008,12,65,111.37,False,Atıştırmalık,Cips,Marka-B,False
2025-01-02,M01,U008,11,54,111.37,False,Atıştırmalık,Cips,Marka-B,False
2025-01-03,M01,U008,12,42,111.37,False,Atıştırmalık,Cips,Marka-B,False
2025-01-04,M01,U008,13,29,111.37,False,Atıştırmalık,Cips,Marka-B,False
2025-01-05,M01,U008,12,69,111.37,False,Atıştırmalık,Cips,Marka-B,False
2025-01-06,M01,U008,11,58,111.37,False,Atıştırmalık,Cips,Marka-B,False
2025-01-07,M01,U008,8,50,111.37,False,Atıştırmalık,Cips,Marka-B,False
2025-01-08,M01,U008,11,39,111.37,False,Atıştırmalık,Cips,Marka-B,False
2025-01-09,M01,U008,13,68,100.23,False,Atıştırmalık,Cips,Marka-B,True
2025-01-10,M01,U008,10,58,111.37,False,Atıştırmalık,Cips,Marka-B,False
2025-01-11,M01,U008,22,36,111.37,False,Atıştırmalık,Cips,Marka-B,False
2025-01-12,M01,U008,29,7,89.1,False,Atıştırmalık,Cips,Marka-B,True
2025-01-13,M01,U008,12,61,111.37,False,Atıştırmalık,Cips,Marka-B,False
2025-01-14,M01,U008,5,56,111.37,False,Atıştırmalık,Cips,Marka-B,False
2025-01-15,M01,U008,10,46,111.37,False,Atıştırmalık,Cips,Marka-B,False
2025-01-16,M01,U008,7,39,111.37,False,Atıştırmalık,Cips,Marka-B,False
2025-01-17,M01,U008,9,30,111.37,False,Atıştırmalık,Cips,Marka-B,False
2025-01-18,M01,U008,14,16,111.37,False,Atıştırmalık,Cips,Marka-B,False
2025-01-19,M01,U008,16,0,94.66,True,Atıştırmalık,Cips,Marka-B,True
2025-01-20,M01,U008,0,0,111.37,True,Atıştırmalık,Cips,Marka-B,False
2025-01-21,M01,U008,5,82,111.37,False,Atıştırmalık,Cips,Marka-B,False
2025-01-22,M01,U008,10,72,111.37,False,Atıştırmalık,Cips,Marka-B,False
2025-01-23,M01,U008,14,58,111.37,False,Atıştırmalık,Cips,Marka-B,False
2025-01-24,M01,U008,9,49,111.37,False,Atıştırmalık,Cips,Marka-B,False
2025-01-25,M01,U008,10,63,111.37,False,Atıştırmalık,Cips,Marka-B,False
2025-01-26,M01,U008,14,49,111.37,False,Atıştırmalık,Cips,Marka-B,False
2025-01-27,M01,U008,5,44,111.37,False,Atıştırmalık,Cips,Marka-B,False
2025-01-28,M01,U008,7,37,111.37,False,Atıştırmalık,Cips,Marka-B,False
2025-01-29,M01,U008,13,73,111.37,False,Atıştırmalık,Cips,Marka-B,False
2025-01-30,M01,U008,17,56,111.37,False,Atıştırmalık,Cips,Marka-B,False
2025-01-31,M01,U008,14,42,111.37,False,Atıştırmalık,Cips,Marka-B,False
2025-02-01,M01,U008,13,29,111.37,False,Atıştırmalık,Cips,Marka-B,False
2025-02-02,M01,U008,13,71,111.37,False,Atıştırmalık,Cips,Marka-B,False
2025-02-03,M01,U008,16,55,111.37,False,Atıştırmalık,Cips,Marka-B,False
2025-02-04,M01,U008,8,47,111.37,False,Atıştırmalık,Cips,Marka-B,False
2025-02-05,M01,U008,13,34,111.37,False,Atıştırmalık,Cips,Marka-B,False
2025-02-06,M01,U008,10,74,111.37,False,Atıştırmalık,Cips,Marka-B,False
2025-02-07,M01,U008,15,59,111.37,False,Atıştırmalık,Cips,Marka-B,False
2025-02-08,M01,U008,12,47,111.37,False,Atıştırmalık,Cips,Marka-B,False
2025-02-09,M01,U008,9,38,111.37,False,Atıştırmalık,Cips,Marka-B,False
2025-02-10,M01,U008,12,62,111.37,False,Atıştırmalık,Cips,Marka-B,False
2025-02-11,M01,U008,10,52,111.37,False,Atıştırmalık,Cips,Marka-B,False
2025-02-12,M01,U008,14,38,111.37,False,Atıştırmalık,Cips,Marka-B,False
2025-02-13,M01,U008,18,20,111.37,False,Atıştırmalık,Cips,Marka-B,False
2025-02-14,M01,U008,9,11,111.37,False,Atıştırmalık,Cips,Marka-B,False
2025-02-15,M01,U008,11,0,111.37,True,Atıştırmalık,Cips,Marka-B,False
2025-02-16,M01,U008,0,0,111.37,True,Atıştırmalık,Cips,Marka-B,False
2025-02-17,M01,U008,0,0,111.37,True,Atıştırmalık,Cips,Marka-B,False
2025-02-18,M01,U008,6,79,111.37,False,Atıştırmalık,Cips,Marka-B,False
2025-02-19,M01,U008,17,62,111.37,False,Atıştırmalık,Cips,Marka-B,False
2025-02-20,M01,U008,12,50,111.37,False,Atıştırmalık,Cips,Marka-B,False
2025-02-21,M01,U008,14,36,111.37,False,Atıştırmalık,Cips,Marka-B,False
2025-02-22,M01,U008,10,76,111.37,False,Atıştırmalık,Cips,Marka-B,False
2025-02-23,M01,U008,16,60,111.37,False,Atıştırmalık,Cips,Marka-B,False
2025-02-24,M01,U008,11,49,111.37,False,Atıştırmalık,Cips,Marka-B,False
2025-02-25,M01,U008,17,32,94.66,False,Atıştırmalık,Cips,Marka-B,True
2025-02-26,M01,U008,12,65,111.37,False,Atıştırmalık,Cips,Marka-B,False
2025-02-27,M01,U008,12,53,111.37,False,Atıştırmalık,Cips,Marka-B,False
2025-02-28,M01,U008,19,34,89.1,False,Atıştırmalık,Cips,Marka-B,True
2025-03-01,M01,U008,15,19,111.37,False,Atıştırmalık,Cips,Marka-B,False
2025-03-02,M01,U008,20,51,111.37,False,Atıştırmalık,Cips,Marka-B,False
2025-03-03,M01,U008,7,44,111.37,False,Atıştırmalık,Cips,Marka-B,False
2025-03-04,M01,U008,15,29,111.37,False,Atıştırmalık,Cips,Marka-B,False
2025-03-05,M01,U008,9,20,111.37,False,Atıştırmalık,Cips,Marka-B,False
2025-03-06,M01,U008,15,63,111.37,False,Atıştırmalık,Cips,Marka-B,False
2025-03-07,M01,U008,8,55,111.37,False,Atıştırmalık,Cips,Marka-B,False
2025-03-08,M01,U008,9,46,111.37,False,Atıştırmalık,Cips,Marka-B,False
2025-03-09,M01,U008,21,25,100.23,False,Atıştırmalık,Cips,Marka-B,True
2025-03-10,M01,U008,8,76,111.37,False,Atıştırmalık,Cips,Marka-B,False
2025-03-11,M01,U008,16,60,111.37,False,Atıştırmalık,Cips,Marka-B,False
2025-03-12,M01,U008,7,53,111.37,False,Atıştırmalık,Cips,Marka-B,False
2025-03-13,M01,U008,15,38,111.37,False,Atıştırmalık,Cips,Marka-B,False
2025-03-14,M01,U008,19,63,94.66,False,Atıştırmalık,Cips,Marka-B,True
2025-03-15,M01,U008,16,47,111.37,False,Atıştırmalık,Cips,Marka-B,False
2025-03-16,M01,U008,16,31,111.37,False,Atıştırmalık,Cips,Marka-B,False
2025-03-17,M01,U008,15,16,94.66,False,Atıştırmalık,Cips,Marka-B,True
2025-03-18,M01,U008,8,73,111.37,False,Atıştırmalık,Cips,Marka-B,False
2025-03-19,M01,U008,24,49,111.37,False,Atıştırmalık,Cips,Marka-B,False
2025-03-20,M01,U008,15,34,111.37,False,Atıştırmalık,Cips,Marka-B,False
2025-03-21,M01,U008,12,22,111.37,False,Atıştırmalık,Cips,Marka-B,False
2025-03-22,M01,U008,20,63,111.37,False,Atıştırmalık,Cips,Marka-B,False
2025-03-23,M01,U008,17,46,111.37,False,Atıştırmalık,Cips,Marka-B,False
2025-03-24,M01,U008,14,32,111.37,False,Atıştırmalık,Cips,Marka-B,False
2025-03-25,M01,U008,8,24,111.37,False,Atıştırmalık,Cips,Marka-B,False
2025-03-26,M01,U008,20,4,111.37,False,Atıştırmalık,Cips,Marka-B,False
2025-03-27,M01,U008,4,0,111.37,True,Atıştırmalık,Cips,Marka-B,False
2025-03-28,M01,U008,0,0,111.37,True,Atıştırmalık,Cips,Marka-B,False
2025-03-29,M01,U008,0,0,111.37,True,Atıştırmalık,Cips,Marka-B,False
2025-03-30,M01,U008,13,59,111.37,False,Atıştırmalık,Cips,Marka-B,False
2025-03-31,M01,U008,13,46,111.37,False,Atıştırmalık,Cips,Marka-B,False
2025-04-01,M01,U008,13,33,111.37,False,Atıştırmalık,Cips,Marka-B,False
2025-04-02,M01,U008,13,20,111.37,False,Atıştırmalık,Cips,Marka-B,False
2025-04-03,M01,U008,18,66,89.1,False,Atıştırmalık,Cips,Marka-B,True
2025-04-04,M01,U008,14,52,111.37,False,Atıştırmalık,Cips,Marka-B,False
2025-04-05,M01,U008,14,38,111.37,False,Atıştırmalık,Cips,Marka-B,False
2025-04-06,M01,U008,15,23,111.37,False,Atıştırmalık,Cips,Marka-B,False
2025-04-07,M01,U008,15,64,111.37,False,Atıştırmalık,Cips,Marka-B,False
2025-04-08,M01,U008,18,46,111.37,False,Atıştırmalık,Cips,Marka-B,False
2025-04-09,M01,U008,11,35,111.37,False,Atıştırmalık,Cips,Marka-B,False
2025-04-10,M01,U008,14,21,111.37,False,Atıştırmalık,Cips,Marka-B,False
2025-04-11,M01,U008,20,52,111.37,False,Atıştırmalık,Cips,Marka-B,False
2025-04-12,M01,U008,8,44,111.37,False,Atıştırmalık,Cips,Marka-B,False
2025-04-13,M01,U008,7,37,111.37,False,Atıştırmalık,Cips,Marka-B,False
2025-04-14,M01,U008,18,19,89.1,False,Atıştırmalık,Cips,Marka-B,True
2025-04-15,M01,U008,9,71,111.37,False,Atıştırmalık,Cips,Marka-B,False
2025-04-16,M01,U008,13,58,111.37,False,Atıştırmalık,Cips,Marka-B,False
2025-04-17,M01,U008,6,52,111.37,False,Atıştırmalık,Cips,Marka-B,False
2025-04-18,M01,U008,19,33,94.66,False,Atıştırmalık,Cips,Marka-B,True
2025-04-19,M01,U008,19,61,111.37,False,Atıştırmalık,Cips,Marka-B,False
2025-04-20,M01,U008,16,45,111.37,False,Atıştırmalık,Cips,Marka-B,False
2025-04-21,M01,U008,9,36,111.37,False,Atıştırmalık,Cips,Marka-B,False
2025-04-22,M01,U008,8,28,111.37,False,Atıştırmalık,Cips,Marka-B,False
2025-04-23,M01,U008,18,56,111.37,False,Atıştırmalık,Cips,Marka-B,False
2025-04-24,M01,U008,11,45,111.37,False,Atıştırmalık,Cips,Marka-B,False
2025-04-25,M01,U008,12,33,111.37,False,Atıştırmalık,Cips,Marka-B,False
2025-04-26,M01,U008,17,16,111.37,False,Atıştırmalık,Cips,Marka-B,False
2025-04-27,M01,U008,13,68,111.37,False,Atıştırmalık,Cips,Marka-B,False
2025-04-28,M01,U008,14,54,111.37,False,Atıştırmalık,Cips,Marka-B,False
2025-04-29,M01,U008,15,39,111.37,False,Atıştırmalık,Cips,Marka-B,False
2025-04-30,M01,U008,16,23,100.23,False,Atıştırmalık,Cips,Marka-B,True
2025-05-01,M01,U008,18,59,111.37,False,Atıştırmalık,Cips,Marka-B,False
2025-05-02,M01,U008,9,50,111.37,False,Atıştırmalık,Cips,Marka-B,False
2025-05-03,M01,U008,17,33,111.37,False,Atıştırmalık,Cips,Marka-B,False
2025-05-04,M01,U008,20,13,100.23,False,Atıştırmalık,Cips,Marka-B,True
2025-05-05,M01,U008,10,70,111.37,False,Atıştırmalık,Cips,Marka-B,False
2025-05-06,M01,U008,9,61,111.37,False,Atıştırmalık,Cips,Marka-B,False
2025-01-01,M01,U009,8,34,133.04,False,Atıştırmalık,Bisküvi,Marka-C,False
2025-01-02,M01,U009,7,27,133.04,False,Atıştırmalık,Bisküvi,Marka-C,False
2025-01-03,M01,U009,6,21,133.04,False,Atıştırmalık,Bisküvi,Marka-C,False
2025-01-04,M01,U009,12,9,133.04,False,Atıştırmalık,Bisküvi,Marka-C,False
2025-01-05,M01,U009,7,2,133.04,False,Atıştırmalık,Bisküvi,Marka-C,False
2025-01-06,M01,U009,7,31,113.08,False,Atıştırmalık,Bisküvi,Marka-C,True
2025-01-07,M01,U009,2,29,133.04,False,Atıştırmalık,Bisküvi,Marka-C,False
2025-01-08,M01,U009,7,22,133.04,False,Atıştırmalık,Bisküvi,Marka-C,False
2025-01-09,M01,U009,7,15,133.04,False,Atıştırmalık,Bisküvi,Marka-C,False
2025-01-10,M01,U009,6,9,133.04,False,Atıştırmalık,Bisküvi,Marka-C,False
2025-01-11,M01,U009,16,25,119.74,False,Atıştırmalık,Bisküvi,Marka-C,True
2025-01-12,M01,U009,10,15,133.04,False,Atıştırmalık,Bisküvi,Marka-C,False
2025-01-13,M01,U009,9,6,133.04,False,Atıştırmalık,Bisküvi,Marka-C,False
2025-01-14,M01,U009,6,0,133.04,False,Atıştırmalık,Bisküvi,Marka-C,False
2025-01-15,M01,U009,0,0,133.04,True,Atıştırmalık,Bisküvi,Marka-C,False
2025-01-16,M01,U009,5,32,133.04,False,Atıştırmalık,Bisküvi,Marka-C,False
2025-01-17,M01,U009,3,29,133.04,False,Atıştırmalık,Bisküvi,Marka-C,False
2025-01-18,M01,U009,9,20,133.04,False,Atıştırmalık,Bisküvi,Marka-C,False
2025-01-19,M01,U009,9,11,133.04,False,Atıştırmalık,Bisküvi,Marka-C,False
2025-01-20,M01,U009,7,4,133.04,False,Atıştırmalık,Bisküvi,Marka-C,False
2025-01-21,M01,U009,3,33,133.04,False,Atıştırmalık,Bisküvi,Marka-C,False
2025-01-22,M01,U009,9,24,133.04,False,Atıştırmalık,Bisküvi,Marka-C,False
2025-01-23,M01,U009,12,12,133.04,False,Atıştırmalık,Bisküvi,Marka-C,False
2025-01-24,M01,U009,6,6,133.04,False,Atıştırmalık,Bisküvi,Marka-C,False
2025-01-25,M01,U009,6,0,133.04,True,Atıştırmalık,Bisküvi,Marka-C,False
2025-01-26,M01,U009,14,23,119.74,False,Atıştırmalık,Bisküvi,Marka-C,True
2025-01-27,M01,U009,7,16,133.04,False,Atıştırmalık,Bisküvi,Marka-C,False
2025-01-28,M01,U009,4,12,133.04,False,Atıştırmalık,Bisküvi,Marka-C,False
2025-01-29,M01,U009,11,1,113.08,False,Atıştırmalık,Bisküvi,Marka-C,True
2025-01-30,M01,U009,1,0,133.04,True,Atıştırmalık,Bisküvi,Marka-C,False
2025-01-31,M01,U009,0,0,133.04,True,Atıştırmalık,Bisküvi,Marka-C,False
2025-02-01,M01,U009,0,0,106.43,True,Atıştırmalık,Bisküvi,Marka-C,True
2025-02-02,M01,U009,0,0,133.04,True,Atıştırmalık,Bisküvi,Marka-C,False
2025-02-03,M01,U009,0,0,133.04,True,Atıştırmalık,Bisküvi,Marka-C,False
2025-02-04,M01,U009,0,0,113.08,True,Atıştırmalık,Bisküvi,Marka-C,True
2025-02-05,M01,U009,7,33,133.04,False,Atıştırmalık,Bisküvi,Marka-C,False
2025-02-06,M01,U009,9,24,133.04,False,Atıştırmalık,Bisküvi,Marka-C,False
2025-02-07,M01,U009,9,15,133.04,False,Atıştırmalık,Bisküvi,Marka-C,False
2025-02-08,M01,U009,9,6,133.04,False,Atıştırmalık,Bisküvi,Marka-C,False
2025-02-09,M01,U009,6,0,133.04,True,Atıştırmalık,Bisküvi,Marka-C,False
2025-02-10,M01,U009,6,36,133.04,False,Atıştırmalık,Bisküvi,Marka-C,False
2025-02-11,M01,U009,8,28,133.04,False,Atıştırmalık,Bisküvi,Marka-C,False
2025-02-12,M01,U009,8,20,133.04,False,Atıştırmalık,Bisküvi,Marka-C,False
2025-02-13,M01,U009,7,13,133.04,False,Atıştırmalık,Bisküvi,Marka-C,False
2025-02-14,M01,U009,10,3,133.04,False,Atıştırmalık,Bisküvi,Marka-C,False
2025-02-15,M01,U009,13,25,133.04,False,Atıştırmalık,Bisküvi,Marka-C,False
2025-02-16,M01,U009,11,14,133.04,False,Atıştırmalık,Bisküvi,Marka-C,False
2025-02-17,M01,U009,9,5,133.04,False,Atıştırmalık,Bisküvi,Marka-C,False
2025-02-18,M01,U009,5,0,133.04,True,Atıştırmalık,Bisküvi,Marka-C,False
2025-02-19,M01,U009,0,0,133.04,True,Atıştırmalık,Bisküvi,Marka-C,False
2025-02-20,M01,U009,8,28,133.04,False,Atıştırmalık,Bisküvi,Marka-C,False
2025-02-21,M01,U009,8,20,133.04,False,Atıştırmalık,Bisküvi,Marka-C,False
2025-02-22,M01,U009,6,14,133.04,False,Atıştırmalık,Bisküvi,Marka-C,False
2025-02-23,M01,U009,7,7,133.04,False,Atıştırmalık,Bisküvi,Marka-C,False
2025-02-24,M01,U009,7,0,133.04,True,Atıştırmalık,Bisküvi,Marka-C,False
2025-02-25,M01,U009,11,28,133.04,False,Atıştırmalık,Bisküvi,Marka-C,False
2025-02-26,M01,U009,13,15,119.74,False,Atıştırmalık,Bisküvi,Marka-C,True
2025-02-27,M01,U009,7,8,133.04,False,Atıştırmalık,Bisküvi,Marka-C,False
2025-02-28,M01,U009,7,1,133.04,False,Atıştırmalık,Bisküvi,Marka-C,False
2025-03-01,M01,U009,1,0,133.04,True,Atıştırmalık,Bisküvi,Marka-C,False
2025-03-02,M01,U009,10,29,133.04,False,Atıştırmalık,Bisküvi,Marka-C,False
2025-03-03,M01,U009,5,24,133.04,False,Atıştırmalık,Bisküvi,Marka-C,False
2025-03-04,M01,U009,11,13,133.04,False,Atıştırmalık,Bisküvi,Marka-C,False
2025-03-05,M01,U009,8,5,133.04,False,Atıştırmalık,Bisküvi,Marka-C,False
2025-03-06,M01,U009,5,0,133.04,True,Atıştırmalık,Bisküvi,Marka-C,False
2025-03-07,M01,U009,8,30,133.04,False,Atıştırmalık,Bisküvi,Marka-C,False
2025-03-08,M01,U009,7,23,133.04,False,Atıştırmalık,Bisküvi,Marka-C,False
2025-03-09,M01,U009,6,17,133.04,False,Atıştırmalık,Bisküvi,Marka-C,False
2025-03-10,M01,U009,9,8,133.04,False,Atıştırmalık,Bisküvi,Marka-C,False
2025-03-11,M01,U009,1,7,133.04,False,Atıştırmalık,Bisküvi,Marka-C,False
2025-03-12,M01,U009,9,30,133.04,False,Atıştırmalık,Bisküvi,Marka-C,False
2025-03-13,M01,U009,5,25,133.04,False,Atıştırmalık,Bisküvi,Marka-C,False
2025-03-14,M01,U009,5,20,133.04,False,Atıştırmalık,Bisküvi,Marka-C,False
2025-03-15,M01,U009,15,5,133.04,False,Atıştırmalık,Bisküvi,Marka-C,False
2025-03-16,M01,U009,5,0,133.04,True,Atıştırmalık,Bisküvi,Marka-C,False
2025-03-17,M01,U009,3,33,133.04,False,Atıştırmalık,Bisküvi,Marka-C,False
2025-03-18,M01,U009,6,27,133.04,False,Atıştırmalık,Bisküvi,Marka-C,False
2025-03-19,M01,U009,4,23,133.04,False,Atıştırmalık,Bisküvi,Marka-C,False
2025-03-20,M01,U009,2,21,133.04,False,Atıştırmalık,Bisküvi,Marka-C,False
2025-03-21,M01,U009,9,12,133.04,False,Atıştırmalık,Bisküvi,Marka-C,False
2025-03-22,M01,U009,8,30,133.04,False,Atıştırmalık,Bisküvi,Marka-C,False
2025-03-23,M01,U009,7,23,133.04,False,Atıştırmalık,Bisküvi,Marka-C,False
2025-03-24,M01,U009,10,13,133.04,False,Atıştırmalık,Bisküvi,Marka-C,False
2025-03-25,M01,U009,10,3,119.74,False,Atıştırmalık,Bisküvi,Marka-C,True
2025-03-26,M01,U009,3,0,133.04,True,Atıştırmalık,Bisküvi,Marka-C,False
2025-03-27,M01,U009,11,29,133.04,False,Atıştırmalık,Bisküvi,Marka-C,False
2025-03-28,M01,U009,7,22,133.04,False,Atıştırmalık,Bisküvi,Marka-C,False
2025-03-29,M01,U009,10,12,133.04,False,Atıştırmalık,Bisküvi,Marka-C,False
2025-03-30,M01,U009,7,5,133.04,False,Atıştırmalık,Bisküvi,Marka-C,False
2025-03-31,M01,U009,4,1,133.04,False,Atıştırmalık,Bisküvi,Marka-C,False
2025-04-01,M01,U009,10,28,133.04,False,Atıştırmalık,Bisküvi,Marka-C,False
2025-04-02,M01,U009,13,15,113.08,False,Atıştırmalık,Bisküvi,Marka-C,True
2025-04-03,M01,U009,15,0,119.74,False,Atıştırmalık,Bisküvi,Marka-C,True
2025-04-04,M01,U009,0,0,133.04,True,Atıştırmalık,Bisküvi,Marka-C,False
2025-04-05,M01,U009,0,0,133.04,True,Atıştırmalık,Bisküvi,Marka-C,False
2025-04-06,M01,U009,9,27,133.04,False,Atıştırmalık,Bisküvi,Marka-C,False
2025-04-07,M01,U009,5,22,133.04,False,Atıştırmalık,Bisküvi,Marka-C,False
2025-04-08,M01,U009,10,12,133.04,False,Atıştırmalık,Bisküvi,Marka-C,False
2025-04-09,M01,U009,6,6,133.04,False,Atıştırmalık,Bisküvi,Marka-C,False
2025-04-10,M01,U009,6,0,133.04,True,Atıştırmalık,Bisküvi,Marka-C,False
2025-04-11,M01,U009,10,28,133.04,False,Atıştırmalık,Bisküvi,Marka-C,False
2025-04-12,M01,U009,12,16,133.04,False,Atıştırmalık,Bisküvi,Marka-C,False
2025-04-13,M01,U009,10,6,133.04,False,Atıştırmalık,Bisküvi,Marka-C,False
2025-04-14,M01,U009,3,3,133.04,False,Atıştırmalık,Bisküvi,Marka-C,False
2025-04-15,M01,U009,3,0,133.04,True,Atıştırmalık,Bisküvi,Marka-C,False
2025-04-16,M01,U009,6,30,133.04,False,Atıştırmalık,Bisküvi,Marka-C,False
2025-04-17,M01,U009,5,25,133.04,False,Atıştırmalık,Bisküvi,Marka-C,False
2025-04-18,M01,U009,3,22,133.04,False,Atıştırmalık,Bisküvi,Marka-C,False
2025-04-19,M01,U009,9,13,133.04,False,Atıştırmalık,Bisküvi,Marka-C,False
2025-04-20,M01,U009,11,2,133.04,False,Atıştırmalık,Bisküvi,Marka-C,False
2025-04-21,M01,U009,7,32,113.08,False,Atıştırmalık,Bisküvi,Marka-C,True
2025-04-22,M01,U009,7,25,133.04,False,Atıştırmalık,Bisküvi,Marka-C,False
2025-04-23,M01,U009,6,19,133.04,False,Atıştırmalık,Bisküvi,Marka-C,False
2025-04-24,M01,U009,11,8,133.04,False,Atıştırmalık,Bisküvi,Marka-C,False
2025-04-25,M01,U009,4,4,133.04,False,Atıştırmalık,Bisküvi,Marka-C,False
2025-04-26,M01,U009,12,28,133.04,False,Atıştırmalık,Bisküvi,Marka-C,False
2025-04-27,M01,U009,10,18,133.04,False,Atıştırmalık,Bisküvi,Marka-C,False
2025-04-28,M01,U009,7,11,133.04,False,Atıştırmalık,Bisküvi,Marka-C,False
2025-04-29,M01,U009,4,7,133.04,False,Atıştırmalık,Bisküvi,Marka-C,False
2025-04-30,M01,U009,7,0,133.04,True,Atıştırmalık,Bisküvi,Marka-C,False
2025-05-01,M01,U009,8,31,133.04,False,Atıştırmalık,Bisküvi,Marka-C,False
2025-05-02,M01,U009,9,22,133.04,False,Atıştırmalık,Bisküvi,Marka-C,False
2025-05-03,M01,U009,9,13,133.04,False,Atıştırmalık,Bisküvi,Marka-C,False
2025-05-04,M01,U009,9,4,133.04,False,Atıştırmalık,Bisküvi,Marka-C,False
2025-05-05,M01,U009,4,0,133.04,True,Atıştırmalık,Bisküvi,Marka-C,False
2025-05-06,M01,U009,10,31,106.43,False,Atıştırmalık,Bisküvi,Marka-C,True
2025-01-01,M01,U010,23,91,186.29,False,Atıştırmalık,Bisküvi,Marka-D,False
2025-01-02,M01,U010,17,74,186.29,False,Atıştırmalık,Bisküvi,Marka-D,False
2025-01-03,M01,U010,23,51,186.29,False,Atıştırmalık,Bisküvi,Marka-D,False
2025-01-04,M01,U010,39,12,158.35,False,Atıştırmalık,Bisküvi,Marka-D,True
2025-01-05,M01,U010,12,0,186.29,True,Atıştırmalık,Bisküvi,Marka-D,False
2025-01-06,M01,U010,0,0,186.29,True,Atıştırmalık,Bisküvi,Marka-D,False
2025-01-07,M01,U010,0,0,186.29,True,Atıştırmalık,Bisküvi,Marka-D,False
2025-01-08,M01,U010,22,106,186.29,False,Atıştırmalık,Bisküvi,Marka-D,False
2025-01-09,M01,U010,22,84,186.29,False,Atıştırmalık,Bisküvi,Marka-D,False
2025-01-10,M01,U010,22,62,186.29,False,Atıştırmalık,Bisküvi,Marka-D,False
2025-01-11,M01,U010,32,30,186.29,False,Atıştırmalık,Bisküvi,Marka-D,False
2025-01-12,M01,U010,24,6,186.29,False,Atıştırmalık,Bisküvi,Marka-D,False
2025-01-13,M01,U010,6,0,186.29,True,Atıştırmalık,Bisküvi,Marka-D,False
2025-01-14,M01,U010,0,0,186.29,True,Atıştırmalık,Bisküvi,Marka-D,False
2025-01-15,M01,U010,25,98,186.29,False,Atıştırmalık,Bisküvi,Marka-D,False
2025-01-16,M01,U010,19,79,186.29,False,Atıştırmalık,Bisküvi,Marka-D,False
2025-01-17,M01,U010,19,60,186.29,False,Atıştırmalık,Bisküvi,Marka-D,False
2025-01-18,M01,U010,29,31,186.29,False,Atıştırmalık,Bisküvi,Marka-D,False
2025-01-19,M01,U010,26,5,186.29,False,Atıştırmalık,Bisküvi,Marka-D,False
2025-01-20,M01,U010,5,0,186.29,True,Atıştırmalık,Bisküvi,Marka-D,False
2025-01-21,M01,U010,0,0,186.29,True,Atıştırmalık,Bisküvi,Marka-D,False
2025-01-22,M01,U010,20,100,186.29,False,Atıştırmalık,Bisküvi,Marka-D,False
2025-01-23,M01,U010,17,83,186.29,False,Atıştırmalık,Bisküvi,Marka-D,False
2025-01-24,M01,U010,24,59,186.29,False,Atıştırmalık,Bisküvi,Marka-D,False
2025-01-25,M01,U010,23,36,186.29,False,Atıştırmalık,Bisküvi,Marka-D,False
2025-01-26,M01,U010,36,0,149.03,True,Atıştırmalık,Bisküvi,Marka-D,True
2025-01-27,M01,U010,0,0,186.29,True,Atıştırmalık,Bisküvi,Marka-D,False
2025-01-28,M01,U010,0,0,186.29,True,Atıştırmalık,Bisküvi,Marka-D,False
2025-01-29,M01,U010,22,95,186.29,False,Atıştırmalık,Bisküvi,Marka-D,False
2025-01-30,M01,U010,18,77,186.29,False,Atıştırmalık,Bisküvi,Marka-D,False
2025-01-31,M01,U010,23,54,186.29,False,Atıştırmalık,Bisküvi,Marka-D,False
2025-02-01,M01,U010,21,33,186.29,False,Atıştırmalık,Bisküvi,Marka-D,False
2025-02-02,M01,U010,33,0,158.35,True,Atıştırmalık,Bisküvi,Marka-D,True
2025-02-03,M01,U010,0,0,167.66,True,Atıştırmalık,Bisküvi,Marka-D,True
2025-02-04,M01,U010,0,0,186.29,True,Atıştırmalık,Bisküvi,Marka-D,False
2025-02-05,M01,U010,18,103,186.29,False,Atıştırmalık,Bisküvi,Marka-D,False
2025-02-06,M01,U010,14,89,186.29,False,Atıştırmalık,Bisküvi,Marka-D,False
2025-02-07,M01,U010,20,69,186.29,False,Atıştırmalık,Bisküvi,Marka-D,False
2025-02-08,M01,U010,24,45,186.29,False,Atıştırmalık,Bisküvi,Marka-D,False
2025-02-09,M01,U010,43,2,167.66,False,Atıştırmalık,Bisküvi,Marka-D,True
2025-02-10,M01,U010,2,0,186.29,True,Atıştırmalık,Bisküvi,Marka-D,False
2025-02-11,M01,U010,0,0,186.29,True,Atıştırmalık,Bisküvi,Marka-D,False
2025-02-12,M01,U010,26,96,186.29,False,Atıştırmalık,Bisküvi,Marka-D,False
2025-02-13,M01,U010,16,80,186.29,False,Atıştırmalık,Bisküvi,Marka-D,False
2025-02-14,M01,U010,24,56,158.35,False,Atıştırmalık,Bisküvi,Marka-D,True
2025-02-15,M01,U010,30,26,186.29,False,Atıştırmalık,Bisküvi,Marka-D,False
2025-02-16,M01,U010,24,2,186.29,False,Atıştırmalık,Bisküvi,Marka-D,False
2025-02-17,M01,U010,2,0,186.29,True,Atıştırmalık,Bisküvi,Marka-D,False
2025-02-18,M01,U010,0,0,149.03,True,Atıştırmalık,Bisküvi,Marka-D,True
2025-02-19,M01,U010,36,77,149.03,False,Atıştırmalık,Bisküvi,Marka-D,True
2025-02-20,M01,U010,19,58,186.29,False,Atıştırmalık,Bisküvi,Marka-D,False
2025-02-21,M01,U010,22,36,186.29,False,Atıştırmalık,Bisküvi,Marka-D,False
2025-02-22,M01,U010,23,13,186.29,False,Atıştırmalık,Bisküvi,Marka-D,False
2025-02-23,M01,U010,13,0,186.29,True,Atıştırmalık,Bisküvi,Marka-D,False
2025-02-24,M01,U010,0,0,186.29,True,Atıştırmalık,Bisküvi,Marka-D,False
2025-02-25,M01,U010,0,0,186.29,True,Atıştırmalık,Bisküvi,Marka-D,False
2025-02-26,M01,U010,33,96,149.03,False,Atıştırmalık,Bisküvi,Marka-D,True
2025-02-27,M01,U010,23,73,186.29,False,Atıştırmalık,Bisküvi,Marka-D,False
2025-02-28,M01,U010,29,44,186.29,False,Atıştırmalık,Bisküvi,Marka-D,False
2025-03-01,M01,U010,29,15,186.29,False,Atıştırmalık,Bisküvi,Marka-D,False
2025-03-02,M01,U010,15,0,149.03,True,Atıştırmalık,Bisküvi,Marka-D,True
2025-03-03,M01,U010,0,0,186.29,True,Atıştırmalık,Bisküvi,Marka-D,False
2025-03-04,M01,U010,0,0,186.29,True,Atıştırmalık,Bisküvi,Marka-D,False
2025-03-05,M01,U010,28,96,186.29,False,Atıştırmalık,Bisküvi,Marka-D,False
2025-03-06,M01,U010,17,79,186.29,False,Atıştırmalık,Bisküvi,Marka-D,False
2025-03-07,M01,U010,19,60,186.29,False,Atıştırmalık,Bisküvi,Marka-D,False
2025-03-08,M01,U010,21,39,186.29,False,Atıştırmalık,Bisküvi,Marka-D,False
2025-03-09,M01,U010,22,17,186.29,False,Atıştırmalık,Bisküvi,Marka-D,False
2025-03-10,M01,U010,17,0,186.29,True,Atıştırmalık,Bisküvi,Marka-D,False
2025-03-11,M01,U010,0,0,186.29,True,Atıştırmalık,Bisküvi,Marka-D,False
2025-03-12,M01,U010,21,97,186.29,False,Atıştırmalık,Bisküvi,Marka-D,False
2025-03-13,M01,U010,18,79,186.29,False,Atıştırmalık,Bisküvi,Marka-D,False
2025-03-14,M01,U010,30,49,158.35,False,Atıştırmalık,Bisküvi,Marka-D,True
2025-03-15,M01,U010,36,13,186.29,False,Atıştırmalık,Bisküvi,Marka-D,False
2025-03-16,M01,U010,13,0,186.29,True,Atıştırmalık,Bisküvi,Marka-D,False
2025-03-17,M01,U010,0,0,186.29,True,Atıştırmalık,Bisküvi,Marka-D,False
2025-03-18,M01,U010,0,0,186.29,True,Atıştırmalık,Bisküvi,Marka-D,False
2025-03-19,M01,U010,0,0,186.29,True,Atıştırmalık,Bisküvi,Marka-D,False
2025-03-20,M01,U010,0,0,186.29,True,Atıştırmalık,Bisküvi,Marka-D,False
2025-03-21,M01,U010,0,0,186.29,True,Atıştırmalık,Bisküvi,Marka-D,False
2025-03-22,M01,U010,0,0,186.29,True,Atıştırmalık,Bisküvi,Marka-D,False
2025-03-23,M01,U010,0,0,186.29,True,Atıştırmalık,Bisküvi,Marka-D,False
2025-03-24,M01,U010,0,0,186.29,True,Atıştırmalık,Bisküvi,Marka-D,False
2025-03-25,M01,U010,0,0,186.29,True,Atıştırmalık,Bisküvi,Marka-D,False
2025-03-26,M01,U010,23,85,186.29,False,Atıştırmalık,Bisküvi,Marka-D,False
2025-03-27,M01,U010,24,61,186.29,False,Atıştırmalık,Bisküvi,Marka-D,False
2025-03-28,M01,U010,31,30,186.29,False,Atıştırmalık,Bisküvi,Marka-D,False
2025-03-29,M01,U010,27,3,186.29,False,Atıştırmalık,Bisküvi,Marka-D,False
2025-03-30,M01,U010,3,0,158.35,True,Atıştırmalık,Bisküvi,Marka-D,True
2025-03-31,M01,U010,0,0,186.29,True,Atıştırmalık,Bisküvi,Marka-D,False
2025-04-01,M01,U010,0,0,158.35,True,Atıştırmalık,Bisküvi,Marka-D,True
2025-04-02,M01,U010,20,88,186.29,False,Atıştırmalık,Bisküvi,Marka-D,False
2025-04-03,M01,U010,27,61,167.66,False,Atıştırmalık,Bisküvi,Marka-D,True
2025-04-04,M01,U010,29,32,186.29,False,Atıştırmalık,Bisküvi,Marka-D,False
2025-04-05,M01,U010,24,8,186.29,False,Atıştırmalık,Bisküvi,Marka-D,False
2025-04-06,M01,U010,8,0,186.29,True,Atıştırmalık,Bisküvi,Marka-D,False
2025-04-07,M01,U010,0,0,186.29,True,Atıştırmalık,Bisküvi,Marka-D,False
2025-04-08,M01,U010,0,0,186.29,True,Atıştırmalık,Bisküvi,Marka-D,False
2025-04-09,M01,U010,26,99,186.29,False,Atıştırmalık,Bisküvi,Marka-D,False
2025-04-10,M01,U010,22,77,186.29,False,Atıştırmalık,Bisküvi,Marka-D,False
2025-04-11,M01,U010,13,64,186.29,False,Atıştırmalık,Bisküvi,Marka-D,False
2025-04-12,M01,U010,33,31,186.29,False,Atıştırmalık,Bisküvi,Marka-D,False
2025-04-13,M01,U010,28,3,186.29,False,Atıştırmalık,Bisküvi,Marka-D,False
2025-04-14,M01,U010,3,0,186.29,True,Atıştırmalık,Bisküvi,Marka-D,False
2025-04-15,M01,U010,0,0,186.29,True,Atıştırmalık,Bisküvi,Marka-D,False
2025-04-16,M01,U010,26,103,186.29,False,Atıştırmalık,Bisküvi,Marka-D,False
2025-04-17,M01,U010,23,80,186.29,False,Atıştırmalık,Bisküvi,Marka-D,False
2025-04-18,M01,U010,31,49,186.29,False,Atıştırmalık,Bisküvi,Marka-D,False
2025-04-19,M01,U010,34,15,186.29,False,Atıştırmalık,Bisküvi,Marka-D,False
2025-04-20,M01,U010,15,0,186.29,True,Atıştırmalık,Bisküvi,Marka-D,False
2025-04-21,M01,U010,0,0,186.29,True,Atıştırmalık,Bisküvi,Marka-D,False
2025-04-22,M01,U010,0,0,186.29,True,Atıştırmalık,Bisküvi,Marka-D,False
2025-04-23,M01,U010,23,94,186.29,False,Atıştırmalık,Bisküvi,Marka-D,False
2025-04-24,M01,U010,18,76,186.29,False,Atıştırmalık,Bisküvi,Marka-D,False
2025-04-25,M01,U010,23,53,186.29,False,Atıştırmalık,Bisküvi,Marka-D,False
2025-04-26,M01,U010,28,25,186.29,False,Atıştırmalık,Bisküvi,Marka-D,False
2025-04-27,M01,U010,21,4,186.29,False,Atıştırmalık,Bisküvi,Marka-D,False
2025-04-28,M01,U010,4,0,186.29,True,Atıştırmalık,Bisküvi,Marka-D,False
2025-04-29,M01,U010,0,0,186.29,True,Atıştırmalık,Bisküvi,Marka-D,False
2025-04-30,M01,U010,23,86,186.29,False,Atıştırmalık,Bisküvi,Marka-D,False
2025-05-01,M01,U010,23,63,186.29,False,Atıştırmalık,Bisküvi,Marka-D,False
2025-05-02,M01,U010,31,32,186.29,False,Atıştırmalık,Bisküvi,Marka-D,False
2025-05-03,M01,U010,20,12,186.29,False,Atıştırmalık,Bisküvi,Marka-D,False
2025-05-04,M01,U010,12,0,186.29,True,Atıştırmalık,Bisküvi,Marka-D,False
2025-05-05,M01,U010,0,0,186.29,True,Atıştırmalık,Bisküvi,Marka-D,False
2025-05-06,M01,U010,0,0,186.29,True,Atıştırmalık,Bisküvi,Marka-D,False
2025-01-01,M01,U011,18,71,172.73,False,Atıştırmalık,Çikolata,Marka-E,False
2025-01-02,M01,U011,22,49,172.73,False,Atıştırmalık,Çikolata,Marka-E,False
2025-01-03,M01,U011,15,34,172.73,False,Atıştırmalık,Çikolata,Marka-E,False
2025-01-04,M01,U011,17,17,172.73,False,Atıştırmalık,Çikolata,Marka-E,False
2025-01-05,M01,U011,15,2,172.73,False,Atıştırmalık,Çikolata,Marka-E,False
2025-01-06,M01,U011,2,0,172.73,True,Atıştırmalık,Çikolata,Marka-E,False
2025-01-07,M01,U011,0,0,172.73,True,Atıştırmalık,Çikolata,Marka-E,False
2025-01-08,M01,U011,14,79,172.73,False,Atıştırmalık,Çikolata,Marka-E,False
2025-01-09,M01,U011,13,66,172.73,False,Atıştırmalık,Çikolata,Marka-E,False
2025-01-10,M01,U011,11,55,172.73,False,Atıştırmalık,Çikolata,Marka-E,False
2025-01-11,M01,U011,24,31,172.73,False,Atıştırmalık,Çikolata,Marka-E,False
2025-01-12,M01,U011,13,18,172.73,False,Atıştırmalık,Çikolata,Marka-E,False
2025-01-13,M01,U011,15,3,172.73,False,Atıştırmalık,Çikolata,Marka-E,False
2025-01-14,M01,U011,3,0,172.73,True,Atıştırmalık,Çikolata,Marka-E,False
2025-01-15,M01,U011,21,61,172.73,False,Atıştırmalık,Çikolata,Marka-E,False
2025-01-16,M01,U011,12,49,172.73,False,Atıştırmalık,Çikolata,Marka-E,False
2025-01-17,M01,U011,14,35,172.73,False,Atıştırmalık,Çikolata,Marka-E,False
2025-01-18,M01,U011,19,16,172.73,False,Atıştırmalık,Çikolata,Marka-E,False
2025-01-19,M01,U011,16,0,172.73,True,Atıştırmalık,Çikolata,Marka-E,False
2025-01-20,M01,U011,0,0,172.73,True,Atıştırmalık,Çikolata,Marka-E,False
2025-01-21,M01,U011,0,0,172.73,True,Atıştırmalık,Çikolata,Marka-E,False
2025-01-22,M01,U011,11,81,172.73,False,Atıştırmalık,Çikolata,Marka-E,False
2025-01-23,M01,U011,11,70,172.73,False,Atıştırmalık,Çikolata,Marka-E,False
2025-01-24,M01,U011,13,57,172.73,False,Atıştırmalık,Çikolata,Marka-E,False
2025-01-25,M01,U011,13,44,172.73,False,Atıştırmalık,Çikolata,Marka-E,False
2025-01-26,M01,U011,12,32,172.73,False,Atıştırmalık,Çikolata,Marka-E,False
2025-01-27,M01,U011,20,12,138.18,False,Atıştırmalık,Çikolata,Marka-E,True
2025-01-28,M01,U011,12,0,172.73,True,Atıştırmalık,Çikolata,Marka-E,False
2025-01-29,M01,U011,17,60,172.73,False,Atıştırmalık,Çikolata,Marka-E,False
2025-01-30,M01,U011,15,45,172.73,False,Atıştırmalık,Çikolata,Marka-E,False
2025-01-31,M01,U011,18,27,172.73,False,Atıştırmalık,Çikolata,Marka-E,False
2025-02-01,M01,U011,21,6,172.73,False,Atıştırmalık,Çikolata,Marka-E,False
2025-02-02,M01,U011,6,0,155.46,True,Atıştırmalık,Çikolata,Marka-E,True
2025-02-03,M01,U011,0,0,172.73,True,Atıştırmalık,Çikolata,Marka-E,False
2025-02-04,M01,U011,0,0,172.73,True,Atıştırmalık,Çikolata,Marka-E,False
2025-02-05,M01,U011,15,76,172.73,False,Atıştırmalık,Çikolata,Marka-E,False
2025-02-06,M01,U011,11,65,172.73,False,Atıştırmalık,Çikolata,Marka-E,False
2025-02-07,M01,U011,16,49,172.73,False,Atıştırmalık,Çikolata,Marka-E,False
2025-02-08,M01,U011,16,33,172.73,False,Atıştırmalık,Çikolata,Marka-E,False
2025-02-09,M01,U011,14,19,172.73,False,Atıştırmalık,Çikolata,Marka-E,False
2025-02-10,M01,U011,13,6,172.73,False,Atıştırmalık,Çikolata,Marka-E,False
2025-02-11,M01,U011,6,0,172.73,True,Atıştırmalık,Çikolata,Marka-E,False
2025-02-12,M01,U011,15,66,172.73,False,Atıştırmalık,Çikolata,Marka-E,False
2025-02-13,M01,U011,20,46,172.73,False,Atıştırmalık,Çikolata,Marka-E,False
2025-02-14,M01,U011,10,36,172.73,False,Atıştırmalık,Çikolata,Marka-E,False
2025-02-15,M01,U011,18,18,172.73,False,Atıştırmalık,Çikolata,Marka-E,False
2025-02-16,M01,U011,18,0,172.73,True,Atıştırmalık,Çikolata,Marka-E,False
2025-02-17,M01,U011,0,0,172.73,True,Atıştırmalık,Çikolata,Marka-E,False
2025-02-18,M01,U011,0,0,172.73,True,Atıştırmalık,Çikolata,Marka-E,False
2025-02-19,M01,U011,14,77,172.73,False,Atıştırmalık,Çikolata,Marka-E,False
2025-02-20,M01,U011,21,56,172.73,False,Atıştırmalık,Çikolata,Marka-E,False
2025-02-21,M01,U011,17,39,172.73,False,Atıştırmalık,Çikolata,Marka-E,False
2025-02-22,M01,U011,14,25,172.73,False,Atıştırmalık,Çikolata,Marka-E,False
2025-02-23,M01,U011,17,8,172.73,False,Atıştırmalık,Çikolata,Marka-E,False
2025-02-24,M01,U011,8,0,172.73,True,Atıştırmalık,Çikolata,Marka-E,False
2025-02-25,M01,U011,0,0,172.73,True,Atıştırmalık,Çikolata,Marka-E,False
2025-02-26,M01,U011,12,82,172.73,False,Atıştırmalık,Çikolata,Marka-E,False
2025-02-27,M01,U011,9,73,172.73,False,Atıştırmalık,Çikolata,Marka-E,False
2025-02-28,M01,U011,19,54,172.73,False,Atıştırmalık,Çikolata,Marka-E,False
2025-03-01,M01,U011,14,40,172.73,False,Atıştırmalık,Çikolata,Marka-E,False
2025-03-02,M01,U011,17,23,172.73,False,Atıştırmalık,Çikolata,Marka-E,False
2025-03-03,M01,U011,11,12,172.73,False,Atıştırmalık,Çikolata,Marka-E,False
2025-03-04,M01,U011,11,1,172.73,False,Atıştırmalık,Çikolata,Marka-E,False
2025-03-05,M01,U011,20,69,138.18,False,Atıştırmalık,Çikolata,Marka-E,True
2025-03-06,M01,U011,20,49,172.73,False,Atıştırmalık,Çikolata,Marka-E,False
2025-03-07,M01,U011,15,34,172.73,False,Atıştırmalık,Çikolata,Marka-E,False
2025-03-08,M01,U011,25,9,172.73,False,Atıştırmalık,Çikolata,Marka-E,False
2025-03-09,M01,U011,9,0,172.73,True,Atıştırmalık,Çikolata,Marka-E,False
2025-03-10,M01,U011,0,0,172.73,True,Atıştırmalık,Çikolata,Marka-E,False
2025-03-11,M01,U011,0,0,172.73,True,Atıştırmalık,Çikolata,Marka-E,False
2025-03-12,M01,U011,17,69,172.73,False,Atıştırmalık,Çikolata,Marka-E,False
2025-03-13,M01,U011,17,52,172.73,False,Atıştırmalık,Çikolata,Marka-E,False
2025-03-14,M01,U011,21,31,172.73,False,Atıştırmalık,Çikolata,Marka-E,False
2025-03-15,M01,U011,15,16,172.73,False,Atıştırmalık,Çikolata,Marka-E,False
2025-03-16,M01,U011,16,0,172.73,True,Atıştırmalık,Çikolata,Marka-E,False
2025-03-17,M01,U011,0,0,172.73,True,Atıştırmalık,Çikolata,Marka-E,False
2025-03-18,M01,U011,0,0,172.73,True,Atıştırmalık,Çikolata,Marka-E,False
2025-03-19,M01,U011,9,68,172.73,False,Atıştırmalık,Çikolata,Marka-E,False
2025-03-20,M01,U011,18,50,172.73,False,Atıştırmalık,Çikolata,Marka-E,False
2025-03-21,M01,U011,13,37,172.73,False,Atıştırmalık,Çikolata,Marka-E,False
2025-03-22,M01,U011,26,11,146.82,False,Atıştırmalık,Çikolata,Marka-E,True
2025-03-23,M01,U011,11,0,172.73,True,Atıştırmalık,Çikolata,Marka-E,False
2025-03-24,M01,U011,0,0,172.73,True,Atıştırmalık,Çikolata,Marka-E,False
2025-03-25,M01,U011,0,0,172.73,True,Atıştırmalık,Çikolata,Marka-E,False
2025-03-26,M01,U011,16,72,172.73,False,Atıştırmalık,Çikolata,Marka-E,False
2025-03-27,M01,U011,10,62,172.73,False,Atıştırmalık,Çikolata,Marka-E,False
2025-03-28,M01,U011,16,46,172.73,False,Atıştırmalık,Çikolata,Marka-E,False
2025-03-29,M01,U011,16,30,172.73,False,Atıştırmalık,Çikolata,Marka-E,False
2025-03-30,M01,U011,11,19,172.73,False,Atıştırmalık,Çikolata,Marka-E,False
2025-03-31,M01,U011,19,0,155.46,True,Atıştırmalık,Çikolata,Marka-E,True
2025-04-01,M01,U011,0,0,172.73,True,Atıştırmalık,Çikolata,Marka-E,False
2025-04-02,M01,U011,19,74,172.73,False,Atıştırmalık,Çikolata,Marka-E,False
2025-04-03,M01,U011,21,53,172.73,False,Atıştırmalık,Çikolata,Marka-E,False
2025-04-04,M01,U011,14,39,172.73,False,Atıştırmalık,Çikolata,Marka-E,False
2025-04-05,M01,U011,20,19,172.73,False,Atıştırmalık,Çikolata,Marka-E,False
2025-04-06,M01,U011,16,3,172.73,False,Atıştırmalık,Çikolata,Marka-E,False
2025-04-07,M01,U011,3,0,172.73,True,Atıştırmalık,Çikolata,Marka-E,False
2025-04-08,M01,U011,0,0,172.73,True,Atıştırmalık,Çikolata,Marka-E,False
2025-04-09,M01,U011,25,67,138.18,False,Atıştırmalık,Çikolata,Marka-E,True
2025-04-10,M01,U011,22,45,172.73,False,Atıştırmalık,Çikolata,Marka-E,False
2025-04-11,M01,U011,17,28,172.73,False,Atıştırmalık,Çikolata,Marka-E,False
2025-04-12,M01,U011,25,3,172.73,False,Atıştırmalık,Çikolata,Marka-E,False
2025-04-13,M01,U011,3,0,172.73,True,Atıştırmalık,Çikolata,Marka-E,False
2025-04-14,M01,U011,0,0,172.73,True,Atıştırmalık,Çikolata,Marka-E,False
2025-04-15,M01,U011,0,0,172.73,True,Atıştırmalık,Çikolata,Marka-E,False
2025-04-16,M01,U011,16,63,172.73,False,Atıştırmalık,Çikolata,Marka-E,False
2025-04-17,M01,U011,14,49,172.73,False,Atıştırmalık,Çikolata,Marka-E,False
2025-04-18,M01,U011,22,27,172.73,False,Atıştırmalık,Çikolata,Marka-E,False
2025-04-19,M01,U011,22,5,172.73,False,Atıştırmalık,Çikolata,Marka-E,False
2025-04-20,M01,U011,5,0,172.73,True,Atıştırmalık,Çikolata,Marka-E,False
2025-04-21,M01,U011,0,0,172.73,True,Atıştırmalık,Çikolata,Marka-E,False
2025-04-22,M01,U011,0,0,146.82,True,Atıştırmalık,Çikolata,Marka-E,True
2025-04-23,M01,U011,20,66,172.73,False,Atıştırmalık,Çikolata,Marka-E,False
2025-04-24,M01,U011,15,51,172.73,False,Atıştırmalık,Çikolata,Marka-E,False
2025-04-25,M01,U011,19,32,155.46,False,Atıştırmalık,Çikolata,Marka-E,True
2025-04-26,M01,U011,20,12,172.73,False,Atıştırmalık,Çikolata,Marka-E,False
2025-04-27,M01,U011,12,0,138.18,True,Atıştırmalık,Çikolata,Marka-E,True
2025-04-28,M01,U011,0,0,172.73,True,Atıştırmalık,Çikolata,Marka-E,False
2025-04-29,M01,U011,0,0,172.73,True,Atıştırmalık,Çikolata,Marka-E,False
2025-04-30,M01,U011,0,0,172.73,True,Atıştırmalık,Çikolata,Marka-E,False
2025-05-01,M01,U011,0,0,172.73,True,Atıştırmalık,Çikolata,Marka-E,False
2025-05-02,M01,U011,0,0,172.73,True,Atıştırmalık,Çikolata,Marka-E,False
2025-05-03,M01,U011,0,0,172.73,True,Atıştırmalık,Çikolata,Marka-E,False
2025-05-04,M01,U011,0,0,172.73,True,Atıştırmalık,Çikolata,Marka-E,False
2025-05-05,M01,U011,0,0,172.73,True,Atıştırmalık,Çikolata,Marka-E,False
2025-05-06,M01,U011,0,0,172.73,True,Atıştırmalık,Çikolata,Marka-E,False
2025-01-01,M01,U012,23,157,214.19,False,Atıştırmalık,Çikolata,Marka-F,False
2025-01-02,M01,U012,39,118,182.06,False,Atıştırmalık,Çikolata,Marka-F,True
2025-01-03,M01,U012,32,86,214.19,False,Atıştırmalık,Çikolata,Marka-F,False
2025-01-04,M01,U012,31,55,214.19,False,Atıştırmalık,Çikolata,Marka-F,False
2025-01-05,M01,U012,25,30,214.19,False,Atıştırmalık,Çikolata,Marka-F,False
2025-01-06,M01,U012,30,0,214.19,True,Atıştırmalık,Çikolata,Marka-F,False
2025-01-07,M01,U012,25,143,214.19,False,Atıştırmalık,Çikolata,Marka-F,False
2025-01-08,M01,U012,27,116,214.19,False,Atıştırmalık,Çikolata,Marka-F,False
2025-01-09,M01,U012,26,90,214.19,False,Atıştırmalık,Çikolata,Marka-F,False
2025-01-10,M01,U012,29,61,214.19,False,Atıştırmalık,Çikolata,Marka-F,False
2025-01-11,M01,U012,37,24,214.19,False,Atıştırmalık,Çikolata,Marka-F,False
2025-01-12,M01,U012,24,0,171.35,True,Atıştırmalık,Çikolata,Marka-F,True
2025-01-13,M01,U012,23,165,214.19,False,Atıştırmalık,Çikolata,Marka-F,False
2025-01-14,M01,U012,27,138,214.19,False,Atıştırmalık,Çikolata,Marka-F,False
2025-01-15,M01,U012,16,122,214.19,False,Atıştırmalık,Çikolata,Marka-F,False
2025-01-16,M01,U012,38,84,214.19,False,Atıştırmalık,Çikolata,Marka-F,False
2025-01-17,M01,U012,33,51,214.19,False,Atıştırmalık,Çikolata,Marka-F,False
2025-01-18,M01,U012,40,11,214.19,False,Atıştırmalık,Çikolata,Marka-F,False
2025-01-19,M01,U012,35,133,214.19,False,Atıştırmalık,Çikolata,Marka-F,False
2025-01-20,M01,U012,28,105,214.19,False,Atıştırmalık,Çikolata,Marka-F,False
2025-01-21,M01,U012,23,82,214.19,False,Atıştırmalık,Çikolata,Marka-F,False
2025-01-22,M01,U012,28,54,214.19,False,Atıştırmalık,Çikolata,Marka-F,False
2025-01-23,M01,U012,26,28,214.19,False,Atıştırmalık,Çikolata,Marka-F,False
2025-01-24,M01,U012,24,4,214.19,False,Atıştırmalık,Çikolata,Marka-F,False
2025-01-25,M01,U012,30,159,214.19,False,Atıştırmalık,Çikolata,Marka-F,False
2025-01-26,M01,U012,35,124,214.19,False,Atıştırmalık,Çikolata,Marka-F,False
2025-01-27,M01,U012,32,92,214.19,False,Atıştırmalık,Çikolata,Marka-F,False
2025-01-28,M01,U012,43,49,192.77,False,Atıştırmalık,Çikolata,Marka-F,True
2025-01-29,M01,U012,28,21,214.19,False,Atıştırmalık,Çikolata,Marka-F,False
2025-01-30,M01,U012,21,0,214.19,True,Atıştırmalık,Çikolata,Marka-F,False
2025-01-31,M01,U012,46,130,214.19,False,Atıştırmalık,Çikolata,Marka-F,False
2025-02-01,M01,U012,39,91,214.19,False,Atıştırmalık,Çikolata,Marka-F,False
2025-02-02,M01,U012,32,59,214.19,False,Atıştırmalık,Çikolata,Marka-F,False
2025-02-03,M01,U012,22,37,214.19,False,Atıştırmalık,Çikolata,Marka-F,False
2025-02-04,M01,U012,24,13,214.19,False,Atıştırmalık,Çikolata,Marka-F,False
2025-02-05,M01,U012,13,0,214.19,True,Atıştırmalık,Çikolata,Marka-F,False
2025-02-06,M01,U012,26,156,214.19,False,Atıştırmalık,Çikolata,Marka-F,False
2025-02-07,M01,U012,31,125,214.19,False,Atıştırmalık,Çikolata,Marka-F,False
2025-02-08,M01,U012,29,96,214.19,False,Atıştırmalık,Çikolata,Marka-F,False
2025-02-09,M01,U012,28,68,214.19,False,Atıştırmalık,Çikolata,Marka-F,False
2025-02-10,M01,U012,27,41,214.19,False,Atıştırmalık,Çikolata,Marka-F,False
2025-02-11,M01,U012,32,9,171.35,False,Atıştırmalık,Çikolata,Marka-F,True
2025-02-12,M01,U012,33,150,214.19,False,Atıştırmalık,Çikolata,Marka-F,False
2025-02-13,M01,U012,35,115,214.19,False,Atıştırmalık,Çikolata,Marka-F,False
2025-02-14,M01,U012,39,76,214.19,False,Atıştırmalık,Çikolata,Marka-F,False
2025-02-15,M01,U012,44,32,214.19,False,Atıştırmalık,Çikolata,Marka-F,False
2025-02-16,M01,U012,20,12,214.19,False,Atıştırmalık,Çikolata,Marka-F,False
2025-02-17,M01,U012,12,0,214.19,True,Atıştırmalık,Çikolata,Marka-F,False
2025-02-18,M01,U012,37,152,171.35,False,Atıştırmalık,Çikolata,Marka-F,True
2025-02-19,M01,U012,28,124,214.19,False,Atıştırmalık,Çikolata,Marka-F,False
2025-02-20,M01,U012,30,94,214.19,False,Atıştırmalık,Çikolata,Marka-F,False
2025-02-21,M01,U012,42,52,182.06,False,Atıştırmalık,Çikolata,Marka-F,True
2025-02-22,M01,U012,29,23,214.19,False,Atıştırmalık,Çikolata,Marka-F,False
2025-02-23,M01,U012,23,0,214.19,True,Atıştırmalık,Çikolata,Marka-F,False
2025-02-24,M01,U012,0,0,214.19,True,Atıştırmalık,Çikolata,Marka-F,False
2025-02-25,M01,U012,0,0,214.19,True,Atıştırmalık,Çikolata,Marka-F,False
2025-02-26,M01,U012,0,0,214.19,True,Atıştırmalık,Çikolata,Marka-F,False
2025-02-27,M01,U012,0,0,214.19,True,Atıştırmalık,Çikolata,Marka-F,False
2025-02-28,M01,U012,0,0,214.19,True,Atıştırmalık,Çikolata,Marka-F,False
2025-03-01,M01,U012,0,0,214.19,True,Atıştırmalık,Çikolata,Marka-F,False
2025-03-02,M01,U012,0,0,214.19,True,Atıştırmalık,Çikolata,Marka-F,False
2025-03-03,M01,U012,0,0,214.19,True,Atıştırmalık,Çikolata,Marka-F,False
2025-03-04,M01,U012,0,0,214.19,True,Atıştırmalık,Çikolata,Marka-F,False
2025-03-05,M01,U012,0,0,214.19,True,Atıştırmalık,Çikolata,Marka-F,False
2025-03-06,M01,U012,0,0,214.19,True,Atıştırmalık,Çikolata,Marka-F,False
2025-03-07,M01,U012,0,0,214.19,True,Atıştırmalık,Çikolata,Marka-F,False
2025-03-08,M01,U012,36,131,214.19,False,Atıştırmalık,Çikolata,Marka-F,False
2025-03-09,M01,U012,38,93,214.19,False,Atıştırmalık,Çikolata,Marka-F,False
2025-03-10,M01,U012,26,67,214.19,False,Atıştırmalık,Çikolata,Marka-F,False
2025-03-11,M01,U012,23,44,214.19,False,Atıştırmalık,Çikolata,Marka-F,False
2025-03-12,M01,U012,44,0,192.77,True,Atıştırmalık,Çikolata,Marka-F,True
2025-03-13,M01,U012,0,0,214.19,True,Atıştırmalık,Çikolata,Marka-F,False
2025-03-14,M01,U012,40,143,214.19,False,Atıştırmalık,Çikolata,Marka-F,False
2025-03-15,M01,U012,32,111,214.19,False,Atıştırmalık,Çikolata,Marka-F,False
2025-03-16,M01,U012,41,70,214.19,False,Atıştırmalık,Çikolata,Marka-F,False
2025-03-17,M01,U012,23,47,214.19,False,Atıştırmalık,Çikolata,Marka-F,False
2025-03-18,M01,U012,24,23,214.19,False,Atıştırmalık,Çikolata,Marka-F,False
2025-03-19,M01,U012,21,2,214.19,False,Atıştırmalık,Çikolata,Marka-F,False
2025-03-20,M01,U012,25,135,214.19,False,Atıştırmalık,Çikolata,Marka-F,False
2025-03-21,M01,U012,31,104,214.19,False,Atıştırmalık,Çikolata,Marka-F,False
2025-03-22,M01,U012,28,76,214.19,False,Atıştırmalık,Çikolata,Marka-F,False
2025-03-23,M01,U012,31,45,214.19,False,Atıştırmalık,Çikolata,Marka-F,False
2025-03-24,M01,U012,28,17,214.19,False,Atıştırmalık,Çikolata,Marka-F,False
2025-03-25,M01,U012,17,0,214.19,True,Atıştırmalık,Çikolata,Marka-F,False
2025-03-26,M01,U012,27,148,214.19,False,Atıştırmalık,Çikolata,Marka-F,False
2025-03-27,M01,U012,30,118,214.19,False,Atıştırmalık,Çikolata,Marka-F,False
2025-03-28,M01,U012,33,85,214.19,False,Atıştırmalık,Çikolata,Marka-F,False
2025-03-29,M01,U012,35,50,214.19,False,Atıştırmalık,Çikolata,Marka-F,False
2025-03-30,M01,U012,31,19,214.19,False,Atıştırmalık,Çikolata,Marka-F,False
2025-03-31,M01,U012,19,0,214.19,True,Atıştırmalık,Çikolata,Marka-F,False
2025-04-01,M01,U012,39,125,171.35,False,Atıştırmalık,Çikolata,Marka-F,True
2025-04-02,M01,U012,29,96,214.19,False,Atıştırmalık,Çikolata,Marka-F,False
2025-04-03,M01,U012,30,66,214.19,False,Atıştırmalık,Çikolata,Marka-F,False
2025-04-04,M01,U012,36,30,214.19,False,Atıştırmalık,Çikolata,Marka-F,False
2025-04-05,M01,U012,30,0,214.19,True,Atıştırmalık,Çikolata,Marka-F,False
2025-04-06,M01,U012,0,0,214.19,True,Atıştırmalık,Çikolata,Marka-F,False
2025-04-07,M01,U012,0,0,214.19,True,Atıştırmalık,Çikolata,Marka-F,False
2025-04-08,M01,U012,0,0,214.19,True,Atıştırmalık,Çikolata,Marka-F,False
2025-04-09,M01,U012,0,0,214.19,True,Atıştırmalık,Çikolata,Marka-F,False
2025-04-10,M01,U012,0,0,214.19,True,Atıştırmalık,Çikolata,Marka-F,False
2025-04-11,M01,U012,0,0,214.19,True,Atıştırmalık,Çikolata,Marka-F,False
2025-04-12,M01,U012,0,0,214.19,True,Atıştırmalık,Çikolata,Marka-F,False
2025-04-13,M01,U012,0,0,214.19,True,Atıştırmalık,Çikolata,Marka-F,False
2025-04-14,M01,U012,0,0,214.19,True,Atıştırmalık,Çikolata,Marka-F,False
2025-04-15,M01,U012,0,0,214.19,True,Atıştırmalık,Çikolata,Marka-F,False
2025-04-16,M01,U012,0,0,214.19,True,Atıştırmalık,Çikolata,Marka-F,False
2025-04-17,M01,U012,0,0,214.19,True,Atıştırmalık,Çikolata,Marka-F,False
2025-04-18,M01,U012,0,0,214.19,True,Atıştırmalık,Çikolata,Marka-F,False
2025-04-19,M01,U012,32,154,214.19,False,Atıştırmalık,Çikolata,Marka-F,False
2025-04-20,M01,U012,36,118,214.19,False,Atıştırmalık,Çikolata,Marka-F,False
2025-04-21,M01,U012,29,89,214.19,False,Atıştırmalık,Çikolata,Marka-F,False
2025-04-22,M01,U012,55,34,171.35,False,Atıştırmalık,Çikolata,Marka-F,True
2025-04-23,M01,U012,34,0,182.06,True,Atıştırmalık,Çikolata,Marka-F,True
2025-04-24,M01,U012,0,0,214.19,True,Atıştırmalık,Çikolata,Marka-F,False
2025-04-25,M01,U012,37,131,214.19,False,Atıştırmalık,Çikolata,Marka-F,False
2025-04-26,M01,U012,42,89,214.19,False,Atıştırmalık,Çikolata,Marka-F,False
2025-04-27,M01,U012,39,50,214.19,False,Atıştırmalık,Çikolata,Marka-F,False
2025-04-28,M01,U012,36,14,214.19,False,Atıştırmalık,Çikolata,Marka-F,False
2025-04-29,M01,U012,14,0,214.19,True,Atıştırmalık,Çikolata,Marka-F,False
2025-04-30,M01,U012,0,0,214.19,True,Atıştırmalık,Çikolata,Marka-F,False
2025-05-01,M01,U012,34,155,214.19,False,Atıştırmalık,Çikolata,Marka-F,False
2025-05-02,M01,U012,36,119,214.19,False,Atıştırmalık,Çikolata,Marka-F,False
2025-05-03,M01,U012,48,71,214.19,False,Atıştırmalık,Çikolata,Marka-F,False
2025-05-04,M01,U012,35,36,214.19,False,Atıştırmalık,Çikolata,Marka-F,False
2025-05-05,M01,U012,21,15,214.19,False,Atıştırmalık,Çikolata,Marka-F,False
2025-05-06,M01,U012,15,0,214.19,True,Atıştırmalık,Çikolata,Marka-F,False
2025-01-01,M01,U013,10,68,176.68,False,Süt Ürünleri,Süt,Marka-A,False
2025-01-02,M01,U013,13,55,176.68,False,Süt Ürünleri,Süt,Marka-A,False
2025-01-03,M01,U013,9,46,176.68,False,Süt Ürünleri,Süt,Marka-A,False
2025-01-04,M01,U013,18,28,176.68,False,Süt Ürünleri,Süt,Marka-A,False
2025-01-05,M01,U013,12,70,176.68,False,Süt Ürünleri,Süt,Marka-A,False
2025-01-06,M01,U013,9,61,176.68,False,Süt Ürünleri,Süt,Marka-A,False
2025-01-07,M01,U013,8,53,176.68,False,Süt Ürünleri,Süt,Marka-A,False
2025-01-08,M01,U013,13,40,176.68,False,Süt Ürünleri,Süt,Marka-A,False
2025-01-09,M01,U013,16,63,176.68,False,Süt Ürünleri,Süt,Marka-A,False
2025-01-10,M01,U013,14,49,176.68,False,Süt Ürünleri,Süt,Marka-A,False
2025-01-11,M01,U013,13,36,150.18,False,Süt Ürünleri,Süt,Marka-A,True
2025-01-12,M01,U013,8,28,176.68,False,Süt Ürünleri,Süt,Marka-A,False
2025-01-13,M01,U013,12,64,176.68,False,Süt Ürünleri,Süt,Marka-A,False
2025-01-14,M01,U013,4,60,176.68,False,Süt Ürünleri,Süt,Marka-A,False
2025-01-15,M01,U013,13,47,176.68,False,Süt Ürünleri,Süt,Marka-A,False
2025-01-16,M01,U013,14,33,176.68,False,Süt Ürünleri,Süt,Marka-A,False
2025-01-17,M01,U013,11,67,176.68,False,Süt Ürünleri,Süt,Marka-A,False
2025-01-18,M01,U013,19,48,176.68,False,Süt Ürünleri,Süt,Marka-A,False
2025-01-19,M01,U013,13,35,176.68,False,Süt Ürünleri,Süt,Marka-A,False
2025-01-20,M01,U013,4,31,176.68,False,Süt Ürünleri,Süt,Marka-A,False
2025-01-21,M01,U013,9,73,176.68,False,Süt Ürünleri,Süt,Marka-A,False
2025-01-22,M01,U013,11,62,176.68,False,Süt Ürünleri,Süt,Marka-A,False
2025-01-23,M01,U013,14,48,176.68,False,Süt Ürünleri,Süt,Marka-A,False
2025-01-24,M01,U013,13,35,176.68,False,Süt Ürünleri,Süt,Marka-A,False
2025-01-25,M01,U013,21,60,150.18,False,Süt Ürünleri,Süt,Marka-A,True
2025-01-26,M01,U013,11,49,176.68,False,Süt Ürünleri,Süt,Marka-A,False
2025-01-27,M01,U013,14,35,150.18,False,Süt Ürünleri,Süt,Marka-A,True
2025-01-28,M01,U013,7,28,176.68,False,Süt Ürünleri,Süt,Marka-A,False
2025-01-29,M01,U013,16,69,150.18,False,Süt Ürünleri,Süt,Marka-A,True
2025-01-30,M01,U013,9,60,176.68,False,Süt Ürünleri,Süt,Marka-A,False
2025-01-31,M01,U013,12,48,176.68,False,Süt Ürünleri,Süt,Marka-A,False
2025-02-01,M01,U013,6,42,176.68,False,Süt Ürünleri,Süt,Marka-A,False
2025-02-02,M01,U013,15,59,141.34,False,Süt Ürünleri,Süt,Marka-A,True
2025-02-03,M01,U013,10,49,176.68,False,Süt Ürünleri,Süt,Marka-A,False
2025-02-04,M01,U013,9,40,176.68,False,Süt Ürünleri,Süt,Marka-A,False
2025-02-05,M01,U013,15,25,159.01,False,Süt Ürünleri,Süt,Marka-A,True
2025-02-06,M01,U013,11,71,176.68,False,Süt Ürünleri,Süt,Marka-A,False
2025-02-07,M01,U013,11,60,176.68,False,Süt Ürünleri,Süt,Marka-A,False
2025-02-08,M01,U013,11,49,176.68,False,Süt Ürünleri,Süt,Marka-A,False
2025-02-09,M01,U013,13,36,176.68,False,Süt Ürünleri,Süt,Marka-A,False
2025-02-10,M01,U013,14,57,176.68,False,Süt Ürünleri,Süt,Marka-A,False
2025-02-11,M01,U013,9,48,176.68,False,Süt Ürünleri,Süt,Marka-A,False
2025-02-12,M01,U013,16,32,176.68,False,Süt Ürünleri,Süt,Marka-A,False
2025-02-13,M01,U013,11,21,176.68,False,Süt Ürünleri,Süt,Marka-A,False
2025-02-14,M01,U013,19,53,176.68,False,Süt Ürünleri,Süt,Marka-A,False
2025-02-15,M01,U013,12,41,176.68,False,Süt Ürünleri,Süt,Marka-A,False
2025-02-16,M01,U013,10,31,176.68,False,Süt Ürünleri,Süt,Marka-A,False
2025-02-17,M01,U013,10,21,176.68,False,Süt Ürünleri,Süt,Marka-A,False
2025-02-18,M01,U013,6,79,176.68,False,Süt Ürünleri,Süt,Marka-A,False
2025-02-19,M01,U013,9,70,176.68,False,Süt Ürünleri,Süt,Marka-A,False
2025-02-20,M01,U013,17,53,176.68,False,Süt Ürünleri,Süt,Marka-A,False
2025-02-21,M01,U013,12,41,176.68,False,Süt Ürünleri,Süt,Marka-A,False
2025-02-22,M01,U013,13,72,176.68,False,Süt Ürünleri,Süt,Marka-A,False
2025-02-23,M01,U013,20,52,159.01,False,Süt Ürünleri,Süt,Marka-A,True
2025-02-24,M01,U013,7,45,176.68,False,Süt Ürünleri,Süt,Marka-A,False
2025-02-25,M01,U013,6,39,176.68,False,Süt Ürünleri,Süt,Marka-A,False
2025-02-26,M01,U013,12,66,176.68,False,Süt Ürünleri,Süt,Marka-A,False
2025-02-27,M01,U013,7,59,176.68,False,Süt Ürünleri,Süt,Marka-A,False
2025-02-28,M01,U013,14,45,176.68,False,Süt Ürünleri,Süt,Marka-A,False
2025-03-01,M01,U013,13,32,176.68,False,Süt Ürünleri,Süt,Marka-A,False
2025-03-02,M01,U013,13,19,176.68,False,Süt Ürünleri,Süt,Marka-A,False
2025-03-03,M01,U013,9,10,176.68,False,Süt Ürünleri,Süt,Marka-A,False
2025-03-04,M01,U013,4,6,176.68,False,Süt Ürünleri,Süt,Marka-A,False
2025-03-05,M01,U013,6,0,176.68,True,Süt Ürünleri,Süt,Marka-A,False
2025-03-06,M01,U013,13,59,176.68,False,Süt Ürünleri,Süt,Marka-A,False
2025-03-07,M01,U013,11,48,176.68,False,Süt Ürünleri,Süt,Marka-A,False
2025-03-08,M01,U013,8,40,176.68,False,Süt Ürünleri,Süt,Marka-A,False
2025-03-09,M01,U013,12,28,176.68,False,Süt Ürünleri,Süt,Marka-A,False
2025-03-10,M01,U013,10,69,176.68,False,Süt Ürünleri,Süt,Marka-A,False
2025-03-11,M01,U013,14,55,176.68,False,Süt Ürünleri,Süt,Marka-A,False
2025-03-12,M01,U013,6,49,176.68,False,Süt Ürünleri,Süt,Marka-A,False
2025-03-13,M01,U013,12,37,176.68,False,Süt Ürünleri,Süt,Marka-A,False
2025-03-14,M01,U013,14,60,176.68,False,Süt Ürünleri,Süt,Marka-A,False
2025-03-15,M01,U013,17,43,176.68,False,Süt Ürünleri,Süt,Marka-A,False
2025-03-16,M01,U013,15,28,176.68,False,Süt Ürünleri,Süt,Marka-A,False
2025-03-17,M01,U013,14,14,176.68,False,Süt Ürünleri,Süt,Marka-A,False
2025-03-18,M01,U013,11,63,176.68,False,Süt Ürünleri,Süt,Marka-A,False
2025-03-19,M01,U013,15,48,176.68,False,Süt Ürünleri,Süt,Marka-A,False
2025-03-20,M01,U013,14,34,176.68,False,Süt Ürünleri,Süt,Marka-A,False
2025-03-21,M01,U013,11,23,176.68,False,Süt Ürünleri,Süt,Marka-A,False
2025-03-22,M01,U013,13,70,176.68,False,Süt Ürünleri,Süt,Marka-A,False
2025-03-23,M01,U013,17,53,176.68,False,Süt Ürünleri,Süt,Marka-A,False
2025-03-24,M01,U013,7,46,176.68,False,Süt Ürünleri,Süt,Marka-A,False
2025-03-25,M01,U013,11,35,176.68,False,Süt Ürünleri,Süt,Marka-A,False
2025-03-26,M01,U013,12,63,176.68,False,Süt Ürünleri,Süt,Marka-A,False
2025-03-27,M01,U013,11,52,176.68,False,Süt Ürünleri,Süt,Marka-A,False
2025-03-28,M01,U013,11,41,176.68,False,Süt Ürünleri,Süt,Marka-A,False
2025-03-29,M01,U013,11,30,176.68,False,Süt Ürünleri,Süt,Marka-A,False
2025-03-30,M01,U013,14,59,176.68,False,Süt Ürünleri,Süt,Marka-A,False
2025-03-31,M01,U013,9,50,176.68,False,Süt Ürünleri,Süt,Marka-A,False
2025-04-01,M01,U013,5,45,176.68,False,Süt Ürünleri,Süt,Marka-A,False
2025-04-02,M01,U013,9,36,176.68,False,Süt Ürünleri,Süt,Marka-A,False
2025-04-03,M01,U013,12,69,176.68,False,Süt Ürünleri,Süt,Marka-A,False
2025-04-04,M01,U013,12,57,176.68,False,Süt Ürünleri,Süt,Marka-A,False
2025-04-05,M01,U013,11,46,176.68,False,Süt Ürünleri,Süt,Marka-A,False
2025-04-06,M01,U013,16,30,176.68,False,Süt Ürünleri,Süt,Marka-A,False
2025-04-07,M01,U013,19,59,159.01,False,Süt Ürünleri,Süt,Marka-A,True
2025-04-08,M01,U013,18,41,159.01,False,Süt Ürünleri,Süt,Marka-A,True
2025-04-09,M01,U013,8,33,141.34,False,Süt Ürünleri,Süt,Marka-A,True
2025-04-10,M01,U013,12,21,150.18,False,Süt Ürünleri,Süt,Marka-A,True
2025-04-11,M01,U013,10,74,176.68,False,Süt Ürünleri,Süt,Marka-A,False
2025-04-12,M01,U013,17,57,176.68,False,Süt Ürünleri,Süt,Marka-A,False
2025-04-13,M01,U013,11,46,176.68,False,Süt Ürünleri,Süt,Marka-A,False
2025-04-14,M01,U013,12,34,176.68,False,Süt Ürünleri,Süt,Marka-A,False
2025-04-15,M01,U013,10,62,176.68,False,Süt Ürünleri,Süt,Marka-A,False
2025-04-16,M01,U013,9,53,176.68,False,Süt Ürünleri,Süt,Marka-A,False
2025-04-17,M01,U013,19,34,176.68,False,Süt Ürünleri,Süt,Marka-A,False
2025-04-18,M01,U013,9,25,176.68,False,Süt Ürünleri,Süt,Marka-A,False
2025-04-19,M01,U013,14,61,176.68,False,Süt Ürünleri,Süt,Marka-A,False
2025-04-20,M01,U013,13,48,176.68,False,Süt Ürünleri,Süt,Marka-A,False
2025-04-21,M01,U013,14,34,176.68,False,Süt Ürünleri,Süt,Marka-A,False
2025-04-22,M01,U013,8,26,176.68,False,Süt Ürünleri,Süt,Marka-A,False
2025-04-23,M01,U013,14,12,176.68,False,Süt Ürünleri,Süt,Marka-A,False
2025-04-24,M01,U013,6,6,176.68,False,Süt Ürünleri,Süt,Marka-A,False
2025-04-25,M01,U013,6,0,176.68,True,Süt Ürünleri,Süt,Marka-A,False
2025-04-26,M01,U013,0,0,176.68,True,Süt Ürünleri,Süt,Marka-A,False
2025-04-27,M01,U013,14,66,176.68,False,Süt Ürünleri,Süt,Marka-A,False
2025-04-28,M01,U013,17,49,176.68,False,Süt Ürünleri,Süt,Marka-A,False
2025-04-29,M01,U013,16,33,176.68,False,Süt Ürünleri,Süt,Marka-A,False
2025-04-30,M01,U013,17,16,176.68,False,Süt Ürünleri,Süt,Marka-A,False
2025-05-01,M01,U013,9,66,176.68,False,Süt Ürünleri,Süt,Marka-A,False
2025-05-02,M01,U013,9,57,176.68,False,Süt Ürünleri,Süt,Marka-A,False
2025-05-03,M01,U013,18,39,176.68,False,Süt Ürünleri,Süt,Marka-A,False
2025-05-04,M01,U013,14,25,176.68,False,Süt Ürünleri,Süt,Marka-A,False
2025-05-05,M01,U013,18,7,150.18,False,Süt Ürünleri,Süt,Marka-A,True
2025-05-06,M01,U013,7,0,176.68,True,Süt Ürünleri,Süt,Marka-A,False
2025-01-01,M01,U014,14,28,115.91,False,Süt Ürünleri,Süt,Marka-B,False
2025-01-02,M01,U014,5,23,115.91,False,Süt Ürünleri,Süt,Marka-B,False
2025-01-03,M01,U014,6,17,115.91,False,Süt Ürünleri,Süt,Marka-B,False
2025-01-04,M01,U014,9,8,115.91,False,Süt Ürünleri,Süt,Marka-B,False
2025-01-05,M01,U014,5,3,115.91,False,Süt Ürünleri,Süt,Marka-B,False
2025-01-06,M01,U014,3,0,115.91,True,Süt Ürünleri,Süt,Marka-B,False
2025-01-07,M01,U014,5,37,115.91,False,Süt Ürünleri,Süt,Marka-B,False
2025-01-08,M01,U014,9,28,115.91,False,Süt Ürünleri,Süt,Marka-B,False
2025-01-09,M01,U014,11,17,115.91,False,Süt Ürünleri,Süt,Marka-B,False
2025-01-10,M01,U014,5,12,115.91,False,Süt Ürünleri,Süt,Marka-B,False
2025-01-11,M01,U014,8,4,115.91,False,Süt Ürünleri,Süt,Marka-B,False
2025-01-12,M01,U014,4,0,115.91,True,Süt Ürünleri,Süt,Marka-B,False
2025-01-13,M01,U014,7,35,115.91,False,Süt Ürünleri,Süt,Marka-B,False
2025-01-14,M01,U014,7,28,115.91,False,Süt Ürünleri,Süt,Marka-B,False
2025-01-15,M01,U014,12,16,115.91,False,Süt Ürünleri,Süt,Marka-B,False
2025-01-16,M01,U014,4,12,115.91,False,Süt Ürünleri,Süt,Marka-B,False
2025-01-17,M01,U014,10,2,115.91,False,Süt Ürünleri,Süt,Marka-B,False
2025-01-18,M01,U014,2,0,115.91,True,Süt Ürünleri,Süt,Marka-B,False
2025-01-19,M01,U014,9,29,115.91,False,Süt Ürünleri,Süt,Marka-B,False
2025-01-20,M01,U014,5,24,115.91,False,Süt Ürünleri,Süt,Marka-B,False
2025-01-21,M01,U014,5,19,115.91,False,Süt Ürünleri,Süt,Marka-B,False
2025-01-22,M01,U014,11,8,115.91,False,Süt Ürünleri,Süt,Marka-B,False
2025-01-23,M01,U014,7,1,115.91,False,Süt Ürünleri,Süt,Marka-B,False
2025-01-24,M01,U014,1,0,115.91,True,Süt Ürünleri,Süt,Marka-B,False
2025-01-25,M01,U014,7,32,115.91,False,Süt Ürünleri,Süt,Marka-B,False
2025-01-26,M01,U014,3,29,115.91,False,Süt Ürünleri,Süt,Marka-B,False
2025-01-27,M01,U014,9,20,115.91,False,Süt Ürünleri,Süt,Marka-B,False
2025-01-28,M01,U014,6,14,115.91,False,Süt Ürünleri,Süt,Marka-B,False
2025-01-29,M01,U014,8,6,115.91,False,Süt Ürünleri,Süt,Marka-B,False
2025-01-30,M01,U014,5,1,115.91,False,Süt Ürünleri,Süt,Marka-B,False
2025-01-31,M01,U014,7,31,115.91,False,Süt Ürünleri,Süt,Marka-B,False
2025-02-01,M01,U014,18,13,104.32,False,Süt Ürünleri,Süt,Marka-B,True
2025-02-02,M01,U014,8,5,115.91,False,Süt Ürünleri,Süt,Marka-B,False
2025-02-03,M01,U014,5,0,115.91,False,Süt Ürünleri,Süt,Marka-B,False
2025-02-04,M01,U014,0,0,115.91,True,Süt Ürünleri,Süt,Marka-B,False
2025-02-05,M01,U014,0,0,115.91,True,Süt Ürünleri,Süt,Marka-B,False
2025-02-06,M01,U014,12,25,115.91,False,Süt Ürünleri,Süt,Marka-B,False
2025-02-07,M01,U014,10,15,115.91,False,Süt Ürünleri,Süt,Marka-B,False
2025-02-08,M01,U014,9,6,115.91,False,Süt Ürünleri,Süt,Marka-B,False
2025-02-09,M01,U014,6,0,98.52,True,Süt Ürünleri,Süt,Marka-B,True
2025-02-10,M01,U014,0,0,115.91,True,Süt Ürünleri,Süt,Marka-B,False
2025-02-11,M01,U014,0,0,104.32,True,Süt Ürünleri,Süt,Marka-B,True
2025-02-12,M01,U014,4,40,115.91,False,Süt Ürünleri,Süt,Marka-B,False
2025-02-13,M01,U014,13,27,115.91,False,Süt Ürünleri,Süt,Marka-B,False
2025-02-14,M01,U014,5,22,115.91,False,Süt Ürünleri,Süt,Marka-B,False
2025-02-15,M01,U014,8,14,115.91,False,Süt Ürünleri,Süt,Marka-B,False
2025-02-16,M01,U014,10,4,115.91,False,Süt Ürünleri,Süt,Marka-B,False
2025-02-17,M01,U014,4,0,104.32,True,Süt Ürünleri,Süt,Marka-B,True
2025-02-18,M01,U014,10,31,115.91,False,Süt Ürünleri,Süt,Marka-B,False
2025-02-19,M01,U014,8,23,115.91,False,Süt Ürünleri,Süt,Marka-B,False
2025-02-20,M01,U014,6,17,115.91,False,Süt Ürünleri,Süt,Marka-B,False
2025-02-21,M01,U014,4,13,115.91,False,Süt Ürünleri,Süt,Marka-B,False
2025-02-22,M01,U014,13,0,115.91,True,Süt Ürünleri,Süt,Marka-B,False
2025-02-23,M01,U014,0,0,115.91,True,Süt Ürünleri,Süt,Marka-B,False
2025-02-24,M01,U014,3,35,115.91,False,Süt Ürünleri,Süt,Marka-B,False
2025-02-25,M01,U014,6,29,115.91,False,Süt Ürünleri,Süt,Marka-B,False
2025-02-26,M01,U014,8,21,115.91,False,Süt Ürünleri,Süt,Marka-B,False
2025-02-27,M01,U014,7,14,115.91,False,Süt Ürünleri,Süt,Marka-B,False
2025-02-28,M01,U014,6,8,115.91,False,Süt Ürünleri,Süt,Marka-B,False
2025-03-01,M01,U014,8,0,115.91,True,Süt Ürünleri,Süt,Marka-B,False
2025-03-02,M01,U014,0,0,115.91,True,Süt Ürünleri,Süt,Marka-B,False
2025-03-03,M01,U014,0,0,115.91,True,Süt Ürünleri,Süt,Marka-B,False
2025-03-04,M01,U014,0,0,115.91,True,Süt Ürünleri,Süt,Marka-B,False
2025-03-05,M01,U014,0,0,115.91,True,Süt Ürünleri,Süt,Marka-B,False
2025-03-06,M01,U014,0,0,115.91,True,Süt Ürünleri,Süt,Marka-B,False
2025-03-07,M01,U014,0,0,115.91,True,Süt Ürünleri,Süt,Marka-B,False
2025-03-08,M01,U014,12,29,104.32,False,Süt Ürünleri,Süt,Marka-B,True
2025-03-09,M01,U014,13,16,92.73,False,Süt Ürünleri,Süt,Marka-B,True
2025-03-10,M01,U014,4,12,115.91,False,Süt Ürünleri,Süt,Marka-B,False
2025-03-11,M01,U014,3,9,115.91,False,Süt Ürünleri,Süt,Marka-B,False
2025-03-12,M01,U014,9,0,104.32,True,Süt Ürünleri,Süt,Marka-B,True
2025-03-13,M01,U014,0,0,115.91,True,Süt Ürünleri,Süt,Marka-B,False
2025-03-14,M01,U014,0,0,115.91,True,Süt Ürünleri,Süt,Marka-B,False
2025-03-15,M01,U014,0,0,115.91,True,Süt Ürünleri,Süt,Marka-B,False
2025-03-16,M01,U014,0,0,115.91,True,Süt Ürünleri,Süt,Marka-B,False
2025-03-17,M01,U014,0,0,115.91,True,Süt Ürünleri,Süt,Marka-B,False
2025-03-18,M01,U014,0,0,115.91,True,Süt Ürünleri,Süt,Marka-B,False
2025-03-19,M01,U014,0,0,115.91,True,Süt Ürünleri,Süt,Marka-B,False
2025-03-20,M01,U014,12,30,115.91,False,Süt Ürünleri,Süt,Marka-B,False
2025-03-21,M01,U014,6,24,115.91,False,Süt Ürünleri,Süt,Marka-B,False
2025-03-22,M01,U014,23,1,92.73,False,Süt Ürünleri,Süt,Marka-B,True
2025-03-23,M01,U014,1,0,115.91,True,Süt Ürünleri,Süt,Marka-B,False
2025-03-24,M01,U014,0,0,115.91,True,Süt Ürünleri,Süt,Marka-B,False
2025-03-25,M01,U014,0,0,115.91,True,Süt Ürünleri,Süt,Marka-B,False
2025-03-26,M01,U014,7,34,115.91,False,Süt Ürünleri,Süt,Marka-B,False
2025-03-27,M01,U014,5,29,115.91,False,Süt Ürünleri,Süt,Marka-B,False
2025-03-28,M01,U014,4,25,115.91,False,Süt Ürünleri,Süt,Marka-B,False
2025-03-29,M01,U014,9,16,115.91,False,Süt Ürünleri,Süt,Marka-B,False
2025-03-30,M01,U014,15,1,104.32,False,Süt Ürünleri,Süt,Marka-B,True
2025-03-31,M01,U014,1,0,92.73,True,Süt Ürünleri,Süt,Marka-B,True
2025-04-01,M01,U014,7,32,115.91,False,Süt Ürünleri,Süt,Marka-B,False
2025-04-02,M01,U014,8,24,115.91,False,Süt Ürünleri,Süt,Marka-B,False
2025-04-03,M01,U014,5,19,115.91,False,Süt Ürünleri,Süt,Marka-B,False
2025-04-04,M01,U014,12,7,115.91,False,Süt Ürünleri,Süt,Marka-B,False
2025-04-05,M01,U014,7,0,104.32,True,Süt Ürünleri,Süt,Marka-B,True
2025-04-06,M01,U014,0,0,115.91,True,Süt Ürünleri,Süt,Marka-B,False
2025-04-07,M01,U014,7,32,115.91,False,Süt Ürünleri,Süt,Marka-B,False
2025-04-08,M01,U014,7,25,115.91,False,Süt Ürünleri,Süt,Marka-B,False
2025-04-09,M01,U014,6,19,115.91,False,Süt Ürünleri,Süt,Marka-B,False
2025-04-10,M01,U014,14,5,92.73,False,Süt Ürünleri,Süt,Marka-B,True
2025-04-11,M01,U014,5,0,115.91,True,Süt Ürünleri,Süt,Marka-B,False
2025-04-12,M01,U014,0,0,115.91,True,Süt Ürünleri,Süt,Marka-B,False
2025-04-13,M01,U014,12,29,115.91,False,Süt Ürünleri,Süt,Marka-B,False
2025-04-14,M01,U014,7,22,115.91,False,Süt Ürünleri,Süt,Marka-B,False
2025-04-15,M01,U014,8,14,115.91,False,Süt Ürünleri,Süt,Marka-B,False
2025-04-16,M01,U014,5,9,115.91,False,Süt Ürünleri,Süt,Marka-B,False
2025-04-17,M01,U014,9,0,115.91,True,Süt Ürünleri,Süt,Marka-B,False
2025-04-18,M01,U014,0,0,115.91,True,Süt Ürünleri,Süt,Marka-B,False
2025-04-19,M01,U014,7,36,115.91,False,Süt Ürünleri,Süt,Marka-B,False
2025-04-20,M01,U014,5,31,115.91,False,Süt Ürünleri,Süt,Marka-B,False
2025-04-21,M01,U014,6,25,115.91,False,Süt Ürünleri,Süt,Marka-B,False
2025-04-22,M01,U014,12,13,115.91,False,Süt Ürünleri,Süt,Marka-B,False
2025-04-23,M01,U014,13,0,115.91,False,Süt Ürünleri,Süt,Marka-B,False
2025-04-24,M01,U014,0,0,115.91,True,Süt Ürünleri,Süt,Marka-B,False
2025-04-25,M01,U014,6,36,115.91,False,Süt Ürünleri,Süt,Marka-B,False
2025-04-26,M01,U014,7,29,115.91,False,Süt Ürünleri,Süt,Marka-B,False
2025-04-27,M01,U014,9,20,115.91,False,Süt Ürünleri,Süt,Marka-B,False
2025-04-28,M01,U014,8,12,115.91,False,Süt Ürünleri,Süt,Marka-B,False
2025-04-29,M01,U014,3,9,115.91,False,Süt Ürünleri,Süt,Marka-B,False
2025-04-30,M01,U014,6,3,115.91,False,Süt Ürünleri,Süt,Marka-B,False
2025-05-01,M01,U014,10,33,115.91,False,Süt Ürünleri,Süt,Marka-B,False
2025-05-02,M01,U014,7,26,115.91,False,Süt Ürünleri,Süt,Marka-B,False
2025-05-03,M01,U014,11,15,115.91,False,Süt Ürünleri,Süt,Marka-B,False
2025-05-04,M01,U014,5,10,115.91,False,Süt Ürünleri,Süt,Marka-B,False
2025-05-05,M01,U014,8,2,115.91,False,Süt Ürünleri,Süt,Marka-B,False
2025-05-06,M01,U014,2,0,115.91,True,Süt Ürünleri,Süt,Marka-B,False
2025-01-01,M01,U015,23,114,54.99,False,Süt Ürünleri,Yoğurt,Marka-C,False
2025-01-02,M01,U015,32,82,49.49,False,Süt Ürünleri,Yoğurt,Marka-C,True
2025-01-03,M01,U015,27,55,54.99,False,Süt Ürünleri,Yoğurt,Marka-C,False
2025-01-04,M01,U015,22,33,54.99,False,Süt Ürünleri,Yoğurt,Marka-C,False
2025-01-05,M01,U015,24,9,54.99,False,Süt Ürünleri,Yoğurt,Marka-C,False
2025-01-06,M01,U015,19,112,54.99,False,Süt Ürünleri,Yoğurt,Marka-C,False
2025-01-07,M01,U015,16,96,54.99,False,Süt Ürünleri,Yoğurt,Marka-C,False
2025-01-08,M01,U015,27,69,54.99,False,Süt Ürünleri,Yoğurt,Marka-C,False
2025-01-09,M01,U015,25,44,54.99,False,Süt Ürünleri,Yoğurt,Marka-C,False
2025-01-10,M01,U015,26,18,54.99,False,Süt Ürünleri,Yoğurt,Marka-C,False
2025-01-11,M01,U015,31,100,54.99,False,Süt Ürünleri,Yoğurt,Marka-C,False
2025-01-12,M01,U015,18,82,54.99,False,Süt Ürünleri,Yoğurt,Marka-C,False
2025-01-13,M01,U015,17,65,54.99,False,Süt Ürünleri,Yoğurt,Marka-C,False
2025-01-14,M01,U015,21,44,54.99,False,Süt Ürünleri,Yoğurt,Marka-C,False
2025-01-15,M01,U015,12,32,54.99,False,Süt Ürünleri,Yoğurt,Marka-C,False
2025-01-16,M01,U015,26,108,54.99,False,Süt Ürünleri,Yoğurt,Marka-C,False
2025-01-17,M01,U015,24,84,54.99,False,Süt Ürünleri,Yoğurt,Marka-C,False
2025-01-18,M01,U015,27,57,54.99,False,Süt Ürünleri,Yoğurt,Marka-C,False
2025-01-19,M01,U015,22,35,54.99,False,Süt Ürünleri,Yoğurt,Marka-C,False
2025-01-20,M01,U015,15,20,54.99,False,Süt Ürünleri,Yoğurt,Marka-C,False
2025-01-21,M01,U015,23,103,54.99,False,Süt Ürünleri,Yoğurt,Marka-C,False
2025-01-22,M01,U015,22,81,54.99,False,Süt Ürünleri,Yoğurt,Marka-C,False
2025-01-23,M01,U015,32,49,54.99,False,Süt Ürünleri,Yoğurt,Marka-C,False
2025-01-24,M01,U015,27,22,54.99,False,Süt Ürünleri,Yoğurt,Marka-C,False
2025-01-25,M01,U015,22,0,54.99,True,Süt Ürünleri,Yoğurt,Marka-C,False
2025-01-26,M01,U015,21,121,54.99,False,Süt Ürünleri,Yoğurt,Marka-C,False
2025-01-27,M01,U015,21,100,54.99,False,Süt Ürünleri,Yoğurt,Marka-C,False
2025-01-28,M01,U015,14,86,54.99,False,Süt Ürünleri,Yoğurt,Marka-C,False
2025-01-29,M01,U015,34,52,43.99,False,Süt Ürünleri,Yoğurt,Marka-C,True
2025-01-30,M01,U015,24,28,54.99,False,Süt Ürünleri,Yoğurt,Marka-C,False
2025-01-31,M01,U015,23,109,54.99,False,Süt Ürünleri,Yoğurt,Marka-C,False
2025-02-01,M01,U015,30,79,54.99,False,Süt Ürünleri,Yoğurt,Marka-C,False
2025-02-02,M01,U015,17,62,54.99,False,Süt Ürünleri,Yoğurt,Marka-C,False
2025-02-03,M01,U015,16,46,54.99,False,Süt Ürünleri,Yoğurt,Marka-C,False
2025-02-04,M01,U015,23,23,54.99,False,Süt Ürünleri,Yoğurt,Marka-C,False
2025-02-05,M01,U015,17,116,54.99,False,Süt Ürünleri,Yoğurt,Marka-C,False
2025-02-06,M01,U015,34,82,43.99,False,Süt Ürünleri,Yoğurt,Marka-C,True
2025-02-07,M01,U015,32,50,54.99,False,Süt Ürünleri,Yoğurt,Marka-C,False
2025-02-08,M01,U015,31,19,54.99,False,Süt Ürünleri,Yoğurt,Marka-C,False
2025-02-09,M01,U015,18,1,54.99,False,Süt Ürünleri,Yoğurt,Marka-C,False
2025-02-10,M01,U015,1,0,54.99,True,Süt Ürünleri,Yoğurt,Marka-C,False
2025-02-11,M01,U015,0,0,54.99,True,Süt Ürünleri,Yoğurt,Marka-C,False
2025-02-12,M01,U015,0,0,54.99,True,Süt Ürünleri,Yoğurt,Marka-C,False
2025-02-13,M01,U015,0,0,54.99,True,Süt Ürünleri,Yoğurt,Marka-C,False
2025-02-14,M01,U015,0,0,54.99,True,Süt Ürünleri,Yoğurt,Marka-C,False
2025-02-15,M01,U015,21,111,54.99,False,Süt Ürünleri,Yoğurt,Marka-C,False
2025-02-16,M01,U015,20,91,54.99,False,Süt Ürünleri,Yoğurt,Marka-C,False
2025-02-17,M01,U015,22,69,54.99,False,Süt Ürünleri,Yoğurt,Marka-C,False
2025-02-18,M01,U015,24,45,54.99,False,Süt Ürünleri,Yoğurt,Marka-C,False
2025-02-19,M01,U015,37,8,46.74,False,Süt Ürünleri,Yoğurt,Marka-C,True
2025-02-20,M01,U015,15,125,54.99,False,Süt Ürünleri,Yoğurt,Marka-C,False
2025-02-21,M01,U015,27,98,54.99,False,Süt Ürünleri,Yoğurt,Marka-C,False
2025-02-22,M01,U015,23,75,54.99,False,Süt Ürünleri,Yoğurt,Marka-C,False
2025-02-23,M01,U015,17,58,54.99,False,Süt Ürünleri,Yoğurt,Marka-C,False
2025-02-24,M01,U015,38,20,49.49,False,Süt Ürünleri,Yoğurt,Marka-C,True
2025-02-25,M01,U015,25,107,54.99,False,Süt Ürünleri,Yoğurt,Marka-C,False
2025-02-26,M01,U015,25,82,54.99,False,Süt Ürünleri,Yoğurt,Marka-C,False
2025-02-27,M01,U015,18,64,54.99,False,Süt Ürünleri,Yoğurt,Marka-C,False
2025-02-28,M01,U015,26,38,54.99,False,Süt Ürünleri,Yoğurt,Marka-C,False
2025-03-01,M01,U015,33,5,54.99,False,Süt Ürünleri,Yoğurt,Marka-C,False
2025-03-02,M01,U015,25,107,54.99,False,Süt Ürünleri,Yoğurt,Marka-C,False
2025-03-03,M01,U015,23,84,54.99,False,Süt Ürünleri,Yoğurt,Marka-C,False
2025-03-04,M01,U015,33,51,43.99,False,Süt Ürünleri,Yoğurt,Marka-C,True
2025-03-05,M01,U015,40,11,43.99,False,Süt Ürünleri,Yoğurt,Marka-C,True
2025-03-06,M01,U015,11,0,54.99,True,Süt Ürünleri,Yoğurt,Marka-C,False
2025-03-07,M01,U015,28,96,54.99,False,Süt Ürünleri,Yoğurt,Marka-C,False
2025-03-08,M01,U015,25,71,54.99,False,Süt Ürünleri,Yoğurt,Marka-C,False
2025-03-09,M01,U015,32,39,54.99,False,Süt Ürünleri,Yoğurt,Marka-C,False
2025-03-10,M01,U015,24,15,54.99,False,Süt Ürünleri,Yoğurt,Marka-C,False
2025-03-11,M01,U015,15,0,54.99,False,Süt Ürünleri,Yoğurt,Marka-C,False
2025-03-12,M01,U015,18,114,54.99,False,Süt Ürünleri,Yoğurt,Marka-C,False
2025-03-13,M01,U015,29,85,54.99,False,Süt Ürünleri,Yoğurt,Marka-C,False
2025-03-14,M01,U015,25,60,54.99,False,Süt Ürünleri,Yoğurt,Marka-C,False
2025-03-15,M01,U015,28,32,54.99,False,Süt Ürünleri,Yoğurt,Marka-C,False
2025-03-16,M01,U015,23,9,54.99,False,Süt Ürünleri,Yoğurt,Marka-C,False
2025-03-17,M01,U015,41,103,46.74,False,Süt Ürünleri,Yoğurt,Marka-C,True
2025-03-18,M01,U015,31,72,54.99,False,Süt Ürünleri,Yoğurt,Marka-C,False
2025-03-19,M01,U015,16,56,54.99,False,Süt Ürünleri,Yoğurt,Marka-C,False
2025-03-20,M01,U015,23,33,54.99,False,Süt Ürünleri,Yoğurt,Marka-C,False
2025-03-21,M01,U015,23,10,54.99,False,Süt Ürünleri,Yoğurt,Marka-C,False
2025-03-22,M01,U015,39,82,46.74,False,Süt Ürünleri,Yoğurt,Marka-C,True
2025-03-23,M01,U015,31,51,54.99,False,Süt Ürünleri,Yoğurt,Marka-C,False
2025-03-24,M01,U015,20,31,54.99,False,Süt Ürünleri,Yoğurt,Marka-C,False
2025-03-25,M01,U015,17,14,54.99,False,Süt Ürünleri,Yoğurt,Marka-C,False
2025-03-26,M01,U015,14,0,49.49,True,Süt Ürünleri,Yoğurt,Marka-C,True
2025-03-27,M01,U015,29,114,54.99,False,Süt Ürünleri,Yoğurt,Marka-C,False
2025-03-28,M01,U015,25,89,54.99,False,Süt Ürünleri,Yoğurt,Marka-C,False
2025-03-29,M01,U015,27,62,54.99,False,Süt Ürünleri,Yoğurt,Marka-C,False
2025-03-30,M01,U015,26,36,54.99,False,Süt Ürünleri,Yoğurt,Marka-C,False
2025-03-31,M01,U015,18,18,54.99,False,Süt Ürünleri,Yoğurt,Marka-C,False
2025-04-01,M01,U015,17,109,54.99,False,Süt Ürünleri,Yoğurt,Marka-C,False
2025-04-02,M01,U015,25,84,54.99,False,Süt Ürünleri,Yoğurt,Marka-C,False
2025-04-03,M01,U015,23,61,54.99,False,Süt Ürünleri,Yoğurt,Marka-C,False
2025-04-04,M01,U015,29,32,54.99,False,Süt Ürünleri,Yoğurt,Marka-C,False
2025-04-05,M01,U015,32,0,54.99,True,Süt Ürünleri,Yoğurt,Marka-C,False
2025-04-06,M01,U015,44,94,49.49,False,Süt Ürünleri,Yoğurt,Marka-C,True
2025-04-07,M01,U015,29,65,54.99,False,Süt Ürünleri,Yoğurt,Marka-C,False
2025-04-08,M01,U015,20,45,54.99,False,Süt Ürünleri,Yoğurt,Marka-C,False
2025-04-09,M01,U015,20,25,54.99,False,Süt Ürünleri,Yoğurt,Marka-C,False
2025-04-10,M01,U015,16,9,54.99,False,Süt Ürünleri,Yoğurt,Marka-C,False
2025-04-11,M01,U015,31,102,54.99,False,Süt Ürünleri,Yoğurt,Marka-C,False
2025-04-12,M01,U015,34,68,54.99,False,Süt Ürünleri,Yoğurt,Marka-C,False
2025-04-13,M01,U015,23,45,54.99,False,Süt Ürünleri,Yoğurt,Marka-C,False
2025-04-14,M01,U015,18,27,54.99,False,Süt Ürünleri,Yoğurt,Marka-C,False
2025-04-15,M01,U015,18,9,54.99,False,Süt Ürünleri,Yoğurt,Marka-C,False
2025-04-16,M01,U015,17,108,54.99,False,Süt Ürünleri,Yoğurt,Marka-C,False
2025-04-17,M01,U015,32,76,46.74,False,Süt Ürünleri,Yoğurt,Marka-C,True
2025-04-18,M01,U015,29,47,43.99,False,Süt Ürünleri,Yoğurt,Marka-C,True
2025-04-19,M01,U015,47,0,43.99,True,Süt Ürünleri,Yoğurt,Marka-C,True
2025-04-20,M01,U015,0,0,54.99,True,Süt Ürünleri,Yoğurt,Marka-C,False
2025-04-21,M01,U015,0,0,54.99,True,Süt Ürünleri,Yoğurt,Marka-C,False
2025-04-22,M01,U015,0,0,54.99,True,Süt Ürünleri,Yoğurt,Marka-C,False
2025-04-23,M01,U015,0,0,46.74,True,Süt Ürünleri,Yoğurt,Marka-C,True
2025-04-24,M01,U015,0,0,49.49,True,Süt Ürünleri,Yoğurt,Marka-C,True
2025-04-25,M01,U015,0,0,54.99,True,Süt Ürünleri,Yoğurt,Marka-C,False
2025-04-26,M01,U015,41,79,54.99,False,Süt Ürünleri,Yoğurt,Marka-C,False
2025-04-27,M01,U015,29,50,54.99,False,Süt Ürünleri,Yoğurt,Marka-C,False
2025-04-28,M01,U015,26,24,54.99,False,Süt Ürünleri,Yoğurt,Marka-C,False
2025-04-29,M01,U015,23,1,54.99,False,Süt Ürünleri,Yoğurt,Marka-C,False
2025-04-30,M01,U015,1,0,54.99,True,Süt Ürünleri,Yoğurt,Marka-C,False
2025-05-01,M01,U015,26,98,54.99,False,Süt Ürünleri,Yoğurt,Marka-C,False
2025-05-02,M01,U015,26,72,54.99,False,Süt Ürünleri,Yoğurt,Marka-C,False
2025-05-03,M01,U015,36,36,54.99,False,Süt Ürünleri,Yoğurt,Marka-C,False
2025-05-04,M01,U015,21,15,54.99,False,Süt Ürünleri,Yoğurt,Marka-C,False
2025-05-05,M01,U015,15,0,54.99,True,Süt Ürünleri,Yoğurt,Marka-C,False
2025-05-06,M01,U015,14,118,54.99,False,Süt Ürünleri,Yoğurt,Marka-C,False
2025-01-01,M01,U016,30,87,170.13,False,Süt Ürünleri,Yoğurt,Marka-D,False
2025-01-02,M01,U016,28,59,170.13,False,Süt Ürünleri,Yoğurt,Marka-D,False
2025-01-03,M01,U016,31,28,170.13,False,Süt Ürünleri,Yoğurt,Marka-D,False
2025-01-04,M01,U016,28,0,170.13,True,Süt Ürünleri,Yoğurt,Marka-D,False
2025-01-05,M01,U016,0,0,170.13,True,Süt Ürünleri,Yoğurt,Marka-D,False
2025-01-06,M01,U016,26,158,170.13,False,Süt Ürünleri,Yoğurt,Marka-D,False
2025-01-07,M01,U016,47,111,136.1,False,Süt Ürünleri,Yoğurt,Marka-D,True
2025-01-08,M01,U016,28,83,170.13,False,Süt Ürünleri,Yoğurt,Marka-D,False
2025-01-09,M01,U016,34,49,170.13,False,Süt Ürünleri,Yoğurt,Marka-D,False
2025-01-10,M01,U016,31,18,170.13,False,Süt Ürünleri,Yoğurt,Marka-D,False
2025-01-11,M01,U016,35,133,170.13,False,Süt Ürünleri,Yoğurt,Marka-D,False
2025-01-12,M01,U016,53,80,170.13,False,Süt Ürünleri,Yoğurt,Marka-D,False
2025-01-13,M01,U016,42,38,136.1,False,Süt Ürünleri,Yoğurt,Marka-D,True
2025-01-14,M01,U016,30,8,170.13,False,Süt Ürünleri,Yoğurt,Marka-D,False
2025-01-15,M01,U016,8,0,170.13,True,Süt Ürünleri,Yoğurt,Marka-D,False
2025-01-16,M01,U016,21,165,170.13,False,Süt Ürünleri,Yoğurt,Marka-D,False
2025-01-17,M01,U016,33,132,170.13,False,Süt Ürünleri,Yoğurt,Marka-D,False
2025-01-18,M01,U016,33,99,170.13,False,Süt Ürünleri,Yoğurt,Marka-D,False
2025-01-19,M01,U016,30,69,170.13,False,Süt Ürünleri,Yoğurt,Marka-D,False
2025-01-20,M01,U016,24,45,170.13,False,Süt Ürünleri,Yoğurt,Marka-D,False
2025-01-21,M01,U016,26,144,170.13,False,Süt Ürünleri,Yoğurt,Marka-D,False
2025-01-22,M01,U016,23,121,170.13,False,Süt Ürünleri,Yoğurt,Marka-D,False
2025-01-23,M01,U016,23,98,170.13,False,Süt Ürünleri,Yoğurt,Marka-D,False
2025-01-24,M01,U016,26,72,170.13,False,Süt Ürünleri,Yoğurt,Marka-D,False
2025-01-25,M01,U016,37,35,170.13,False,Süt Ürünleri,Yoğurt,Marka-D,False
2025-01-26,M01,U016,36,124,170.13,False,Süt Ürünleri,Yoğurt,Marka-D,False
2025-01-27,M01,U016,30,94,170.13,False,Süt Ürünleri,Yoğurt,Marka-D,False
2025-01-28,M01,U016,22,72,170.13,False,Süt Ürünleri,Yoğurt,Marka-D,False
2025-01-29,M01,U016,31,41,170.13,False,Süt Ürünleri,Yoğurt,Marka-D,False
2025-01-30,M01,U016,33,8,170.13,False,Süt Ürünleri,Yoğurt,Marka-D,False
2025-01-31,M01,U016,34,154,170.13,False,Süt Ürünleri,Yoğurt,Marka-D,False
2025-02-01,M01,U016,39,115,170.13,False,Süt Ürünleri,Yoğurt,Marka-D,False
2025-02-02,M01,U016,33,82,170.13,False,Süt Ürünleri,Yoğurt,Marka-D,False
2025-02-03,M01,U016,29,53,170.13,False,Süt Ürünleri,Yoğurt,Marka-D,False
2025-02-04,M01,U016,21,32,170.13,False,Süt Ürünleri,Yoğurt,Marka-D,False
2025-02-05,M01,U016,36,155,170.13,False,Süt Ürünleri,Yoğurt,Marka-D,False
2025-02-06,M01,U016,19,136,170.13,False,Süt Ürünleri,Yoğurt,Marka-D,False
2025-02-07,M01,U016,27,109,170.13,False,Süt Ürünleri,Yoğurt,Marka-D,False
2025-02-08,M01,U016,47,62,170.13,False,Süt Ürünleri,Yoğurt,Marka-D,False
2025-02-09,M01,U016,28,34,170.13,False,Süt Ürünleri,Yoğurt,Marka-D,False
2025-02-10,M01,U016,30,152,170.13,False,Süt Ürünleri,Yoğurt,Marka-D,False
2025-02-11,M01,U016,30,122,170.13,False,Süt Ürünleri,Yoğurt,Marka-D,False
2025-02-12,M01,U016,35,87,170.13,False,Süt Ürünleri,Yoğurt,Marka-D,False
2025-02-13,M01,U016,33,54,170.13,False,Süt Ürünleri,Yoğurt,Marka-D,False
2025-02-14,M01,U016,35,19,170.13,False,Süt Ürünleri,Yoğurt,Marka-D,False
2025-02-15,M01,U016,19,0,170.13,True,Süt Ürünleri,Yoğurt,Marka-D,False
2025-02-16,M01,U016,0,0,170.13,True,Süt Ürünleri,Yoğurt,Marka-D,False
2025-02-17,M01,U016,0,0,170.13,True,Süt Ürünleri,Yoğurt,Marka-D,False
2025-02-18,M01,U016,0,0,170.13,True,Süt Ürünleri,Yoğurt,Marka-D,False
2025-02-19,M01,U016,0,0,170.13,True,Süt Ürünleri,Yoğurt,Marka-D,False
2025-02-20,M01,U016,0,0,170.13,True,Süt Ürünleri,Yoğurt,Marka-D,False
2025-02-21,M01,U016,0,0,170.13,True,Süt Ürünleri,Yoğurt,Marka-D,False
2025-02-22,M01,U016,0,0,144.61,True,Süt Ürünleri,Yoğurt,Marka-D,True
2025-02-23,M01,U016,0,0,170.13,True,Süt Ürünleri,Yoğurt,Marka-D,False
2025-02-24,M01,U016,0,0,136.1,True,Süt Ürünleri,Yoğurt,Marka-D,True
2025-02-25,M01,U016,34,140,170.13,False,Süt Ürünleri,Yoğurt,Marka-D,False
2025-02-26,M01,U016,33,107,170.13,False,Süt Ürünleri,Yoğurt,Marka-D,False
2025-02-27,M01,U016,18,89,170.13,False,Süt Ürünleri,Yoğurt,Marka-D,False
2025-02-28,M01,U016,30,59,170.13,False,Süt Ürünleri,Yoğurt,Marka-D,False
2025-03-01,M01,U016,49,10,170.13,False,Süt Ürünleri,Yoğurt,Marka-D,False
2025-03-02,M01,U016,54,126,153.12,False,Süt Ürünleri,Yoğurt,Marka-D,True
2025-03-03,M01,U016,39,87,136.1,False,Süt Ürünleri,Yoğurt,Marka-D,True
2025-03-04,M01,U016,33,54,170.13,False,Süt Ürünleri,Yoğurt,Marka-D,False
2025-03-05,M01,U016,23,31,170.13,False,Süt Ürünleri,Yoğurt,Marka-D,False
2025-03-06,M01,U016,31,0,170.13,False,Süt Ürünleri,Yoğurt,Marka-D,False
2025-03-07,M01,U016,42,144,170.13,False,Süt Ürünleri,Yoğurt,Marka-D,False
2025-03-08,M01,U016,35,109,170.13,False,Süt Ürünleri,Yoğurt,Marka-D,False
2025-03-09,M01,U016,30,79,170.13,False,Süt Ürünleri,Yoğurt,Marka-D,False
2025-03-10,M01,U016,48,31,144.61,False,Süt Ürünleri,Yoğurt,Marka-D,True
2025-03-11,M01,U016,31,0,170.13,True,Süt Ürünleri,Yoğurt,Marka-D,False
2025-03-12,M01,U016,0,0,170.13,True,Süt Ürünleri,Yoğurt,Marka-D,False
2025-03-13,M01,U016,0,0,170.13,True,Süt Ürünleri,Yoğurt,Marka-D,False
2025-03-14,M01,U016,0,0,170.13,True,Süt Ürünleri,Yoğurt,Marka-D,False
2025-03-15,M01,U016,0,0,170.13,True,Süt Ürünleri,Yoğurt,Marka-D,False
2025-03-16,M01,U016,0,0,170.13,True,Süt Ürünleri,Yoğurt,Marka-D,False
2025-03-17,M01,U016,32,147,170.13,False,Süt Ürünleri,Yoğurt,Marka-D,False
2025-03-18,M01,U016,32,115,170.13,False,Süt Ürünleri,Yoğurt,Marka-D,False
2025-03-19,M01,U016,25,90,170.13,False,Süt Ürünleri,Yoğurt,Marka-D,False
2025-03-20,M01,U016,35,55,170.13,False,Süt Ürünleri,Yoğurt,Marka-D,False
2025-03-21,M01,U016,38,17,170.13,False,Süt Ürünleri,Yoğurt,Marka-D,False
2025-03-22,M01,U016,44,137,170.13,False,Süt Ürünleri,Yoğurt,Marka-D,False
2025-03-23,M01,U016,25,112,170.13,False,Süt Ürünleri,Yoğurt,Marka-D,False
2025-03-24,M01,U016,29,83,170.13,False,Süt Ürünleri,Yoğurt,Marka-D,False
2025-03-25,M01,U016,25,58,170.13,False,Süt Ürünleri,Yoğurt,Marka-D,False
2025-03-26,M01,U016,37,21,170.13,False,Süt Ürünleri,Yoğurt,Marka-D,False
2025-03-27,M01,U016,29,138,170.13,False,Süt Ürünleri,Yoğurt,Marka-D,False
2025-03-28,M01,U016,21,117,170.13,False,Süt Ürünleri,Yoğurt,Marka-D,False
2025-03-29,M01,U016,75,42,144.61,False,Süt Ürünleri,Yoğurt,Marka-D,True
2025-03-30,M01,U016,33,9,170.13,False,Süt Ürünleri,Yoğurt,Marka-D,False
2025-03-31,M01,U016,9,0,170.13,True,Süt Ürünleri,Yoğurt,Marka-D,False
2025-04-01,M01,U016,25,134,170.13,False,Süt Ürünleri,Yoğurt,Marka-D,False
2025-04-02,M01,U016,30,104,170.13,False,Süt Ürünleri,Yoğurt,Marka-D,False
2025-04-03,M01,U016,27,77,170.13,False,Süt Ürünleri,Yoğurt,Marka-D,False
2025-04-04,M01,U016,37,40,170.13,False,Süt Ürünleri,Yoğurt,Marka-D,False
2025-04-05,M01,U016,32,8,170.13,False,Süt Ürünleri,Yoğurt,Marka-D,False
2025-04-06,M01,U016,8,0,170.13,True,Süt Ürünleri,Yoğurt,Marka-D,False
2025-04-07,M01,U016,0,0,170.13,True,Süt Ürünleri,Yoğurt,Marka-D,False
2025-04-08,M01,U016,0,0,170.13,True,Süt Ürünleri,Yoğurt,Marka-D,False
2025-04-09,M01,U016,0,0,170.13,True,Süt Ürünleri,Yoğurt,Marka-D,False
2025-04-10,M01,U016,0,0,170.13,True,Süt Ürünleri,Yoğurt,Marka-D,False
2025-04-11,M01,U016,30,142,170.13,False,Süt Ürünleri,Yoğurt,Marka-D,False
2025-04-12,M01,U016,42,100,170.13,False,Süt Ürünleri,Yoğurt,Marka-D,False
2025-04-13,M01,U016,37,63,170.13,False,Süt Ürünleri,Yoğurt,Marka-D,False
2025-04-14,M01,U016,22,41,170.13,False,Süt Ürünleri,Yoğurt,Marka-D,False
2025-04-15,M01,U016,33,8,170.13,False,Süt Ürünleri,Yoğurt,Marka-D,False
2025-04-16,M01,U016,30,161,170.13,False,Süt Ürünleri,Yoğurt,Marka-D,False
2025-04-17,M01,U016,27,134,170.13,False,Süt Ürünleri,Yoğurt,Marka-D,False
2025-04-18,M01,U016,29,105,170.13,False,Süt Ürünleri,Yoğurt,Marka-D,False
2025-04-19,M01,U016,39,66,170.13,False,Süt Ürünleri,Yoğurt,Marka-D,False
2025-04-20,M01,U016,49,17,170.13,False,Süt Ürünleri,Yoğurt,Marka-D,False
2025-04-21,M01,U016,27,155,170.13,False,Süt Ürünleri,Yoğurt,Marka-D,False
2025-04-22,M01,U016,31,124,170.13,False,Süt Ürünleri,Yoğurt,Marka-D,False
2025-04-23,M01,U016,28,96,170.13,False,Süt Ürünleri,Yoğurt,Marka-D,False
2025-04-24,M01,U016,37,59,170.13,False,Süt Ürünleri,Yoğurt,Marka-D,False
2025-04-25,M01,U016,35,24,170.13,False,Süt Ürünleri,Yoğurt,Marka-D,False
2025-04-26,M01,U016,42,143,170.13,False,Süt Ürünleri,Yoğurt,Marka-D,False
2025-04-27,M01,U016,27,116,170.13,False,Süt Ürünleri,Yoğurt,Marka-D,False
2025-04-28,M01,U016,28,88,170.13,False,Süt Ürünleri,Yoğurt,Marka-D,False
2025-04-29,M01,U016,26,62,170.13,False,Süt Ürünleri,Yoğurt,Marka-D,False
2025-04-30,M01,U016,27,35,170.13,False,Süt Ürünleri,Yoğurt,Marka-D,False
2025-05-01,M01,U016,33,133,170.13,False,Süt Ürünleri,Yoğurt,Marka-D,False
2025-05-02,M01,U016,38,95,170.13,False,Süt Ürünleri,Yoğurt,Marka-D,False
2025-05-03,M01,U016,47,48,170.13,False,Süt Ürünleri,Yoğurt,Marka-D,False
2025-05-04,M01,U016,40,8,170.13,False,Süt Ürünleri,Yoğurt,Marka-D,False
2025-05-05,M01,U016,8,0,170.13,True,Süt Ürünleri,Yoğurt,Marka-D,False
2025-05-06,M01,U016,29,130,170.13,False,Süt Ürünleri,Yoğurt,Marka-D,False
2025-01-01,M01,U017,11,80,88.44,False,Süt Ürünleri,Peynir,Marka-E,False
2025-01-02,M01,U017,11,69,88.44,False,Süt Ürünleri,Peynir,Marka-E,False
2025-01-03,M01,U017,12,57,88.44,False,Süt Ürünleri,Peynir,Marka-E,False
2025-01-04,M01,U017,23,34,88.44,False,Süt Ürünleri,Peynir,Marka-E,False
2025-01-05,M01,U017,25,9,75.17,False,Süt Ürünleri,Peynir,Marka-E,True
2025-01-06,M01,U017,9,0,88.44,True,Süt Ürünleri,Peynir,Marka-E,False
2025-01-07,M01,U017,0,0,88.44,True,Süt Ürünleri,Peynir,Marka-E,False
2025-01-08,M01,U017,11,70,88.44,False,Süt Ürünleri,Peynir,Marka-E,False
2025-01-09,M01,U017,14,56,88.44,False,Süt Ürünleri,Peynir,Marka-E,False
2025-01-10,M01,U017,14,42,88.44,False,Süt Ürünleri,Peynir,Marka-E,False
2025-01-11,M01,U017,22,20,88.44,False,Süt Ürünleri,Peynir,Marka-E,False
2025-01-12,M01,U017,20,0,75.17,False,Süt Ürünleri,Peynir,Marka-E,True
2025-01-13,M01,U017,0,0,88.44,True,Süt Ürünleri,Peynir,Marka-E,False
2025-01-14,M01,U017,0,0,75.17,True,Süt Ürünleri,Peynir,Marka-E,True
2025-01-15,M01,U017,21,66,88.44,False,Süt Ürünleri,Peynir,Marka-E,False
2025-01-16,M01,U017,25,41,70.75,False,Süt Ürünleri,Peynir,Marka-E,True
2025-01-17,M01,U017,22,19,88.44,False,Süt Ürünleri,Peynir,Marka-E,False
2025-01-18,M01,U017,19,0,79.6,True,Süt Ürünleri,Peynir,Marka-E,True
2025-01-19,M01,U017,0,0,88.44,True,Süt Ürünleri,Peynir,Marka-E,False
2025-01-20,M01,U017,0,0,88.44,True,Süt Ürünleri,Peynir,Marka-E,False
2025-01-21,M01,U017,0,0,88.44,True,Süt Ürünleri,Peynir,Marka-E,False
2025-01-22,M01,U017,21,73,88.44,False,Süt Ürünleri,Peynir,Marka-E,False
2025-01-23,M01,U017,18,55,88.44,False,Süt Ürünleri,Peynir,Marka-E,False
2025-01-24,M01,U017,17,38,88.44,False,Süt Ürünleri,Peynir,Marka-E,False
2025-01-25,M01,U017,19,19,88.44,False,Süt Ürünleri,Peynir,Marka-E,False
2025-01-26,M01,U017,19,0,88.44,True,Süt Ürünleri,Peynir,Marka-E,False
2025-01-27,M01,U017,0,0,88.44,True,Süt Ürünleri,Peynir,Marka-E,False
2025-01-28,M01,U017,0,0,75.17,True,Süt Ürünleri,Peynir,Marka-E,True
2025-01-29,M01,U017,14,77,88.44,False,Süt Ürünleri,Peynir,Marka-E,False
2025-01-30,M01,U017,13,64,88.44,False,Süt Ürünleri,Peynir,Marka-E,False
2025-01-31,M01,U017,16,48,88.44,False,Süt Ürünleri,Peynir,Marka-E,False
2025-02-01,M01,U017,23,25,88.44,False,Süt Ürünleri,Peynir,Marka-E,False
2025-02-02,M01,U017,16,9,88.44,False,Süt Ürünleri,Peynir,Marka-E,False
2025-02-03,M01,U017,9,0,70.75,True,Süt Ürünleri,Peynir,Marka-E,True
2025-02-04,M01,U017,0,0,88.44,True,Süt Ürünleri,Peynir,Marka-E,False
2025-02-05,M01,U017,15,67,88.44,False,Süt Ürünleri,Peynir,Marka-E,False
2025-02-06,M01,U017,16,51,88.44,False,Süt Ürünleri,Peynir,Marka-E,False
2025-02-07,M01,U017,16,35,88.44,False,Süt Ürünleri,Peynir,Marka-E,False
2025-02-08,M01,U017,22,13,88.44,False,Süt Ürünleri,Peynir,Marka-E,False
2025-02-09,M01,U017,13,0,88.44,True,Süt Ürünleri,Peynir,Marka-E,False
2025-02-10,M01,U017,0,0,88.44,True,Süt Ürünleri,Peynir,Marka-E,False
2025-02-11,M01,U017,0,0,88.44,True,Süt Ürünleri,Peynir,Marka-E,False
2025-02-12,M01,U017,16,66,88.44,False,Süt Ürünleri,Peynir,Marka-E,False
2025-02-13,M01,U017,19,47,88.44,False,Süt Ürünleri,Peynir,Marka-E,False
2025-02-14,M01,U017,23,24,88.44,False,Süt Ürünleri,Peynir,Marka-E,False
2025-02-15,M01,U017,22,2,88.44,False,Süt Ürünleri,Peynir,Marka-E,False
2025-02-16,M01,U017,2,0,79.6,True,Süt Ürünleri,Peynir,Marka-E,True
2025-02-17,M01,U017,0,0,88.44,True,Süt Ürünleri,Peynir,Marka-E,False
2025-02-18,M01,U017,0,0,79.6,True,Süt Ürünleri,Peynir,Marka-E,True
2025-02-19,M01,U017,16,79,88.44,False,Süt Ürünleri,Peynir,Marka-E,False
2025-02-20,M01,U017,19,60,88.44,False,Süt Ürünleri,Peynir,Marka-E,False
2025-02-21,M01,U017,20,40,88.44,False,Süt Ürünleri,Peynir,Marka-E,False
2025-02-22,M01,U017,14,26,88.44,False,Süt Ürünleri,Peynir,Marka-E,False
2025-02-23,M01,U017,20,6,88.44,False,Süt Ürünleri,Peynir,Marka-E,False
2025-02-24,M01,U017,6,0,88.44,True,Süt Ürünleri,Peynir,Marka-E,False
2025-02-25,M01,U017,0,0,88.44,True,Süt Ürünleri,Peynir,Marka-E,False
2025-02-26,M01,U017,0,0,88.44,True,Süt Ürünleri,Peynir,Marka-E,False
2025-02-27,M01,U017,0,0,88.44,True,Süt Ürünleri,Peynir,Marka-E,False
2025-02-28,M01,U017,0,0,88.44,True,Süt Ürünleri,Peynir,Marka-E,False
2025-03-01,M01,U017,0,0,88.44,True,Süt Ürünleri,Peynir,Marka-E,False
2025-03-02,M01,U017,0,0,88.44,True,Süt Ürünleri,Peynir,Marka-E,False
2025-03-03,M01,U017,0,0,88.44,True,Süt Ürünleri,Peynir,Marka-E,False
2025-03-04,M01,U017,0,0,88.44,True,Süt Ürünleri,Peynir,Marka-E,False
2025-03-05,M01,U017,16,78,79.6,False,Süt Ürünleri,Peynir,Marka-E,True
2025-03-06,M01,U017,19,59,88.44,False,Süt Ürünleri,Peynir,Marka-E,False
2025-03-07,M01,U017,19,40,88.44,False,Süt Ürünleri,Peynir,Marka-E,False
2025-03-08,M01,U017,22,18,88.44,False,Süt Ürünleri,Peynir,Marka-E,False
2025-03-09,M01,U017,17,1,88.44,False,Süt Ürünleri,Peynir,Marka-E,False
2025-03-10,M01,U017,1,0,88.44,True,Süt Ürünleri,Peynir,Marka-E,False
2025-03-11,M01,U017,0,0,88.44,True,Süt Ürünleri,Peynir,Marka-E,False
2025-03-12,M01,U017,5,80,88.44,False,Süt Ürünleri,Peynir,Marka-E,False
2025-03-13,M01,U017,17,63,88.44,False,Süt Ürünleri,Peynir,Marka-E,False
2025-03-14,M01,U017,17,46,88.44,False,Süt Ürünleri,Peynir,Marka-E,False
2025-03-15,M01,U017,19,27,88.44,False,Süt Ürünleri,Peynir,Marka-E,False
2025-03-16,M01,U017,21,6,88.44,False,Süt Ürünleri,Peynir,Marka-E,False
2025-03-17,M01,U017,6,0,88.44,True,Süt Ürünleri,Peynir,Marka-E,False
2025-03-18,M01,U017,0,0,88.44,True,Süt Ürünleri,Peynir,Marka-E,False
2025-03-19,M01,U017,11,76,88.44,False,Süt Ürünleri,Peynir,Marka-E,False
2025-03-20,M01,U017,18,58,88.44,False,Süt Ürünleri,Peynir,Marka-E,False
2025-03-21,M01,U017,17,41,88.44,False,Süt Ürünleri,Peynir,Marka-E,False
2025-03-22,M01,U017,28,13,88.44,False,Süt Ürünleri,Peynir,Marka-E,False
2025-03-23,M01,U017,13,0,88.44,True,Süt Ürünleri,Peynir,Marka-E,False
2025-03-24,M01,U017,0,0,88.44,True,Süt Ürünleri,Peynir,Marka-E,False
2025-03-25,M01,U017,0,0,88.44,True,Süt Ürünleri,Peynir,Marka-E,False
2025-03-26,M01,U017,0,0,88.44,True,Süt Ürünleri,Peynir,Marka-E,False
2025-03-27,M01,U017,0,0,88.44,True,Süt Ürünleri,Peynir,Marka-E,False
2025-03-28,M01,U017,0,0,88.44,True,Süt Ürünleri,Peynir,Marka-E,False
2025-03-29,M01,U017,0,0,88.44,True,Süt Ürünleri,Peynir,Marka-E,False
2025-03-30,M01,U017,0,0,88.44,True,Süt Ürünleri,Peynir,Marka-E,False
2025-03-31,M01,U017,0,0,88.44,True,Süt Ürünleri,Peynir,Marka-E,False
2025-04-01,M01,U017,0,0,88.44,True,Süt Ürünleri,Peynir,Marka-E,False
2025-04-02,M01,U017,17,67,88.44,False,Süt Ürünleri,Peynir,Marka-E,False
2025-04-03,M01,U017,17,50,88.44,False,Süt Ürünleri,Peynir,Marka-E,False
2025-04-04,M01,U017,16,34,88.44,False,Süt Ürünleri,Peynir,Marka-E,False
2025-04-05,M01,U017,23,11,88.44,False,Süt Ürünleri,Peynir,Marka-E,False
2025-04-06,M01,U017,11,0,75.17,True,Süt Ürünleri,Peynir,Marka-E,True
2025-04-07,M01,U017,0,0,88.44,True,Süt Ürünleri,Peynir,Marka-E,False
2025-04-08,M01,U017,0,0,88.44,True,Süt Ürünleri,Peynir,Marka-E,False
2025-04-09,M01,U017,17,72,88.44,False,Süt Ürünleri,Peynir,Marka-E,False
2025-04-10,M01,U017,19,53,88.44,False,Süt Ürünleri,Peynir,Marka-E,False
2025-04-11,M01,U017,25,28,79.6,False,Süt Ürünleri,Peynir,Marka-E,True
2025-04-12,M01,U017,24,4,88.44,False,Süt Ürünleri,Peynir,Marka-E,False
2025-04-13,M01,U017,4,0,88.44,True,Süt Ürünleri,Peynir,Marka-E,False
2025-04-14,M01,U017,0,0,88.44,True,Süt Ürünleri,Peynir,Marka-E,False
2025-04-15,M01,U017,0,0,79.6,True,Süt Ürünleri,Peynir,Marka-E,True
2025-04-16,M01,U017,22,71,88.44,False,Süt Ürünleri,Peynir,Marka-E,False
2025-04-17,M01,U017,19,52,88.44,False,Süt Ürünleri,Peynir,Marka-E,False
2025-04-18,M01,U017,17,35,88.44,False,Süt Ürünleri,Peynir,Marka-E,False
2025-04-19,M01,U017,17,18,88.44,False,Süt Ürünleri,Peynir,Marka-E,False
2025-04-20,M01,U017,7,11,88.44,False,Süt Ürünleri,Peynir,Marka-E,False
2025-04-21,M01,U017,11,0,88.44,True,Süt Ürünleri,Peynir,Marka-E,False
2025-04-22,M01,U017,0,0,88.44,True,Süt Ürünleri,Peynir,Marka-E,False
2025-04-23,M01,U017,13,80,88.44,False,Süt Ürünleri,Peynir,Marka-E,False
2025-04-24,M01,U017,15,65,88.44,False,Süt Ürünleri,Peynir,Marka-E,False
2025-04-25,M01,U017,15,50,88.44,False,Süt Ürünleri,Peynir,Marka-E,False
2025-04-26,M01,U017,18,32,88.44,False,Süt Ürünleri,Peynir,Marka-E,False
2025-04-27,M01,U017,22,10,79.6,False,Süt Ürünleri,Peynir,Marka-E,True
2025-04-28,M01,U017,10,0,88.44,True,Süt Ürünleri,Peynir,Marka-E,False
2025-04-29,M01,U017,0,0,88.44,True,Süt Ürünleri,Peynir,Marka-E,False
2025-04-30,M01,U017,27,65,79.6,False,Süt Ürünleri,Peynir,Marka-E,True
2025-05-01,M01,U017,16,49,88.44,False,Süt Ürünleri,Peynir,Marka-E,False
2025-05-02,M01,U017,20,29,88.44,False,Süt Ürünleri,Peynir,Marka-E,False
2025-05-03,M01,U017,18,11,88.44,False,Süt Ürünleri,Peynir,Marka-E,False
2025-05-04,M01,U017,11,0,88.44,True,Süt Ürünleri,Peynir,Marka-E,False
2025-05-05,M01,U017,0,0,88.44,True,Süt Ürünleri,Peynir,Marka-E,False
2025-05-06,M01,U017,0,0,88.44,True,Süt Ürünleri,Peynir,Marka-E,False
2025-01-01,M01,U018,13,48,116.46,False,Süt Ürünleri,Peynir,Marka-F,False
2025-01-02,M01,U018,11,37,116.46,False,Süt Ürünleri,Peynir,Marka-F,False
2025-01-03,M01,U018,7,30,116.46,False,Süt Ürünleri,Peynir,Marka-F,False
2025-01-04,M01,U018,16,14,116.46,False,Süt Ürünleri,Peynir,Marka-F,False
2025-01-05,M01,U018,10,4,116.46,False,Süt Ürünleri,Peynir,Marka-F,False
2025-01-06,M01,U018,4,0,116.46,True,Süt Ürünleri,Peynir,Marka-F,False
2025-01-07,M01,U018,0,0,116.46,True,Süt Ürünleri,Peynir,Marka-F,False
2025-01-08,M01,U018,11,43,116.46,False,Süt Ürünleri,Peynir,Marka-F,False
2025-01-09,M01,U018,12,31,104.81,False,Süt Ürünleri,Peynir,Marka-F,True
2025-01-10,M01,U018,13,18,116.46,False,Süt Ürünleri,Peynir,Marka-F,False
2025-01-11,M01,U018,16,2,116.46,False,Süt Ürünleri,Peynir,Marka-F,False
2025-01-12,M01,U018,2,0,116.46,True,Süt Ürünleri,Peynir,Marka-F,False
2025-01-13,M01,U018,0,0,116.46,True,Süt Ürünleri,Peynir,Marka-F,False
2025-01-14,M01,U018,0,0,116.46,True,Süt Ürünleri,Peynir,Marka-F,False
2025-01-15,M01,U018,10,49,116.46,False,Süt Ürünleri,Peynir,Marka-F,False
2025-01-16,M01,U018,10,39,116.46,False,Süt Ürünleri,Peynir,Marka-F,False
2025-01-17,M01,U018,12,27,116.46,False,Süt Ürünleri,Peynir,Marka-F,False
2025-01-18,M01,U018,27,0,98.99,True,Süt Ürünleri,Peynir,Marka-F,True
2025-01-19,M01,U018,0,0,116.46,True,Süt Ürünleri,Peynir,Marka-F,False
2025-01-20,M01,U018,0,0,116.46,True,Süt Ürünleri,Peynir,Marka-F,False
2025-01-21,M01,U018,0,0,116.46,True,Süt Ürünleri,Peynir,Marka-F,False
2025-01-22,M01,U018,6,47,116.46,False,Süt Ürünleri,Peynir,Marka-F,False
2025-01-23,M01,U018,7,40,116.46,False,Süt Ürünleri,Peynir,Marka-F,False
2025-01-24,M01,U018,16,24,116.46,False,Süt Ürünleri,Peynir,Marka-F,False
2025-01-25,M01,U018,9,15,116.46,False,Süt Ürünleri,Peynir,Marka-F,False
2025-01-26,M01,U018,15,0,116.46,True,Süt Ürünleri,Peynir,Marka-F,False
2025-01-27,M01,U018,0,0,116.46,True,Süt Ürünleri,Peynir,Marka-F,False
2025-01-28,M01,U018,0,0,116.46,True,Süt Ürünleri,Peynir,Marka-F,False
2025-01-29,M01,U018,7,50,116.46,False,Süt Ürünleri,Peynir,Marka-F,False
2025-01-30,M01,U018,6,44,116.46,False,Süt Ürünleri,Peynir,Marka-F,False
2025-01-31,M01,U018,13,31,116.46,False,Süt Ürünleri,Peynir,Marka-F,False
2025-02-01,M01,U018,16,15,93.17,False,Süt Ürünleri,Peynir,Marka-F,True
2025-02-02,M01,U018,7,8,116.46,False,Süt Ürünleri,Peynir,Marka-F,False
2025-02-03,M01,U018,8,0,116.46,True,Süt Ürünleri,Peynir,Marka-F,False
2025-02-04,M01,U018,0,0,116.46,True,Süt Ürünleri,Peynir,Marka-F,False
2025-02-05,M01,U018,12,47,116.46,False,Süt Ürünleri,Peynir,Marka-F,False
2025-02-06,M01,U018,18,29,93.17,False,Süt Ürünleri,Peynir,Marka-F,True
2025-02-07,M01,U018,14,15,116.46,False,Süt Ürünleri,Peynir,Marka-F,False
2025-02-08,M01,U018,7,8,116.46,False,Süt Ürünleri,Peynir,Marka-F,False
2025-02-09,M01,U018,8,0,116.46,True,Süt Ürünleri,Peynir,Marka-F,False
2025-02-10,M01,U018,0,0,116.46,True,Süt Ürünleri,Peynir,Marka-F,False
2025-02-11,M01,U018,0,0,116.46,True,Süt Ürünleri,Peynir,Marka-F,False
2025-02-12,M01,U018,7,45,116.46,False,Süt Ürünleri,Peynir,Marka-F,False
2025-02-13,M01,U018,19,26,116.46,False,Süt Ürünleri,Peynir,Marka-F,False
2025-02-14,M01,U018,13,13,104.81,False,Süt Ürünleri,Peynir,Marka-F,True
2025-02-15,M01,U018,11,2,116.46,False,Süt Ürünleri,Peynir,Marka-F,False
2025-02-16,M01,U018,2,0,116.46,True,Süt Ürünleri,Peynir,Marka-F,False
2025-02-17,M01,U018,0,0,116.46,True,Süt Ürünleri,Peynir,Marka-F,False
2025-02-18,M01,U018,0,0,116.46,True,Süt Ürünleri,Peynir,Marka-F,False
2025-02-19,M01,U018,8,43,116.46,False,Süt Ürünleri,Peynir,Marka-F,False
2025-02-20,M01,U018,11,32,116.46,False,Süt Ürünleri,Peynir,Marka-F,False
2025-02-21,M01,U018,9,23,116.46,False,Süt Ürünleri,Peynir,Marka-F,False
2025-02-22,M01,U018,23,0,98.99,True,Süt Ürünleri,Peynir,Marka-F,True
2025-02-23,M01,U018,0,0,116.46,True,Süt Ürünleri,Peynir,Marka-F,False
2025-02-24,M01,U018,0,0,116.46,True,Süt Ürünleri,Peynir,Marka-F,False
2025-02-25,M01,U018,0,0,93.17,True,Süt Ürünleri,Peynir,Marka-F,True
2025-02-26,M01,U018,9,44,116.46,False,Süt Ürünleri,Peynir,Marka-F,False
2025-02-27,M01,U018,11,33,116.46,False,Süt Ürünleri,Peynir,Marka-F,False
2025-02-28,M01,U018,18,15,93.17,False,Süt Ürünleri,Peynir,Marka-F,True
2025-03-01,M01,U018,10,5,98.99,False,Süt Ürünleri,Peynir,Marka-F,True
2025-03-02,M01,U018,5,0,116.46,True,Süt Ürünleri,Peynir,Marka-F,False
2025-03-03,M01,U018,0,0,116.46,True,Süt Ürünleri,Peynir,Marka-F,False
2025-03-04,M01,U018,0,0,116.46,True,Süt Ürünleri,Peynir,Marka-F,False
2025-03-05,M01,U018,8,50,116.46,False,Süt Ürünleri,Peynir,Marka-F,False
2025-03-06,M01,U018,11,39,116.46,False,Süt Ürünleri,Peynir,Marka-F,False
2025-03-07,M01,U018,9,30,116.46,False,Süt Ürünleri,Peynir,Marka-F,False
2025-03-08,M01,U018,10,20,116.46,False,Süt Ürünleri,Peynir,Marka-F,False
2025-03-09,M01,U018,12,8,116.46,False,Süt Ürünleri,Peynir,Marka-F,False
2025-03-10,M01,U018,8,0,116.46,True,Süt Ürünleri,Peynir,Marka-F,False
2025-03-11,M01,U018,0,0,116.46,True,Süt Ürünleri,Peynir,Marka-F,False
2025-03-12,M01,U018,20,37,98.99,False,Süt Ürünleri,Peynir,Marka-F,True
2025-03-13,M01,U018,18,19,116.46,False,Süt Ürünleri,Peynir,Marka-F,False
2025-03-14,M01,U018,14,5,116.46,False,Süt Ürünleri,Peynir,Marka-F,False
2025-03-15,M01,U018,5,0,98.99,True,Süt Ürünleri,Peynir,Marka-F,True
2025-03-16,M01,U018,0,0,104.81,True,Süt Ürünleri,Peynir,Marka-F,True
2025-03-17,M01,U018,0,0,98.99,True,Süt Ürünleri,Peynir,Marka-F,True
2025-03-18,M01,U018,0,0,116.46,True,Süt Ürünleri,Peynir,Marka-F,False
2025-03-19,M01,U018,9,46,116.46,False,Süt Ürünleri,Peynir,Marka-F,False
2025-03-20,M01,U018,15,31,104.81,False,Süt Ürünleri,Peynir,Marka-F,True
2025-03-21,M01,U018,10,21,116.46,False,Süt Ürünleri,Peynir,Marka-F,False
2025-03-22,M01,U018,13,8,116.46,False,Süt Ürünleri,Peynir,Marka-F,False
2025-03-23,M01,U018,8,0,116.46,True,Süt Ürünleri,Peynir,Marka-F,False
2025-03-24,M01,U018,0,0,116.46,True,Süt Ürünleri,Peynir,Marka-F,False
2025-03-25,M01,U018,0,0,116.46,True,Süt Ürünleri,Peynir,Marka-F,False
2025-03-26,M01,U018,3,52,116.46,False,Süt Ürünleri,Peynir,Marka-F,False
2025-03-27,M01,U018,13,39,98.99,False,Süt Ürünleri,Peynir,Marka-F,True
2025-03-28,M01,U018,14,25,116.46,False,Süt Ürünleri,Peynir,Marka-F,False
2025-03-29,M01,U018,12,13,116.46,False,Süt Ürünleri,Peynir,Marka-F,False
2025-03-30,M01,U018,13,0,116.46,True,Süt Ürünleri,Peynir,Marka-F,False
2025-03-31,M01,U018,0,0,116.46,True,Süt Ürünleri,Peynir,Marka-F,False
2025-04-01,M01,U018,0,0,93.17,True,Süt Ürünleri,Peynir,Marka-F,True
2025-04-02,M01,U018,0,0,116.46,True,Süt Ürünleri,Peynir,Marka-F,False
2025-04-03,M01,U018,0,0,116.46,True,Süt Ürünleri,Peynir,Marka-F,False
2025-04-04,M01,U018,0,0,116.46,True,Süt Ürünleri,Peynir,Marka-F,False
2025-04-05,M01,U018,0,0,104.81,True,Süt Ürünleri,Peynir,Marka-F,True
2025-04-06,M01,U018,0,0,116.46,True,Süt Ürünleri,Peynir,Marka-F,False
2025-04-07,M01,U018,0,0,116.46,True,Süt Ürünleri,Peynir,Marka-F,False
2025-04-08,M01,U018,0,0,116.46,True,Süt Ürünleri,Peynir,Marka-F,False
2025-04-09,M01,U018,0,0,116.46,True,Süt Ürünleri,Peynir,Marka-F,False
2025-04-10,M01,U018,0,0,104.81,True,Süt Ürünleri,Peynir,Marka-F,True
2025-04-11,M01,U018,0,0,116.46,True,Süt Ürünleri,Peynir,Marka-F,False
2025-04-12,M01,U018,0,0,104.81,True,Süt Ürünleri,Peynir,Marka-F,True
2025-04-13,M01,U018,0,0,116.46,True,Süt Ürünleri,Peynir,Marka-F,False
2025-04-14,M01,U018,0,0,116.46,True,Süt Ürünleri,Peynir,Marka-F,False
2025-04-15,M01,U018,0,0,116.46,True,Süt Ürünleri,Peynir,Marka-F,False
2025-04-16,M01,U018,13,39,116.46,False,Süt Ürünleri,Peynir,Marka-F,False
2025-04-17,M01,U018,20,19,116.46,False,Süt Ürünleri,Peynir,Marka-F,False
2025-04-18,M01,U018,17,2,116.46,False,Süt Ürünleri,Peynir,Marka-F,False
2025-04-19,M01,U018,2,0,116.46,True,Süt Ürünleri,Peynir,Marka-F,False
2025-04-20,M01,U018,0,0,116.46,True,Süt Ürünleri,Peynir,Marka-F,False
2025-04-21,M01,U018,0,0,116.46,True,Süt Ürünleri,Peynir,Marka-F,False
2025-04-22,M01,U018,0,0,116.46,True,Süt Ürünleri,Peynir,Marka-F,False
2025-04-23,M01,U018,0,0,116.46,True,Süt Ürünleri,Peynir,Marka-F,False
2025-04-24,M01,U018,0,0,116.46,True,Süt Ürünleri,Peynir,Marka-F,False
2025-04-25,M01,U018,0,0,116.46,True,Süt Ürünleri,Peynir,Marka-F,False
2025-04-26,M01,U018,0,0,116.46,True,Süt Ürünleri,Peynir,Marka-F,False
2025-04-27,M01,U018,0,0,116.46,True,Süt Ürünleri,Peynir,Marka-F,False
2025-04-28,M01,U018,0,0,116.46,True,Süt Ürünleri,Peynir,Marka-F,False
2025-04-29,M01,U018,0,0,116.46,True,Süt Ürünleri,Peynir,Marka-F,False
2025-04-30,M01,U018,0,0,116.46,True,Süt Ürünleri,Peynir,Marka-F,False
2025-05-01,M01,U018,0,0,116.46,True,Süt Ürünleri,Peynir,Marka-F,False
2025-05-02,M01,U018,0,0,116.46,True,Süt Ürünleri,Peynir,Marka-F,False
2025-05-03,M01,U018,0,0,104.81,True,Süt Ürünleri,Peynir,Marka-F,True
2025-05-04,M01,U018,0,0,116.46,True,Süt Ürünleri,Peynir,Marka-F,False
2025-05-05,M01,U018,0,0,116.46,True,Süt Ürünleri,Peynir,Marka-F,False
2025-05-06,M01,U018,0,0,116.46,True,Süt Ürünleri,Peynir,Marka-F,False
2025-01-01,M02,U001,13,126,175.82,False,İçecek,Gazlı İçecek,Marka-A,False
2025-01-02,M02,U001,20,106,175.82,False,İçecek,Gazlı İçecek,Marka-A,False
2025-01-03,M02,U001,15,91,175.82,False,İçecek,Gazlı İçecek,Marka-A,False
2025-01-04,M02,U001,28,63,175.82,False,İçecek,Gazlı İçecek,Marka-A,False
2025-01-05,M02,U001,19,44,175.82,False,İçecek,Gazlı İçecek,Marka-A,False
2025-01-06,M02,U001,16,28,175.82,False,İçecek,Gazlı İçecek,Marka-A,False
2025-01-07,M02,U001,17,11,175.82,False,İçecek,Gazlı İçecek,Marka-A,False
2025-01-08,M02,U001,8,125,175.82,False,İçecek,Gazlı İçecek,Marka-A,False
2025-01-09,M02,U001,15,110,175.82,False,İçecek,Gazlı İçecek,Marka-A,False
2025-01-10,M02,U001,20,90,175.82,False,İçecek,Gazlı İçecek,Marka-A,False
2025-01-11,M02,U001,12,78,175.82,False,İçecek,Gazlı İçecek,Marka-A,False
2025-01-12,M02,U001,23,55,175.82,False,İçecek,Gazlı İçecek,Marka-A,False
2025-01-13,M02,U001,21,34,175.82,False,İçecek,Gazlı İçecek,Marka-A,False
2025-01-14,M02,U001,11,23,175.82,False,İçecek,Gazlı İçecek,Marka-A,False
2025-01-15,M02,U001,16,122,175.82,False,İçecek,Gazlı İçecek,Marka-A,False
2025-01-16,M02,U001,15,107,175.82,False,İçecek,Gazlı İçecek,Marka-A,False
2025-01-17,M02,U001,17,90,175.82,False,İçecek,Gazlı İçecek,Marka-A,False
2025-01-18,M02,U001,16,74,175.82,False,İçecek,Gazlı İçecek,Marka-A,False
2025-01-19,M02,U001,23,51,175.82,False,İçecek,Gazlı İçecek,Marka-A,False
2025-01-20,M02,U001,14,37,175.82,False,İçecek,Gazlı İçecek,Marka-A,False
2025-01-21,M02,U001,16,21,175.82,False,İçecek,Gazlı İçecek,Marka-A,False
2025-01-22,M02,U001,18,123,149.45,False,İçecek,Gazlı İçecek,Marka-A,True
2025-01-23,M02,U001,17,106,175.82,False,İçecek,Gazlı İçecek,Marka-A,False
2025-01-24,M02,U001,22,84,175.82,False,İçecek,Gazlı İçecek,Marka-A,False
2025-01-25,M02,U001,33,51,158.24,False,İçecek,Gazlı İçecek,Marka-A,True
2025-01-26,M02,U001,22,29,175.82,False,İçecek,Gazlı İçecek,Marka-A,False
2025-01-27,M02,U001,14,15,175.82,False,İçecek,Gazlı İçecek,Marka-A,False
2025-01-28,M02,U001,15,0,175.82,True,İçecek,Gazlı İçecek,Marka-A,False
2025-01-29,M02,U001,21,113,175.82,False,İçecek,Gazlı İçecek,Marka-A,False
2025-01-30,M02,U001,14,99,175.82,False,İçecek,Gazlı İçecek,Marka-A,False
2025-01-31,M02,U001,19,80,175.82,False,İçecek,Gazlı İçecek,Marka-A,False
2025-02-01,M02,U001,26,54,175.82,False,İçecek,Gazlı İçecek,Marka-A,False
2025-02-02,M02,U001,21,33,175.82,False,İçecek,Gazlı İçecek,Marka-A,False
2025-02-03,M02,U001,27,6,175.82,False,İçecek,Gazlı İçecek,Marka-A,False
2025-02-04,M02,U001,6,0,175.82,True,İçecek,Gazlı İçecek,Marka-A,False
2025-02-05,M02,U001,0,0,175.82,True,İçecek,Gazlı İçecek,Marka-A,False
2025-02-06,M02,U001,0,0,175.82,True,İçecek,Gazlı İçecek,Marka-A,False
2025-02-07,M02,U001,0,0,175.82,True,İçecek,Gazlı İçecek,Marka-A,False
2025-02-08,M02,U001,0,0,175.82,True,İçecek,Gazlı İçecek,Marka-A,False
2025-02-09,M02,U001,0,0,175.82,True,İçecek,Gazlı İçecek,Marka-A,False
2025-02-10,M02,U001,0,0,175.82,True,İçecek,Gazlı İçecek,Marka-A,False
2025-02-11,M02,U001,0,0,175.82,True,İçecek,Gazlı İçecek,Marka-A,False
2025-02-12,M02,U001,30,109,140.66,False,İçecek,Gazlı İçecek,Marka-A,True
2025-02-13,M02,U001,19,90,175.82,False,İçecek,Gazlı İçecek,Marka-A,False
2025-02-14,M02,U001,15,75,175.82,False,İçecek,Gazlı İçecek,Marka-A,False
2025-02-15,M02,U001,20,55,175.82,False,İçecek,Gazlı İçecek,Marka-A,False
2025-02-16,M02,U001,18,37,175.82,False,İçecek,Gazlı İçecek,Marka-A,False
2025-02-17,M02,U001,17,20,175.82,False,İçecek,Gazlı İçecek,Marka-A,False
2025-02-18,M02,U001,16,4,175.82,False,İçecek,Gazlı İçecek,Marka-A,False
2025-02-19,M02,U001,14,107,175.82,False,İçecek,Gazlı İçecek,Marka-A,False
2025-02-20,M02,U001,21,86,175.82,False,İçecek,Gazlı İçecek,Marka-A,False
2025-02-21,M02,U001,19,67,175.82,False,İçecek,Gazlı İçecek,Marka-A,False
2025-02-22,M02,U001,39,28,140.66,False,İçecek,Gazlı İçecek,Marka-A,True
2025-02-23,M02,U001,19,9,175.82,False,İçecek,Gazlı İçecek,Marka-A,False
2025-02-24,M02,U001,9,0,175.82,True,İçecek,Gazlı İçecek,Marka-A,False
2025-02-25,M02,U001,0,0,140.66,True,İçecek,Gazlı İçecek,Marka-A,True
2025-02-26,M02,U001,14,104,175.82,False,İçecek,Gazlı İçecek,Marka-A,False
2025-02-27,M02,U001,18,86,175.82,False,İçecek,Gazlı İçecek,Marka-A,False
2025-02-28,M02,U001,20,66,175.82,False,İçecek,Gazlı İçecek,Marka-A,False
2025-03-01,M02,U001,21,45,175.82,False,İçecek,Gazlı İçecek,Marka-A,False
2025-03-02,M02,U001,27,18,175.82,False,İçecek,Gazlı İçecek,Marka-A,False
2025-03-03,M02,U001,18,0,175.82,True,İçecek,Gazlı İçecek,Marka-A,False
2025-03-04,M02,U001,0,0,175.82,True,İçecek,Gazlı İçecek,Marka-A,False
2025-03-05,M02,U001,14,122,175.82,False,İçecek,Gazlı İçecek,Marka-A,False
2025-03-06,M02,U001,23,99,175.82,False,İçecek,Gazlı İçecek,Marka-A,False
2025-03-07,M02,U001,25,74,175.82,False,İçecek,Gazlı İçecek,Marka-A,False
2025-03-08,M02,U001,26,48,175.82,False,İçecek,Gazlı İçecek,Marka-A,False
2025-03-09,M02,U001,20,28,175.82,False,İçecek,Gazlı İçecek,Marka-A,False
2025-03-10,M02,U001,17,11,175.82,False,İçecek,Gazlı İçecek,Marka-A,False
2025-03-11,M02,U001,11,0,175.82,True,İçecek,Gazlı İçecek,Marka-A,False
2025-03-12,M02,U001,18,112,175.82,False,İçecek,Gazlı İçecek,Marka-A,False
2025-03-13,M02,U001,25,87,175.82,False,İçecek,Gazlı İçecek,Marka-A,False
2025-03-14,M02,U001,15,72,175.82,False,İçecek,Gazlı İçecek,Marka-A,False
2025-03-15,M02,U001,25,47,175.82,False,İçecek,Gazlı İçecek,Marka-A,False
2025-03-16,M02,U001,19,28,175.82,False,İçecek,Gazlı İçecek,Marka-A,False
2025-03-17,M02,U001,20,8,175.82,False,İçecek,Gazlı İçecek,Marka-A,False
2025-03-18,M02,U001,8,0,175.82,True,İçecek,Gazlı İçecek,Marka-A,False
2025-03-19,M02,U001,13,112,175.82,False,İçecek,Gazlı İçecek,Marka-A,False
2025-03-20,M02,U001,31,81,158.24,False,İçecek,Gazlı İçecek,Marka-A,True
2025-03-21,M02,U001,17,64,175.82,False,İçecek,Gazlı İçecek,Marka-A,False
2025-03-22,M02,U001,18,46,175.82,False,İçecek,Gazlı İçecek,Marka-A,False
2025-03-23,M02,U001,19,27,175.82,False,İçecek,Gazlı İçecek,Marka-A,False
2025-03-24,M02,U001,9,18,175.82,False,İçecek,Gazlı İçecek,Marka-A,False
2025-03-25,M02,U001,18,0,175.82,True,İçecek,Gazlı İçecek,Marka-A,False
2025-03-26,M02,U001,0,0,175.82,True,İçecek,Gazlı İçecek,Marka-A,False
2025-03-27,M02,U001,0,0,175.82,True,İçecek,Gazlı İçecek,Marka-A,False
2025-03-28,M02,U001,0,0,175.82,True,İçecek,Gazlı İçecek,Marka-A,False
2025-03-29,M02,U001,0,0,149.45,True,İçecek,Gazlı İçecek,Marka-A,True
2025-03-30,M02,U001,0,0,175.82,True,İçecek,Gazlı İçecek,Marka-A,False
2025-03-31,M02,U001,0,0,149.45,True,İçecek,Gazlı İçecek,Marka-A,True
2025-04-01,M02,U001,0,0,175.82,True,İçecek,Gazlı İçecek,Marka-A,False
2025-04-02,M02,U001,14,123,175.82,False,İçecek,Gazlı İçecek,Marka-A,False
2025-04-03,M02,U001,20,103,175.82,False,İçecek,Gazlı İçecek,Marka-A,False
2025-04-04,M02,U001,23,80,175.82,False,İçecek,Gazlı İçecek,Marka-A,False
2025-04-05,M02,U001,34,46,175.82,False,İçecek,Gazlı İçecek,Marka-A,False
2025-04-06,M02,U001,26,20,175.82,False,İçecek,Gazlı İçecek,Marka-A,False
2025-04-07,M02,U001,18,2,175.82,False,İçecek,Gazlı İçecek,Marka-A,False
2025-04-08,M02,U001,2,0,175.82,True,İçecek,Gazlı İçecek,Marka-A,False
2025-04-09,M02,U001,18,113,175.82,False,İçecek,Gazlı İçecek,Marka-A,False
2025-04-10,M02,U001,20,93,175.82,False,İçecek,Gazlı İçecek,Marka-A,False
2025-04-11,M02,U001,25,68,175.82,False,İçecek,Gazlı İçecek,Marka-A,False
2025-04-12,M02,U001,25,43,175.82,False,İçecek,Gazlı İçecek,Marka-A,False
2025-04-13,M02,U001,15,28,175.82,False,İçecek,Gazlı İçecek,Marka-A,False
2025-04-14,M02,U001,13,15,175.82,False,İçecek,Gazlı İçecek,Marka-A,False
2025-04-15,M02,U001,15,0,149.45,True,İçecek,Gazlı İçecek,Marka-A,True
2025-04-16,M02,U001,24,101,175.82,False,İçecek,Gazlı İçecek,Marka-A,False
2025-04-17,M02,U001,12,89,175.82,False,İçecek,Gazlı İçecek,Marka-A,False
2025-04-18,M02,U001,18,71,175.82,False,İçecek,Gazlı İçecek,Marka-A,False
2025-04-19,M02,U001,26,45,175.82,False,İçecek,Gazlı İçecek,Marka-A,False
2025-04-20,M02,U001,17,28,175.82,False,İçecek,Gazlı İçecek,Marka-A,False
2025-04-21,M02,U001,13,15,175.82,False,İçecek,Gazlı İçecek,Marka-A,False
2025-04-22,M02,U001,15,0,175.82,True,İçecek,Gazlı İçecek,Marka-A,False
2025-04-23,M02,U001,17,103,175.82,False,İçecek,Gazlı İçecek,Marka-A,False
2025-04-24,M02,U001,20,83,175.82,False,İçecek,Gazlı İçecek,Marka-A,False
2025-04-25,M02,U001,24,59,175.82,False,İçecek,Gazlı İçecek,Marka-A,False
2025-04-26,M02,U001,30,29,175.82,False,İçecek,Gazlı İçecek,Marka-A,False
2025-04-27,M02,U001,22,7,175.82,False,İçecek,Gazlı İçecek,Marka-A,False
2025-04-28,M02,U001,7,0,175.82,True,İçecek,Gazlı İçecek,Marka-A,False
2025-04-29,M02,U001,0,0,175.82,True,İçecek,Gazlı İçecek,Marka-A,False
2025-04-30,M02,U001,20,105,175.82,False,İçecek,Gazlı İçecek,Marka-A,False
2025-05-01,M02,U001,19,86,175.82,False,İçecek,Gazlı İçecek,Marka-A,False
2025-05-02,M02,U001,17,69,175.82,False,İçecek,Gazlı İçecek,Marka-A,False
2025-05-03,M02,U001,46,23,140.66,False,İçecek,Gazlı İçecek,Marka-A,True
2025-05-04,M02,U001,23,0,175.82,True,İçecek,Gazlı İçecek,Marka-A,False
2025-05-05,M02,U001,0,0,175.82,True,İçecek,Gazlı İçecek,Marka-A,False
2025-05-06,M02,U001,0,0,175.82,True,İçecek,Gazlı İçecek,Marka-A,False
2025-01-01,M02,U002,24,117,192.33,False,İçecek,Gazlı İçecek,Marka-B,False
2025-01-02,M02,U002,15,102,192.33,False,İçecek,Gazlı İçecek,Marka-B,False
2025-01-03,M02,U002,41,61,163.48,False,İçecek,Gazlı İçecek,Marka-B,True
2025-01-04,M02,U002,31,30,192.33,False,İçecek,Gazlı İçecek,Marka-B,False
2025-01-05,M02,U002,30,0,192.33,True,İçecek,Gazlı İçecek,Marka-B,False
2025-01-06,M02,U002,0,0,192.33,True,İçecek,Gazlı İçecek,Marka-B,False
2025-01-07,M02,U002,0,0,192.33,True,İçecek,Gazlı İçecek,Marka-B,False
2025-01-08,M02,U002,16,117,192.33,False,İçecek,Gazlı İçecek,Marka-B,False
2025-01-09,M02,U002,32,85,192.33,False,İçecek,Gazlı İçecek,Marka-B,False
2025-01-10,M02,U002,47,38,173.1,False,İçecek,Gazlı İçecek,Marka-B,True
2025-01-11,M02,U002,30,8,192.33,False,İçecek,Gazlı İçecek,Marka-B,False
2025-01-12,M02,U002,8,0,192.33,True,İçecek,Gazlı İçecek,Marka-B,False
2025-01-13,M02,U002,0,0,192.33,True,İçecek,Gazlı İçecek,Marka-B,False
2025-01-14,M02,U002,0,0,192.33,True,İçecek,Gazlı İçecek,Marka-B,False
2025-01-15,M02,U002,34,100,192.33,False,İçecek,Gazlı İçecek,Marka-B,False
2025-01-16,M02,U002,27,73,192.33,False,İçecek,Gazlı İçecek,Marka-B,False
2025-01-17,M02,U002,40,33,192.33,False,İçecek,Gazlı İçecek,Marka-B,False
2025-01-18,M02,U002,26,7,192.33,False,İçecek,Gazlı İçecek,Marka-B,False
2025-01-19,M02,U002,7,0,192.33,True,İçecek,Gazlı İçecek,Marka-B,False
2025-01-20,M02,U002,0,0,192.33,True,İçecek,Gazlı İçecek,Marka-B,False
2025-01-21,M02,U002,0,0,192.33,True,İçecek,Gazlı İçecek,Marka-B,False
2025-01-22,M02,U002,0,0,192.33,True,İçecek,Gazlı İçecek,Marka-B,False
2025-01-23,M02,U002,0,0,192.33,True,İçecek,Gazlı İçecek,Marka-B,False
2025-01-24,M02,U002,0,0,192.33,True,İçecek,Gazlı İçecek,Marka-B,False
2025-01-25,M02,U002,0,0,192.33,True,İçecek,Gazlı İçecek,Marka-B,False
2025-01-26,M02,U002,0,0,192.33,True,İçecek,Gazlı İçecek,Marka-B,False
2025-01-27,M02,U002,0,0,192.33,True,İçecek,Gazlı İçecek,Marka-B,False
2025-01-28,M02,U002,0,0,192.33,True,İçecek,Gazlı İçecek,Marka-B,False
2025-01-29,M02,U002,23,111,192.33,False,İçecek,Gazlı İçecek,Marka-B,False
2025-01-30,M02,U002,24,87,192.33,False,İçecek,Gazlı İçecek,Marka-B,False
2025-01-31,M02,U002,21,66,192.33,False,İçecek,Gazlı İçecek,Marka-B,False
2025-02-01,M02,U002,28,38,192.33,False,İçecek,Gazlı İçecek,Marka-B,False
2025-02-02,M02,U002,26,12,192.33,False,İçecek,Gazlı İçecek,Marka-B,False
2025-02-03,M02,U002,12,0,192.33,True,İçecek,Gazlı İçecek,Marka-B,False
2025-02-04,M02,U002,0,0,192.33,True,İçecek,Gazlı İçecek,Marka-B,False
2025-02-05,M02,U002,30,115,192.33,False,İçecek,Gazlı İçecek,Marka-B,False
2025-02-06,M02,U002,20,95,192.33,False,İçecek,Gazlı İçecek,Marka-B,False
2025-02-07,M02,U002,35,60,192.33,False,İçecek,Gazlı İçecek,Marka-B,False
2025-02-08,M02,U002,34,26,192.33,False,İçecek,Gazlı İçecek,Marka-B,False
2025-02-09,M02,U002,26,0,192.33,True,İçecek,Gazlı İçecek,Marka-B,False
2025-02-10,M02,U002,0,0,192.33,True,İçecek,Gazlı İçecek,Marka-B,False
2025-02-11,M02,U002,0,0,192.33,True,İçecek,Gazlı İçecek,Marka-B,False
2025-02-12,M02,U002,20,126,192.33,False,İçecek,Gazlı İçecek,Marka-B,False
2025-02-13,M02,U002,33,93,153.86,False,İçecek,Gazlı İçecek,Marka-B,True
2025-02-14,M02,U002,50,43,163.48,False,İçecek,Gazlı İçecek,Marka-B,True
2025-02-15,M02,U002,31,12,192.33,False,İçecek,Gazlı İçecek,Marka-B,False
2025-02-16,M02,U002,12,0,192.33,True,İçecek,Gazlı İçecek,Marka-B,False
2025-02-17,M02,U002,0,0,192.33,True,İçecek,Gazlı İçecek,Marka-B,False
2025-02-18,M02,U002,0,0,192.33,True,İçecek,Gazlı İçecek,Marka-B,False
2025-02-19,M02,U002,0,0,192.33,True,İçecek,Gazlı İçecek,Marka-B,False
2025-02-20,M02,U002,0,0,192.33,True,İçecek,Gazlı İçecek,Marka-B,False
2025-02-21,M02,U002,0,0,192.33,True,İçecek,Gazlı İçecek,Marka-B,False
2025-02-22,M02,U002,0,0,192.33,True,İçecek,Gazlı İçecek,Marka-B,False
2025-02-23,M02,U002,0,0,192.33,True,İçecek,Gazlı İçecek,Marka-B,False
2025-02-24,M02,U002,0,0,192.33,True,İçecek,Gazlı İçecek,Marka-B,False
2025-02-25,M02,U002,0,0,192.33,True,İçecek,Gazlı İçecek,Marka-B,False
2025-02-26,M02,U002,20,126,192.33,False,İçecek,Gazlı İçecek,Marka-B,False
2025-02-27,M02,U002,26,100,192.33,False,İçecek,Gazlı İçecek,Marka-B,False
2025-02-28,M02,U002,28,72,192.33,False,İçecek,Gazlı İçecek,Marka-B,False
2025-03-01,M02,U002,37,35,192.33,False,İçecek,Gazlı İçecek,Marka-B,False
2025-03-02,M02,U002,29,6,192.33,False,İçecek,Gazlı İçecek,Marka-B,False
2025-03-03,M02,U002,6,0,192.33,True,İçecek,Gazlı İçecek,Marka-B,False
2025-03-04,M02,U002,0,0,192.33,True,İçecek,Gazlı İçecek,Marka-B,False
2025-03-05,M02,U002,22,112,192.33,False,İçecek,Gazlı İçecek,Marka-B,False
2025-03-06,M02,U002,30,82,192.33,False,İçecek,Gazlı İçecek,Marka-B,False
2025-03-07,M02,U002,24,58,192.33,False,İçecek,Gazlı İçecek,Marka-B,False
2025-03-08,M02,U002,26,32,192.33,False,İçecek,Gazlı İçecek,Marka-B,False
2025-03-09,M02,U002,23,9,192.33,False,İçecek,Gazlı İçecek,Marka-B,False
2025-03-10,M02,U002,9,0,192.33,True,İçecek,Gazlı İçecek,Marka-B,False
2025-03-11,M02,U002,0,0,192.33,True,İçecek,Gazlı İçecek,Marka-B,False
2025-03-12,M02,U002,29,98,192.33,False,İçecek,Gazlı İçecek,Marka-B,False
2025-03-13,M02,U002,41,57,192.33,False,İçecek,Gazlı İçecek,Marka-B,False
2025-03-14,M02,U002,32,25,192.33,False,İçecek,Gazlı İçecek,Marka-B,False
2025-03-15,M02,U002,25,0,192.33,True,İçecek,Gazlı İçecek,Marka-B,False
2025-03-16,M02,U002,0,0,192.33,True,İçecek,Gazlı İçecek,Marka-B,False
2025-03-17,M02,U002,0,0,192.33,True,İçecek,Gazlı İçecek,Marka-B,False
2025-03-18,M02,U002,0,0,192.33,True,İçecek,Gazlı İçecek,Marka-B,False
2025-03-19,M02,U002,30,98,192.33,False,İçecek,Gazlı İçecek,Marka-B,False
2025-03-20,M02,U002,35,63,192.33,False,İçecek,Gazlı İçecek,Marka-B,False
2025-03-21,M02,U002,50,13,173.1,False,İçecek,Gazlı İçecek,Marka-B,True
2025-03-22,M02,U002,13,0,192.33,True,İçecek,Gazlı İçecek,Marka-B,False
2025-03-23,M02,U002,0,0,192.33,True,İçecek,Gazlı İçecek,Marka-B,False
2025-03-24,M02,U002,0,0,192.33,True,İçecek,Gazlı İçecek,Marka-B,False
2025-03-25,M02,U002,0,0,192.33,True,İçecek,Gazlı İçecek,Marka-B,False
2025-03-26,M02,U002,22,125,192.33,False,İçecek,Gazlı İçecek,Marka-B,False
2025-03-27,M02,U002,31,94,192.33,False,İçecek,Gazlı İçecek,Marka-B,False
2025-03-28,M02,U002,24,70,192.33,False,İçecek,Gazlı İçecek,Marka-B,False
2025-03-29,M02,U002,32,38,192.33,False,İçecek,Gazlı İçecek,Marka-B,False
2025-03-30,M02,U002,38,0,192.33,True,İçecek,Gazlı İçecek,Marka-B,False
2025-03-31,M02,U002,0,0,192.33,True,İçecek,Gazlı İçecek,Marka-B,False
2025-04-01,M02,U002,0,0,192.33,True,İçecek,Gazlı İçecek,Marka-B,False
2025-04-02,M02,U002,33,109,192.33,False,İçecek,Gazlı İçecek,Marka-B,False
2025-04-03,M02,U002,43,66,173.1,False,İçecek,Gazlı İçecek,Marka-B,True
2025-04-04,M02,U002,30,36,192.33,False,İçecek,Gazlı İçecek,Marka-B,False
2025-04-05,M02,U002,25,11,192.33,False,İçecek,Gazlı İçecek,Marka-B,False
2025-04-06,M02,U002,11,0,192.33,True,İçecek,Gazlı İçecek,Marka-B,False
2025-04-07,M02,U002,0,0,192.33,True,İçecek,Gazlı İçecek,Marka-B,False
2025-04-08,M02,U002,0,0,192.33,True,İçecek,Gazlı İçecek,Marka-B,False
2025-04-09,M02,U002,29,99,192.33,False,İçecek,Gazlı İçecek,Marka-B,False
2025-04-10,M02,U002,27,72,192.33,False,İçecek,Gazlı İçecek,Marka-B,False
2025-04-11,M02,U002,32,40,192.33,False,İçecek,Gazlı İçecek,Marka-B,False
2025-04-12,M02,U002,32,8,192.33,False,İçecek,Gazlı İçecek,Marka-B,False
2025-04-13,M02,U002,8,0,192.33,True,İçecek,Gazlı İçecek,Marka-B,False
2025-04-14,M02,U002,0,0,192.33,True,İçecek,Gazlı İçecek,Marka-B,False
2025-04-15,M02,U002,0,0,192.33,True,İçecek,Gazlı İçecek,Marka-B,False
2025-04-16,M02,U002,21,121,192.33,False,İçecek,Gazlı İçecek,Marka-B,False
2025-04-17,M02,U002,30,91,192.33,False,İçecek,Gazlı İçecek,Marka-B,False
2025-04-18,M02,U002,37,54,192.33,False,İçecek,Gazlı İçecek,Marka-B,False
2025-04-19,M02,U002,28,26,192.33,False,İçecek,Gazlı İçecek,Marka-B,False
2025-04-20,M02,U002,26,0,192.33,True,İçecek,Gazlı İçecek,Marka-B,False
2025-04-21,M02,U002,0,0,192.33,True,İçecek,Gazlı İçecek,Marka-B,False
2025-04-22,M02,U002,0,0,192.33,True,İçecek,Gazlı İçecek,Marka-B,False
2025-04-23,M02,U002,24,105,192.33,False,İçecek,Gazlı İçecek,Marka-B,False
2025-04-24,M02,U002,27,78,192.33,False,İçecek,Gazlı İçecek,Marka-B,False
2025-04-25,M02,U002,31,47,192.33,False,İçecek,Gazlı İçecek,Marka-B,False
2025-04-26,M02,U002,36,11,192.33,False,İçecek,Gazlı İçecek,Marka-B,False
2025-04-27,M02,U002,11,0,192.33,True,İçecek,Gazlı İçecek,Marka-B,False
2025-04-28,M02,U002,0,0,192.33,True,İçecek,Gazlı İçecek,Marka-B,False
2025-04-29,M02,U002,0,0,192.33,True,İçecek,Gazlı İçecek,Marka-B,False
2025-04-30,M02,U002,27,102,192.33,False,İçecek,Gazlı İçecek,Marka-B,False
2025-05-01,M02,U002,40,62,192.33,False,İçecek,Gazlı İçecek,Marka-B,False
2025-05-02,M02,U002,28,34,192.33,False,İçecek,Gazlı İçecek,Marka-B,False
2025-05-03,M02,U002,30,4,192.33,False,İçecek,Gazlı İçecek,Marka-B,False
2025-05-04,M02,U002,4,0,163.48,True,İçecek,Gazlı İçecek,Marka-B,True
2025-05-05,M02,U002,0,0,192.33,True,İçecek,Gazlı İçecek,Marka-B,False
2025-05-06,M02,U002,0,0,192.33,True,İçecek,Gazlı İçecek,Marka-B,False
2025-01-01,M02,U003,22,205,43.26,False,İçecek,Meyve Suyu,Marka-C,False
2025-01-02,M02,U003,29,176,43.26,False,İçecek,Meyve Suyu,Marka-C,False
2025-01-03,M02,U003,28,148,43.26,False,İçecek,Meyve Suyu,Marka-C,False
2025-01-04,M02,U003,47,101,43.26,False,İçecek,Meyve Suyu,Marka-C,False
2025-01-05,M02,U003,33,68,43.26,False,İçecek,Meyve Suyu,Marka-C,False
2025-01-06,M02,U003,37,31,43.26,False,İçecek,Meyve Suyu,Marka-C,False
2025-01-07,M02,U003,23,8,43.26,False,İçecek,Meyve Suyu,Marka-C,False
2025-01-08,M02,U003,29,171,43.26,False,İçecek,Meyve Suyu,Marka-C,False
2025-01-09,M02,U003,33,138,43.26,False,İçecek,Meyve Suyu,Marka-C,False
2025-01-10,M02,U003,34,104,43.26,False,İçecek,Meyve Suyu,Marka-C,False
2025-01-11,M02,U003,37,67,43.26,False,İçecek,Meyve Suyu,Marka-C,False
2025-01-12,M02,U003,37,30,43.26,False,İçecek,Meyve Suyu,Marka-C,False
2025-01-13,M02,U003,17,13,43.26,False,İçecek,Meyve Suyu,Marka-C,False
2025-01-14,M02,U003,13,0,34.61,True,İçecek,Meyve Suyu,Marka-C,True
2025-01-15,M02,U003,33,176,43.26,False,İçecek,Meyve Suyu,Marka-C,False
2025-01-16,M02,U003,37,139,43.26,False,İçecek,Meyve Suyu,Marka-C,False
2025-01-17,M02,U003,38,101,43.26,False,İçecek,Meyve Suyu,Marka-C,False
2025-01-18,M02,U003,43,58,43.26,False,İçecek,Meyve Suyu,Marka-C,False
2025-01-19,M02,U003,58,0,36.77,True,İçecek,Meyve Suyu,Marka-C,True
2025-01-20,M02,U003,0,0,43.26,True,İçecek,Meyve Suyu,Marka-C,False
2025-01-21,M02,U003,0,0,43.26,True,İçecek,Meyve Suyu,Marka-C,False
2025-01-22,M02,U003,28,200,43.26,False,İçecek,Meyve Suyu,Marka-C,False
2025-01-23,M02,U003,27,173,43.26,False,İçecek,Meyve Suyu,Marka-C,False
2025-01-24,M02,U003,42,131,43.26,False,İçecek,Meyve Suyu,Marka-C,False
2025-01-25,M02,U003,35,96,43.26,False,İçecek,Meyve Suyu,Marka-C,False
2025-01-26,M02,U003,61,35,36.77,False,İçecek,Meyve Suyu,Marka-C,True
2025-01-27,M02,U003,23,12,43.26,False,İçecek,Meyve Suyu,Marka-C,False
2025-01-28,M02,U003,12,0,43.26,True,İçecek,Meyve Suyu,Marka-C,False
2025-01-29,M02,U003,45,154,36.77,False,İçecek,Meyve Suyu,Marka-C,True
2025-01-30,M02,U003,34,120,43.26,False,İçecek,Meyve Suyu,Marka-C,False
2025-01-31,M02,U003,30,90,43.26,False,İçecek,Meyve Suyu,Marka-C,False
2025-02-01,M02,U003,40,50,43.26,False,İçecek,Meyve Suyu,Marka-C,False
2025-02-02,M02,U003,49,1,38.93,False,İçecek,Meyve Suyu,Marka-C,True
2025-02-03,M02,U003,1,0,43.26,True,İçecek,Meyve Suyu,Marka-C,False
2025-02-04,M02,U003,0,0,36.77,True,İçecek,Meyve Suyu,Marka-C,True
2025-02-05,M02,U003,26,172,43.26,False,İçecek,Meyve Suyu,Marka-C,False
2025-02-06,M02,U003,29,143,43.26,False,İçecek,Meyve Suyu,Marka-C,False
2025-02-07,M02,U003,28,115,43.26,False,İçecek,Meyve Suyu,Marka-C,False
2025-02-08,M02,U003,39,76,43.26,False,İçecek,Meyve Suyu,Marka-C,False
2025-02-09,M02,U003,32,44,43.26,False,İçecek,Meyve Suyu,Marka-C,False
2025-02-10,M02,U003,22,22,43.26,False,İçecek,Meyve Suyu,Marka-C,False
2025-02-11,M02,U003,22,0,43.26,True,İçecek,Meyve Suyu,Marka-C,False
2025-02-12,M02,U003,36,171,43.26,False,İçecek,Meyve Suyu,Marka-C,False
2025-02-13,M02,U003,25,146,43.26,False,İçecek,Meyve Suyu,Marka-C,False
2025-02-14,M02,U003,32,114,43.26,False,İçecek,Meyve Suyu,Marka-C,False
2025-02-15,M02,U003,39,75,43.26,False,İçecek,Meyve Suyu,Marka-C,False
2025-02-16,M02,U003,44,31,43.26,False,İçecek,Meyve Suyu,Marka-C,False
2025-02-17,M02,U003,26,5,43.26,False,İçecek,Meyve Suyu,Marka-C,False
2025-02-18,M02,U003,5,0,43.26,True,İçecek,Meyve Suyu,Marka-C,False
2025-02-19,M02,U003,43,168,43.26,False,İçecek,Meyve Suyu,Marka-C,False
2025-02-20,M02,U003,47,121,43.26,False,İçecek,Meyve Suyu,Marka-C,False
2025-02-21,M02,U003,25,96,43.26,False,İçecek,Meyve Suyu,Marka-C,False
2025-02-22,M02,U003,44,52,43.26,False,İçecek,Meyve Suyu,Marka-C,False
2025-02-23,M02,U003,35,17,43.26,False,İçecek,Meyve Suyu,Marka-C,False
2025-02-24,M02,U003,17,0,43.26,True,İçecek,Meyve Suyu,Marka-C,False
2025-02-25,M02,U003,0,0,43.26,True,İçecek,Meyve Suyu,Marka-C,False
2025-02-26,M02,U003,29,179,43.26,False,İçecek,Meyve Suyu,Marka-C,False
2025-02-27,M02,U003,41,138,43.26,False,İçecek,Meyve Suyu,Marka-C,False
2025-02-28,M02,U003,32,106,43.26,False,İçecek,Meyve Suyu,Marka-C,False
2025-03-01,M02,U003,39,67,43.26,False,İçecek,Meyve Suyu,Marka-C,False
2025-03-02,M02,U003,32,35,43.26,False,İçecek,Meyve Suyu,Marka-C,False
2025-03-03,M02,U003,35,0,43.26,False,İçecek,Meyve Suyu,Marka-C,False
2025-03-04,M02,U003,0,0,43.26,True,İçecek,Meyve Suyu,Marka-C,False
2025-03-05,M02,U003,0,0,38.93,True,İçecek,Meyve Suyu,Marka-C,True
2025-03-06,M02,U003,0,0,43.26,True,İçecek,Meyve Suyu,Marka-C,False
2025-03-07,M02,U003,0,0,43.26,True,İçecek,Meyve Suyu,Marka-C,False
2025-03-08,M02,U003,0,0,43.26,True,İçecek,Meyve Suyu,Marka-C,False
2025-03-09,M02,U003,0,0,43.26,True,İçecek,Meyve Suyu,Marka-C,False
2025-03-10,M02,U003,0,0,43.26,True,İçecek,Meyve Suyu,Marka-C,False
2025-03-11,M02,U003,0,0,43.26,True,İçecek,Meyve Suyu,Marka-C,False
2025-03-12,M02,U003,39,157,43.26,False,İçecek,Meyve Suyu,Marka-C,False
2025-03-13,M02,U003,32,125,43.26,False,İçecek,Meyve Suyu,Marka-C,False
2025-03-14,M02,U003,36,89,43.26,False,İçecek,Meyve Suyu,Marka-C,False
2025-03-15,M02,U003,44,45,43.26,False,İçecek,Meyve Suyu,Marka-C,False
2025-03-16,M02,U003,42,3,43.26,False,İçecek,Meyve Suyu,Marka-C,False
2025-03-17,M02,U003,3,0,43.26,True,İçecek,Meyve Suyu,Marka-C,False
2025-03-18,M02,U003,0,0,43.26,True,İçecek,Meyve Suyu,Marka-C,False
2025-03-19,M02,U003,33,171,43.26,False,İçecek,Meyve Suyu,Marka-C,False
2025-03-20,M02,U003,26,145,43.26,False,İçecek,Meyve Suyu,Marka-C,False
2025-03-21,M02,U003,38,107,43.26,False,İçecek,Meyve Suyu,Marka-C,False
2025-03-22,M02,U003,35,72,43.26,False,İçecek,Meyve Suyu,Marka-C,False
2025-03-23,M02,U003,65,7,36.77,False,İçecek,Meyve Suyu,Marka-C,True
2025-03-24,M02,U003,7,0,43.26,True,İçecek,Meyve Suyu,Marka-C,False
2025-03-25,M02,U003,0,0,43.26,True,İçecek,Meyve Suyu,Marka-C,False
2025-03-26,M02,U003,27,164,43.26,False,İçecek,Meyve Suyu,Marka-C,False
2025-03-27,M02,U003,31,133,43.26,False,İçecek,Meyve Suyu,Marka-C,False
2025-03-28,M02,U003,37,96,43.26,False,İçecek,Meyve Suyu,Marka-C,False
2025-03-29,M02,U003,59,37,43.26,False,İçecek,Meyve Suyu,Marka-C,False
2025-03-30,M02,U003,37,0,43.26,True,İçecek,Meyve Suyu,Marka-C,False
2025-03-31,M02,U003,0,0,43.26,True,İçecek,Meyve Suyu,Marka-C,False
2025-04-01,M02,U003,0,0,43.26,True,İçecek,Meyve Suyu,Marka-C,False
2025-04-02,M02,U003,42,147,43.26,False,İçecek,Meyve Suyu,Marka-C,False
2025-04-03,M02,U003,35,112,43.26,False,İçecek,Meyve Suyu,Marka-C,False
2025-04-04,M02,U003,41,71,43.26,False,İçecek,Meyve Suyu,Marka-C,False
2025-04-05,M02,U003,42,29,43.26,False,İçecek,Meyve Suyu,Marka-C,False
2025-04-06,M02,U003,29,0,43.26,True,İçecek,Meyve Suyu,Marka-C,False
2025-04-07,M02,U003,0,0,43.26,True,İçecek,Meyve Suyu,Marka-C,False
2025-04-08,M02,U003,0,0,43.26,True,İçecek,Meyve Suyu,Marka-C,False
2025-04-09,M02,U003,19,185,43.26,False,İçecek,Meyve Suyu,Marka-C,False
2025-04-10,M02,U003,40,145,43.26,False,İçecek,Meyve Suyu,Marka-C,False
2025-04-11,M02,U003,47,98,43.26,False,İçecek,Meyve Suyu,Marka-C,False
2025-04-12,M02,U003,37,61,43.26,False,İçecek,Meyve Suyu,Marka-C,False
2025-04-13,M02,U003,27,34,43.26,False,İçecek,Meyve Suyu,Marka-C,False
2025-04-14,M02,U003,34,0,43.26,True,İçecek,Meyve Suyu,Marka-C,False
2025-04-15,M02,U003,0,0,43.26,True,İçecek,Meyve Suyu,Marka-C,False
2025-04-16,M02,U003,46,158,43.26,False,İçecek,Meyve Suyu,Marka-C,False
2025-04-17,M02,U003,39,119,43.26,False,İçecek,Meyve Suyu,Marka-C,False
2025-04-18,M02,U003,31,88,43.26,False,İçecek,Meyve Suyu,Marka-C,False
2025-04-19,M02,U003,43,45,43.26,False,İçecek,Meyve Suyu,Marka-C,False
2025-04-20,M02,U003,45,0,43.26,True,İçecek,Meyve Suyu,Marka-C,False
2025-04-21,M02,U003,0,0,43.26,True,İçecek,Meyve Suyu,Marka-C,False
2025-04-22,M02,U003,0,0,43.26,True,İçecek,Meyve Suyu,Marka-C,False
2025-04-23,M02,U003,49,160,36.77,False,İçecek,Meyve Suyu,Marka-C,True
2025-04-24,M02,U003,35,125,43.26,False,İçecek,Meyve Suyu,Marka-C,False
2025-04-25,M02,U003,47,78,43.26,False,İçecek,Meyve Suyu,Marka-C,False
2025-04-26,M02,U003,56,22,43.26,False,İçecek,Meyve Suyu,Marka-C,False
2025-04-27,M02,U003,22,0,38.93,True,İçecek,Meyve Suyu,Marka-C,True
2025-04-28,M02,U003,0,0,43.26,True,İçecek,Meyve Suyu,Marka-C,False
2025-04-29,M02,U003,0,0,43.26,True,İçecek,Meyve Suyu,Marka-C,False
2025-04-30,M02,U003,43,152,43.26,False,İçecek,Meyve Suyu,Marka-C,False
2025-05-01,M02,U003,29,123,43.26,False,İçecek,Meyve Suyu,Marka-C,False
2025-05-02,M02,U003,40,83,43.26,False,İçecek,Meyve Suyu,Marka-C,False
2025-05-03,M02,U003,40,43,43.26,False,İçecek,Meyve Suyu,Marka-C,False
2025-05-04,M02,U003,36,7,43.26,False,İçecek,Meyve Suyu,Marka-C,False
2025-05-05,M02,U003,7,0,38.93,True,İçecek,Meyve Suyu,Marka-C,True
2025-05-06,M02,U003,0,0,43.26,True,İçecek,Meyve Suyu,Marka-C,False
2025-01-01,M02,U004,33,103,173.32,False,İçecek,Meyve Suyu,Marka-D,False
2025-01-02,M02,U004,22,81,173.32,False,İçecek,Meyve Suyu,Marka-D,False
2025-01-03,M02,U004,44,37,138.66,False,İçecek,Meyve Suyu,Marka-D,True
2025-01-04,M02,U004,37,0,155.99,True,İçecek,Meyve Suyu,Marka-D,True
2025-01-05,M02,U004,31,104,173.32,False,İçecek,Meyve Suyu,Marka-D,False
2025-01-06,M02,U004,23,81,173.32,False,İçecek,Meyve Suyu,Marka-D,False
2025-01-07,M02,U004,20,61,173.32,False,İçecek,Meyve Suyu,Marka-D,False
2025-01-08,M02,U004,23,38,173.32,False,İçecek,Meyve Suyu,Marka-D,False
2025-01-09,M02,U004,31,7,173.32,False,İçecek,Meyve Suyu,Marka-D,False
2025-01-10,M02,U004,7,0,173.32,True,İçecek,Meyve Suyu,Marka-D,False
2025-01-11,M02,U004,0,0,173.32,True,İçecek,Meyve Suyu,Marka-D,False
2025-01-12,M02,U004,0,0,173.32,True,İçecek,Meyve Suyu,Marka-D,False
2025-01-13,M02,U004,26,129,173.32,False,İçecek,Meyve Suyu,Marka-D,False
2025-01-14,M02,U004,19,110,173.32,False,İçecek,Meyve Suyu,Marka-D,False
2025-01-15,M02,U004,27,83,173.32,False,İçecek,Meyve Suyu,Marka-D,False
2025-01-16,M02,U004,48,35,155.99,False,İçecek,Meyve Suyu,Marka-D,True
2025-01-17,M02,U004,34,105,173.32,False,İçecek,Meyve Suyu,Marka-D,False
2025-01-18,M02,U004,36,69,173.32,False,İçecek,Meyve Suyu,Marka-D,False
2025-01-19,M02,U004,21,48,173.32,False,İçecek,Meyve Suyu,Marka-D,False
2025-01-20,M02,U004,24,24,173.32,False,İçecek,Meyve Suyu,Marka-D,False
2025-01-21,M02,U004,28,112,173.32,False,İçecek,Meyve Suyu,Marka-D,False
2025-01-22,M02,U004,19,93,173.32,False,İçecek,Meyve Suyu,Marka-D,False
2025-01-23,M02,U004,50,43,155.99,False,İçecek,Meyve Suyu,Marka-D,True
2025-01-24,M02,U004,32,11,173.32,False,İçecek,Meyve Suyu,Marka-D,False
2025-01-25,M02,U004,39,111,173.32,False,İçecek,Meyve Suyu,Marka-D,False
2025-01-26,M02,U004,26,85,173.32,False,İçecek,Meyve Suyu,Marka-D,False
2025-01-27,M02,U004,17,68,173.32,False,İçecek,Meyve Suyu,Marka-D,False
2025-01-28,M02,U004,37,31,138.66,False,İçecek,Meyve Suyu,Marka-D,True
2025-01-29,M02,U004,29,120,173.32,False,İçecek,Meyve Suyu,Marka-D,False
2025-01-30,M02,U004,23,97,173.32,False,İçecek,Meyve Suyu,Marka-D,False
2025-01-31,M02,U004,37,60,173.32,False,İçecek,Meyve Suyu,Marka-D,False
2025-02-01,M02,U004,30,30,173.32,False,İçecek,Meyve Suyu,Marka-D,False
2025-02-02,M02,U004,39,97,173.32,False,İçecek,Meyve Suyu,Marka-D,False
2025-02-03,M02,U004,29,68,173.32,False,İçecek,Meyve Suyu,Marka-D,False
2025-02-04,M02,U004,32,36,147.32,False,İçecek,Meyve Suyu,Marka-D,True
2025-02-05,M02,U004,22,14,173.32,False,İçecek,Meyve Suyu,Marka-D,False
2025-02-06,M02,U004,19,130,173.32,False,İçecek,Meyve Suyu,Marka-D,False
2025-02-07,M02,U004,32,98,173.32,False,İçecek,Meyve Suyu,Marka-D,False
2025-02-08,M02,U004,41,57,173.32,False,İçecek,Meyve Suyu,Marka-D,False
2025-02-09,M02,U004,28,29,173.32,False,İçecek,Meyve Suyu,Marka-D,False
2025-02-10,M02,U004,21,120,173.32,False,İçecek,Meyve Suyu,Marka-D,False
2025-02-11,M02,U004,26,94,173.32,False,İçecek,Meyve Suyu,Marka-D,False
2025-02-12,M02,U004,41,53,173.32,False,İçecek,Meyve Suyu,Marka-D,False
2025-02-13,M02,U004,31,22,173.32,False,İçecek,Meyve Suyu,Marka-D,False
2025-02-14,M02,U004,28,110,173.32,False,İçecek,Meyve Suyu,Marka-D,False
2025-02-15,M02,U004,27,83,173.32,False,İçecek,Meyve Suyu,Marka-D,False
2025-02-16,M02,U004,31,52,173.32,False,İçecek,Meyve Suyu,Marka-D,False
2025-02-17,M02,U004,19,33,173.32,False,İçecek,Meyve Suyu,Marka-D,False
2025-02-18,M02,U004,38,109,155.99,False,İçecek,Meyve Suyu,Marka-D,True
2025-02-19,M02,U004,29,80,173.32,False,İçecek,Meyve Suyu,Marka-D,False
2025-02-20,M02,U004,30,50,173.32,False,İçecek,Meyve Suyu,Marka-D,False
2025-02-21,M02,U004,49,1,138.66,False,İçecek,Meyve Suyu,Marka-D,True
2025-02-22,M02,U004,1,0,173.32,True,İçecek,Meyve Suyu,Marka-D,False
2025-02-23,M02,U004,0,0,173.32,True,İçecek,Meyve Suyu,Marka-D,False
2025-02-24,M02,U004,0,0,173.32,True,İçecek,Meyve Suyu,Marka-D,False
2025-02-25,M02,U004,0,0,173.32,True,İçecek,Meyve Suyu,Marka-D,False
2025-02-26,M02,U004,26,131,173.32,False,İçecek,Meyve Suyu,Marka-D,False
2025-02-27,M02,U004,22,109,173.32,False,İçecek,Meyve Suyu,Marka-D,False
2025-02-28,M02,U004,29,80,173.32,False,İçecek,Meyve Suyu,Marka-D,False
2025-03-01,M02,U004,35,45,173.32,False,İçecek,Meyve Suyu,Marka-D,False
2025-03-02,M02,U004,24,118,173.32,False,İçecek,Meyve Suyu,Marka-D,False
2025-03-03,M02,U004,23,95,173.32,False,İçecek,Meyve Suyu,Marka-D,False
2025-03-04,M02,U004,20,75,173.32,False,İçecek,Meyve Suyu,Marka-D,False
2025-03-05,M02,U004,33,42,173.32,False,İçecek,Meyve Suyu,Marka-D,False
2025-03-06,M02,U004,33,107,173.32,False,İçecek,Meyve Suyu,Marka-D,False
2025-03-07,M02,U004,38,69,173.32,False,İçecek,Meyve Suyu,Marka-D,False
2025-03-08,M02,U004,35,34,173.32,False,İçecek,Meyve Suyu,Marka-D,False
2025-03-09,M02,U004,34,0,173.32,True,İçecek,Meyve Suyu,Marka-D,False
2025-03-10,M02,U004,30,102,173.32,False,İçecek,Meyve Suyu,Marka-D,False
2025-03-11,M02,U004,29,73,173.32,False,İçecek,Meyve Suyu,Marka-D,False
2025-03-12,M02,U004,38,35,147.32,False,İçecek,Meyve Suyu,Marka-D,True
2025-03-13,M02,U004,29,6,173.32,False,İçecek,Meyve Suyu,Marka-D,False
2025-03-14,M02,U004,26,129,173.32,False,İçecek,Meyve Suyu,Marka-D,False
2025-03-15,M02,U004,33,96,173.32,False,İçecek,Meyve Suyu,Marka-D,False
2025-03-16,M02,U004,27,69,173.32,False,İçecek,Meyve Suyu,Marka-D,False
2025-03-17,M02,U004,53,16,138.66,False,İçecek,Meyve Suyu,Marka-D,True
2025-03-18,M02,U004,31,123,173.32,False,İçecek,Meyve Suyu,Marka-D,False
2025-03-19,M02,U004,51,72,155.99,False,İçecek,Meyve Suyu,Marka-D,True
2025-03-20,M02,U004,34,38,173.32,False,İçecek,Meyve Suyu,Marka-D,False
2025-03-21,M02,U004,30,8,173.32,False,İçecek,Meyve Suyu,Marka-D,False
2025-03-22,M02,U004,8,0,173.32,True,İçecek,Meyve Suyu,Marka-D,False
2025-03-23,M02,U004,0,0,173.32,True,İçecek,Meyve Suyu,Marka-D,False
2025-03-24,M02,U004,0,0,173.32,True,İçecek,Meyve Suyu,Marka-D,False
2025-03-25,M02,U004,0,0,173.32,True,İçecek,Meyve Suyu,Marka-D,False
2025-03-26,M02,U004,31,113,173.32,False,İçecek,Meyve Suyu,Marka-D,False
2025-03-27,M02,U004,29,84,173.32,False,İçecek,Meyve Suyu,Marka-D,False
2025-03-28,M02,U004,30,54,173.32,False,İçecek,Meyve Suyu,Marka-D,False
2025-03-29,M02,U004,25,29,173.32,False,İçecek,Meyve Suyu,Marka-D,False
2025-03-30,M02,U004,33,115,173.32,False,İçecek,Meyve Suyu,Marka-D,False
2025-03-31,M02,U004,27,88,173.32,False,İçecek,Meyve Suyu,Marka-D,False
2025-04-01,M02,U004,35,53,173.32,False,İçecek,Meyve Suyu,Marka-D,False
2025-04-02,M02,U004,48,5,147.32,False,İçecek,Meyve Suyu,Marka-D,True
2025-04-03,M02,U004,32,99,173.32,False,İçecek,Meyve Suyu,Marka-D,False
2025-04-04,M02,U004,41,58,173.32,False,İçecek,Meyve Suyu,Marka-D,False
2025-04-05,M02,U004,29,29,173.32,False,İçecek,Meyve Suyu,Marka-D,False
2025-04-06,M02,U004,29,0,173.32,True,İçecek,Meyve Suyu,Marka-D,False
2025-04-07,M02,U004,21,120,173.32,False,İçecek,Meyve Suyu,Marka-D,False
2025-04-08,M02,U004,30,90,173.32,False,İçecek,Meyve Suyu,Marka-D,False
2025-04-09,M02,U004,29,61,173.32,False,İçecek,Meyve Suyu,Marka-D,False
2025-04-10,M02,U004,24,37,173.32,False,İçecek,Meyve Suyu,Marka-D,False
2025-04-11,M02,U004,33,124,173.32,False,İçecek,Meyve Suyu,Marka-D,False
2025-04-12,M02,U004,41,83,173.32,False,İçecek,Meyve Suyu,Marka-D,False
2025-04-13,M02,U004,34,49,173.32,False,İçecek,Meyve Suyu,Marka-D,False
2025-04-14,M02,U004,29,20,173.32,False,İçecek,Meyve Suyu,Marka-D,False
2025-04-15,M02,U004,23,112,173.32,False,İçecek,Meyve Suyu,Marka-D,False
2025-04-16,M02,U004,30,82,173.32,False,İçecek,Meyve Suyu,Marka-D,False
2025-04-17,M02,U004,20,62,173.32,False,İçecek,Meyve Suyu,Marka-D,False
2025-04-18,M02,U004,30,32,173.32,False,İçecek,Meyve Suyu,Marka-D,False
2025-04-19,M02,U004,35,106,173.32,False,İçecek,Meyve Suyu,Marka-D,False
2025-04-20,M02,U004,27,79,173.32,False,İçecek,Meyve Suyu,Marka-D,False
2025-04-21,M02,U004,25,54,173.32,False,İçecek,Meyve Suyu,Marka-D,False
2025-04-22,M02,U004,24,30,173.32,False,İçecek,Meyve Suyu,Marka-D,False
2025-04-23,M02,U004,30,102,173.32,False,İçecek,Meyve Suyu,Marka-D,False
2025-04-24,M02,U004,20,82,173.32,False,İçecek,Meyve Suyu,Marka-D,False
2025-04-25,M02,U004,27,55,173.32,False,İçecek,Meyve Suyu,Marka-D,False
2025-04-26,M02,U004,42,13,173.32,False,İçecek,Meyve Suyu,Marka-D,False
2025-04-27,M02,U004,26,121,173.32,False,İçecek,Meyve Suyu,Marka-D,False
2025-04-28,M02,U004,31,90,173.32,False,İçecek,Meyve Suyu,Marka-D,False
2025-04-29,M02,U004,32,58,173.32,False,İçecek,Meyve Suyu,Marka-D,False
2025-04-30,M02,U004,32,26,173.32,False,İçecek,Meyve Suyu,Marka-D,False
2025-05-01,M02,U004,37,116,173.32,False,İçecek,Meyve Suyu,Marka-D,False
2025-05-02,M02,U004,47,69,173.32,False,İçecek,Meyve Suyu,Marka-D,False
2025-05-03,M02,U004,41,28,173.32,False,İçecek,Meyve Suyu,Marka-D,False
2025-05-04,M02,U004,28,0,173.32,True,İçecek,Meyve Suyu,Marka-D,False
2025-05-05,M02,U004,29,105,173.32,False,İçecek,Meyve Suyu,Marka-D,False
2025-05-06,M02,U004,37,68,173.32,False,İçecek,Meyve Suyu,Marka-D,False
2025-01-01,M02,U005,19,69,42.4,False,İçecek,Su,Marka-E,True
2025-01-02,M02,U005,20,49,49.88,False,İçecek,Su,Marka-E,False
2025-01-03,M02,U005,20,29,49.88,False,İçecek,Su,Marka-E,False
2025-01-04,M02,U005,29,0,49.88,True,İçecek,Su,Marka-E,False
2025-01-05,M02,U005,0,0,49.88,True,İçecek,Su,Marka-E,False
2025-01-06,M02,U005,0,0,49.88,True,İçecek,Su,Marka-E,False
2025-01-07,M02,U005,0,0,49.88,True,İçecek,Su,Marka-E,False
2025-01-08,M02,U005,12,72,49.88,False,İçecek,Su,Marka-E,False
2025-01-09,M02,U005,24,48,49.88,False,İçecek,Su,Marka-E,False
2025-01-10,M02,U005,20,28,49.88,False,İçecek,Su,Marka-E,False
2025-01-11,M02,U005,18,10,49.88,False,İçecek,Su,Marka-E,False
2025-01-12,M02,U005,10,0,49.88,True,İçecek,Su,Marka-E,False
2025-01-13,M02,U005,0,0,49.88,True,İçecek,Su,Marka-E,False
2025-01-14,M02,U005,0,0,49.88,True,İçecek,Su,Marka-E,False
2025-01-15,M02,U005,16,70,49.88,False,İçecek,Su,Marka-E,False
2025-01-16,M02,U005,25,45,49.88,False,İçecek,Su,Marka-E,False
2025-01-17,M02,U005,15,30,49.88,False,İçecek,Su,Marka-E,False
2025-01-18,M02,U005,21,9,49.88,False,İçecek,Su,Marka-E,False
2025-01-19,M02,U005,9,0,49.88,True,İçecek,Su,Marka-E,False
2025-01-20,M02,U005,0,0,49.88,True,İçecek,Su,Marka-E,False
2025-01-21,M02,U005,0,0,49.88,True,İçecek,Su,Marka-E,False
2025-01-22,M02,U005,16,63,49.88,False,İçecek,Su,Marka-E,False
2025-01-23,M02,U005,16,47,49.88,False,İçecek,Su,Marka-E,False
2025-01-24,M02,U005,20,27,49.88,False,İçecek,Su,Marka-E,False
2025-01-25,M02,U005,22,5,49.88,False,İçecek,Su,Marka-E,False
2025-01-26,M02,U005,5,0,49.88,True,İçecek,Su,Marka-E,False
2025-01-27,M02,U005,0,0,39.9,True,İçecek,Su,Marka-E,True
2025-01-28,M02,U005,0,0,49.88,True,İçecek,Su,Marka-E,False
2025-01-29,M02,U005,22,66,49.88,False,İçecek,Su,Marka-E,False
2025-01-30,M02,U005,19,47,49.88,False,İçecek,Su,Marka-E,False
2025-01-31,M02,U005,23,24,49.88,False,İçecek,Su,Marka-E,False
2025-02-01,M02,U005,24,0,49.88,False,İçecek,Su,Marka-E,False
2025-02-02,M02,U005,0,0,49.88,True,İçecek,Su,Marka-E,False
2025-02-03,M02,U005,0,0,49.88,True,İçecek,Su,Marka-E,False
2025-02-04,M02,U005,0,0,49.88,True,İçecek,Su,Marka-E,False
2025-02-05,M02,U005,22,51,49.88,False,İçecek,Su,Marka-E,False
2025-02-06,M02,U005,28,23,44.89,False,İçecek,Su,Marka-E,True
2025-02-07,M02,U005,17,6,49.88,False,İçecek,Su,Marka-E,False
2025-02-08,M02,U005,6,0,49.88,True,İçecek,Su,Marka-E,False
2025-02-09,M02,U005,0,0,49.88,True,İçecek,Su,Marka-E,False
2025-02-10,M02,U005,0,0,49.88,True,İçecek,Su,Marka-E,False
2025-02-11,M02,U005,0,0,49.88,True,İçecek,Su,Marka-E,False
2025-02-12,M02,U005,25,63,49.88,False,İçecek,Su,Marka-E,False
2025-02-13,M02,U005,24,39,49.88,False,İçecek,Su,Marka-E,False
2025-02-14,M02,U005,19,20,49.88,False,İçecek,Su,Marka-E,False
2025-02-15,M02,U005,20,0,49.88,True,İçecek,Su,Marka-E,False
2025-02-16,M02,U005,0,0,49.88,True,İçecek,Su,Marka-E,False
2025-02-17,M02,U005,0,0,49.88,True,İçecek,Su,Marka-E,False
2025-02-18,M02,U005,0,0,44.89,True,İçecek,Su,Marka-E,True
2025-02-19,M02,U005,17,62,49.88,False,İçecek,Su,Marka-E,False
2025-02-20,M02,U005,24,38,49.88,False,İçecek,Su,Marka-E,False
2025-02-21,M02,U005,24,14,49.88,False,İçecek,Su,Marka-E,False
2025-02-22,M02,U005,14,0,49.88,True,İçecek,Su,Marka-E,False
2025-02-23,M02,U005,0,0,49.88,True,İçecek,Su,Marka-E,False
2025-02-24,M02,U005,0,0,49.88,True,İçecek,Su,Marka-E,False
2025-02-25,M02,U005,0,0,49.88,True,İçecek,Su,Marka-E,False
2025-02-26,M02,U005,16,70,49.88,False,İçecek,Su,Marka-E,False
2025-02-27,M02,U005,24,46,49.88,False,İçecek,Su,Marka-E,False
2025-02-28,M02,U005,30,16,49.88,False,İçecek,Su,Marka-E,False
2025-03-01,M02,U005,16,0,44.89,True,İçecek,Su,Marka-E,True
2025-03-02,M02,U005,0,0,39.9,True,İçecek,Su,Marka-E,True
2025-03-03,M02,U005,0,0,49.88,True,İçecek,Su,Marka-E,False
2025-03-04,M02,U005,0,0,49.88,True,İçecek,Su,Marka-E,False
2025-03-05,M02,U005,23,65,49.88,False,İçecek,Su,Marka-E,False
2025-03-06,M02,U005,23,42,49.88,False,İçecek,Su,Marka-E,False
2025-03-07,M02,U005,22,20,49.88,False,İçecek,Su,Marka-E,False
2025-03-08,M02,U005,20,0,49.88,True,İçecek,Su,Marka-E,False
2025-03-09,M02,U005,0,0,49.88,True,İçecek,Su,Marka-E,False
2025-03-10,M02,U005,0,0,49.88,True,İçecek,Su,Marka-E,False
2025-03-11,M02,U005,0,0,49.88,True,İçecek,Su,Marka-E,False
2025-03-12,M02,U005,31,49,42.4,False,İçecek,Su,Marka-E,True
2025-03-13,M02,U005,24,25,49.88,False,İçecek,Su,Marka-E,False
2025-03-14,M02,U005,22,3,49.88,False,İçecek,Su,Marka-E,False
2025-03-15,M02,U005,3,0,49.88,True,İçecek,Su,Marka-E,False
2025-03-16,M02,U005,0,0,49.88,True,İçecek,Su,Marka-E,False
2025-03-17,M02,U005,0,0,49.88,True,İçecek,Su,Marka-E,False
2025-03-18,M02,U005,0,0,49.88,True,İçecek,Su,Marka-E,False
2025-03-19,M02,U005,33,40,42.4,False,İçecek,Su,Marka-E,True
2025-03-20,M02,U005,17,23,49.88,False,İçecek,Su,Marka-E,False
2025-03-21,M02,U005,19,4,49.88,False,İçecek,Su,Marka-E,False
2025-03-22,M02,U005,4,0,49.88,True,İçecek,Su,Marka-E,False
2025-03-23,M02,U005,0,0,49.88,True,İçecek,Su,Marka-E,False
2025-03-24,M02,U005,0,0,49.88,True,İçecek,Su,Marka-E,False
2025-03-25,M02,U005,0,0,49.88,True,İçecek,Su,Marka-E,False
2025-03-26,M02,U005,24,59,49.88,False,İçecek,Su,Marka-E,False
2025-03-27,M02,U005,18,41,49.88,False,İçecek,Su,Marka-E,False
2025-03-28,M02,U005,27,14,49.88,False,İçecek,Su,Marka-E,False
2025-03-29,M02,U005,14,0,49.88,True,İçecek,Su,Marka-E,False
2025-03-30,M02,U005,0,0,49.88,True,İçecek,Su,Marka-E,False
2025-03-31,M02,U005,0,0,49.88,True,İçecek,Su,Marka-E,False
2025-04-01,M02,U005,0,0,49.88,True,İçecek,Su,Marka-E,False
2025-04-02,M02,U005,20,64,49.88,False,İçecek,Su,Marka-E,False
2025-04-03,M02,U005,17,47,49.88,False,İçecek,Su,Marka-E,False
2025-04-04,M02,U005,18,29,49.88,False,İçecek,Su,Marka-E,False
2025-04-05,M02,U005,29,0,49.88,True,İçecek,Su,Marka-E,False
2025-04-06,M02,U005,0,0,39.9,True,İçecek,Su,Marka-E,True
2025-04-07,M02,U005,0,0,49.88,True,İçecek,Su,Marka-E,False
2025-04-08,M02,U005,0,0,49.88,True,İçecek,Su,Marka-E,False
2025-04-09,M02,U005,0,0,49.88,True,İçecek,Su,Marka-E,False
2025-04-10,M02,U005,0,0,49.88,True,İçecek,Su,Marka-E,False
2025-04-11,M02,U005,0,0,49.88,True,İçecek,Su,Marka-E,False
2025-04-12,M02,U005,0,0,49.88,True,İçecek,Su,Marka-E,False
2025-04-13,M02,U005,0,0,49.88,True,İçecek,Su,Marka-E,False
2025-04-14,M02,U005,0,0,49.88,True,İçecek,Su,Marka-E,False
2025-04-15,M02,U005,0,0,49.88,True,İçecek,Su,Marka-E,False
2025-04-16,M02,U005,26,52,49.88,False,İçecek,Su,Marka-E,False
2025-04-17,M02,U005,18,34,49.88,False,İçecek,Su,Marka-E,False
2025-04-18,M02,U005,22,12,49.88,False,İçecek,Su,Marka-E,False
2025-04-19,M02,U005,12,0,42.4,True,İçecek,Su,Marka-E,True
2025-04-20,M02,U005,0,0,49.88,True,İçecek,Su,Marka-E,False
2025-04-21,M02,U005,0,0,49.88,True,İçecek,Su,Marka-E,False
2025-04-22,M02,U005,0,0,49.88,True,İçecek,Su,Marka-E,False
2025-04-23,M02,U005,0,0,49.88,True,İçecek,Su,Marka-E,False
2025-04-24,M02,U005,0,0,49.88,True,İçecek,Su,Marka-E,False
2025-04-25,M02,U005,0,0,49.88,True,İçecek,Su,Marka-E,False
2025-04-26,M02,U005,0,0,39.9,True,İçecek,Su,Marka-E,True
2025-04-27,M02,U005,0,0,49.88,True,İçecek,Su,Marka-E,False
2025-04-28,M02,U005,0,0,49.88,True,İçecek,Su,Marka-E,False
2025-04-29,M02,U005,0,0,49.88,True,İçecek,Su,Marka-E,False
2025-04-30,M02,U005,34,48,42.4,False,İçecek,Su,Marka-E,True
2025-05-01,M02,U005,24,24,49.88,False,İçecek,Su,Marka-E,False
2025-05-02,M02,U005,24,0,49.88,True,İçecek,Su,Marka-E,False
2025-05-03,M02,U005,0,0,49.88,True,İçecek,Su,Marka-E,False
2025-05-04,M02,U005,0,0,49.88,True,İçecek,Su,Marka-E,False
2025-05-05,M02,U005,0,0,49.88,True,İçecek,Su,Marka-E,False
2025-05-06,M02,U005,0,0,49.88,True,İçecek,Su,Marka-E,False
2025-01-01,M02,U006,30,143,97.21,False,İçecek,Su,Marka-F,False
2025-01-02,M02,U006,35,108,97.21,False,İçecek,Su,Marka-F,False
2025-01-03,M02,U006,25,83,97.21,False,İçecek,Su,Marka-F,False
2025-01-04,M02,U006,40,43,97.21,False,İçecek,Su,Marka-F,False
2025-01-05,M02,U006,37,155,97.21,False,İçecek,Su,Marka-F,False
2025-01-06,M02,U006,20,135,97.21,False,İçecek,Su,Marka-F,False
2025-01-07,M02,U006,24,111,97.21,False,İçecek,Su,Marka-F,False
2025-01-08,M02,U006,29,82,97.21,False,İçecek,Su,Marka-F,False
2025-01-09,M02,U006,31,132,97.21,False,İçecek,Su,Marka-F,False
2025-01-10,M02,U006,21,111,97.21,False,İçecek,Su,Marka-F,False
2025-01-11,M02,U006,38,73,97.21,False,İçecek,Su,Marka-F,False
2025-01-12,M02,U006,30,43,97.21,False,İçecek,Su,Marka-F,False
2025-01-13,M02,U006,20,164,97.21,False,İçecek,Su,Marka-F,False
2025-01-14,M02,U006,36,128,97.21,False,İçecek,Su,Marka-F,False
2025-01-15,M02,U006,28,100,97.21,False,İçecek,Su,Marka-F,False
2025-01-16,M02,U006,36,64,97.21,False,İçecek,Su,Marka-F,False
2025-01-17,M02,U006,32,153,97.21,False,İçecek,Su,Marka-F,False
2025-01-18,M02,U006,40,113,97.21,False,İçecek,Su,Marka-F,False
2025-01-19,M02,U006,30,83,97.21,False,İçecek,Su,Marka-F,False
2025-01-20,M02,U006,21,62,97.21,False,İçecek,Su,Marka-F,False
2025-01-21,M02,U006,22,162,97.21,False,İçecek,Su,Marka-F,False
2025-01-22,M02,U006,34,128,97.21,False,İçecek,Su,Marka-F,False
2025-01-23,M02,U006,24,104,97.21,False,İçecek,Su,Marka-F,False
2025-01-24,M02,U006,31,73,97.21,False,İçecek,Su,Marka-F,False
2025-01-25,M02,U006,29,156,97.21,False,İçecek,Su,Marka-F,False
2025-01-26,M02,U006,30,126,97.21,False,İçecek,Su,Marka-F,False
2025-01-27,M02,U006,29,97,97.21,False,İçecek,Su,Marka-F,False
2025-01-28,M02,U006,31,66,97.21,False,İçecek,Su,Marka-F,False
2025-01-29,M02,U006,23,160,97.21,False,İçecek,Su,Marka-F,False
2025-01-30,M02,U006,42,118,97.21,False,İçecek,Su,Marka-F,False
2025-01-31,M02,U006,60,58,82.63,False,İçecek,Su,Marka-F,True
2025-02-01,M02,U006,46,12,97.21,False,İçecek,Su,Marka-F,False
2025-02-02,M02,U006,39,138,97.21,False,İçecek,Su,Marka-F,False
2025-02-03,M02,U006,25,113,97.21,False,İçecek,Su,Marka-F,False
2025-02-04,M02,U006,37,76,97.21,False,İçecek,Su,Marka-F,False
2025-02-05,M02,U006,30,46,97.21,False,İçecek,Su,Marka-F,False
2025-02-06,M02,U006,40,136,97.21,False,İçecek,Su,Marka-F,False
2025-02-07,M02,U006,40,96,97.21,False,İçecek,Su,Marka-F,False
2025-02-08,M02,U006,51,45,97.21,False,İçecek,Su,Marka-F,False
2025-02-09,M02,U006,39,6,97.21,False,İçecek,Su,Marka-F,False
2025-02-10,M02,U006,15,166,97.21,False,İçecek,Su,Marka-F,False
2025-02-11,M02,U006,26,140,97.21,False,İçecek,Su,Marka-F,False
2025-02-12,M02,U006,39,101,97.21,False,İçecek,Su,Marka-F,False
2025-02-13,M02,U006,27,74,97.21,False,İçecek,Su,Marka-F,False
2025-02-14,M02,U006,37,154,97.21,False,İçecek,Su,Marka-F,False
2025-02-15,M02,U006,55,99,97.21,False,İçecek,Su,Marka-F,False
2025-02-16,M02,U006,45,54,97.21,False,İçecek,Su,Marka-F,False
2025-02-17,M02,U006,29,25,97.21,False,İçecek,Su,Marka-F,False
2025-02-18,M02,U006,25,0,77.77,True,İçecek,Su,Marka-F,True
2025-02-19,M02,U006,0,0,97.21,True,İçecek,Su,Marka-F,False
2025-02-20,M02,U006,0,0,97.21,True,İçecek,Su,Marka-F,False
2025-02-21,M02,U006,0,0,97.21,True,İçecek,Su,Marka-F,False
2025-02-22,M02,U006,36,128,97.21,False,İçecek,Su,Marka-F,False
2025-02-23,M02,U006,32,96,97.21,False,İçecek,Su,Marka-F,False
2025-02-24,M02,U006,41,55,82.63,False,İçecek,Su,Marka-F,True
2025-02-25,M02,U006,30,25,97.21,False,İçecek,Su,Marka-F,False
2025-02-26,M02,U006,28,157,97.21,False,İçecek,Su,Marka-F,False
2025-02-27,M02,U006,25,132,97.21,False,İçecek,Su,Marka-F,False
2025-02-28,M02,U006,32,100,97.21,False,İçecek,Su,Marka-F,False
2025-03-01,M02,U006,43,57,97.21,False,İçecek,Su,Marka-F,False
2025-03-02,M02,U006,38,129,97.21,False,İçecek,Su,Marka-F,False
2025-03-03,M02,U006,27,102,97.21,False,İçecek,Su,Marka-F,False
2025-03-04,M02,U006,17,85,97.21,False,İçecek,Su,Marka-F,False
2025-03-05,M02,U006,30,55,97.21,False,İçecek,Su,Marka-F,False
2025-03-06,M02,U006,27,167,97.21,False,İçecek,Su,Marka-F,False
2025-03-07,M02,U006,40,127,97.21,False,İçecek,Su,Marka-F,False
2025-03-08,M02,U006,49,78,97.21,False,İçecek,Su,Marka-F,False
2025-03-09,M02,U006,43,35,97.21,False,İçecek,Su,Marka-F,False
2025-03-10,M02,U006,33,149,97.21,False,İçecek,Su,Marka-F,False
2025-03-11,M02,U006,27,122,97.21,False,İçecek,Su,Marka-F,False
2025-03-12,M02,U006,35,87,97.21,False,İçecek,Su,Marka-F,False
2025-03-13,M02,U006,32,55,97.21,False,İçecek,Su,Marka-F,False
2025-03-14,M02,U006,53,141,77.77,False,İçecek,Su,Marka-F,True
2025-03-15,M02,U006,45,96,97.21,False,İçecek,Su,Marka-F,False
2025-03-16,M02,U006,39,57,97.21,False,İçecek,Su,Marka-F,False
2025-03-17,M02,U006,22,35,97.21,False,İçecek,Su,Marka-F,False
2025-03-18,M02,U006,30,148,97.21,False,İçecek,Su,Marka-F,False
2025-03-19,M02,U006,55,93,87.49,False,İçecek,Su,Marka-F,True
2025-03-20,M02,U006,41,52,97.21,False,İçecek,Su,Marka-F,False
2025-03-21,M02,U006,41,11,97.21,False,İçecek,Su,Marka-F,False
2025-03-22,M02,U006,54,126,97.21,False,İçecek,Su,Marka-F,False
2025-03-23,M02,U006,33,93,97.21,False,İçecek,Su,Marka-F,False
2025-03-24,M02,U006,30,63,97.21,False,İçecek,Su,Marka-F,False
2025-03-25,M02,U006,34,29,97.21,False,İçecek,Su,Marka-F,False
2025-03-26,M02,U006,48,112,82.63,False,İçecek,Su,Marka-F,True
2025-03-27,M02,U006,37,75,97.21,False,İçecek,Su,Marka-F,False
2025-03-28,M02,U006,47,28,97.21,False,İçecek,Su,Marka-F,False
2025-03-29,M02,U006,28,0,97.21,False,İçecek,Su,Marka-F,False
2025-03-30,M02,U006,0,0,97.21,True,İçecek,Su,Marka-F,False
2025-03-31,M02,U006,0,0,97.21,True,İçecek,Su,Marka-F,False
2025-04-01,M02,U006,0,0,97.21,True,İçecek,Su,Marka-F,False
2025-04-02,M02,U006,0,0,97.21,True,İçecek,Su,Marka-F,False
2025-04-03,M02,U006,39,125,97.21,False,İçecek,Su,Marka-F,False
2025-04-04,M02,U006,42,83,97.21,False,İçecek,Su,Marka-F,False
2025-04-05,M02,U006,50,33,97.21,False,İçecek,Su,Marka-F,False
2025-04-06,M02,U006,33,0,97.21,True,İçecek,Su,Marka-F,False
2025-04-07,M02,U006,30,142,97.21,False,İçecek,Su,Marka-F,False
2025-04-08,M02,U006,26,116,97.21,False,İçecek,Su,Marka-F,False
2025-04-09,M02,U006,39,77,97.21,False,İçecek,Su,Marka-F,False
2025-04-10,M02,U006,32,45,97.21,False,İçecek,Su,Marka-F,False
2025-04-11,M02,U006,44,122,97.21,False,İçecek,Su,Marka-F,False
2025-04-12,M02,U006,37,85,97.21,False,İçecek,Su,Marka-F,False
2025-04-13,M02,U006,44,41,97.21,False,İçecek,Su,Marka-F,False
2025-04-14,M02,U006,37,4,97.21,False,İçecek,Su,Marka-F,False
2025-04-15,M02,U006,34,158,97.21,False,İçecek,Su,Marka-F,False
2025-04-16,M02,U006,26,132,97.21,False,İçecek,Su,Marka-F,False
2025-04-17,M02,U006,43,89,97.21,False,İçecek,Su,Marka-F,False
2025-04-18,M02,U006,43,46,97.21,False,İçecek,Su,Marka-F,False
2025-04-19,M02,U006,47,127,97.21,False,İçecek,Su,Marka-F,False
2025-04-20,M02,U006,47,80,97.21,False,İçecek,Su,Marka-F,False
2025-04-21,M02,U006,44,36,77.77,False,İçecek,Su,Marka-F,True
2025-04-22,M02,U006,36,0,97.21,True,İçecek,Su,Marka-F,False
2025-04-23,M02,U006,66,93,87.49,False,İçecek,Su,Marka-F,True
2025-04-24,M02,U006,34,59,97.21,False,İçecek,Su,Marka-F,False
2025-04-25,M02,U006,39,20,97.21,False,İçecek,Su,Marka-F,False
2025-04-26,M02,U006,20,0,82.63,True,İçecek,Su,Marka-F,True
2025-04-27,M02,U006,31,158,97.21,False,İçecek,Su,Marka-F,False
2025-04-28,M02,U006,30,128,97.21,False,İçecek,Su,Marka-F,False
2025-04-29,M02,U006,28,100,97.21,False,İçecek,Su,Marka-F,False
2025-04-30,M02,U006,36,64,97.21,False,İçecek,Su,Marka-F,False
2025-05-01,M02,U006,24,40,97.21,False,İçecek,Su,Marka-F,False
2025-05-02,M02,U006,40,0,97.21,True,İçecek,Su,Marka-F,False
2025-05-03,M02,U006,0,0,97.21,True,İçecek,Su,Marka-F,False
2025-05-04,M02,U006,0,0,97.21,True,İçecek,Su,Marka-F,False
2025-05-05,M02,U006,39,130,97.21,False,İçecek,Su,Marka-F,False
2025-05-06,M02,U006,28,102,97.21,False,İçecek,Su,Marka-F,False
2025-01-01,M02,U007,22,59,150.45,False,Atıştırmalık,Cips,Marka-A,False
2025-01-02,M02,U007,33,26,150.45,False,Atıştırmalık,Cips,Marka-A,False
2025-01-03,M02,U007,26,0,150.45,True,Atıştırmalık,Cips,Marka-A,False
2025-01-04,M02,U007,0,0,150.45,True,Atıştırmalık,Cips,Marka-A,False
2025-01-05,M02,U007,0,0,150.45,True,Atıştırmalık,Cips,Marka-A,False
2025-01-06,M02,U007,30,138,150.45,False,Atıştırmalık,Cips,Marka-A,False
2025-01-07,M02,U007,21,117,150.45,False,Atıştırmalık,Cips,Marka-A,False
2025-01-08,M02,U007,29,88,150.45,False,Atıştırmalık,Cips,Marka-A,False
2025-01-09,M02,U007,27,61,150.45,False,Atıştırmalık,Cips,Marka-A,False
2025-01-10,M02,U007,36,25,150.45,False,Atıştırmalık,Cips,Marka-A,False
2025-01-11,M02,U007,32,145,150.45,False,Atıştırmalık,Cips,Marka-A,False
2025-01-12,M02,U007,26,119,150.45,False,Atıştırmalık,Cips,Marka-A,False
2025-01-13,M02,U007,22,97,150.45,False,Atıştırmalık,Cips,Marka-A,False
2025-01-14,M02,U007,26,71,150.45,False,Atıştırmalık,Cips,Marka-A,False
2025-01-15,M02,U007,25,46,150.45,False,Atıştırmalık,Cips,Marka-A,False
2025-01-16,M02,U007,27,159,150.45,False,Atıştırmalık,Cips,Marka-A,False
2025-01-17,M02,U007,53,106,127.88,False,Atıştırmalık,Cips,Marka-A,True
2025-01-18,M02,U007,44,62,150.45,False,Atıştırmalık,Cips,Marka-A,False
2025-01-19,M02,U007,62,0,127.88,True,Atıştırmalık,Cips,Marka-A,True
2025-01-20,M02,U007,0,0,150.45,True,Atıştırmalık,Cips,Marka-A,False
2025-01-21,M02,U007,21,145,150.45,False,Atıştırmalık,Cips,Marka-A,False
2025-01-22,M02,U007,35,110,150.45,False,Atıştırmalık,Cips,Marka-A,False
2025-01-23,M02,U007,25,85,150.45,False,Atıştırmalık,Cips,Marka-A,False
2025-01-24,M02,U007,23,62,150.45,False,Atıştırmalık,Cips,Marka-A,False
2025-01-25,M02,U007,36,26,150.45,False,Atıştırmalık,Cips,Marka-A,False
2025-01-26,M02,U007,32,144,150.45,False,Atıştırmalık,Cips,Marka-A,False
2025-01-27,M02,U007,25,119,150.45,False,Atıştırmalık,Cips,Marka-A,False
2025-01-28,M02,U007,33,86,150.45,False,Atıştırmalık,Cips,Marka-A,False
2025-01-29,M02,U007,32,54,150.45,False,Atıştırmalık,Cips,Marka-A,False
2025-01-30,M02,U007,32,22,150.45,False,Atıştırmalık,Cips,Marka-A,False
2025-01-31,M02,U007,39,142,150.45,False,Atıştırmalık,Cips,Marka-A,False
2025-02-01,M02,U007,31,111,150.45,False,Atıştırmalık,Cips,Marka-A,False
2025-02-02,M02,U007,61,50,135.41,False,Atıştırmalık,Cips,Marka-A,True
2025-02-03,M02,U007,31,19,150.45,False,Atıştırmalık,Cips,Marka-A,False
2025-02-04,M02,U007,19,0,150.45,False,Atıştırmalık,Cips,Marka-A,False
2025-02-05,M02,U007,25,139,150.45,False,Atıştırmalık,Cips,Marka-A,False
2025-02-06,M02,U007,35,104,150.45,False,Atıştırmalık,Cips,Marka-A,False
2025-02-07,M02,U007,33,71,150.45,False,Atıştırmalık,Cips,Marka-A,False
2025-02-08,M02,U007,45,26,150.45,False,Atıştırmalık,Cips,Marka-A,False
2025-02-09,M02,U007,26,0,150.45,True,Atıştırmalık,Cips,Marka-A,False
2025-02-10,M02,U007,15,174,150.45,False,Atıştırmalık,Cips,Marka-A,False
2025-02-11,M02,U007,35,139,135.41,False,Atıştırmalık,Cips,Marka-A,True
2025-02-12,M02,U007,30,109,150.45,False,Atıştırmalık,Cips,Marka-A,False
2025-02-13,M02,U007,31,78,150.45,False,Atıştırmalık,Cips,Marka-A,False
2025-02-14,M02,U007,33,45,150.45,False,Atıştırmalık,Cips,Marka-A,False
2025-02-15,M02,U007,30,160,150.45,False,Atıştırmalık,Cips,Marka-A,False
2025-02-16,M02,U007,34,126,150.45,False,Atıştırmalık,Cips,Marka-A,False
2025-02-17,M02,U007,21,105,150.45,False,Atıştırmalık,Cips,Marka-A,False
2025-02-18,M02,U007,29,76,150.45,False,Atıştırmalık,Cips,Marka-A,False
2025-02-19,M02,U007,31,45,150.45,False,Atıştırmalık,Cips,Marka-A,False
2025-02-20,M02,U007,28,17,150.45,False,Atıştırmalık,Cips,Marka-A,False
2025-02-21,M02,U007,17,0,150.45,True,Atıştırmalık,Cips,Marka-A,False
2025-02-22,M02,U007,0,0,150.45,True,Atıştırmalık,Cips,Marka-A,False
2025-02-23,M02,U007,0,0,150.45,True,Atıştırmalık,Cips,Marka-A,False
2025-02-24,M02,U007,0,0,150.45,True,Atıştırmalık,Cips,Marka-A,False
2025-02-25,M02,U007,33,133,150.45,False,Atıştırmalık,Cips,Marka-A,False
2025-02-26,M02,U007,35,98,150.45,False,Atıştırmalık,Cips,Marka-A,False
2025-02-27,M02,U007,29,69,150.45,False,Atıştırmalık,Cips,Marka-A,False
2025-02-28,M02,U007,57,12,135.41,False,Atıştırmalık,Cips,Marka-A,True
2025-03-01,M02,U007,12,0,150.45,True,Atıştırmalık,Cips,Marka-A,False
2025-03-02,M02,U007,35,140,150.45,False,Atıştırmalık,Cips,Marka-A,False
2025-03-03,M02,U007,39,101,120.36,False,Atıştırmalık,Cips,Marka-A,True
2025-03-04,M02,U007,41,60,150.45,False,Atıştırmalık,Cips,Marka-A,False
2025-03-05,M02,U007,35,25,150.45,False,Atıştırmalık,Cips,Marka-A,False
2025-03-06,M02,U007,25,0,150.45,True,Atıştırmalık,Cips,Marka-A,False
2025-03-07,M02,U007,25,141,150.45,False,Atıştırmalık,Cips,Marka-A,False
2025-03-08,M02,U007,36,105,150.45,False,Atıştırmalık,Cips,Marka-A,False
2025-03-09,M02,U007,29,76,150.45,False,Atıştırmalık,Cips,Marka-A,False
2025-03-10,M02,U007,30,46,150.45,False,Atıştırmalık,Cips,Marka-A,False
2025-03-11,M02,U007,26,20,150.45,False,Atıştırmalık,Cips,Marka-A,False
2025-03-12,M02,U007,40,130,127.88,False,Atıştırmalık,Cips,Marka-A,True
2025-03-13,M02,U007,36,94,150.45,False,Atıştırmalık,Cips,Marka-A,False
2025-03-14,M02,U007,32,62,150.45,False,Atıştırmalık,Cips,Marka-A,False
2025-03-15,M02,U007,33,29,150.45,False,Atıştırmalık,Cips,Marka-A,False
2025-03-16,M02,U007,29,0,120.36,True,Atıştırmalık,Cips,Marka-A,True
2025-03-17,M02,U007,19,175,150.45,False,Atıştırmalık,Cips,Marka-A,False
2025-03-18,M02,U007,20,155,150.45,False,Atıştırmalık,Cips,Marka-A,False
2025-03-19,M02,U007,35,120,150.45,False,Atıştırmalık,Cips,Marka-A,False
2025-03-20,M02,U007,33,87,150.45,False,Atıştırmalık,Cips,Marka-A,False
2025-03-21,M02,U007,38,49,150.45,False,Atıştırmalık,Cips,Marka-A,False
2025-03-22,M02,U007,34,150,150.45,False,Atıştırmalık,Cips,Marka-A,False
2025-03-23,M02,U007,40,110,150.45,False,Atıştırmalık,Cips,Marka-A,False
2025-03-24,M02,U007,22,88,150.45,False,Atıştırmalık,Cips,Marka-A,False
2025-03-25,M02,U007,29,59,150.45,False,Atıştırmalık,Cips,Marka-A,False
2025-03-26,M02,U007,27,32,150.45,False,Atıştırmalık,Cips,Marka-A,False
2025-03-27,M02,U007,39,145,150.45,False,Atıştırmalık,Cips,Marka-A,False
2025-03-28,M02,U007,37,108,150.45,False,Atıştırmalık,Cips,Marka-A,False
2025-03-29,M02,U007,35,73,150.45,False,Atıştırmalık,Cips,Marka-A,False
2025-03-30,M02,U007,42,31,150.45,False,Atıştırmalık,Cips,Marka-A,False
2025-03-31,M02,U007,21,10,150.45,False,Atıştırmalık,Cips,Marka-A,False
2025-04-01,M02,U007,23,146,150.45,False,Atıştırmalık,Cips,Marka-A,False
2025-04-02,M02,U007,25,121,150.45,False,Atıştırmalık,Cips,Marka-A,False
2025-04-03,M02,U007,28,93,150.45,False,Atıştırmalık,Cips,Marka-A,False
2025-04-04,M02,U007,30,63,150.45,False,Atıştırmalık,Cips,Marka-A,False
2025-04-05,M02,U007,58,5,120.36,False,Atıştırmalık,Cips,Marka-A,True
2025-04-06,M02,U007,42,145,120.36,False,Atıştırmalık,Cips,Marka-A,True
2025-04-07,M02,U007,35,110,150.45,False,Atıştırmalık,Cips,Marka-A,False
2025-04-08,M02,U007,34,76,150.45,False,Atıştırmalık,Cips,Marka-A,False
2025-04-09,M02,U007,36,40,150.45,False,Atıştırmalık,Cips,Marka-A,False
2025-04-10,M02,U007,40,0,150.45,True,Atıştırmalık,Cips,Marka-A,False
2025-04-11,M02,U007,25,161,150.45,False,Atıştırmalık,Cips,Marka-A,False
2025-04-12,M02,U007,50,111,150.45,False,Atıştırmalık,Cips,Marka-A,False
2025-04-13,M02,U007,30,81,150.45,False,Atıştırmalık,Cips,Marka-A,False
2025-04-14,M02,U007,21,60,150.45,False,Atıştırmalık,Cips,Marka-A,False
2025-04-15,M02,U007,25,35,150.45,False,Atıştırmalık,Cips,Marka-A,False
2025-04-16,M02,U007,33,157,150.45,False,Atıştırmalık,Cips,Marka-A,False
2025-04-17,M02,U007,39,118,150.45,False,Atıştırmalık,Cips,Marka-A,False
2025-04-18,M02,U007,33,85,150.45,False,Atıştırmalık,Cips,Marka-A,False
2025-04-19,M02,U007,28,57,150.45,False,Atıştırmalık,Cips,Marka-A,False
2025-04-20,M02,U007,41,16,150.45,False,Atıştırmalık,Cips,Marka-A,False
2025-04-21,M02,U007,16,0,150.45,True,Atıştırmalık,Cips,Marka-A,False
2025-04-22,M02,U007,0,0,150.45,True,Atıştırmalık,Cips,Marka-A,False
2025-04-23,M02,U007,0,0,150.45,True,Atıştırmalık,Cips,Marka-A,False
2025-04-24,M02,U007,0,0,120.36,True,Atıştırmalık,Cips,Marka-A,True
2025-04-25,M02,U007,0,0,120.36,True,Atıştırmalık,Cips,Marka-A,True
2025-04-26,M02,U007,41,125,150.45,False,Atıştırmalık,Cips,Marka-A,False
2025-04-27,M02,U007,36,89,150.45,False,Atıştırmalık,Cips,Marka-A,False
2025-04-28,M02,U007,23,66,150.45,False,Atıştırmalık,Cips,Marka-A,False
2025-04-29,M02,U007,34,32,150.45,False,Atıştırmalık,Cips,Marka-A,False
2025-04-30,M02,U007,32,0,150.45,True,Atıştırmalık,Cips,Marka-A,False
2025-05-01,M02,U007,40,144,150.45,False,Atıştırmalık,Cips,Marka-A,False
2025-05-02,M02,U007,41,103,150.45,False,Atıştırmalık,Cips,Marka-A,False
2025-05-03,M02,U007,37,66,150.45,False,Atıştırmalık,Cips,Marka-A,False
2025-05-04,M02,U007,66,0,127.88,True,Atıştırmalık,Cips,Marka-A,True
2025-05-05,M02,U007,0,0,150.45,True,Atıştırmalık,Cips,Marka-A,False
2025-05-06,M02,U007,22,168,150.45,False,Atıştırmalık,Cips,Marka-A,False
2025-01-01,M02,U008,14,56,111.37,False,Atıştırmalık,Cips,Marka-B,False
2025-01-02,M02,U008,11,45,111.37,False,Atıştırmalık,Cips,Marka-B,False
2025-01-03,M02,U008,20,25,111.37,False,Atıştırmalık,Cips,Marka-B,False
2025-01-04,M02,U008,17,8,111.37,False,Atıştırmalık,Cips,Marka-B,False
2025-01-05,M02,U008,8,0,111.37,True,Atıştırmalık,Cips,Marka-B,False
2025-01-06,M02,U008,0,0,111.37,True,Atıştırmalık,Cips,Marka-B,False
2025-01-07,M02,U008,15,48,111.37,False,Atıştırmalık,Cips,Marka-B,False
2025-01-08,M02,U008,4,44,111.37,False,Atıştırmalık,Cips,Marka-B,False
2025-01-09,M02,U008,9,35,111.37,False,Atıştırmalık,Cips,Marka-B,False
2025-01-10,M02,U008,19,16,111.37,False,Atıştırmalık,Cips,Marka-B,False
2025-01-11,M02,U008,13,3,111.37,False,Atıştırmalık,Cips,Marka-B,False
2025-01-12,M02,U008,3,0,111.37,True,Atıştırmalık,Cips,Marka-B,False
2025-01-13,M02,U008,6,57,111.37,False,Atıştırmalık,Cips,Marka-B,False
2025-01-14,M02,U008,11,46,111.37,False,Atıştırmalık,Cips,Marka-B,False
2025-01-15,M02,U008,14,32,111.37,False,Atıştırmalık,Cips,Marka-B,False
2025-01-16,M02,U008,8,24,111.37,False,Atıştırmalık,Cips,Marka-B,False
2025-01-17,M02,U008,10,14,111.37,False,Atıştırmalık,Cips,Marka-B,False
2025-01-18,M02,U008,14,0,111.37,True,Atıştırmalık,Cips,Marka-B,False
2025-01-19,M02,U008,0,0,111.37,True,Atıştırmalık,Cips,Marka-B,False
2025-01-20,M02,U008,0,0,111.37,True,Atıştırmalık,Cips,Marka-B,False
2025-01-21,M02,U008,0,0,111.37,True,Atıştırmalık,Cips,Marka-B,False
2025-01-22,M02,U008,0,0,111.37,True,Atıştırmalık,Cips,Marka-B,False
2025-01-23,M02,U008,0,0,111.37,True,Atıştırmalık,Cips,Marka-B,False
2025-01-24,M02,U008,0,0,111.37,True,Atıştırmalık,Cips,Marka-B,False
2025-01-25,M02,U008,24,39,111.37,False,Atıştırmalık,Cips,Marka-B,False
2025-01-26,M02,U008,15,24,111.37,False,Atıştırmalık,Cips,Marka-B,False
2025-01-27,M02,U008,18,6,111.37,False,Atıştırmalık,Cips,Marka-B,False
2025-01-28,M02,U008,6,0,111.37,True,Atıştırmalık,Cips,Marka-B,False
2025-01-29,M02,U008,0,0,111.37,True,Atıştırmalık,Cips,Marka-B,False
2025-01-30,M02,U008,0,0,111.37,True,Atıştırmalık,Cips,Marka-B,False
2025-01-31,M02,U008,15,56,111.37,False,Atıştırmalık,Cips,Marka-B,False
2025-02-01,M02,U008,17,39,111.37,False,Atıştırmalık,Cips,Marka-B,False
2025-02-02,M02,U008,15,24,111.37,False,Atıştırmalık,Cips,Marka-B,False
2025-02-03,M02,U008,24,0,100.23,True,Atıştırmalık,Cips,Marka-B,True
2025-02-04,M02,U008,0,0,111.37,True,Atıştırmalık,Cips,Marka-B,False
2025-02-05,M02,U008,0,0,111.37,True,Atıştırmalık,Cips,Marka-B,False
2025-02-06,M02,U008,16,47,111.37,False,Atıştırmalık,Cips,Marka-B,False
2025-02-07,M02,U008,11,36,111.37,False,Atıştırmalık,Cips,Marka-B,False
2025-02-08,M02,U008,17,19,111.37,False,Atıştırmalık,Cips,Marka-B,False
2025-02-09,M02,U008,15,4,111.37,False,Atıştırmalık,Cips,Marka-B,False
2025-02-10,M02,U008,4,0,89.1,True,Atıştırmalık,Cips,Marka-B,True
2025-02-11,M02,U008,0,0,111.37,True,Atıştırmalık,Cips,Marka-B,False
2025-02-12,M02,U008,20,45,94.66,False,Atıştırmalık,Cips,Marka-B,True
2025-02-13,M02,U008,9,36,111.37,False,Atıştırmalık,Cips,Marka-B,False
2025-02-14,M02,U008,10,26,111.37,False,Atıştırmalık,Cips,Marka-B,False
2025-02-15,M02,U008,22,4,111.37,False,Atıştırmalık,Cips,Marka-B,False
2025-02-16,M02,U008,4,0,111.37,True,Atıştırmalık,Cips,Marka-B,False
2025-02-17,M02,U008,0,0,111.37,True,Atıştırmalık,Cips,Marka-B,False
2025-02-18,M02,U008,12,58,111.37,False,Atıştırmalık,Cips,Marka-B,False
2025-02-19,M02,U008,15,43,111.37,False,Atıştırmalık,Cips,Marka-B,False
2025-02-20,M02,U008,12,31,111.37,False,Atıştırmalık,Cips,Marka-B,False
2025-02-21,M02,U008,12,19,111.37,False,Atıştırmalık,Cips,Marka-B,False
2025-02-22,M02,U008,11,8,111.37,False,Atıştırmalık,Cips,Marka-B,False
2025-02-23,M02,U008,8,0,111.37,True,Atıştırmalık,Cips,Marka-B,False
2025-02-24,M02,U008,10,63,111.37,False,Atıştırmalık,Cips,Marka-B,False
2025-02-25,M02,U008,9,54,111.37,False,Atıştırmalık,Cips,Marka-B,False
2025-02-26,M02,U008,14,40,111.37,False,Atıştırmalık,Cips,Marka-B,False
2025-02-27,M02,U008,10,30,111.37,False,Atıştırmalık,Cips,Marka-B,False
2025-02-28,M02,U008,7,23,111.37,False,Atıştırmalık,Cips,Marka-B,False
2025-03-01,M02,U008,12,11,111.37,False,Atıştırmalık,Cips,Marka-B,False
2025-03-02,M02,U008,11,0,111.37,True,Atıştırmalık,Cips,Marka-B,False
2025-03-03,M02,U008,0,0,111.37,True,Atıştırmalık,Cips,Marka-B,False
2025-03-04,M02,U008,0,0,111.37,True,Atıştırmalık,Cips,Marka-B,False
2025-03-05,M02,U008,0,0,111.37,True,Atıştırmalık,Cips,Marka-B,False
2025-03-06,M02,U008,0,0,111.37,True,Atıştırmalık,Cips,Marka-B,False
2025-03-07,M02,U008,0,0,111.37,True,Atıştırmalık,Cips,Marka-B,False
2025-03-08,M02,U008,14,49,111.37,False,Atıştırmalık,Cips,Marka-B,False
2025-03-09,M02,U008,14,35,111.37,False,Atıştırmalık,Cips,Marka-B,False
2025-03-10,M02,U008,13,22,111.37,False,Atıştırmalık,Cips,Marka-B,False
2025-03-11,M02,U008,16,6,111.37,False,Atıştırmalık,Cips,Marka-B,False
2025-03-12,M02,U008,6,0,111.37,True,Atıştırmalık,Cips,Marka-B,False
2025-03-13,M02,U008,0,0,111.37,True,Atıştırmalık,Cips,Marka-B,False
2025-03-14,M02,U008,14,61,111.37,False,Atıştırmalık,Cips,Marka-B,False
2025-03-15,M02,U008,21,40,111.37,False,Atıştırmalık,Cips,Marka-B,False
2025-03-16,M02,U008,10,30,111.37,False,Atıştırmalık,Cips,Marka-B,False
2025-03-17,M02,U008,12,18,111.37,False,Atıştırmalık,Cips,Marka-B,False
2025-03-18,M02,U008,6,12,111.37,False,Atıştırmalık,Cips,Marka-B,False
2025-03-19,M02,U008,12,0,111.37,True,Atıştırmalık,Cips,Marka-B,False
2025-03-20,M02,U008,0,0,111.37,True,Atıştırmalık,Cips,Marka-B,False
2025-03-21,M02,U008,0,0,111.37,True,Atıştırmalık,Cips,Marka-B,False
2025-03-22,M02,U008,0,0,111.37,True,Atıştırmalık,Cips,Marka-B,False
2025-03-23,M02,U008,0,0,111.37,True,Atıştırmalık,Cips,Marka-B,False
2025-03-24,M02,U008,0,0,111.37,True,Atıştırmalık,Cips,Marka-B,False
2025-03-25,M02,U008,0,0,111.37,True,Atıştırmalık,Cips,Marka-B,False
2025-03-26,M02,U008,0,0,111.37,True,Atıştırmalık,Cips,Marka-B,False
2025-03-27,M02,U008,0,0,111.37,True,Atıştırmalık,Cips,Marka-B,False
2025-03-28,M02,U008,0,0,111.37,True,Atıştırmalık,Cips,Marka-B,False
2025-03-29,M02,U008,0,0,94.66,True,Atıştırmalık,Cips,Marka-B,True
2025-03-30,M02,U008,0,0,111.37,True,Atıştırmalık,Cips,Marka-B,False
2025-03-31,M02,U008,0,0,111.37,True,Atıştırmalık,Cips,Marka-B,False
2025-04-01,M02,U008,20,54,111.37,False,Atıştırmalık,Cips,Marka-B,False
2025-04-02,M02,U008,16,38,111.37,False,Atıştırmalık,Cips,Marka-B,False
2025-04-03,M02,U008,16,22,111.37,False,Atıştırmalık,Cips,Marka-B,False
2025-04-04,M02,U008,11,11,111.37,False,Atıştırmalık,Cips,Marka-B,False
2025-04-05,M02,U008,11,0,111.37,False,Atıştırmalık,Cips,Marka-B,False
2025-04-06,M02,U008,0,0,111.37,True,Atıştırmalık,Cips,Marka-B,False
2025-04-07,M02,U008,13,53,111.37,False,Atıştırmalık,Cips,Marka-B,False
2025-04-08,M02,U008,14,39,111.37,False,Atıştırmalık,Cips,Marka-B,False
2025-04-09,M02,U008,16,23,111.37,False,Atıştırmalık,Cips,Marka-B,False
2025-04-10,M02,U008,15,8,111.37,False,Atıştırmalık,Cips,Marka-B,False
2025-04-11,M02,U008,8,0,111.37,True,Atıştırmalık,Cips,Marka-B,False
2025-04-12,M02,U008,0,0,111.37,True,Atıştırmalık,Cips,Marka-B,False
2025-04-13,M02,U008,35,31,94.66,False,Atıştırmalık,Cips,Marka-B,True
2025-04-14,M02,U008,16,15,111.37,False,Atıştırmalık,Cips,Marka-B,False
2025-04-15,M02,U008,7,8,111.37,False,Atıştırmalık,Cips,Marka-B,False
2025-04-16,M02,U008,8,0,111.37,True,Atıştırmalık,Cips,Marka-B,False
2025-04-17,M02,U008,0,0,111.37,True,Atıştırmalık,Cips,Marka-B,False
2025-04-18,M02,U008,0,0,100.23,True,Atıştırmalık,Cips,Marka-B,True
2025-04-19,M02,U008,22,41,111.37,False,Atıştırmalık,Cips,Marka-B,False
2025-04-20,M02,U008,14,27,111.37,False,Atıştırmalık,Cips,Marka-B,False
2025-04-21,M02,U008,7,20,111.37,False,Atıştırmalık,Cips,Marka-B,False
2025-04-22,M02,U008,11,9,111.37,False,Atıştırmalık,Cips,Marka-B,False
2025-04-23,M02,U008,9,0,111.37,True,Atıştırmalık,Cips,Marka-B,False
2025-04-24,M02,U008,0,0,111.37,True,Atıştırmalık,Cips,Marka-B,False
2025-04-25,M02,U008,11,62,111.37,False,Atıştırmalık,Cips,Marka-B,False
2025-04-26,M02,U008,27,35,111.37,False,Atıştırmalık,Cips,Marka-B,False
2025-04-27,M02,U008,13,22,111.37,False,Atıştırmalık,Cips,Marka-B,False
2025-04-28,M02,U008,7,15,111.37,False,Atıştırmalık,Cips,Marka-B,False
2025-04-29,M02,U008,15,0,111.37,False,Atıştırmalık,Cips,Marka-B,False
2025-04-30,M02,U008,0,0,111.37,True,Atıştırmalık,Cips,Marka-B,False
2025-05-01,M02,U008,30,32,100.23,False,Atıştırmalık,Cips,Marka-B,True
2025-05-02,M02,U008,11,21,111.37,False,Atıştırmalık,Cips,Marka-B,False
2025-05-03,M02,U008,15,6,111.37,False,Atıştırmalık,Cips,Marka-B,False
2025-05-04,M02,U008,6,0,111.37,True,Atıştırmalık,Cips,Marka-B,False
2025-05-05,M02,U008,0,0,111.37,True,Atıştırmalık,Cips,Marka-B,False
2025-05-06,M02,U008,0,0,111.37,True,Atıştırmalık,Cips,Marka-B,False
2025-01-01,M02,U009,2,41,133.04,False,Atıştırmalık,Bisküvi,Marka-C,False
2025-01-02,M02,U009,16,25,133.04,False,Atıştırmalık,Bisküvi,Marka-C,False
2025-01-03,M02,U009,7,18,133.04,False,Atıştırmalık,Bisküvi,Marka-C,False
2025-01-04,M02,U009,11,7,133.04,False,Atıştırmalık,Bisküvi,Marka-C,False
2025-01-05,M02,U009,7,0,133.04,True,Atıştırmalık,Bisküvi,Marka-C,False
2025-01-06,M02,U009,0,0,133.04,True,Atıştırmalık,Bisküvi,Marka-C,False
2025-01-07,M02,U009,0,0,133.04,True,Atıştırmalık,Bisküvi,Marka-C,False
2025-01-08,M02,U009,13,34,119.74,False,Atıştırmalık,Bisküvi,Marka-C,True
2025-01-09,M02,U009,14,20,106.43,False,Atıştırmalık,Bisküvi,Marka-C,True
2025-01-10,M02,U009,6,14,133.04,False,Atıştırmalık,Bisküvi,Marka-C,False
2025-01-11,M02,U009,10,4,133.04,False,Atıştırmalık,Bisküvi,Marka-C,False
2025-01-12,M02,U009,4,0,133.04,True,Atıştırmalık,Bisküvi,Marka-C,False
2025-01-13,M02,U009,0,0,133.04,True,Atıştırmalık,Bisküvi,Marka-C,False
2025-01-14,M02,U009,0,0,133.04,True,Atıştırmalık,Bisküvi,Marka-C,False
2025-01-15,M02,U009,9,38,133.04,False,Atıştırmalık,Bisküvi,Marka-C,False
2025-01-16,M02,U009,4,34,133.04,False,Atıştırmalık,Bisküvi,Marka-C,False
2025-01-17,M02,U009,11,23,133.04,False,Atıştırmalık,Bisküvi,Marka-C,False
2025-01-18,M02,U009,20,3,113.08,False,Atıştırmalık,Bisküvi,Marka-C,True
2025-01-19,M02,U009,3,0,133.04,True,Atıştırmalık,Bisküvi,Marka-C,False
2025-01-20,M02,U009,0,0,113.08,True,Atıştırmalık,Bisküvi,Marka-C,True
2025-01-21,M02,U009,0,0,133.04,True,Atıştırmalık,Bisküvi,Marka-C,False
2025-01-22,M02,U009,9,35,133.04,False,Atıştırmalık,Bisküvi,Marka-C,False
2025-01-23,M02,U009,2,33,133.04,False,Atıştırmalık,Bisküvi,Marka-C,False
2025-01-24,M02,U009,15,18,133.04,False,Atıştırmalık,Bisküvi,Marka-C,False
2025-01-25,M02,U009,7,11,133.04,False,Atıştırmalık,Bisküvi,Marka-C,False
2025-01-26,M02,U009,8,3,133.04,False,Atıştırmalık,Bisküvi,Marka-C,False
2025-01-27,M02,U009,3,0,133.04,True,Atıştırmalık,Bisküvi,Marka-C,False
2025-01-28,M02,U009,0,0,133.04,True,Atıştırmalık,Bisküvi,Marka-C,False
2025-01-29,M02,U009,11,31,133.04,False,Atıştırmalık,Bisküvi,Marka-C,False
2025-01-30,M02,U009,5,26,133.04,False,Atıştırmalık,Bisküvi,Marka-C,False
2025-01-31,M02,U009,9,17,133.04,False,Atıştırmalık,Bisküvi,Marka-C,False
2025-02-01,M02,U009,8,9,133.04,False,Atıştırmalık,Bisküvi,Marka-C,False
2025-02-02,M02,U009,9,0,133.04,True,Atıştırmalık,Bisküvi,Marka-C,False
2025-02-03,M02,U009,0,0,133.04,True,Atıştırmalık,Bisküvi,Marka-C,False
2025-02-04,M02,U009,0,0,133.04,True,Atıştırmalık,Bisküvi,Marka-C,False
2025-02-05,M02,U009,9,40,133.04,False,Atıştırmalık,Bisküvi,Marka-C,False
2025-02-06,M02,U009,12,28,113.08,False,Atıştırmalık,Bisküvi,Marka-C,True
2025-02-07,M02,U009,12,16,133.04,False,Atıştırmalık,Bisküvi,Marka-C,False
2025-02-08,M02,U009,16,0,113.08,False,Atıştırmalık,Bisküvi,Marka-C,True
2025-02-09,M02,U009,0,0,133.04,True,Atıştırmalık,Bisküvi,Marka-C,False
2025-02-10,M02,U009,0,0,133.04,True,Atıştırmalık,Bisküvi,Marka-C,False
2025-02-11,M02,U009,0,0,133.04,True,Atıştırmalık,Bisküvi,Marka-C,False
2025-02-12,M02,U009,11,37,133.04,False,Atıştırmalık,Bisküvi,Marka-C,False
2025-02-13,M02,U009,10,27,133.04,False,Atıştırmalık,Bisküvi,Marka-C,False
2025-02-14,M02,U009,6,21,133.04,False,Atıştırmalık,Bisküvi,Marka-C,False
2025-02-15,M02,U009,10,11,133.04,False,Atıştırmalık,Bisküvi,Marka-C,False
2025-02-16,M02,U009,9,2,133.04,False,Atıştırmalık,Bisküvi,Marka-C,False
2025-02-17,M02,U009,2,0,133.04,True,Atıştırmalık,Bisküvi,Marka-C,False
2025-02-18,M02,U009,0,0,133.04,True,Atıştırmalık,Bisküvi,Marka-C,False
2025-02-19,M02,U009,17,26,133.04,False,Atıştırmalık,Bisküvi,Marka-C,False
2025-02-20,M02,U009,15,11,113.08,False,Atıştırmalık,Bisküvi,Marka-C,True
2025-02-21,M02,U009,11,0,133.04,False,Atıştırmalık,Bisküvi,Marka-C,False
2025-02-22,M02,U009,0,0,133.04,True,Atıştırmalık,Bisküvi,Marka-C,False
2025-02-23,M02,U009,0,0,133.04,True,Atıştırmalık,Bisküvi,Marka-C,False
2025-02-24,M02,U009,0,0,133.04,True,Atıştırmalık,Bisküvi,Marka-C,False
2025-02-25,M02,U009,0,0,133.04,True,Atıştırmalık,Bisküvi,Marka-C,False
2025-02-26,M02,U009,12,32,133.04,False,Atıştırmalık,Bisküvi,Marka-C,False
2025-02-27,M02,U009,5,27,133.04,False,Atıştırmalık,Bisküvi,Marka-C,False
2025-02-28,M02,U009,11,16,133.04,False,Atıştırmalık,Bisküvi,Marka-C,False
2025-03-01,M02,U009,10,6,113.08,False,Atıştırmalık,Bisküvi,Marka-C,True
2025-03-02,M02,U009,6,0,106.43,True,Atıştırmalık,Bisküvi,Marka-C,True
2025-03-03,M02,U009,0,0,133.04,True,Atıştırmalık,Bisküvi,Marka-C,False
2025-03-04,M02,U009,0,0,133.04,True,Atıştırmalık,Bisküvi,Marka-C,False
2025-03-05,M02,U009,6,36,133.04,False,Atıştırmalık,Bisküvi,Marka-C,False
2025-03-06,M02,U009,10,26,133.04,False,Atıştırmalık,Bisküvi,Marka-C,False
2025-03-07,M02,U009,4,22,133.04,False,Atıştırmalık,Bisküvi,Marka-C,False
2025-03-08,M02,U009,12,10,133.04,False,Atıştırmalık,Bisküvi,Marka-C,False
2025-03-09,M02,U009,10,0,133.04,True,Atıştırmalık,Bisküvi,Marka-C,False
2025-03-10,M02,U009,0,0,133.04,True,Atıştırmalık,Bisküvi,Marka-C,False
2025-03-11,M02,U009,0,0,119.74,True,Atıştırmalık,Bisküvi,Marka-C,True
2025-03-12,M02,U009,9,36,133.04,False,Atıştırmalık,Bisküvi,Marka-C,False
2025-03-13,M02,U009,11,25,133.04,False,Atıştırmalık,Bisküvi,Marka-C,False
2025-03-14,M02,U009,12,13,133.04,False,Atıştırmalık,Bisküvi,Marka-C,False
2025-03-15,M02,U009,10,3,133.04,False,Atıştırmalık,Bisküvi,Marka-C,False
2025-03-16,M02,U009,3,0,133.04,True,Atıştırmalık,Bisküvi,Marka-C,False
2025-03-17,M02,U009,0,0,133.04,True,Atıştırmalık,Bisküvi,Marka-C,False
2025-03-18,M02,U009,0,0,133.04,True,Atıştırmalık,Bisküvi,Marka-C,False
2025-03-19,M02,U009,16,27,133.04,False,Atıştırmalık,Bisküvi,Marka-C,False
2025-03-20,M02,U009,10,17,133.04,False,Atıştırmalık,Bisküvi,Marka-C,False
2025-03-21,M02,U009,11,6,133.04,False,Atıştırmalık,Bisküvi,Marka-C,False
2025-03-22,M02,U009,6,0,133.04,True,Atıştırmalık,Bisküvi,Marka-C,False
2025-03-23,M02,U009,0,0,133.04,True,Atıştırmalık,Bisküvi,Marka-C,False
2025-03-24,M02,U009,0,0,133.04,True,Atıştırmalık,Bisküvi,Marka-C,False
2025-03-25,M02,U009,0,0,133.04,True,Atıştırmalık,Bisküvi,Marka-C,False
2025-03-26,M02,U009,9,38,133.04,False,Atıştırmalık,Bisküvi,Marka-C,False
2025-03-27,M02,U009,14,24,133.04,False,Atıştırmalık,Bisküvi,Marka-C,False
2025-03-28,M02,U009,5,19,133.04,False,Atıştırmalık,Bisküvi,Marka-C,False
2025-03-29,M02,U009,13,6,133.04,False,Atıştırmalık,Bisküvi,Marka-C,False
2025-03-30,M02,U009,6,0,133.04,True,Atıştırmalık,Bisküvi,Marka-C,False
2025-03-31,M02,U009,0,0,133.04,True,Atıştırmalık,Bisküvi,Marka-C,False
2025-04-01,M02,U009,0,0,133.04,True,Atıştırmalık,Bisküvi,Marka-C,False
2025-04-02,M02,U009,0,0,133.04,True,Atıştırmalık,Bisküvi,Marka-C,False
2025-04-03,M02,U009,0,0,133.04,True,Atıştırmalık,Bisküvi,Marka-C,False
2025-04-04,M02,U009,0,0,133.04,True,Atıştırmalık,Bisküvi,Marka-C,False
2025-04-05,M02,U009,0,0,133.04,True,Atıştırmalık,Bisküvi,Marka-C,False
2025-04-06,M02,U009,0,0,133.04,True,Atıştırmalık,Bisküvi,Marka-C,False
2025-04-07,M02,U009,0,0,133.04,True,Atıştırmalık,Bisküvi,Marka-C,False
2025-04-08,M02,U009,0,0,133.04,True,Atıştırmalık,Bisküvi,Marka-C,False
2025-04-09,M02,U009,0,0,133.04,True,Atıştırmalık,Bisküvi,Marka-C,False
2025-04-10,M02,U009,0,0,133.04,True,Atıştırmalık,Bisküvi,Marka-C,False
2025-04-11,M02,U009,0,0,133.04,True,Atıştırmalık,Bisküvi,Marka-C,False
2025-04-12,M02,U009,0,0,133.04,True,Atıştırmalık,Bisküvi,Marka-C,False
2025-04-13,M02,U009,0,0,133.04,True,Atıştırmalık,Bisküvi,Marka-C,False
2025-04-14,M02,U009,0,0,133.04,True,Atıştırmalık,Bisküvi,Marka-C,False
2025-04-15,M02,U009,0,0,133.04,True,Atıştırmalık,Bisküvi,Marka-C,False
2025-04-16,M02,U009,10,31,133.04,False,Atıştırmalık,Bisküvi,Marka-C,False
2025-04-17,M02,U009,18,13,106.43,False,Atıştırmalık,Bisküvi,Marka-C,True
2025-04-18,M02,U009,11,2,133.04,False,Atıştırmalık,Bisküvi,Marka-C,False
2025-04-19,M02,U009,2,0,133.04,True,Atıştırmalık,Bisküvi,Marka-C,False
2025-04-20,M02,U009,0,0,133.04,True,Atıştırmalık,Bisküvi,Marka-C,False
2025-04-21,M02,U009,0,0,133.04,True,Atıştırmalık,Bisküvi,Marka-C,False
2025-04-22,M02,U009,0,0,133.04,True,Atıştırmalık,Bisküvi,Marka-C,False
2025-04-23,M02,U009,11,30,133.04,False,Atıştırmalık,Bisküvi,Marka-C,False
2025-04-24,M02,U009,9,21,133.04,False,Atıştırmalık,Bisküvi,Marka-C,False
2025-04-25,M02,U009,16,5,119.74,False,Atıştırmalık,Bisküvi,Marka-C,True
2025-04-26,M02,U009,5,0,133.04,True,Atıştırmalık,Bisküvi,Marka-C,False
2025-04-27,M02,U009,0,0,133.04,True,Atıştırmalık,Bisküvi,Marka-C,False
2025-04-28,M02,U009,0,0,133.04,True,Atıştırmalık,Bisküvi,Marka-C,False
2025-04-29,M02,U009,0,0,133.04,True,Atıştırmalık,Bisküvi,Marka-C,False
2025-04-30,M02,U009,13,30,133.04,False,Atıştırmalık,Bisküvi,Marka-C,False
2025-05-01,M02,U009,12,18,133.04,False,Atıştırmalık,Bisküvi,Marka-C,False
2025-05-02,M02,U009,11,7,133.04,False,Atıştırmalık,Bisküvi,Marka-C,False
2025-05-03,M02,U009,7,0,133.04,True,Atıştırmalık,Bisküvi,Marka-C,False
2025-05-04,M02,U009,0,0,133.04,True,Atıştırmalık,Bisküvi,Marka-C,False
2025-05-05,M02,U009,0,0,133.04,True,Atıştırmalık,Bisküvi,Marka-C,False
2025-05-06,M02,U009,0,0,133.04,True,Atıştırmalık,Bisküvi,Marka-C,False
2025-01-01,M02,U010,21,152,186.29,False,Atıştırmalık,Bisküvi,Marka-D,False
2025-01-02,M02,U010,20,132,186.29,False,Atıştırmalık,Bisküvi,Marka-D,False
2025-01-03,M02,U010,22,110,186.29,False,Atıştırmalık,Bisküvi,Marka-D,False
2025-01-04,M02,U010,33,77,186.29,False,Atıştırmalık,Bisküvi,Marka-D,False
2025-01-05,M02,U010,36,41,158.35,False,Atıştırmalık,Bisküvi,Marka-D,True
2025-01-06,M02,U010,19,22,186.29,False,Atıştırmalık,Bisküvi,Marka-D,False
2025-01-07,M02,U010,19,162,186.29,False,Atıştırmalık,Bisküvi,Marka-D,False
2025-01-08,M02,U010,28,134,149.03,False,Atıştırmalık,Bisküvi,Marka-D,True
2025-01-09,M02,U010,21,113,186.29,False,Atıştırmalık,Bisküvi,Marka-D,False
2025-01-10,M02,U010,20,93,186.29,False,Atıştırmalık,Bisküvi,Marka-D,False
2025-01-11,M02,U010,28,65,186.29,False,Atıştırmalık,Bisküvi,Marka-D,False
2025-01-12,M02,U010,25,40,186.29,False,Atıştırmalık,Bisküvi,Marka-D,False
2025-01-13,M02,U010,23,157,186.29,False,Atıştırmalık,Bisküvi,Marka-D,False
2025-01-14,M02,U010,29,128,186.29,False,Atıştırmalık,Bisküvi,Marka-D,False
2025-01-15,M02,U010,26,102,186.29,False,Atıştırmalık,Bisküvi,Marka-D,False
2025-01-16,M02,U010,37,65,186.29,False,Atıştırmalık,Bisküvi,Marka-D,False
2025-01-17,M02,U010,22,43,186.29,False,Atıştırmalık,Bisküvi,Marka-D,False
2025-01-18,M02,U010,29,14,186.29,False,Atıştırmalık,Bisküvi,Marka-D,False
2025-01-19,M02,U010,22,138,186.29,False,Atıştırmalık,Bisküvi,Marka-D,False
2025-01-20,M02,U010,34,104,149.03,False,Atıştırmalık,Bisküvi,Marka-D,True
2025-01-21,M02,U010,22,82,186.29,False,Atıştırmalık,Bisküvi,Marka-D,False
2025-01-22,M02,U010,24,58,186.29,False,Atıştırmalık,Bisküvi,Marka-D,False
2025-01-23,M02,U010,26,32,186.29,False,Atıştırmalık,Bisküvi,Marka-D,False
2025-01-24,M02,U010,26,6,186.29,False,Atıştırmalık,Bisküvi,Marka-D,False
2025-01-25,M02,U010,31,152,186.29,False,Atıştırmalık,Bisküvi,Marka-D,False
2025-01-26,M02,U010,14,138,186.29,False,Atıştırmalık,Bisküvi,Marka-D,False
2025-01-27,M02,U010,25,113,186.29,False,Atıştırmalık,Bisküvi,Marka-D,False
2025-01-28,M02,U010,18,95,186.29,False,Atıştırmalık,Bisküvi,Marka-D,False
2025-01-29,M02,U010,27,68,186.29,False,Atıştırmalık,Bisküvi,Marka-D,False
2025-01-30,M02,U010,28,40,186.29,False,Atıştırmalık,Bisküvi,Marka-D,False
2025-01-31,M02,U010,35,131,186.29,False,Atıştırmalık,Bisküvi,Marka-D,False
2025-02-01,M02,U010,33,98,186.29,False,Atıştırmalık,Bisküvi,Marka-D,False
2025-02-02,M02,U010,28,70,186.29,False,Atıştırmalık,Bisküvi,Marka-D,False
2025-02-03,M02,U010,28,42,186.29,False,Atıştırmalık,Bisküvi,Marka-D,False
2025-02-04,M02,U010,27,15,186.29,False,Atıştırmalık,Bisküvi,Marka-D,False
2025-02-05,M02,U010,15,0,186.29,True,Atıştırmalık,Bisküvi,Marka-D,False
2025-02-06,M02,U010,20,150,186.29,False,Atıştırmalık,Bisküvi,Marka-D,False
2025-02-07,M02,U010,30,120,186.29,False,Atıştırmalık,Bisküvi,Marka-D,False
2025-02-08,M02,U010,33,87,186.29,False,Atıştırmalık,Bisküvi,Marka-D,False
2025-02-09,M02,U010,32,55,186.29,False,Atıştırmalık,Bisküvi,Marka-D,False
2025-02-10,M02,U010,22,33,186.29,False,Atıştırmalık,Bisküvi,Marka-D,False
2025-02-11,M02,U010,31,2,186.29,False,Atıştırmalık,Bisküvi,Marka-D,False
2025-02-12,M02,U010,29,127,158.35,False,Atıştırmalık,Bisküvi,Marka-D,True
2025-02-13,M02,U010,21,106,186.29,False,Atıştırmalık,Bisküvi,Marka-D,False
2025-02-14,M02,U010,25,81,186.29,False,Atıştırmalık,Bisküvi,Marka-D,False
2025-02-15,M02,U010,19,62,186.29,False,Atıştırmalık,Bisküvi,Marka-D,False
2025-02-16,M02,U010,31,31,186.29,False,Atıştırmalık,Bisküvi,Marka-D,False
2025-02-17,M02,U010,19,12,186.29,False,Atıştırmalık,Bisküvi,Marka-D,False
2025-02-18,M02,U010,13,147,186.29,False,Atıştırmalık,Bisküvi,Marka-D,False
2025-02-19,M02,U010,27,120,186.29,False,Atıştırmalık,Bisküvi,Marka-D,False
2025-02-20,M02,U010,17,103,186.29,False,Atıştırmalık,Bisküvi,Marka-D,False
2025-02-21,M02,U010,39,64,186.29,False,Atıştırmalık,Bisküvi,Marka-D,False
2025-02-22,M02,U010,31,33,186.29,False,Atıştırmalık,Bisküvi,Marka-D,False
2025-02-23,M02,U010,33,0,186.29,False,Atıştırmalık,Bisküvi,Marka-D,False
2025-02-24,M02,U010,23,147,186.29,False,Atıştırmalık,Bisküvi,Marka-D,False
2025-02-25,M02,U010,26,121,186.29,False,Atıştırmalık,Bisküvi,Marka-D,False
2025-02-26,M02,U010,25,96,186.29,False,Atıştırmalık,Bisküvi,Marka-D,False
2025-02-27,M02,U010,31,65,158.35,False,Atıştırmalık,Bisküvi,Marka-D,True
2025-02-28,M02,U010,23,42,186.29,False,Atıştırmalık,Bisküvi,Marka-D,False
2025-03-01,M02,U010,35,7,186.29,False,Atıştırmalık,Bisküvi,Marka-D,False
2025-03-02,M02,U010,7,0,186.29,True,Atıştırmalık,Bisküvi,Marka-D,False
2025-03-03,M02,U010,0,0,186.29,True,Atıştırmalık,Bisküvi,Marka-D,False
2025-03-04,M02,U010,0,0,186.29,True,Atıştırmalık,Bisküvi,Marka-D,False
2025-03-05,M02,U010,0,0,186.29,True,Atıştırmalık,Bisküvi,Marka-D,False
2025-03-06,M02,U010,0,0,186.29,True,Atıştırmalık,Bisküvi,Marka-D,False
2025-03-07,M02,U010,0,0,186.29,True,Atıştırmalık,Bisküvi,Marka-D,False
2025-03-08,M02,U010,32,126,186.29,False,Atıştırmalık,Bisküvi,Marka-D,False
2025-03-09,M02,U010,34,92,186.29,False,Atıştırmalık,Bisküvi,Marka-D,False
2025-03-10,M02,U010,24,68,186.29,False,Atıştırmalık,Bisküvi,Marka-D,False
2025-03-11,M02,U010,22,46,186.29,False,Atıştırmalık,Bisküvi,Marka-D,False
2025-03-12,M02,U010,23,23,186.29,False,Atıştırmalık,Bisküvi,Marka-D,False
2025-03-13,M02,U010,23,0,186.29,True,Atıştırmalık,Bisküvi,Marka-D,False
2025-03-14,M02,U010,31,144,186.29,False,Atıştırmalık,Bisküvi,Marka-D,False
2025-03-15,M02,U010,26,118,186.29,False,Atıştırmalık,Bisküvi,Marka-D,False
2025-03-16,M02,U010,31,87,186.29,False,Atıştırmalık,Bisküvi,Marka-D,False
2025-03-17,M02,U010,27,60,186.29,False,Atıştırmalık,Bisküvi,Marka-D,False
2025-03-18,M02,U010,22,38,186.29,False,Atıştırmalık,Bisküvi,Marka-D,False
2025-03-19,M02,U010,23,15,186.29,False,Atıştırmalık,Bisküvi,Marka-D,False
2025-03-20,M02,U010,42,108,167.66,False,Atıştırmalık,Bisküvi,Marka-D,True
2025-03-21,M02,U010,35,73,186.29,False,Atıştırmalık,Bisküvi,Marka-D,False
2025-03-22,M02,U010,30,43,186.29,False,Atıştırmalık,Bisküvi,Marka-D,False
2025-03-23,M02,U010,22,21,186.29,False,Atıştırmalık,Bisküvi,Marka-D,False
2025-03-24,M02,U010,17,4,186.29,False,Atıştırmalık,Bisküvi,Marka-D,False
2025-03-25,M02,U010,4,0,186.29,True,Atıştırmalık,Bisküvi,Marka-D,False
2025-03-26,M02,U010,0,0,186.29,True,Atıştırmalık,Bisküvi,Marka-D,False
2025-03-27,M02,U010,0,0,186.29,True,Atıştırmalık,Bisküvi,Marka-D,False
2025-03-28,M02,U010,0,0,186.29,True,Atıştırmalık,Bisküvi,Marka-D,False
2025-03-29,M02,U010,0,0,186.29,True,Atıştırmalık,Bisküvi,Marka-D,False
2025-03-30,M02,U010,0,0,186.29,True,Atıştırmalık,Bisküvi,Marka-D,False
2025-03-31,M02,U010,0,0,186.29,True,Atıştırmalık,Bisküvi,Marka-D,False
2025-04-01,M02,U010,24,141,186.29,False,Atıştırmalık,Bisküvi,Marka-D,False
2025-04-02,M02,U010,18,123,186.29,False,Atıştırmalık,Bisküvi,Marka-D,False
2025-04-03,M02,U010,32,91,186.29,False,Atıştırmalık,Bisküvi,Marka-D,False
2025-04-04,M02,U010,27,64,186.29,False,Atıştırmalık,Bisküvi,Marka-D,False
2025-04-05,M02,U010,28,36,186.29,False,Atıştırmalık,Bisküvi,Marka-D,False
2025-04-06,M02,U010,24,12,186.29,False,Atıştırmalık,Bisküvi,Marka-D,False
2025-04-07,M02,U010,22,150,186.29,False,Atıştırmalık,Bisküvi,Marka-D,False
2025-04-08,M02,U010,28,122,186.29,False,Atıştırmalık,Bisküvi,Marka-D,False
2025-04-09,M02,U010,20,102,186.29,False,Atıştırmalık,Bisküvi,Marka-D,False
2025-04-10,M02,U010,28,74,186.29,False,Atıştırmalık,Bisküvi,Marka-D,False
2025-04-11,M02,U010,28,46,186.29,False,Atıştırmalık,Bisküvi,Marka-D,False
2025-04-12,M02,U010,27,19,186.29,False,Atıştırmalık,Bisküvi,Marka-D,False
2025-04-13,M02,U010,21,155,186.29,False,Atıştırmalık,Bisküvi,Marka-D,False
2025-04-14,M02,U010,27,128,186.29,False,Atıştırmalık,Bisküvi,Marka-D,False
2025-04-15,M02,U010,20,108,186.29,False,Atıştırmalık,Bisküvi,Marka-D,False
2025-04-16,M02,U010,20,88,186.29,False,Atıştırmalık,Bisküvi,Marka-D,False
2025-04-17,M02,U010,21,67,186.29,False,Atıştırmalık,Bisküvi,Marka-D,False
2025-04-18,M02,U010,28,39,186.29,False,Atıştırmalık,Bisküvi,Marka-D,False
2025-04-19,M02,U010,31,135,186.29,False,Atıştırmalık,Bisküvi,Marka-D,False
2025-04-20,M02,U010,27,108,186.29,False,Atıştırmalık,Bisküvi,Marka-D,False
2025-04-21,M02,U010,25,83,186.29,False,Atıştırmalık,Bisküvi,Marka-D,False
2025-04-22,M02,U010,23,60,186.29,False,Atıştırmalık,Bisküvi,Marka-D,False
2025-04-23,M02,U010,27,33,186.29,False,Atıştırmalık,Bisküvi,Marka-D,False
2025-04-24,M02,U010,22,11,186.29,False,Atıştırmalık,Bisküvi,Marka-D,False
2025-04-25,M02,U010,11,0,186.29,True,Atıştırmalık,Bisküvi,Marka-D,False
2025-04-26,M02,U010,0,0,186.29,True,Atıştırmalık,Bisküvi,Marka-D,False
2025-04-27,M02,U010,0,0,186.29,True,Atıştırmalık,Bisküvi,Marka-D,False
2025-04-28,M02,U010,0,0,186.29,True,Atıştırmalık,Bisküvi,Marka-D,False
2025-04-29,M02,U010,0,0,186.29,True,Atıştırmalık,Bisküvi,Marka-D,False
2025-04-30,M02,U010,0,0,186.29,True,Atıştırmalık,Bisküvi,Marka-D,False
2025-05-01,M02,U010,27,155,186.29,False,Atıştırmalık,Bisküvi,Marka-D,False
2025-05-02,M02,U010,29,126,186.29,False,Atıştırmalık,Bisküvi,Marka-D,False
2025-05-03,M02,U010,31,95,186.29,False,Atıştırmalık,Bisküvi,Marka-D,False
2025-05-04,M02,U010,52,43,167.66,False,Atıştırmalık,Bisküvi,Marka-D,True
2025-05-05,M02,U010,27,16,186.29,False,Atıştırmalık,Bisküvi,Marka-D,False
2025-05-06,M02,U010,16,0,186.29,True,Atıştırmalık,Bisküvi,Marka-D,False
2025-01-01,M02,U011,19,69,172.73,False,Atıştırmalık,Çikolata,Marka-E,False
2025-01-02,M02,U011,6,63,172.73,False,Atıştırmalık,Çikolata,Marka-E,False
2025-01-03,M02,U011,19,44,172.73,False,Atıştırmalık,Çikolata,Marka-E,False
2025-01-04,M02,U011,18,26,172.73,False,Atıştırmalık,Çikolata,Marka-E,False
2025-01-05,M02,U011,19,7,172.73,False,Atıştırmalık,Çikolata,Marka-E,False
2025-01-06,M02,U011,7,0,172.73,True,Atıştırmalık,Çikolata,Marka-E,False
2025-01-07,M02,U011,11,89,172.73,False,Atıştırmalık,Çikolata,Marka-E,False
2025-01-08,M02,U011,20,69,172.73,False,Atıştırmalık,Çikolata,Marka-E,False
2025-01-09,M02,U011,20,49,172.73,False,Atıştırmalık,Çikolata,Marka-E,False
2025-01-10,M02,U011,14,35,172.73,False,Atıştırmalık,Çikolata,Marka-E,False
2025-01-11,M02,U011,22,13,172.73,False,Atıştırmalık,Çikolata,Marka-E,False
2025-01-12,M02,U011,13,0,172.73,True,Atıştırmalık,Çikolata,Marka-E,False
2025-01-13,M02,U011,14,79,172.73,False,Atıştırmalık,Çikolata,Marka-E,False
2025-01-14,M02,U011,10,69,172.73,False,Atıştırmalık,Çikolata,Marka-E,False
2025-01-15,M02,U011,17,52,172.73,False,Atıştırmalık,Çikolata,Marka-E,False
2025-01-16,M02,U011,24,28,146.82,False,Atıştırmalık,Çikolata,Marka-E,True
2025-01-17,M02,U011,25,3,146.82,False,Atıştırmalık,Çikolata,Marka-E,True
2025-01-18,M02,U011,3,0,172.73,True,Atıştırmalık,Çikolata,Marka-E,False
2025-01-19,M02,U011,0,0,172.73,True,Atıştırmalık,Çikolata,Marka-E,False
2025-01-20,M02,U011,0,0,172.73,True,Atıştırmalık,Çikolata,Marka-E,False
2025-01-21,M02,U011,0,0,172.73,True,Atıştırmalık,Çikolata,Marka-E,False
2025-01-22,M02,U011,0,0,172.73,True,Atıştırmalık,Çikolata,Marka-E,False
2025-01-23,M02,U011,0,0,172.73,True,Atıştırmalık,Çikolata,Marka-E,False
2025-01-24,M02,U011,0,0,172.73,True,Atıştırmalık,Çikolata,Marka-E,False
2025-01-25,M02,U011,18,84,172.73,False,Atıştırmalık,Çikolata,Marka-E,False
2025-01-26,M02,U011,12,72,172.73,False,Atıştırmalık,Çikolata,Marka-E,False
2025-01-27,M02,U011,10,62,172.73,False,Atıştırmalık,Çikolata,Marka-E,False
2025-01-28,M02,U011,13,49,172.73,False,Atıştırmalık,Çikolata,Marka-E,False
2025-01-29,M02,U011,24,25,155.46,False,Atıştırmalık,Çikolata,Marka-E,True
2025-01-30,M02,U011,21,4,172.73,False,Atıştırmalık,Çikolata,Marka-E,False
2025-01-31,M02,U011,14,89,172.73,False,Atıştırmalık,Çikolata,Marka-E,False
2025-02-01,M02,U011,30,59,172.73,False,Atıştırmalık,Çikolata,Marka-E,False
2025-02-02,M02,U011,18,41,172.73,False,Atıştırmalık,Çikolata,Marka-E,False
2025-02-03,M02,U011,25,16,172.73,False,Atıştırmalık,Çikolata,Marka-E,False
2025-02-04,M02,U011,16,0,172.73,True,Atıştırmalık,Çikolata,Marka-E,False
2025-02-05,M02,U011,0,0,172.73,True,Atıştırmalık,Çikolata,Marka-E,False
2025-02-06,M02,U011,15,79,172.73,False,Atıştırmalık,Çikolata,Marka-E,False
2025-02-07,M02,U011,19,60,172.73,False,Atıştırmalık,Çikolata,Marka-E,False
2025-02-08,M02,U011,19,41,172.73,False,Atıştırmalık,Çikolata,Marka-E,False
2025-02-09,M02,U011,21,20,172.73,False,Atıştırmalık,Çikolata,Marka-E,False
2025-02-10,M02,U011,14,6,172.73,False,Atıştırmalık,Çikolata,Marka-E,False
2025-02-11,M02,U011,6,0,172.73,True,Atıştırmalık,Çikolata,Marka-E,False
2025-02-12,M02,U011,19,73,172.73,False,Atıştırmalık,Çikolata,Marka-E,False
2025-02-13,M02,U011,19,54,172.73,False,Atıştırmalık,Çikolata,Marka-E,False
2025-02-14,M02,U011,18,36,172.73,False,Atıştırmalık,Çikolata,Marka-E,False
2025-02-15,M02,U011,13,23,172.73,False,Atıştırmalık,Çikolata,Marka-E,False
2025-02-16,M02,U011,15,8,172.73,False,Atıştırmalık,Çikolata,Marka-E,False
2025-02-17,M02,U011,8,0,172.73,True,Atıştırmalık,Çikolata,Marka-E,False
2025-02-18,M02,U011,21,71,172.73,False,Atıştırmalık,Çikolata,Marka-E,False
2025-02-19,M02,U011,23,48,172.73,False,Atıştırmalık,Çikolata,Marka-E,False
2025-02-20,M02,U011,18,30,172.73,False,Atıştırmalık,Çikolata,Marka-E,False
2025-02-21,M02,U011,25,5,172.73,False,Atıştırmalık,Çikolata,Marka-E,False
2025-02-22,M02,U011,5,0,172.73,True,Atıştırmalık,Çikolata,Marka-E,False
2025-02-23,M02,U011,0,0,172.73,True,Atıştırmalık,Çikolata,Marka-E,False
2025-02-24,M02,U011,0,0,172.73,True,Atıştırmalık,Çikolata,Marka-E,False
2025-02-25,M02,U011,0,0,172.73,True,Atıştırmalık,Çikolata,Marka-E,False
2025-02-26,M02,U011,0,0,172.73,True,Atıştırmalık,Çikolata,Marka-E,False
2025-02-27,M02,U011,0,0,172.73,True,Atıştırmalık,Çikolata,Marka-E,False
2025-02-28,M02,U011,0,0,172.73,True,Atıştırmalık,Çikolata,Marka-E,False
2025-03-01,M02,U011,0,0,146.82,True,Atıştırmalık,Çikolata,Marka-E,True
2025-03-02,M02,U011,15,85,172.73,False,Atıştırmalık,Çikolata,Marka-E,False
2025-03-03,M02,U011,22,63,172.73,False,Atıştırmalık,Çikolata,Marka-E,False
2025-03-04,M02,U011,16,47,172.73,False,Atıştırmalık,Çikolata,Marka-E,False
2025-03-05,M02,U011,29,18,172.73,False,Atıştırmalık,Çikolata,Marka-E,False
2025-03-06,M02,U011,16,2,172.73,False,Atıştırmalık,Çikolata,Marka-E,False
2025-03-07,M02,U011,2,0,172.73,True,Atıştırmalık,Çikolata,Marka-E,False
2025-03-08,M02,U011,0,0,172.73,True,Atıştırmalık,Çikolata,Marka-E,False
2025-03-09,M02,U011,0,0,172.73,True,Atıştırmalık,Çikolata,Marka-E,False
2025-03-10,M02,U011,0,0,172.73,True,Atıştırmalık,Çikolata,Marka-E,False
2025-03-11,M02,U011,0,0,172.73,True,Atıştırmalık,Çikolata,Marka-E,False
2025-03-12,M02,U011,0,0,172.73,True,Atıştırmalık,Çikolata,Marka-E,False
2025-03-13,M02,U011,0,0,172.73,True,Atıştırmalık,Çikolata,Marka-E,False
2025-03-14,M02,U011,0,0,172.73,True,Atıştırmalık,Çikolata,Marka-E,False
2025-03-15,M02,U011,0,0,172.73,True,Atıştırmalık,Çikolata,Marka-E,False
2025-03-16,M02,U011,0,0,172.73,True,Atıştırmalık,Çikolata,Marka-E,False
2025-03-17,M02,U011,0,0,172.73,True,Atıştırmalık,Çikolata,Marka-E,False
2025-03-18,M02,U011,0,0,172.73,True,Atıştırmalık,Çikolata,Marka-E,False
2025-03-19,M02,U011,0,0,172.73,True,Atıştırmalık,Çikolata,Marka-E,False
2025-03-20,M02,U011,28,68,172.73,False,Atıştırmalık,Çikolata,Marka-E,False
2025-03-21,M02,U011,25,43,172.73,False,Atıştırmalık,Çikolata,Marka-E,False
2025-03-22,M02,U011,26,17,172.73,False,Atıştırmalık,Çikolata,Marka-E,False
2025-03-23,M02,U011,17,0,172.73,True,Atıştırmalık,Çikolata,Marka-E,False
2025-03-24,M02,U011,0,0,172.73,True,Atıştırmalık,Çikolata,Marka-E,False
2025-03-25,M02,U011,0,0,172.73,True,Atıştırmalık,Çikolata,Marka-E,False
2025-03-26,M02,U011,13,79,172.73,False,Atıştırmalık,Çikolata,Marka-E,False
2025-03-27,M02,U011,17,62,172.73,False,Atıştırmalık,Çikolata,Marka-E,False
2025-03-28,M02,U011,21,41,172.73,False,Atıştırmalık,Çikolata,Marka-E,False
2025-03-29,M02,U011,12,29,172.73,False,Atıştırmalık,Çikolata,Marka-E,False
2025-03-30,M02,U011,18,11,172.73,False,Atıştırmalık,Çikolata,Marka-E,False
2025-03-31,M02,U011,11,0,172.73,True,Atıştırmalık,Çikolata,Marka-E,False
2025-04-01,M02,U011,14,80,172.73,False,Atıştırmalık,Çikolata,Marka-E,False
2025-04-02,M02,U011,18,62,172.73,False,Atıştırmalık,Çikolata,Marka-E,False
2025-04-03,M02,U011,22,40,138.18,False,Atıştırmalık,Çikolata,Marka-E,True
2025-04-04,M02,U011,19,21,172.73,False,Atıştırmalık,Çikolata,Marka-E,False
2025-04-05,M02,U011,19,2,172.73,False,Atıştırmalık,Çikolata,Marka-E,False
2025-04-06,M02,U011,2,0,172.73,True,Atıştırmalık,Çikolata,Marka-E,False
2025-04-07,M02,U011,21,73,138.18,False,Atıştırmalık,Çikolata,Marka-E,True
2025-04-08,M02,U011,20,53,172.73,False,Atıştırmalık,Çikolata,Marka-E,False
2025-04-09,M02,U011,21,32,172.73,False,Atıştırmalık,Çikolata,Marka-E,False
2025-04-10,M02,U011,31,1,146.82,False,Atıştırmalık,Çikolata,Marka-E,True
2025-04-11,M02,U011,1,0,172.73,True,Atıştırmalık,Çikolata,Marka-E,False
2025-04-12,M02,U011,0,0,172.73,True,Atıştırmalık,Çikolata,Marka-E,False
2025-04-13,M02,U011,19,82,172.73,False,Atıştırmalık,Çikolata,Marka-E,False
2025-04-14,M02,U011,20,62,172.73,False,Atıştırmalık,Çikolata,Marka-E,False
2025-04-15,M02,U011,15,47,172.73,False,Atıştırmalık,Çikolata,Marka-E,False
2025-04-16,M02,U011,11,36,172.73,False,Atıştırmalık,Çikolata,Marka-E,False
2025-04-17,M02,U011,15,21,172.73,False,Atıştırmalık,Çikolata,Marka-E,False
2025-04-18,M02,U011,20,1,155.46,False,Atıştırmalık,Çikolata,Marka-E,True
2025-04-19,M02,U011,20,71,172.73,False,Atıştırmalık,Çikolata,Marka-E,False
2025-04-20,M02,U011,21,50,155.46,False,Atıştırmalık,Çikolata,Marka-E,True
2025-04-21,M02,U011,20,30,172.73,False,Atıştırmalık,Çikolata,Marka-E,False
2025-04-22,M02,U011,19,11,172.73,False,Atıştırmalık,Çikolata,Marka-E,False
2025-04-23,M02,U011,11,0,172.73,True,Atıştırmalık,Çikolata,Marka-E,False
2025-04-24,M02,U011,0,0,172.73,True,Atıştırmalık,Çikolata,Marka-E,False
2025-04-25,M02,U011,18,68,172.73,False,Atıştırmalık,Çikolata,Marka-E,False
2025-04-26,M02,U011,15,53,172.73,False,Atıştırmalık,Çikolata,Marka-E,False
2025-04-27,M02,U011,24,29,172.73,False,Atıştırmalık,Çikolata,Marka-E,False
2025-04-28,M02,U011,18,11,172.73,False,Atıştırmalık,Çikolata,Marka-E,False
2025-04-29,M02,U011,11,0,172.73,True,Atıştırmalık,Çikolata,Marka-E,False
2025-04-30,M02,U011,0,0,172.73,True,Atıştırmalık,Çikolata,Marka-E,False
2025-05-01,M02,U011,14,76,172.73,False,Atıştırmalık,Çikolata,Marka-E,False
2025-05-02,M02,U011,26,50,172.73,False,Atıştırmalık,Çikolata,Marka-E,False
2025-05-03,M02,U011,24,26,172.73,False,Atıştırmalık,Çikolata,Marka-E,False
2025-05-04,M02,U011,24,2,172.73,False,Atıştırmalık,Çikolata,Marka-E,False
2025-05-05,M02,U011,2,0,172.73,True,Atıştırmalık,Çikolata,Marka-E,False
2025-05-06,M02,U011,0,0,172.73,True,Atıştırmalık,Çikolata,Marka-E,False
2025-01-01,M02,U012,31,152,214.19,False,Atıştırmalık,Çikolata,Marka-F,False
2025-01-02,M02,U012,26,126,214.19,False,Atıştırmalık,Çikolata,Marka-F,False
2025-01-03,M02,U012,44,82,192.77,False,Atıştırmalık,Çikolata,Marka-F,True
2025-01-04,M02,U012,41,41,214.19,False,Atıştırmalık,Çikolata,Marka-F,False
2025-01-05,M02,U012,31,10,214.19,False,Atıştırmalık,Çikolata,Marka-F,False
2025-01-06,M02,U012,23,174,214.19,False,Atıştırmalık,Çikolata,Marka-F,False
2025-01-07,M02,U012,20,154,214.19,False,Atıştırmalık,Çikolata,Marka-F,False
2025-01-08,M02,U012,33,121,214.19,False,Atıştırmalık,Çikolata,Marka-F,False
2025-01-09,M02,U012,27,94,214.19,False,Atıştırmalık,Çikolata,Marka-F,False
2025-01-10,M02,U012,44,50,192.77,False,Atıştırmalık,Çikolata,Marka-F,True
2025-01-11,M02,U012,30,162,214.19,False,Atıştırmalık,Çikolata,Marka-F,False
2025-01-12,M02,U012,34,128,214.19,False,Atıştırmalık,Çikolata,Marka-F,False
2025-01-13,M02,U012,29,99,214.19,False,Atıştırmalık,Çikolata,Marka-F,False
2025-01-14,M02,U012,26,73,214.19,False,Atıştırmalık,Çikolata,Marka-F,False
2025-01-15,M02,U012,32,41,214.19,False,Atıştırmalık,Çikolata,Marka-F,False
2025-01-16,M02,U012,20,155,214.19,False,Atıştırmalık,Çikolata,Marka-F,False
2025-01-17,M02,U012,34,121,214.19,False,Atıştırmalık,Çikolata,Marka-F,False
2025-01-18,M02,U012,34,87,214.19,False,Atıştırmalık,Çikolata,Marka-F,False
2025-01-19,M02,U012,25,62,214.19,False,Atıştırmalık,Çikolata,Marka-F,False
2025-01-20,M02,U012,36,26,214.19,False,Atıştırmalık,Çikolata,Marka-F,False
2025-01-21,M02,U012,36,151,214.19,False,Atıştırmalık,Çikolata,Marka-F,False
2025-01-22,M02,U012,28,123,214.19,False,Atıştırmalık,Çikolata,Marka-F,False
2025-01-23,M02,U012,52,71,192.77,False,Atıştırmalık,Çikolata,Marka-F,True
2025-01-24,M02,U012,24,47,214.19,False,Atıştırmalık,Çikolata,Marka-F,False
2025-01-25,M02,U012,38,9,214.19,False,Atıştırmalık,Çikolata,Marka-F,False
2025-01-26,M02,U012,45,129,214.19,False,Atıştırmalık,Çikolata,Marka-F,False
2025-01-27,M02,U012,25,104,214.19,False,Atıştırmalık,Çikolata,Marka-F,False
2025-01-28,M02,U012,38,66,214.19,False,Atıştırmalık,Çikolata,Marka-F,False
2025-01-29,M02,U012,30,36,214.19,False,Atıştırmalık,Çikolata,Marka-F,False
2025-01-30,M02,U012,31,5,214.19,False,Atıştırmalık,Çikolata,Marka-F,False
2025-01-31,M02,U012,43,134,214.19,False,Atıştırmalık,Çikolata,Marka-F,False
2025-02-01,M02,U012,29,105,214.19,False,Atıştırmalık,Çikolata,Marka-F,False
2025-02-02,M02,U012,23,82,214.19,False,Atıştırmalık,Çikolata,Marka-F,False
2025-02-03,M02,U012,41,41,171.35,False,Atıştırmalık,Çikolata,Marka-F,True
2025-02-04,M02,U012,38,3,214.19,False,Atıştırmalık,Çikolata,Marka-F,False
2025-02-05,M02,U012,34,171,214.19,False,Atıştırmalık,Çikolata,Marka-F,False
2025-02-06,M02,U012,31,140,214.19,False,Atıştırmalık,Çikolata,Marka-F,False
2025-02-07,M02,U012,30,110,214.19,False,Atıştırmalık,Çikolata,Marka-F,False
2025-02-08,M02,U012,39,71,214.19,False,Atıştırmalık,Çikolata,Marka-F,False
2025-02-09,M02,U012,53,18,182.06,False,Atıştırmalık,Çikolata,Marka-F,True
2025-02-10,M02,U012,30,159,214.19,False,Atıştırmalık,Çikolata,Marka-F,False
2025-02-11,M02,U012,30,129,214.19,False,Atıştırmalık,Çikolata,Marka-F,False
2025-02-12,M02,U012,32,97,214.19,False,Atıştırmalık,Çikolata,Marka-F,False
2025-02-13,M02,U012,34,63,214.19,False,Atıştırmalık,Çikolata,Marka-F,False
2025-02-14,M02,U012,42,21,214.19,False,Atıştırmalık,Çikolata,Marka-F,False
2025-02-15,M02,U012,49,132,214.19,False,Atıştırmalık,Çikolata,Marka-F,False
2025-02-16,M02,U012,33,99,214.19,False,Atıştırmalık,Çikolata,Marka-F,False
2025-02-17,M02,U012,30,69,214.19,False,Atıştırmalık,Çikolata,Marka-F,False
2025-02-18,M02,U012,27,42,214.19,False,Atıştırmalık,Çikolata,Marka-F,False
2025-02-19,M02,U012,23,19,214.19,False,Atıştırmalık,Çikolata,Marka-F,False
2025-02-20,M02,U012,30,152,214.19,False,Atıştırmalık,Çikolata,Marka-F,False
2025-02-21,M02,U012,29,123,214.19,False,Atıştırmalık,Çikolata,Marka-F,False
2025-02-22,M02,U012,43,80,214.19,False,Atıştırmalık,Çikolata,Marka-F,False
2025-02-23,M02,U012,28,52,214.19,False,Atıştırmalık,Çikolata,Marka-F,False
2025-02-24,M02,U012,21,31,214.19,False,Atıştırmalık,Çikolata,Marka-F,False
2025-02-25,M02,U012,26,5,214.19,False,Atıştırmalık,Çikolata,Marka-F,False
2025-02-26,M02,U012,5,0,214.19,True,Atıştırmalık,Çikolata,Marka-F,False
2025-02-27,M02,U012,0,0,214.19,True,Atıştırmalık,Çikolata,Marka-F,False
2025-02-28,M02,U012,0,0,214.19,True,Atıştırmalık,Çikolata,Marka-F,False
2025-03-01,M02,U012,0,0,214.19,True,Atıştırmalık,Çikolata,Marka-F,False
2025-03-02,M02,U012,34,161,214.19,False,Atıştırmalık,Çikolata,Marka-F,False
2025-03-03,M02,U012,31,130,214.19,False,Atıştırmalık,Çikolata,Marka-F,False
2025-03-04,M02,U012,34,96,214.19,False,Atıştırmalık,Çikolata,Marka-F,False
2025-03-05,M02,U012,28,68,214.19,False,Atıştırmalık,Çikolata,Marka-F,False
2025-03-06,M02,U012,34,34,214.19,False,Atıştırmalık,Çikolata,Marka-F,False
2025-03-07,M02,U012,40,148,214.19,False,Atıştırmalık,Çikolata,Marka-F,False
2025-03-08,M02,U012,44,104,214.19,False,Atıştırmalık,Çikolata,Marka-F,False
2025-03-09,M02,U012,40,64,214.19,False,Atıştırmalık,Çikolata,Marka-F,False
2025-03-10,M02,U012,26,38,214.19,False,Atıştırmalık,Çikolata,Marka-F,False
2025-03-11,M02,U012,29,9,214.19,False,Atıştırmalık,Çikolata,Marka-F,False
2025-03-12,M02,U012,9,0,192.77,True,Atıştırmalık,Çikolata,Marka-F,True
2025-03-13,M02,U012,0,0,214.19,True,Atıştırmalık,Çikolata,Marka-F,False
2025-03-14,M02,U012,0,0,214.19,True,Atıştırmalık,Çikolata,Marka-F,False
2025-03-15,M02,U012,0,0,214.19,True,Atıştırmalık,Çikolata,Marka-F,False
2025-03-16,M02,U012,0,0,214.19,True,Atıştırmalık,Çikolata,Marka-F,False
2025-03-17,M02,U012,40,148,214.19,False,Atıştırmalık,Çikolata,Marka-F,False
2025-03-18,M02,U012,29,119,214.19,False,Atıştırmalık,Çikolata,Marka-F,False
2025-03-19,M02,U012,29,90,214.19,False,Atıştırmalık,Çikolata,Marka-F,False
2025-03-20,M02,U012,33,57,214.19,False,Atıştırmalık,Çikolata,Marka-F,False
2025-03-21,M02,U012,42,15,214.19,False,Atıştırmalık,Çikolata,Marka-F,False
2025-03-22,M02,U012,40,142,214.19,False,Atıştırmalık,Çikolata,Marka-F,False
2025-03-23,M02,U012,44,98,214.19,False,Atıştırmalık,Çikolata,Marka-F,False
2025-03-24,M02,U012,33,65,214.19,False,Atıştırmalık,Çikolata,Marka-F,False
2025-03-25,M02,U012,36,29,214.19,False,Atıştırmalık,Çikolata,Marka-F,False
2025-03-26,M02,U012,26,3,214.19,False,Atıştırmalık,Çikolata,Marka-F,False
2025-03-27,M02,U012,31,162,214.19,False,Atıştırmalık,Çikolata,Marka-F,False
2025-03-28,M02,U012,28,134,214.19,False,Atıştırmalık,Çikolata,Marka-F,False
2025-03-29,M02,U012,44,90,214.19,False,Atıştırmalık,Çikolata,Marka-F,False
2025-03-30,M02,U012,59,31,171.35,False,Atıştırmalık,Çikolata,Marka-F,True
2025-03-31,M02,U012,30,1,214.19,False,Atıştırmalık,Çikolata,Marka-F,False
2025-04-01,M02,U012,38,143,214.19,False,Atıştırmalık,Çikolata,Marka-F,False
2025-04-02,M02,U012,44,99,214.19,False,Atıştırmalık,Çikolata,Marka-F,False
2025-04-03,M02,U012,27,72,214.19,False,Atıştırmalık,Çikolata,Marka-F,False
2025-04-04,M02,U012,48,24,214.19,False,Atıştırmalık,Çikolata,Marka-F,False
2025-04-05,M02,U012,24,0,182.06,True,Atıştırmalık,Çikolata,Marka-F,True
2025-04-06,M02,U012,0,0,214.19,True,Atıştırmalık,Çikolata,Marka-F,False
2025-04-07,M02,U012,0,0,192.77,True,Atıştırmalık,Çikolata,Marka-F,True
2025-04-08,M02,U012,0,0,214.19,True,Atıştırmalık,Çikolata,Marka-F,False
2025-04-09,M02,U012,0,0,214.19,True,Atıştırmalık,Çikolata,Marka-F,False
2025-04-10,M02,U012,0,0,214.19,True,Atıştırmalık,Çikolata,Marka-F,False
2025-04-11,M02,U012,35,139,214.19,False,Atıştırmalık,Çikolata,Marka-F,False
2025-04-12,M02,U012,52,87,214.19,False,Atıştırmalık,Çikolata,Marka-F,False
2025-04-13,M02,U012,38,49,214.19,False,Atıştırmalık,Çikolata,Marka-F,False
2025-04-14,M02,U012,32,17,214.19,False,Atıştırmalık,Çikolata,Marka-F,False
2025-04-15,M02,U012,17,0,214.19,True,Atıştırmalık,Çikolata,Marka-F,False
2025-04-16,M02,U012,24,176,214.19,False,Atıştırmalık,Çikolata,Marka-F,False
2025-04-17,M02,U012,29,147,214.19,False,Atıştırmalık,Çikolata,Marka-F,False
2025-04-18,M02,U012,46,101,214.19,False,Atıştırmalık,Çikolata,Marka-F,False
2025-04-19,M02,U012,54,47,214.19,False,Atıştırmalık,Çikolata,Marka-F,False
2025-04-20,M02,U012,47,0,171.35,True,Atıştırmalık,Çikolata,Marka-F,True
2025-04-21,M02,U012,0,0,214.19,True,Atıştırmalık,Çikolata,Marka-F,False
2025-04-22,M02,U012,0,0,214.19,True,Atıştırmalık,Çikolata,Marka-F,False
2025-04-23,M02,U012,0,0,214.19,True,Atıştırmalık,Çikolata,Marka-F,False
2025-04-24,M02,U012,0,0,214.19,True,Atıştırmalık,Çikolata,Marka-F,False
2025-04-25,M02,U012,0,0,214.19,True,Atıştırmalık,Çikolata,Marka-F,False
2025-04-26,M02,U012,39,149,214.19,False,Atıştırmalık,Çikolata,Marka-F,False
2025-04-27,M02,U012,40,109,214.19,False,Atıştırmalık,Çikolata,Marka-F,False
2025-04-28,M02,U012,27,82,214.19,False,Atıştırmalık,Çikolata,Marka-F,False
2025-04-29,M02,U012,27,55,214.19,False,Atıştırmalık,Çikolata,Marka-F,False
2025-04-30,M02,U012,41,14,214.19,False,Atıştırmalık,Çikolata,Marka-F,False
2025-05-01,M02,U012,36,154,214.19,False,Atıştırmalık,Çikolata,Marka-F,False
2025-05-02,M02,U012,33,121,214.19,False,Atıştırmalık,Çikolata,Marka-F,False
2025-05-03,M02,U012,45,76,214.19,False,Atıştırmalık,Çikolata,Marka-F,False
2025-05-04,M02,U012,26,50,214.19,False,Atıştırmalık,Çikolata,Marka-F,False
2025-05-05,M02,U012,34,16,214.19,False,Atıştırmalık,Çikolata,Marka-F,False
2025-05-06,M02,U012,42,146,214.19,False,Atıştırmalık,Çikolata,Marka-F,False
2025-01-01,M02,U013,11,71,176.68,False,Süt Ürünleri,Süt,Marka-A,False
2025-01-02,M02,U013,15,56,176.68,False,Süt Ürünleri,Süt,Marka-A,False
2025-01-03,M02,U013,21,35,176.68,False,Süt Ürünleri,Süt,Marka-A,False
2025-01-04,M02,U013,17,18,176.68,False,Süt Ürünleri,Süt,Marka-A,False
2025-01-05,M02,U013,8,82,176.68,False,Süt Ürünleri,Süt,Marka-A,False
2025-01-06,M02,U013,5,77,176.68,False,Süt Ürünleri,Süt,Marka-A,False
2025-01-07,M02,U013,11,66,176.68,False,Süt Ürünleri,Süt,Marka-A,False
2025-01-08,M02,U013,4,62,176.68,False,Süt Ürünleri,Süt,Marka-A,False
2025-01-09,M02,U013,13,69,176.68,False,Süt Ürünleri,Süt,Marka-A,False
2025-01-10,M02,U013,11,58,176.68,False,Süt Ürünleri,Süt,Marka-A,False
2025-01-11,M02,U013,10,48,176.68,False,Süt Ürünleri,Süt,Marka-A,False
2025-01-12,M02,U013,17,31,176.68,False,Süt Ürünleri,Süt,Marka-A,False
2025-01-13,M02,U013,11,78,176.68,False,Süt Ürünleri,Süt,Marka-A,False
2025-01-14,M02,U013,10,68,176.68,False,Süt Ürünleri,Süt,Marka-A,False
2025-01-15,M02,U013,13,55,159.01,False,Süt Ürünleri,Süt,Marka-A,True
2025-01-16,M02,U013,22,33,141.34,False,Süt Ürünleri,Süt,Marka-A,True
2025-01-17,M02,U013,19,69,176.68,False,Süt Ürünleri,Süt,Marka-A,False
2025-01-18,M02,U013,11,58,176.68,False,Süt Ürünleri,Süt,Marka-A,False
2025-01-19,M02,U013,20,38,176.68,False,Süt Ürünleri,Süt,Marka-A,False
2025-01-20,M02,U013,9,29,176.68,False,Süt Ürünleri,Süt,Marka-A,False
2025-01-21,M02,U013,10,79,176.68,False,Süt Ürünleri,Süt,Marka-A,False
2025-01-22,M02,U013,12,67,176.68,False,Süt Ürünleri,Süt,Marka-A,False
2025-01-23,M02,U013,14,53,176.68,False,Süt Ürünleri,Süt,Marka-A,False
2025-01-24,M02,U013,12,41,176.68,False,Süt Ürünleri,Süt,Marka-A,False
2025-01-25,M02,U013,21,63,159.01,False,Süt Ürünleri,Süt,Marka-A,True
2025-01-26,M02,U013,17,46,176.68,False,Süt Ürünleri,Süt,Marka-A,False
2025-01-27,M02,U013,11,35,176.68,False,Süt Ürünleri,Süt,Marka-A,False
2025-01-28,M02,U013,10,25,176.68,False,Süt Ürünleri,Süt,Marka-A,False
2025-01-29,M02,U013,14,73,159.01,False,Süt Ürünleri,Süt,Marka-A,True
2025-01-30,M02,U013,7,66,176.68,False,Süt Ürünleri,Süt,Marka-A,False
2025-01-31,M02,U013,14,52,176.68,False,Süt Ürünleri,Süt,Marka-A,False
2025-02-01,M02,U013,23,29,141.34,False,Süt Ürünleri,Süt,Marka-A,True
2025-02-02,M02,U013,14,65,176.68,False,Süt Ürünleri,Süt,Marka-A,False
2025-02-03,M02,U013,14,51,176.68,False,Süt Ürünleri,Süt,Marka-A,False
2025-02-04,M02,U013,11,40,176.68,False,Süt Ürünleri,Süt,Marka-A,False
2025-02-05,M02,U013,13,27,176.68,False,Süt Ürünleri,Süt,Marka-A,False
2025-02-06,M02,U013,13,68,176.68,False,Süt Ürünleri,Süt,Marka-A,False
2025-02-07,M02,U013,14,54,176.68,False,Süt Ürünleri,Süt,Marka-A,False
2025-02-08,M02,U013,9,45,176.68,False,Süt Ürünleri,Süt,Marka-A,False
2025-02-09,M02,U013,15,30,176.68,False,Süt Ürünleri,Süt,Marka-A,False
2025-02-10,M02,U013,7,75,176.68,False,Süt Ürünleri,Süt,Marka-A,False
2025-02-11,M02,U013,11,64,176.68,False,Süt Ürünleri,Süt,Marka-A,False
2025-02-12,M02,U013,16,48,176.68,False,Süt Ürünleri,Süt,Marka-A,False
2025-02-13,M02,U013,9,39,176.68,False,Süt Ürünleri,Süt,Marka-A,False
2025-02-14,M02,U013,10,80,176.68,False,Süt Ürünleri,Süt,Marka-A,False
2025-02-15,M02,U013,19,61,176.68,False,Süt Ürünleri,Süt,Marka-A,False
2025-02-16,M02,U013,17,44,176.68,False,Süt Ürünleri,Süt,Marka-A,False
2025-02-17,M02,U013,15,29,176.68,False,Süt Ürünleri,Süt,Marka-A,False
2025-02-18,M02,U013,10,76,176.68,False,Süt Ürünleri,Süt,Marka-A,False
2025-02-19,M02,U013,14,62,176.68,False,Süt Ürünleri,Süt,Marka-A,False
2025-02-20,M02,U013,13,49,176.68,False,Süt Ürünleri,Süt,Marka-A,False
2025-02-21,M02,U013,11,38,176.68,False,Süt Ürünleri,Süt,Marka-A,False
2025-02-22,M02,U013,14,80,176.68,False,Süt Ürünleri,Süt,Marka-A,False
2025-02-23,M02,U013,14,66,176.68,False,Süt Ürünleri,Süt,Marka-A,False
2025-02-24,M02,U013,7,59,176.68,False,Süt Ürünleri,Süt,Marka-A,False
2025-02-25,M02,U013,14,45,176.68,False,Süt Ürünleri,Süt,Marka-A,False
2025-02-26,M02,U013,14,66,176.68,False,Süt Ürünleri,Süt,Marka-A,False
2025-02-27,M02,U013,11,55,176.68,False,Süt Ürünleri,Süt,Marka-A,False
2025-02-28,M02,U013,11,44,176.68,False,Süt Ürünleri,Süt,Marka-A,False
2025-03-01,M02,U013,16,28,176.68,False,Süt Ürünleri,Süt,Marka-A,False
2025-03-02,M02,U013,14,71,176.68,False,Süt Ürünleri,Süt,Marka-A,False
2025-03-03,M02,U013,14,57,159.01,False,Süt Ürünleri,Süt,Marka-A,True
2025-03-04,M02,U013,13,44,176.68,False,Süt Ürünleri,Süt,Marka-A,False
2025-03-05,M02,U013,21,23,159.01,False,Süt Ürünleri,Süt,Marka-A,True
2025-03-06,M02,U013,11,68,176.68,False,Süt Ürünleri,Süt,Marka-A,False
2025-03-07,M02,U013,8,60,176.68,False,Süt Ürünleri,Süt,Marka-A,False
2025-03-08,M02,U013,13,47,176.68,False,Süt Ürünleri,Süt,Marka-A,False
2025-03-09,M02,U013,12,35,176.68,False,Süt Ürünleri,Süt,Marka-A,False
2025-03-10,M02,U013,7,28,176.68,False,Süt Ürünleri,Süt,Marka-A,False
2025-03-11,M02,U013,9,19,176.68,False,Süt Ürünleri,Süt,Marka-A,False
2025-03-12,M02,U013,11,8,176.68,False,Süt Ürünleri,Süt,Marka-A,False
2025-03-13,M02,U013,8,0,176.68,True,Süt Ürünleri,Süt,Marka-A,False
2025-03-14,M02,U013,11,80,176.68,False,Süt Ürünleri,Süt,Marka-A,False
2025-03-15,M02,U013,21,59,176.68,False,Süt Ürünleri,Süt,Marka-A,False
2025-03-16,M02,U013,13,46,176.68,False,Süt Ürünleri,Süt,Marka-A,False
2025-03-17,M02,U013,15,31,176.68,False,Süt Ürünleri,Süt,Marka-A,False
2025-03-18,M02,U013,13,79,176.68,False,Süt Ürünleri,Süt,Marka-A,False
2025-03-19,M02,U013,12,67,176.68,False,Süt Ürünleri,Süt,Marka-A,False
2025-03-20,M02,U013,10,57,176.68,False,Süt Ürünleri,Süt,Marka-A,False
2025-03-21,M02,U013,14,43,176.68,False,Süt Ürünleri,Süt,Marka-A,False
2025-03-22,M02,U013,13,72,176.68,False,Süt Ürünleri,Süt,Marka-A,False
2025-03-23,M02,U013,11,61,176.68,False,Süt Ürünleri,Süt,Marka-A,False
2025-03-24,M02,U013,14,47,176.68,False,Süt Ürünleri,Süt,Marka-A,False
2025-03-25,M02,U013,12,35,176.68,False,Süt Ürünleri,Süt,Marka-A,False
2025-03-26,M02,U013,14,74,176.68,False,Süt Ürünleri,Süt,Marka-A,False
2025-03-27,M02,U013,13,61,176.68,False,Süt Ürünleri,Süt,Marka-A,False
2025-03-28,M02,U013,21,40,176.68,False,Süt Ürünleri,Süt,Marka-A,False
2025-03-29,M02,U013,18,22,176.68,False,Süt Ürünleri,Süt,Marka-A,False
2025-03-30,M02,U013,12,74,176.68,False,Süt Ürünleri,Süt,Marka-A,False
2025-03-31,M02,U013,15,59,176.68,False,Süt Ürünleri,Süt,Marka-A,False
2025-04-01,M02,U013,15,44,176.68,False,Süt Ürünleri,Süt,Marka-A,False
2025-04-02,M02,U013,13,31,176.68,False,Süt Ürünleri,Süt,Marka-A,False
2025-04-03,M02,U013,10,79,176.68,False,Süt Ürünleri,Süt,Marka-A,False
2025-04-04,M02,U013,15,64,176.68,False,Süt Ürünleri,Süt,Marka-A,False
2025-04-05,M02,U013,7,57,176.68,False,Süt Ürünleri,Süt,Marka-A,False
2025-04-06,M02,U013,9,48,176.68,False,Süt Ürünleri,Süt,Marka-A,False
2025-04-07,M02,U013,20,72,176.68,False,Süt Ürünleri,Süt,Marka-A,False
2025-04-08,M02,U013,9,63,176.68,False,Süt Ürünleri,Süt,Marka-A,False
2025-04-09,M02,U013,15,48,176.68,False,Süt Ürünleri,Süt,Marka-A,False
2025-04-10,M02,U013,8,40,176.68,False,Süt Ürünleri,Süt,Marka-A,False
2025-04-11,M02,U013,13,66,176.68,False,Süt Ürünleri,Süt,Marka-A,False
2025-04-12,M02,U013,15,51,176.68,False,Süt Ürünleri,Süt,Marka-A,False
2025-04-13,M02,U013,21,30,141.34,False,Süt Ürünleri,Süt,Marka-A,True
2025-04-14,M02,U013,9,21,176.68,False,Süt Ürünleri,Süt,Marka-A,False
2025-04-15,M02,U013,20,62,176.68,False,Süt Ürünleri,Süt,Marka-A,False
2025-04-16,M02,U013,10,52,176.68,False,Süt Ürünleri,Süt,Marka-A,False
2025-04-17,M02,U013,19,33,159.01,False,Süt Ürünleri,Süt,Marka-A,True
2025-04-18,M02,U013,14,19,176.68,False,Süt Ürünleri,Süt,Marka-A,False
2025-04-19,M02,U013,16,65,176.68,False,Süt Ürünleri,Süt,Marka-A,False
2025-04-20,M02,U013,16,49,176.68,False,Süt Ürünleri,Süt,Marka-A,False
2025-04-21,M02,U013,9,40,176.68,False,Süt Ürünleri,Süt,Marka-A,False
2025-04-22,M02,U013,11,29,176.68,False,Süt Ürünleri,Süt,Marka-A,False
2025-04-23,M02,U013,11,80,176.68,False,Süt Ürünleri,Süt,Marka-A,False
2025-04-24,M02,U013,15,65,176.68,False,Süt Ürünleri,Süt,Marka-A,False
2025-04-25,M02,U013,24,41,141.34,False,Süt Ürünleri,Süt,Marka-A,True
2025-04-26,M02,U013,17,24,176.68,False,Süt Ürünleri,Süt,Marka-A,False
2025-04-27,M02,U013,15,66,176.68,False,Süt Ürünleri,Süt,Marka-A,False
2025-04-28,M02,U013,21,45,176.68,False,Süt Ürünleri,Süt,Marka-A,False
2025-04-29,M02,U013,14,31,176.68,False,Süt Ürünleri,Süt,Marka-A,False
2025-04-30,M02,U013,16,15,176.68,False,Süt Ürünleri,Süt,Marka-A,False
2025-05-01,M02,U013,16,75,176.68,False,Süt Ürünleri,Süt,Marka-A,False
2025-05-02,M02,U013,13,62,176.68,False,Süt Ürünleri,Süt,Marka-A,False
2025-05-03,M02,U013,16,46,176.68,False,Süt Ürünleri,Süt,Marka-A,False
2025-05-04,M02,U013,29,17,150.18,False,Süt Ürünleri,Süt,Marka-A,True
2025-05-05,M02,U013,15,65,159.01,False,Süt Ürünleri,Süt,Marka-A,True
2025-05-06,M02,U013,13,52,176.68,False,Süt Ürünleri,Süt,Marka-A,False
2025-01-01,M02,U014,12,26,115.91,False,Süt Ürünleri,Süt,Marka-B,False
2025-01-02,M02,U014,7,19,115.91,False,Süt Ürünleri,Süt,Marka-B,False
2025-01-03,M02,U014,8,11,98.52,False,Süt Ürünleri,Süt,Marka-B,True
2025-01-04,M02,U014,9,2,115.91,False,Süt Ürünleri,Süt,Marka-B,False
2025-01-05,M02,U014,7,32,115.91,False,Süt Ürünleri,Süt,Marka-B,False
2025-01-06,M02,U014,7,25,115.91,False,Süt Ürünleri,Süt,Marka-B,False
2025-01-07,M02,U014,9,16,115.91,False,Süt Ürünleri,Süt,Marka-B,False
2025-01-08,M02,U014,10,6,115.91,False,Süt Ürünleri,Süt,Marka-B,False
2025-01-09,M02,U014,10,33,115.91,False,Süt Ürünleri,Süt,Marka-B,False
2025-01-10,M02,U014,4,29,115.91,False,Süt Ürünleri,Süt,Marka-B,False
2025-01-11,M02,U014,10,19,115.91,False,Süt Ürünleri,Süt,Marka-B,False
2025-01-12,M02,U014,10,9,115.91,False,Süt Ürünleri,Süt,Marka-B,False
2025-01-13,M02,U014,7,34,115.91,False,Süt Ürünleri,Süt,Marka-B,False
2025-01-14,M02,U014,3,31,115.91,False,Süt Ürünleri,Süt,Marka-B,False
2025-01-15,M02,U014,4,27,115.91,False,Süt Ürünleri,Süt,Marka-B,False
2025-01-16,M02,U014,11,16,115.91,False,Süt Ürünleri,Süt,Marka-B,False
2025-01-17,M02,U014,7,30,115.91,False,Süt Ürünleri,Süt,Marka-B,False
2025-01-18,M02,U014,9,21,115.91,False,Süt Ürünleri,Süt,Marka-B,False
2025-01-19,M02,U014,11,10,115.91,False,Süt Ürünleri,Süt,Marka-B,False
2025-01-20,M02,U014,7,3,115.91,False,Süt Ürünleri,Süt,Marka-B,False
2025-01-21,M02,U014,1,42,115.91,False,Süt Ürünleri,Süt,Marka-B,False
2025-01-22,M02,U014,18,24,92.73,False,Süt Ürünleri,Süt,Marka-B,True
2025-01-23,M02,U014,12,12,115.91,False,Süt Ürünleri,Süt,Marka-B,False
2025-01-24,M02,U014,5,7,115.91,False,Süt Ürünleri,Süt,Marka-B,False
2025-01-25,M02,U014,11,30,115.91,False,Süt Ürünleri,Süt,Marka-B,False
2025-01-26,M02,U014,7,23,115.91,False,Süt Ürünleri,Süt,Marka-B,False
2025-01-27,M02,U014,7,16,115.91,False,Süt Ürünleri,Süt,Marka-B,False
2025-01-28,M02,U014,5,11,115.91,False,Süt Ürünleri,Süt,Marka-B,False
2025-01-29,M02,U014,4,38,115.91,False,Süt Ürünleri,Süt,Marka-B,False
2025-01-30,M02,U014,13,25,104.32,False,Süt Ürünleri,Süt,Marka-B,True
2025-01-31,M02,U014,9,16,115.91,False,Süt Ürünleri,Süt,Marka-B,False
2025-02-01,M02,U014,11,5,115.91,False,Süt Ürünleri,Süt,Marka-B,False
2025-02-02,M02,U014,10,29,115.91,False,Süt Ürünleri,Süt,Marka-B,False
2025-02-03,M02,U014,6,23,115.91,False,Süt Ürünleri,Süt,Marka-B,False
2025-02-04,M02,U014,6,17,115.91,False,Süt Ürünleri,Süt,Marka-B,False
2025-02-05,M02,U014,10,7,115.91,False,Süt Ürünleri,Süt,Marka-B,False
2025-02-06,M02,U014,4,32,115.91,False,Süt Ürünleri,Süt,Marka-B,False
2025-02-07,M02,U014,7,25,115.91,False,Süt Ürünleri,Süt,Marka-B,False
2025-02-08,M02,U014,14,11,98.52,False,Süt Ürünleri,Süt,Marka-B,True
2025-02-09,M02,U014,8,3,115.91,False,Süt Ürünleri,Süt,Marka-B,False
2025-02-10,M02,U014,7,33,115.91,False,Süt Ürünleri,Süt,Marka-B,False
2025-02-11,M02,U014,7,26,115.91,False,Süt Ürünleri,Süt,Marka-B,False
2025-02-12,M02,U014,8,18,115.91,False,Süt Ürünleri,Süt,Marka-B,False
2025-02-13,M02,U014,16,2,115.91,False,Süt Ürünleri,Süt,Marka-B,False
2025-02-14,M02,U014,11,31,115.91,False,Süt Ürünleri,Süt,Marka-B,False
2025-02-15,M02,U014,14,17,115.91,False,Süt Ürünleri,Süt,Marka-B,False
2025-02-16,M02,U014,11,6,115.91,False,Süt Ürünleri,Süt,Marka-B,False
2025-02-17,M02,U014,3,3,115.91,False,Süt Ürünleri,Süt,Marka-B,False
2025-02-18,M02,U014,3,0,115.91,True,Süt Ürünleri,Süt,Marka-B,False
2025-02-19,M02,U014,0,0,115.91,True,Süt Ürünleri,Süt,Marka-B,False
2025-02-20,M02,U014,0,0,115.91,True,Süt Ürünleri,Süt,Marka-B,False
2025-02-21,M02,U014,0,0,115.91,True,Süt Ürünleri,Süt,Marka-B,False
2025-02-22,M02,U014,11,30,115.91,False,Süt Ürünleri,Süt,Marka-B,False
2025-02-23,M02,U014,9,21,115.91,False,Süt Ürünleri,Süt,Marka-B,False
2025-02-24,M02,U014,6,15,115.91,False,Süt Ürünleri,Süt,Marka-B,False
2025-02-25,M02,U014,10,5,98.52,False,Süt Ürünleri,Süt,Marka-B,True
2025-02-26,M02,U014,5,35,115.91,False,Süt Ürünleri,Süt,Marka-B,False
2025-02-27,M02,U014,7,28,115.91,False,Süt Ürünleri,Süt,Marka-B,False
2025-02-28,M02,U014,11,17,115.91,False,Süt Ürünleri,Süt,Marka-B,False
2025-03-01,M02,U014,12,5,115.91,False,Süt Ürünleri,Süt,Marka-B,False
2025-03-02,M02,U014,12,30,115.91,False,Süt Ürünleri,Süt,Marka-B,False
2025-03-03,M02,U014,8,22,115.91,False,Süt Ürünleri,Süt,Marka-B,False
2025-03-04,M02,U014,5,17,115.91,False,Süt Ürünleri,Süt,Marka-B,False
2025-03-05,M02,U014,8,9,115.91,False,Süt Ürünleri,Süt,Marka-B,False
2025-03-06,M02,U014,8,30,115.91,False,Süt Ürünleri,Süt,Marka-B,False
2025-03-07,M02,U014,8,22,115.91,False,Süt Ürünleri,Süt,Marka-B,False
2025-03-08,M02,U014,8,14,115.91,False,Süt Ürünleri,Süt,Marka-B,False
2025-03-09,M02,U014,8,6,115.91,False,Süt Ürünleri,Süt,Marka-B,False
2025-03-10,M02,U014,11,30,104.32,False,Süt Ürünleri,Süt,Marka-B,True
2025-03-11,M02,U014,5,25,115.91,False,Süt Ürünleri,Süt,Marka-B,False
2025-03-12,M02,U014,4,21,115.91,False,Süt Ürünleri,Süt,Marka-B,False
2025-03-13,M02,U014,11,10,115.91,False,Süt Ürünleri,Süt,Marka-B,False
2025-03-14,M02,U014,9,1,115.91,False,Süt Ürünleri,Süt,Marka-B,False
2025-03-15,M02,U014,1,0,115.91,True,Süt Ürünleri,Süt,Marka-B,False
2025-03-16,M02,U014,0,0,92.73,True,Süt Ürünleri,Süt,Marka-B,True
2025-03-17,M02,U014,0,0,115.91,True,Süt Ürünleri,Süt,Marka-B,False
2025-03-18,M02,U014,6,38,115.91,False,Süt Ürünleri,Süt,Marka-B,False
2025-03-19,M02,U014,5,33,115.91,False,Süt Ürünleri,Süt,Marka-B,False
2025-03-20,M02,U014,13,20,104.32,False,Süt Ürünleri,Süt,Marka-B,True
2025-03-21,M02,U014,15,5,98.52,False,Süt Ürünleri,Süt,Marka-B,True
2025-03-22,M02,U014,16,24,104.32,False,Süt Ürünleri,Süt,Marka-B,True
2025-03-23,M02,U014,11,13,115.91,False,Süt Ürünleri,Süt,Marka-B,False
2025-03-24,M02,U014,7,6,115.91,False,Süt Ürünleri,Süt,Marka-B,False
2025-03-25,M02,U014,6,0,115.91,True,Süt Ürünleri,Süt,Marka-B,False
2025-03-26,M02,U014,10,30,115.91,False,Süt Ürünleri,Süt,Marka-B,False
2025-03-27,M02,U014,13,17,115.91,False,Süt Ürünleri,Süt,Marka-B,False
2025-03-28,M02,U014,13,4,115.91,False,Süt Ürünleri,Süt,Marka-B,False
2025-03-29,M02,U014,4,0,115.91,True,Süt Ürünleri,Süt,Marka-B,False
2025-03-30,M02,U014,9,31,115.91,False,Süt Ürünleri,Süt,Marka-B,False
2025-03-31,M02,U014,6,25,115.91,False,Süt Ürünleri,Süt,Marka-B,False
2025-04-01,M02,U014,10,15,115.91,False,Süt Ürünleri,Süt,Marka-B,False
2025-04-02,M02,U014,4,11,115.91,False,Süt Ürünleri,Süt,Marka-B,False
2025-04-03,M02,U014,5,32,115.91,False,Süt Ürünleri,Süt,Marka-B,False
2025-04-04,M02,U014,10,22,115.91,False,Süt Ürünleri,Süt,Marka-B,False
2025-04-05,M02,U014,14,8,104.32,False,Süt Ürünleri,Süt,Marka-B,True
2025-04-06,M02,U014,8,0,115.91,True,Süt Ürünleri,Süt,Marka-B,False
2025-04-07,M02,U014,12,27,115.91,False,Süt Ürünleri,Süt,Marka-B,False
2025-04-08,M02,U014,6,21,115.91,False,Süt Ürünleri,Süt,Marka-B,False
2025-04-09,M02,U014,7,14,115.91,False,Süt Ürünleri,Süt,Marka-B,False
2025-04-10,M02,U014,8,6,115.91,False,Süt Ürünleri,Süt,Marka-B,False
2025-04-11,M02,U014,12,32,104.32,False,Süt Ürünleri,Süt,Marka-B,True
2025-04-12,M02,U014,15,17,92.73,False,Süt Ürünleri,Süt,Marka-B,True
2025-04-13,M02,U014,8,9,115.91,False,Süt Ürünleri,Süt,Marka-B,False
2025-04-14,M02,U014,9,0,115.91,True,Süt Ürünleri,Süt,Marka-B,False
2025-04-15,M02,U014,7,33,115.91,False,Süt Ürünleri,Süt,Marka-B,False
2025-04-16,M02,U014,7,26,115.91,False,Süt Ürünleri,Süt,Marka-B,False
2025-04-17,M02,U014,5,21,115.91,False,Süt Ürünleri,Süt,Marka-B,False
2025-04-18,M02,U014,14,7,115.91,False,Süt Ürünleri,Süt,Marka-B,False
2025-04-19,M02,U014,10,33,115.91,False,Süt Ürünleri,Süt,Marka-B,False
2025-04-20,M02,U014,13,20,115.91,False,Süt Ürünleri,Süt,Marka-B,False
2025-04-21,M02,U014,15,5,92.73,False,Süt Ürünleri,Süt,Marka-B,True
2025-04-22,M02,U014,5,0,115.91,True,Süt Ürünleri,Süt,Marka-B,False
2025-04-23,M02,U014,13,29,115.91,False,Süt Ürünleri,Süt,Marka-B,False
2025-04-24,M02,U014,12,17,115.91,False,Süt Ürünleri,Süt,Marka-B,False
2025-04-25,M02,U014,13,4,115.91,False,Süt Ürünleri,Süt,Marka-B,False
2025-04-26,M02,U014,4,0,115.91,True,Süt Ürünleri,Süt,Marka-B,False
2025-04-27,M02,U014,13,29,115.91,False,Süt Ürünleri,Süt,Marka-B,False
2025-04-28,M02,U014,4,25,115.91,False,Süt Ürünleri,Süt,Marka-B,False
2025-04-29,M02,U014,10,15,115.91,False,Süt Ürünleri,Süt,Marka-B,False
2025-04-30,M02,U014,6,9,115.91,False,Süt Ürünleri,Süt,Marka-B,False
2025-05-01,M02,U014,5,35,115.91,False,Süt Ürünleri,Süt,Marka-B,False
2025-05-02,M02,U014,11,24,115.91,False,Süt Ürünleri,Süt,Marka-B,False
2025-05-03,M02,U014,13,11,115.91,False,Süt Ürünleri,Süt,Marka-B,False
2025-05-04,M02,U014,11,0,115.91,True,Süt Ürünleri,Süt,Marka-B,False
2025-05-05,M02,U014,9,28,115.91,False,Süt Ürünleri,Süt,Marka-B,False
2025-05-06,M02,U014,5,23,115.91,False,Süt Ürünleri,Süt,Marka-B,False
2025-01-01,M02,U015,22,56,54.99,False,Süt Ürünleri,Yoğurt,Marka-C,False
2025-01-02,M02,U015,23,33,54.99,False,Süt Ürünleri,Yoğurt,Marka-C,False
2025-01-03,M02,U015,33,0,46.74,True,Süt Ürünleri,Yoğurt,Marka-C,True
2025-01-04,M02,U015,0,0,54.99,True,Süt Ürünleri,Yoğurt,Marka-C,False
2025-01-05,M02,U015,24,148,54.99,False,Süt Ürünleri,Yoğurt,Marka-C,False
2025-01-06,M02,U015,21,127,54.99,False,Süt Ürünleri,Yoğurt,Marka-C,False
2025-01-07,M02,U015,17,110,54.99,False,Süt Ürünleri,Yoğurt,Marka-C,False
2025-01-08,M02,U015,18,92,54.99,False,Süt Ürünleri,Yoğurt,Marka-C,False
2025-01-09,M02,U015,26,151,54.99,False,Süt Ürünleri,Yoğurt,Marka-C,False
2025-01-10,M02,U015,27,124,54.99,False,Süt Ürünleri,Yoğurt,Marka-C,False
2025-01-11,M02,U015,58,66,46.74,False,Süt Ürünleri,Yoğurt,Marka-C,True
2025-01-12,M02,U015,34,32,54.99,False,Süt Ürünleri,Yoğurt,Marka-C,False
2025-01-13,M02,U015,29,119,43.99,False,Süt Ürünleri,Yoğurt,Marka-C,True
2025-01-14,M02,U015,23,96,54.99,False,Süt Ürünleri,Yoğurt,Marka-C,False
2025-01-15,M02,U015,28,68,54.99,False,Süt Ürünleri,Yoğurt,Marka-C,False
2025-01-16,M02,U015,26,42,54.99,False,Süt Ürünleri,Yoğurt,Marka-C,False
2025-01-17,M02,U015,25,152,54.99,False,Süt Ürünleri,Yoğurt,Marka-C,False
2025-01-18,M02,U015,39,113,54.99,False,Süt Ürünleri,Yoğurt,Marka-C,False
2025-01-19,M02,U015,48,65,46.74,False,Süt Ürünleri,Yoğurt,Marka-C,True
2025-01-20,M02,U015,19,46,54.99,False,Süt Ürünleri,Yoğurt,Marka-C,False
2025-01-21,M02,U015,11,158,54.99,False,Süt Ürünleri,Yoğurt,Marka-C,False
2025-01-22,M02,U015,32,126,54.99,False,Süt Ürünleri,Yoğurt,Marka-C,False
2025-01-23,M02,U015,27,99,54.99,False,Süt Ürünleri,Yoğurt,Marka-C,False
2025-01-24,M02,U015,20,79,54.99,False,Süt Ürünleri,Yoğurt,Marka-C,False
2025-01-25,M02,U015,36,118,54.99,False,Süt Ürünleri,Yoğurt,Marka-C,False
2025-01-26,M02,U015,38,80,54.99,False,Süt Ürünleri,Yoğurt,Marka-C,False
2025-01-27,M02,U015,17,63,54.99,False,Süt Ürünleri,Yoğurt,Marka-C,False
2025-01-28,M02,U015,40,23,46.74,False,Süt Ürünleri,Yoğurt,Marka-C,True
2025-01-29,M02,U015,23,153,54.99,False,Süt Ürünleri,Yoğurt,Marka-C,False
2025-01-30,M02,U015,27,126,54.99,False,Süt Ürünleri,Yoğurt,Marka-C,False
2025-01-31,M02,U015,30,96,54.99,False,Süt Ürünleri,Yoğurt,Marka-C,False
2025-02-01,M02,U015,28,68,54.99,False,Süt Ürünleri,Yoğurt,Marka-C,False
2025-02-02,M02,U015,31,135,54.99,False,Süt Ürünleri,Yoğurt,Marka-C,False
2025-02-03,M02,U015,27,108,46.74,False,Süt Ürünleri,Yoğurt,Marka-C,True
2025-02-04,M02,U015,28,80,54.99,False,Süt Ürünleri,Yoğurt,Marka-C,False
2025-02-05,M02,U015,18,62,54.99,False,Süt Ürünleri,Yoğurt,Marka-C,False
2025-02-06,M02,U015,23,39,54.99,False,Süt Ürünleri,Yoğurt,Marka-C,False
2025-02-07,M02,U015,23,16,54.99,False,Süt Ürünleri,Yoğurt,Marka-C,False
2025-02-08,M02,U015,16,0,54.99,True,Süt Ürünleri,Yoğurt,Marka-C,False
2025-02-09,M02,U015,0,0,54.99,True,Süt Ürünleri,Yoğurt,Marka-C,False
2025-02-10,M02,U015,35,121,43.99,False,Süt Ürünleri,Yoğurt,Marka-C,True
2025-02-11,M02,U015,26,95,54.99,False,Süt Ürünleri,Yoğurt,Marka-C,False
2025-02-12,M02,U015,25,70,54.99,False,Süt Ürünleri,Yoğurt,Marka-C,False
2025-02-13,M02,U015,27,43,54.99,False,Süt Ürünleri,Yoğurt,Marka-C,False
2025-02-14,M02,U015,48,100,43.99,False,Süt Ürünleri,Yoğurt,Marka-C,True
2025-02-15,M02,U015,44,56,46.74,False,Süt Ürünleri,Yoğurt,Marka-C,True
2025-02-16,M02,U015,45,11,49.49,False,Süt Ürünleri,Yoğurt,Marka-C,True
2025-02-17,M02,U015,11,0,54.99,True,Süt Ürünleri,Yoğurt,Marka-C,False
2025-02-18,M02,U015,38,120,49.49,False,Süt Ürünleri,Yoğurt,Marka-C,True
2025-02-19,M02,U015,23,97,54.99,False,Süt Ürünleri,Yoğurt,Marka-C,False
2025-02-20,M02,U015,25,72,54.99,False,Süt Ürünleri,Yoğurt,Marka-C,False
2025-02-21,M02,U015,21,51,54.99,False,Süt Ürünleri,Yoğurt,Marka-C,False
2025-02-22,M02,U015,32,144,54.99,False,Süt Ürünleri,Yoğurt,Marka-C,False
2025-02-23,M02,U015,25,119,54.99,False,Süt Ürünleri,Yoğurt,Marka-C,False
2025-02-24,M02,U015,30,89,54.99,False,Süt Ürünleri,Yoğurt,Marka-C,False
2025-02-25,M02,U015,28,61,54.99,False,Süt Ürünleri,Yoğurt,Marka-C,False
2025-02-26,M02,U015,27,149,49.49,False,Süt Ürünleri,Yoğurt,Marka-C,True
2025-02-27,M02,U015,18,131,54.99,False,Süt Ürünleri,Yoğurt,Marka-C,False
2025-02-28,M02,U015,36,95,54.99,False,Süt Ürünleri,Yoğurt,Marka-C,False
2025-03-01,M02,U015,33,62,54.99,False,Süt Ürünleri,Yoğurt,Marka-C,False
2025-03-02,M02,U015,29,135,54.99,False,Süt Ürünleri,Yoğurt,Marka-C,False
2025-03-03,M02,U015,49,86,49.49,False,Süt Ürünleri,Yoğurt,Marka-C,True
2025-03-04,M02,U015,29,57,54.99,False,Süt Ürünleri,Yoğurt,Marka-C,False
2025-03-05,M02,U015,25,32,54.99,False,Süt Ürünleri,Yoğurt,Marka-C,False
2025-03-06,M02,U015,26,147,54.99,False,Süt Ürünleri,Yoğurt,Marka-C,False
2025-03-07,M02,U015,33,114,54.99,False,Süt Ürünleri,Yoğurt,Marka-C,False
2025-03-08,M02,U015,25,89,54.99,False,Süt Ürünleri,Yoğurt,Marka-C,False
2025-03-09,M02,U015,28,61,54.99,False,Süt Ürünleri,Yoğurt,Marka-C,False
2025-03-10,M02,U015,20,152,54.99,False,Süt Ürünleri,Yoğurt,Marka-C,False
2025-03-11,M02,U015,28,124,54.99,False,Süt Ürünleri,Yoğurt,Marka-C,False
2025-03-12,M02,U015,36,88,54.99,False,Süt Ürünleri,Yoğurt,Marka-C,False
2025-03-13,M02,U015,33,55,54.99,False,Süt Ürünleri,Yoğurt,Marka-C,False
2025-03-14,M02,U015,35,124,54.99,False,Süt Ürünleri,Yoğurt,Marka-C,False
2025-03-15,M02,U015,26,98,54.99,False,Süt Ürünleri,Yoğurt,Marka-C,False
2025-03-16,M02,U015,29,69,54.99,False,Süt Ürünleri,Yoğurt,Marka-C,False
2025-03-17,M02,U015,28,41,54.99,False,Süt Ürünleri,Yoğurt,Marka-C,False
2025-03-18,M02,U015,29,118,54.99,False,Süt Ürünleri,Yoğurt,Marka-C,False
2025-03-19,M02,U015,45,73,46.74,False,Süt Ürünleri,Yoğurt,Marka-C,True
2025-03-20,M02,U015,27,46,54.99,False,Süt Ürünleri,Yoğurt,Marka-C,False
2025-03-21,M02,U015,23,23,54.99,False,Süt Ürünleri,Yoğurt,Marka-C,False
2025-03-22,M02,U015,27,135,54.99,False,Süt Ürünleri,Yoğurt,Marka-C,False
2025-03-23,M02,U015,26,109,54.99,False,Süt Ürünleri,Yoğurt,Marka-C,False
2025-03-24,M02,U015,14,95,54.99,False,Süt Ürünleri,Yoğurt,Marka-C,False
2025-03-25,M02,U015,21,74,54.99,False,Süt Ürünleri,Yoğurt,Marka-C,False
2025-03-26,M02,U015,26,134,54.99,False,Süt Ürünleri,Yoğurt,Marka-C,False
2025-03-27,M02,U015,31,103,54.99,False,Süt Ürünleri,Yoğurt,Marka-C,False
2025-03-28,M02,U015,24,79,54.99,False,Süt Ürünleri,Yoğurt,Marka-C,False
2025-03-29,M02,U015,40,39,54.99,False,Süt Ürünleri,Yoğurt,Marka-C,False
2025-03-30,M02,U015,36,113,54.99,False,Süt Ürünleri,Yoğurt,Marka-C,False
2025-03-31,M02,U015,28,85,54.99,False,Süt Ürünleri,Yoğurt,Marka-C,False
2025-04-01,M02,U015,27,58,54.99,False,Süt Ürünleri,Yoğurt,Marka-C,False
2025-04-02,M02,U015,25,33,54.99,False,Süt Ürünleri,Yoğurt,Marka-C,False
2025-04-03,M02,U015,28,141,54.99,False,Süt Ürünleri,Yoğurt,Marka-C,False
2025-04-04,M02,U015,29,112,54.99,False,Süt Ürünleri,Yoğurt,Marka-C,False
2025-04-05,M02,U015,26,86,54.99,False,Süt Ürünleri,Yoğurt,Marka-C,False
2025-04-06,M02,U015,25,61,54.99,False,Süt Ürünleri,Yoğurt,Marka-C,False
2025-04-07,M02,U015,38,122,46.74,False,Süt Ürünleri,Yoğurt,Marka-C,True
2025-04-08,M02,U015,36,86,49.49,False,Süt Ürünleri,Yoğurt,Marka-C,True
2025-04-09,M02,U015,22,64,54.99,False,Süt Ürünleri,Yoğurt,Marka-C,False
2025-04-10,M02,U015,23,41,54.99,False,Süt Ürünleri,Yoğurt,Marka-C,False
2025-04-11,M02,U015,46,116,46.74,False,Süt Ürünleri,Yoğurt,Marka-C,True
2025-04-12,M02,U015,39,77,54.99,False,Süt Ürünleri,Yoğurt,Marka-C,False
2025-04-13,M02,U015,30,47,54.99,False,Süt Ürünleri,Yoğurt,Marka-C,False
2025-04-14,M02,U015,29,18,54.99,False,Süt Ürünleri,Yoğurt,Marka-C,False
2025-04-15,M02,U015,24,125,54.99,False,Süt Ürünleri,Yoğurt,Marka-C,False
2025-04-16,M02,U015,39,86,49.49,False,Süt Ürünleri,Yoğurt,Marka-C,True
2025-04-17,M02,U015,51,35,43.99,False,Süt Ürünleri,Yoğurt,Marka-C,True
2025-04-18,M02,U015,24,11,54.99,False,Süt Ürünleri,Yoğurt,Marka-C,False
2025-04-19,M02,U015,30,123,54.99,False,Süt Ürünleri,Yoğurt,Marka-C,False
2025-04-20,M02,U015,23,100,54.99,False,Süt Ürünleri,Yoğurt,Marka-C,False
2025-04-21,M02,U015,21,79,54.99,False,Süt Ürünleri,Yoğurt,Marka-C,False
2025-04-22,M02,U015,26,53,54.99,False,Süt Ürünleri,Yoğurt,Marka-C,False
2025-04-23,M02,U015,28,146,54.99,False,Süt Ürünleri,Yoğurt,Marka-C,False
2025-04-24,M02,U015,20,126,54.99,False,Süt Ürünleri,Yoğurt,Marka-C,False
2025-04-25,M02,U015,30,96,54.99,False,Süt Ürünleri,Yoğurt,Marka-C,False
2025-04-26,M02,U015,39,57,54.99,False,Süt Ürünleri,Yoğurt,Marka-C,False
2025-04-27,M02,U015,28,132,54.99,False,Süt Ürünleri,Yoğurt,Marka-C,False
2025-04-28,M02,U015,27,105,54.99,False,Süt Ürünleri,Yoğurt,Marka-C,False
2025-04-29,M02,U015,41,64,43.99,False,Süt Ürünleri,Yoğurt,Marka-C,True
2025-04-30,M02,U015,23,41,54.99,False,Süt Ürünleri,Yoğurt,Marka-C,False
2025-05-01,M02,U015,31,10,54.99,False,Süt Ürünleri,Yoğurt,Marka-C,False
2025-05-02,M02,U015,10,0,54.99,True,Süt Ürünleri,Yoğurt,Marka-C,False
2025-05-03,M02,U015,0,0,54.99,True,Süt Ürünleri,Yoğurt,Marka-C,False
2025-05-04,M02,U015,0,0,49.49,True,Süt Ürünleri,Yoğurt,Marka-C,True
2025-05-05,M02,U015,25,123,54.99,False,Süt Ürünleri,Yoğurt,Marka-C,False
2025-05-06,M02,U015,32,91,49.49,False,Süt Ürünleri,Yoğurt,Marka-C,True
2025-01-01,M02,U016,23,177,170.13,False,Süt Ürünleri,Yoğurt,Marka-D,False
2025-01-02,M02,U016,27,150,170.13,False,Süt Ürünleri,Yoğurt,Marka-D,False
2025-01-03,M02,U016,34,116,170.13,False,Süt Ürünleri,Yoğurt,Marka-D,False
2025-01-04,M02,U016,66,50,144.61,False,Süt Ürünleri,Yoğurt,Marka-D,True
2025-01-05,M02,U016,40,10,170.13,False,Süt Ürünleri,Yoğurt,Marka-D,False
2025-01-06,M02,U016,37,154,144.61,False,Süt Ürünleri,Yoğurt,Marka-D,True
2025-01-07,M02,U016,43,111,170.13,False,Süt Ürünleri,Yoğurt,Marka-D,False
2025-01-08,M02,U016,34,77,170.13,False,Süt Ürünleri,Yoğurt,Marka-D,False
2025-01-09,M02,U016,37,40,170.13,False,Süt Ürünleri,Yoğurt,Marka-D,False
2025-01-10,M02,U016,28,12,170.13,False,Süt Ürünleri,Yoğurt,Marka-D,False
2025-01-11,M02,U016,40,160,170.13,False,Süt Ürünleri,Yoğurt,Marka-D,False
2025-01-12,M02,U016,45,115,170.13,False,Süt Ürünleri,Yoğurt,Marka-D,False
2025-01-13,M02,U016,34,81,170.13,False,Süt Ürünleri,Yoğurt,Marka-D,False
2025-01-14,M02,U016,30,51,170.13,False,Süt Ürünleri,Yoğurt,Marka-D,False
2025-01-15,M02,U016,30,21,170.13,False,Süt Ürünleri,Yoğurt,Marka-D,False
2025-01-16,M02,U016,34,159,170.13,False,Süt Ürünleri,Yoğurt,Marka-D,False
2025-01-17,M02,U016,58,101,144.61,False,Süt Ürünleri,Yoğurt,Marka-D,True
2025-01-18,M02,U016,54,47,153.12,False,Süt Ürünleri,Yoğurt,Marka-D,True
2025-01-19,M02,U016,39,8,170.13,False,Süt Ürünleri,Yoğurt,Marka-D,False
2025-01-20,M02,U016,8,0,170.13,True,Süt Ürünleri,Yoğurt,Marka-D,False
2025-01-21,M02,U016,30,161,170.13,False,Süt Ürünleri,Yoğurt,Marka-D,False
2025-01-22,M02,U016,30,131,170.13,False,Süt Ürünleri,Yoğurt,Marka-D,False
2025-01-23,M02,U016,25,106,170.13,False,Süt Ürünleri,Yoğurt,Marka-D,False
2025-01-24,M02,U016,39,67,170.13,False,Süt Ürünleri,Yoğurt,Marka-D,False
2025-01-25,M02,U016,34,33,170.13,False,Süt Ürünleri,Yoğurt,Marka-D,False
2025-01-26,M02,U016,44,153,170.13,False,Süt Ürünleri,Yoğurt,Marka-D,False
2025-01-27,M02,U016,34,119,170.13,False,Süt Ürünleri,Yoğurt,Marka-D,False
2025-01-28,M02,U016,28,91,170.13,False,Süt Ürünleri,Yoğurt,Marka-D,False
2025-01-29,M02,U016,58,33,153.12,False,Süt Ürünleri,Yoğurt,Marka-D,True
2025-01-30,M02,U016,33,0,170.13,True,Süt Ürünleri,Yoğurt,Marka-D,False
2025-01-31,M02,U016,0,0,170.13,True,Süt Ürünleri,Yoğurt,Marka-D,False
2025-02-01,M02,U016,0,0,170.13,True,Süt Ürünleri,Yoğurt,Marka-D,False
2025-02-02,M02,U016,0,0,170.13,True,Süt Ürünleri,Yoğurt,Marka-D,False
2025-02-03,M02,U016,0,0,170.13,True,Süt Ürünleri,Yoğurt,Marka-D,False
2025-02-04,M02,U016,0,0,170.13,True,Süt Ürünleri,Yoğurt,Marka-D,False
2025-02-05,M02,U016,27,165,170.13,False,Süt Ürünleri,Yoğurt,Marka-D,False
2025-02-06,M02,U016,34,131,170.13,False,Süt Ürünleri,Yoğurt,Marka-D,False
2025-02-07,M02,U016,51,80,170.13,False,Süt Ürünleri,Yoğurt,Marka-D,False
2025-02-08,M02,U016,50,30,170.13,False,Süt Ürünleri,Yoğurt,Marka-D,False
2025-02-09,M02,U016,30,0,170.13,True,Süt Ürünleri,Yoğurt,Marka-D,False
2025-02-10,M02,U016,29,151,170.13,False,Süt Ürünleri,Yoğurt,Marka-D,False
2025-02-11,M02,U016,24,127,170.13,False,Süt Ürünleri,Yoğurt,Marka-D,False
2025-02-12,M02,U016,32,95,170.13,False,Süt Ürünleri,Yoğurt,Marka-D,False
2025-02-13,M02,U016,35,60,170.13,False,Süt Ürünleri,Yoğurt,Marka-D,False
2025-02-14,M02,U016,43,17,170.13,False,Süt Ürünleri,Yoğurt,Marka-D,False
2025-02-15,M02,U016,31,143,170.13,False,Süt Ürünleri,Yoğurt,Marka-D,False
2025-02-16,M02,U016,49,94,170.13,False,Süt Ürünleri,Yoğurt,Marka-D,False
2025-02-17,M02,U016,37,57,170.13,False,Süt Ürünleri,Yoğurt,Marka-D,False
2025-02-18,M02,U016,33,24,170.13,False,Süt Ürünleri,Yoğurt,Marka-D,False
2025-02-19,M02,U016,24,0,170.13,True,Süt Ürünleri,Yoğurt,Marka-D,False
2025-02-20,M02,U016,24,184,170.13,False,Süt Ürünleri,Yoğurt,Marka-D,False
2025-02-21,M02,U016,32,152,170.13,False,Süt Ürünleri,Yoğurt,Marka-D,False
2025-02-22,M02,U016,45,107,170.13,False,Süt Ürünleri,Yoğurt,Marka-D,False
2025-02-23,M02,U016,32,75,170.13,False,Süt Ürünleri,Yoğurt,Marka-D,False
2025-02-24,M02,U016,39,36,170.13,False,Süt Ürünleri,Yoğurt,Marka-D,False
2025-02-25,M02,U016,35,148,170.13,False,Süt Ürünleri,Yoğurt,Marka-D,False
2025-02-26,M02,U016,31,117,170.13,False,Süt Ürünleri,Yoğurt,Marka-D,False
2025-02-27,M02,U016,32,85,170.13,False,Süt Ürünleri,Yoğurt,Marka-D,False
2025-02-28,M02,U016,39,46,170.13,False,Süt Ürünleri,Yoğurt,Marka-D,False
2025-03-01,M02,U016,46,0,170.13,True,Süt Ürünleri,Yoğurt,Marka-D,False
2025-03-02,M02,U016,40,151,170.13,False,Süt Ürünleri,Yoğurt,Marka-D,False
2025-03-03,M02,U016,27,124,170.13,False,Süt Ürünleri,Yoğurt,Marka-D,False
2025-03-04,M02,U016,44,80,170.13,False,Süt Ürünleri,Yoğurt,Marka-D,False
2025-03-05,M02,U016,38,42,170.13,False,Süt Ürünleri,Yoğurt,Marka-D,False
2025-03-06,M02,U016,41,1,170.13,False,Süt Ürünleri,Yoğurt,Marka-D,False
2025-03-07,M02,U016,40,140,170.13,False,Süt Ürünleri,Yoğurt,Marka-D,False
2025-03-08,M02,U016,40,100,170.13,False,Süt Ürünleri,Yoğurt,Marka-D,False
2025-03-09,M02,U016,26,74,170.13,False,Süt Ürünleri,Yoğurt,Marka-D,False
2025-03-10,M02,U016,27,47,170.13,False,Süt Ürünleri,Yoğurt,Marka-D,False
2025-03-11,M02,U016,42,5,136.1,False,Süt Ürünleri,Yoğurt,Marka-D,True
2025-03-12,M02,U016,34,151,170.13,False,Süt Ürünleri,Yoğurt,Marka-D,False
2025-03-13,M02,U016,52,99,170.13,False,Süt Ürünleri,Yoğurt,Marka-D,False
2025-03-14,M02,U016,40,59,170.13,False,Süt Ürünleri,Yoğurt,Marka-D,False
2025-03-15,M02,U016,47,12,170.13,False,Süt Ürünleri,Yoğurt,Marka-D,False
2025-03-16,M02,U016,12,0,170.13,True,Süt Ürünleri,Yoğurt,Marka-D,False
2025-03-17,M02,U016,33,160,170.13,False,Süt Ürünleri,Yoğurt,Marka-D,False
2025-03-18,M02,U016,40,120,170.13,False,Süt Ürünleri,Yoğurt,Marka-D,False
2025-03-19,M02,U016,39,81,170.13,False,Süt Ürünleri,Yoğurt,Marka-D,False
2025-03-20,M02,U016,31,50,170.13,False,Süt Ürünleri,Yoğurt,Marka-D,False
2025-03-21,M02,U016,40,10,170.13,False,Süt Ürünleri,Yoğurt,Marka-D,False
2025-03-22,M02,U016,43,165,170.13,False,Süt Ürünleri,Yoğurt,Marka-D,False
2025-03-23,M02,U016,40,125,170.13,False,Süt Ürünleri,Yoğurt,Marka-D,False
2025-03-24,M02,U016,32,93,170.13,False,Süt Ürünleri,Yoğurt,Marka-D,False
2025-03-25,M02,U016,32,61,170.13,False,Süt Ürünleri,Yoğurt,Marka-D,False
2025-03-26,M02,U016,33,28,170.13,False,Süt Ürünleri,Yoğurt,Marka-D,False
2025-03-27,M02,U016,43,142,170.13,False,Süt Ürünleri,Yoğurt,Marka-D,False
2025-03-28,M02,U016,44,98,170.13,False,Süt Ürünleri,Yoğurt,Marka-D,False
2025-03-29,M02,U016,44,54,170.13,False,Süt Ürünleri,Yoğurt,Marka-D,False
2025-03-30,M02,U016,54,0,136.1,True,Süt Ürünleri,Yoğurt,Marka-D,True
2025-03-31,M02,U016,0,0,170.13,True,Süt Ürünleri,Yoğurt,Marka-D,False
2025-04-01,M02,U016,38,145,170.13,False,Süt Ürünleri,Yoğurt,Marka-D,False
2025-04-02,M02,U016,33,112,170.13,False,Süt Ürünleri,Yoğurt,Marka-D,False
2025-04-03,M02,U016,36,76,170.13,False,Süt Ürünleri,Yoğurt,Marka-D,False
2025-04-04,M02,U016,31,45,170.13,False,Süt Ürünleri,Yoğurt,Marka-D,False
2025-04-05,M02,U016,41,4,170.13,False,Süt Ürünleri,Yoğurt,Marka-D,False
2025-04-06,M02,U016,41,163,170.13,False,Süt Ürünleri,Yoğurt,Marka-D,False
2025-04-07,M02,U016,33,130,170.13,False,Süt Ürünleri,Yoğurt,Marka-D,False
2025-04-08,M02,U016,51,79,136.1,False,Süt Ürünleri,Yoğurt,Marka-D,True
2025-04-09,M02,U016,64,15,153.12,False,Süt Ürünleri,Yoğurt,Marka-D,True
2025-04-10,M02,U016,15,0,170.13,True,Süt Ürünleri,Yoğurt,Marka-D,False
2025-04-11,M02,U016,46,148,170.13,False,Süt Ürünleri,Yoğurt,Marka-D,False
2025-04-12,M02,U016,47,101,170.13,False,Süt Ürünleri,Yoğurt,Marka-D,False
2025-04-13,M02,U016,35,66,170.13,False,Süt Ürünleri,Yoğurt,Marka-D,False
2025-04-14,M02,U016,27,39,170.13,False,Süt Ürünleri,Yoğurt,Marka-D,False
2025-04-15,M02,U016,32,7,170.13,False,Süt Ürünleri,Yoğurt,Marka-D,False
2025-04-16,M02,U016,41,162,170.13,False,Süt Ürünleri,Yoğurt,Marka-D,False
2025-04-17,M02,U016,56,106,144.61,False,Süt Ürünleri,Yoğurt,Marka-D,True
2025-04-18,M02,U016,39,67,170.13,False,Süt Ürünleri,Yoğurt,Marka-D,False
2025-04-19,M02,U016,45,22,170.13,False,Süt Ürünleri,Yoğurt,Marka-D,False
2025-04-20,M02,U016,22,0,170.13,True,Süt Ürünleri,Yoğurt,Marka-D,False
2025-04-21,M02,U016,31,161,170.13,False,Süt Ürünleri,Yoğurt,Marka-D,False
2025-04-22,M02,U016,34,127,170.13,False,Süt Ürünleri,Yoğurt,Marka-D,False
2025-04-23,M02,U016,31,96,170.13,False,Süt Ürünleri,Yoğurt,Marka-D,False
2025-04-24,M02,U016,30,66,170.13,False,Süt Ürünleri,Yoğurt,Marka-D,False
2025-04-25,M02,U016,46,20,170.13,False,Süt Ürünleri,Yoğurt,Marka-D,False
2025-04-26,M02,U016,40,148,170.13,False,Süt Ürünleri,Yoğurt,Marka-D,False
2025-04-27,M02,U016,42,106,170.13,False,Süt Ürünleri,Yoğurt,Marka-D,False
2025-04-28,M02,U016,28,78,170.13,False,Süt Ürünleri,Yoğurt,Marka-D,False
2025-04-29,M02,U016,32,46,170.13,False,Süt Ürünleri,Yoğurt,Marka-D,False
2025-04-30,M02,U016,44,2,170.13,False,Süt Ürünleri,Yoğurt,Marka-D,False
2025-05-01,M02,U016,28,143,170.13,False,Süt Ürünleri,Yoğurt,Marka-D,False
2025-05-02,M02,U016,39,104,170.13,False,Süt Ürünleri,Yoğurt,Marka-D,False
2025-05-03,M02,U016,72,32,144.61,False,Süt Ürünleri,Yoğurt,Marka-D,True
2025-05-04,M02,U016,32,0,170.13,True,Süt Ürünleri,Yoğurt,Marka-D,False
2025-05-05,M02,U016,0,0,170.13,True,Süt Ürünleri,Yoğurt,Marka-D,False
2025-05-06,M02,U016,0,0,170.13,True,Süt Ürünleri,Yoğurt,Marka-D,False
2025-01-01,M02,U017,30,83,75.17,False,Süt Ürünleri,Peynir,Marka-E,True
2025-01-02,M02,U017,11,72,88.44,False,Süt Ürünleri,Peynir,Marka-E,False
2025-01-03,M02,U017,13,59,88.44,False,Süt Ürünleri,Peynir,Marka-E,False
2025-01-04,M02,U017,35,24,79.6,False,Süt Ürünleri,Peynir,Marka-E,True
2025-01-05,M02,U017,24,0,70.75,True,Süt Ürünleri,Peynir,Marka-E,True
2025-01-06,M02,U017,0,0,88.44,True,Süt Ürünleri,Peynir,Marka-E,False
2025-01-07,M02,U017,0,0,88.44,True,Süt Ürünleri,Peynir,Marka-E,False
2025-01-08,M02,U017,10,92,88.44,False,Süt Ürünleri,Peynir,Marka-E,False
2025-01-09,M02,U017,22,70,88.44,False,Süt Ürünleri,Peynir,Marka-E,False
2025-01-10,M02,U017,17,53,88.44,False,Süt Ürünleri,Peynir,Marka-E,False
2025-01-11,M02,U017,28,25,88.44,False,Süt Ürünleri,Peynir,Marka-E,False
2025-01-12,M02,U017,25,0,88.44,True,Süt Ürünleri,Peynir,Marka-E,False
2025-01-13,M02,U017,0,0,88.44,True,Süt Ürünleri,Peynir,Marka-E,False
2025-01-14,M02,U017,0,0,88.44,True,Süt Ürünleri,Peynir,Marka-E,False
2025-01-15,M02,U017,14,109,88.44,False,Süt Ürünleri,Peynir,Marka-E,False
2025-01-16,M02,U017,19,90,88.44,False,Süt Ürünleri,Peynir,Marka-E,False
2025-01-17,M02,U017,16,74,88.44,False,Süt Ürünleri,Peynir,Marka-E,False
2025-01-18,M02,U017,22,52,88.44,False,Süt Ürünleri,Peynir,Marka-E,False
2025-01-19,M02,U017,19,33,88.44,False,Süt Ürünleri,Peynir,Marka-E,False
2025-01-20,M02,U017,18,15,88.44,False,Süt Ürünleri,Peynir,Marka-E,False
2025-01-21,M02,U017,10,5,88.44,False,Süt Ürünleri,Peynir,Marka-E,False
2025-01-22,M02,U017,15,92,88.44,False,Süt Ürünleri,Peynir,Marka-E,False
2025-01-23,M02,U017,18,74,88.44,False,Süt Ürünleri,Peynir,Marka-E,False
2025-01-24,M02,U017,20,54,88.44,False,Süt Ürünleri,Peynir,Marka-E,False
2025-01-25,M02,U017,15,39,88.44,False,Süt Ürünleri,Peynir,Marka-E,False
2025-01-26,M02,U017,19,20,88.44,False,Süt Ürünleri,Peynir,Marka-E,False
2025-01-27,M02,U017,12,8,88.44,False,Süt Ürünleri,Peynir,Marka-E,False
2025-01-28,M02,U017,8,0,88.44,True,Süt Ürünleri,Peynir,Marka-E,False
2025-01-29,M02,U017,25,82,79.6,False,Süt Ürünleri,Peynir,Marka-E,True
2025-01-30,M02,U017,17,65,88.44,False,Süt Ürünleri,Peynir,Marka-E,False
2025-01-31,M02,U017,14,51,88.44,False,Süt Ürünleri,Peynir,Marka-E,False
2025-02-01,M02,U017,34,17,79.6,False,Süt Ürünleri,Peynir,Marka-E,True
2025-02-02,M02,U017,17,0,88.44,True,Süt Ürünleri,Peynir,Marka-E,False
2025-02-03,M02,U017,0,0,88.44,True,Süt Ürünleri,Peynir,Marka-E,False
2025-02-04,M02,U017,0,0,88.44,True,Süt Ürünleri,Peynir,Marka-E,False
2025-02-05,M02,U017,12,103,88.44,False,Süt Ürünleri,Peynir,Marka-E,False
2025-02-06,M02,U017,26,77,88.44,False,Süt Ürünleri,Peynir,Marka-E,False
2025-02-07,M02,U017,29,48,70.75,False,Süt Ürünleri,Peynir,Marka-E,True
2025-02-08,M02,U017,17,31,88.44,False,Süt Ürünleri,Peynir,Marka-E,False
2025-02-09,M02,U017,18,13,88.44,False,Süt Ürünleri,Peynir,Marka-E,False
2025-02-10,M02,U017,13,0,88.44,True,Süt Ürünleri,Peynir,Marka-E,False
2025-02-11,M02,U017,0,0,79.6,True,Süt Ürünleri,Peynir,Marka-E,True
2025-02-12,M02,U017,9,111,88.44,False,Süt Ürünleri,Peynir,Marka-E,False
2025-02-13,M02,U017,20,91,70.75,False,Süt Ürünleri,Peynir,Marka-E,True
2025-02-14,M02,U017,21,70,79.6,False,Süt Ürünleri,Peynir,Marka-E,True
2025-02-15,M02,U017,30,40,70.75,False,Süt Ürünleri,Peynir,Marka-E,True
2025-02-16,M02,U017,18,22,88.44,False,Süt Ürünleri,Peynir,Marka-E,False
2025-02-17,M02,U017,13,9,88.44,False,Süt Ürünleri,Peynir,Marka-E,False
2025-02-18,M02,U017,9,0,88.44,True,Süt Ürünleri,Peynir,Marka-E,False
2025-02-19,M02,U017,16,106,88.44,False,Süt Ürünleri,Peynir,Marka-E,False
2025-02-20,M02,U017,13,93,88.44,False,Süt Ürünleri,Peynir,Marka-E,False
2025-02-21,M02,U017,10,83,88.44,False,Süt Ürünleri,Peynir,Marka-E,False
2025-02-22,M02,U017,21,62,88.44,False,Süt Ürünleri,Peynir,Marka-E,False
2025-02-23,M02,U017,44,18,70.75,False,Süt Ürünleri,Peynir,Marka-E,True
2025-02-24,M02,U017,14,4,88.44,False,Süt Ürünleri,Peynir,Marka-E,False
2025-02-25,M02,U017,4,0,88.44,True,Süt Ürünleri,Peynir,Marka-E,False
2025-02-26,M02,U017,16,96,88.44,False,Süt Ürünleri,Peynir,Marka-E,False
2025-02-27,M02,U017,23,73,88.44,False,Süt Ürünleri,Peynir,Marka-E,False
2025-02-28,M02,U017,17,56,88.44,False,Süt Ürünleri,Peynir,Marka-E,False
2025-03-01,M02,U017,14,42,88.44,False,Süt Ürünleri,Peynir,Marka-E,False
2025-03-02,M02,U017,25,17,88.44,False,Süt Ürünleri,Peynir,Marka-E,False
2025-03-03,M02,U017,17,0,88.44,True,Süt Ürünleri,Peynir,Marka-E,False
2025-03-04,M02,U017,0,0,88.44,True,Süt Ürünleri,Peynir,Marka-E,False
2025-03-05,M02,U017,23,99,88.44,False,Süt Ürünleri,Peynir,Marka-E,False
2025-03-06,M02,U017,16,83,88.44,False,Süt Ürünleri,Peynir,Marka-E,False
2025-03-07,M02,U017,22,61,88.44,False,Süt Ürünleri,Peynir,Marka-E,False
2025-03-08,M02,U017,28,33,88.44,False,Süt Ürünleri,Peynir,Marka-E,False
2025-03-09,M02,U017,14,19,88.44,False,Süt Ürünleri,Peynir,Marka-E,False
2025-03-10,M02,U017,15,4,88.44,False,Süt Ürünleri,Peynir,Marka-E,False
2025-03-11,M02,U017,4,0,88.44,True,Süt Ürünleri,Peynir,Marka-E,False
2025-03-12,M02,U017,21,102,88.44,False,Süt Ürünleri,Peynir,Marka-E,False
2025-03-13,M02,U017,19,83,88.44,False,Süt Ürünleri,Peynir,Marka-E,False
2025-03-14,M02,U017,27,56,88.44,False,Süt Ürünleri,Peynir,Marka-E,False
2025-03-15,M02,U017,24,32,88.44,False,Süt Ürünleri,Peynir,Marka-E,False
2025-03-16,M02,U017,20,12,88.44,False,Süt Ürünleri,Peynir,Marka-E,False
2025-03-17,M02,U017,12,0,88.44,True,Süt Ürünleri,Peynir,Marka-E,False
2025-03-18,M02,U017,0,0,88.44,True,Süt Ürünleri,Peynir,Marka-E,False
2025-03-19,M02,U017,18,103,88.44,False,Süt Ürünleri,Peynir,Marka-E,False
2025-03-20,M02,U017,23,80,88.44,False,Süt Ürünleri,Peynir,Marka-E,False
2025-03-21,M02,U017,15,65,88.44,False,Süt Ürünleri,Peynir,Marka-E,False
2025-03-22,M02,U017,24,41,88.44,False,Süt Ürünleri,Peynir,Marka-E,False
2025-03-23,M02,U017,19,22,88.44,False,Süt Ürünleri,Peynir,Marka-E,False
2025-03-24,M02,U017,12,10,88.44,False,Süt Ürünleri,Peynir,Marka-E,False
2025-03-25,M02,U017,10,0,88.44,True,Süt Ürünleri,Peynir,Marka-E,False
2025-03-26,M02,U017,25,97,88.44,False,Süt Ürünleri,Peynir,Marka-E,False
2025-03-27,M02,U017,15,82,88.44,False,Süt Ürünleri,Peynir,Marka-E,False
2025-03-28,M02,U017,31,51,79.6,False,Süt Ürünleri,Peynir,Marka-E,True
2025-03-29,M02,U017,28,23,88.44,False,Süt Ürünleri,Peynir,Marka-E,False
2025-03-30,M02,U017,18,5,88.44,False,Süt Ürünleri,Peynir,Marka-E,False
2025-03-31,M02,U017,5,0,79.6,True,Süt Ürünleri,Peynir,Marka-E,True
2025-04-01,M02,U017,0,0,88.44,True,Süt Ürünleri,Peynir,Marka-E,False
2025-04-02,M02,U017,26,83,88.44,False,Süt Ürünleri,Peynir,Marka-E,False
2025-04-03,M02,U017,5,78,88.44,False,Süt Ürünleri,Peynir,Marka-E,False
2025-04-04,M02,U017,36,42,70.75,False,Süt Ürünleri,Peynir,Marka-E,True
2025-04-05,M02,U017,24,18,88.44,False,Süt Ürünleri,Peynir,Marka-E,False
2025-04-06,M02,U017,18,0,88.44,True,Süt Ürünleri,Peynir,Marka-E,False
2025-04-07,M02,U017,0,0,88.44,True,Süt Ürünleri,Peynir,Marka-E,False
2025-04-08,M02,U017,0,0,88.44,True,Süt Ürünleri,Peynir,Marka-E,False
2025-04-09,M02,U017,0,0,75.17,True,Süt Ürünleri,Peynir,Marka-E,True
2025-04-10,M02,U017,0,0,88.44,True,Süt Ürünleri,Peynir,Marka-E,False
2025-04-11,M02,U017,0,0,88.44,True,Süt Ürünleri,Peynir,Marka-E,False
2025-04-12,M02,U017,0,0,88.44,True,Süt Ürünleri,Peynir,Marka-E,False
2025-04-13,M02,U017,0,0,88.44,True,Süt Ürünleri,Peynir,Marka-E,False
2025-04-14,M02,U017,0,0,88.44,True,Süt Ürünleri,Peynir,Marka-E,False
2025-04-15,M02,U017,0,0,88.44,True,Süt Ürünleri,Peynir,Marka-E,False
2025-04-16,M02,U017,0,0,88.44,True,Süt Ürünleri,Peynir,Marka-E,False
2025-04-17,M02,U017,0,0,88.44,True,Süt Ürünleri,Peynir,Marka-E,False
2025-04-18,M02,U017,0,0,88.44,True,Süt Ürünleri,Peynir,Marka-E,False
2025-04-19,M02,U017,0,0,88.44,True,Süt Ürünleri,Peynir,Marka-E,False
2025-04-20,M02,U017,0,0,88.44,True,Süt Ürünleri,Peynir,Marka-E,False
2025-04-21,M02,U017,0,0,88.44,True,Süt Ürünleri,Peynir,Marka-E,False
2025-04-22,M02,U017,0,0,88.44,True,Süt Ürünleri,Peynir,Marka-E,False
2025-04-23,M02,U017,19,99,88.44,False,Süt Ürünleri,Peynir,Marka-E,False
2025-04-24,M02,U017,23,76,88.44,False,Süt Ürünleri,Peynir,Marka-E,False
2025-04-25,M02,U017,22,54,88.44,False,Süt Ürünleri,Peynir,Marka-E,False
2025-04-26,M02,U017,27,27,70.75,False,Süt Ürünleri,Peynir,Marka-E,True
2025-04-27,M02,U017,25,2,88.44,False,Süt Ürünleri,Peynir,Marka-E,False
2025-04-28,M02,U017,2,0,88.44,True,Süt Ürünleri,Peynir,Marka-E,False
2025-04-29,M02,U017,0,0,88.44,True,Süt Ürünleri,Peynir,Marka-E,False
2025-04-30,M02,U017,13,95,88.44,False,Süt Ürünleri,Peynir,Marka-E,False
2025-05-01,M02,U017,17,78,88.44,False,Süt Ürünleri,Peynir,Marka-E,False
2025-05-02,M02,U017,32,46,70.75,False,Süt Ürünleri,Peynir,Marka-E,True
2025-05-03,M02,U017,23,23,88.44,False,Süt Ürünleri,Peynir,Marka-E,False
2025-05-04,M02,U017,23,0,79.6,True,Süt Ürünleri,Peynir,Marka-E,True
2025-05-05,M02,U017,0,0,88.44,True,Süt Ürünleri,Peynir,Marka-E,False
2025-05-06,M02,U017,0,0,88.44,True,Süt Ürünleri,Peynir,Marka-E,False
2025-01-01,M02,U018,13,68,116.46,False,Süt Ürünleri,Peynir,Marka-F,False
2025-01-02,M02,U018,16,52,116.46,False,Süt Ürünleri,Peynir,Marka-F,False
2025-01-03,M02,U018,14,38,116.46,False,Süt Ürünleri,Peynir,Marka-F,False
2025-01-04,M02,U018,7,31,116.46,False,Süt Ürünleri,Peynir,Marka-F,False
2025-01-05,M02,U018,8,23,116.46,False,Süt Ürünleri,Peynir,Marka-F,False
2025-01-06,M02,U018,8,15,116.46,False,Süt Ürünleri,Peynir,Marka-F,False
2025-01-07,M02,U018,10,79,116.46,False,Süt Ürünleri,Peynir,Marka-F,False
2025-01-08,M02,U018,8,71,116.46,False,Süt Ürünleri,Peynir,Marka-F,False
2025-01-09,M02,U018,19,52,116.46,False,Süt Ürünleri,Peynir,Marka-F,False
2025-01-10,M02,U018,14,38,116.46,False,Süt Ürünleri,Peynir,Marka-F,False
2025-01-11,M02,U018,12,26,116.46,False,Süt Ürünleri,Peynir,Marka-F,False
2025-01-12,M02,U018,9,17,116.46,False,Süt Ürünleri,Peynir,Marka-F,False
2025-01-13,M02,U018,11,77,116.46,False,Süt Ürünleri,Peynir,Marka-F,False
2025-01-14,M02,U018,11,66,116.46,False,Süt Ürünleri,Peynir,Marka-F,False
2025-01-15,M02,U018,10,56,116.46,False,Süt Ürünleri,Peynir,Marka-F,False
2025-01-16,M02,U018,14,42,116.46,False,Süt Ürünleri,Peynir,Marka-F,False
2025-01-17,M02,U018,12,30,116.46,False,Süt Ürünleri,Peynir,Marka-F,False
2025-01-18,M02,U018,20,10,116.46,False,Süt Ürünleri,Peynir,Marka-F,False
2025-01-19,M02,U018,4,74,116.46,False,Süt Ürünleri,Peynir,Marka-F,False
2025-01-20,M02,U018,10,64,116.46,False,Süt Ürünleri,Peynir,Marka-F,False
2025-01-21,M02,U018,10,54,116.46,False,Süt Ürünleri,Peynir,Marka-F,False
2025-01-22,M02,U018,13,41,116.46,False,Süt Ürünleri,Peynir,Marka-F,False
2025-01-23,M02,U018,10,31,116.46,False,Süt Ürünleri,Peynir,Marka-F,False
2025-01-24,M02,U018,18,13,104.81,False,Süt Ürünleri,Peynir,Marka-F,True
2025-01-25,M02,U018,14,75,116.46,False,Süt Ürünleri,Peynir,Marka-F,False
2025-01-26,M02,U018,18,57,116.46,False,Süt Ürünleri,Peynir,Marka-F,False
2025-01-27,M02,U018,7,50,116.46,False,Süt Ürünleri,Peynir,Marka-F,False
2025-01-28,M02,U018,10,40,93.17,False,Süt Ürünleri,Peynir,Marka-F,True
2025-01-29,M02,U018,19,21,98.99,False,Süt Ürünleri,Peynir,Marka-F,True
2025-01-30,M02,U018,15,6,116.46,False,Süt Ürünleri,Peynir,Marka-F,False
2025-01-31,M02,U018,10,66,116.46,False,Süt Ürünleri,Peynir,Marka-F,False
2025-02-01,M02,U018,17,49,116.46,False,Süt Ürünleri,Peynir,Marka-F,False
2025-02-02,M02,U018,13,36,116.46,False,Süt Ürünleri,Peynir,Marka-F,False
2025-02-03,M02,U018,16,20,116.46,False,Süt Ürünleri,Peynir,Marka-F,False
2025-02-04,M02,U018,8,12,116.46,False,Süt Ürünleri,Peynir,Marka-F,False
2025-02-05,M02,U018,12,0,116.46,True,Süt Ürünleri,Peynir,Marka-F,False
2025-02-06,M02,U018,15,76,116.46,False,Süt Ürünleri,Peynir,Marka-F,False
2025-02-07,M02,U018,14,62,116.46,False,Süt Ürünleri,Peynir,Marka-F,False
2025-02-08,M02,U018,11,51,116.46,False,Süt Ürünleri,Peynir,Marka-F,False
2025-02-09,M02,U018,12,39,116.46,False,Süt Ürünleri,Peynir,Marka-F,False
2025-02-10,M02,U018,13,26,116.46,False,Süt Ürünleri,Peynir,Marka-F,False
2025-02-11,M02,U018,10,16,116.46,False,Süt Ürünleri,Peynir,Marka-F,False
2025-02-12,M02,U018,11,74,116.46,False,Süt Ürünleri,Peynir,Marka-F,False
2025-02-13,M02,U018,13,61,116.46,False,Süt Ürünleri,Peynir,Marka-F,False
2025-02-14,M02,U018,14,47,116.46,False,Süt Ürünleri,Peynir,Marka-F,False
2025-02-15,M02,U018,7,40,116.46,False,Süt Ürünleri,Peynir,Marka-F,False
2025-02-16,M02,U018,13,27,116.46,False,Süt Ürünleri,Peynir,Marka-F,False
2025-02-17,M02,U018,8,19,116.46,False,Süt Ürünleri,Peynir,Marka-F,False
2025-02-18,M02,U018,14,66,116.46,False,Süt Ürünleri,Peynir,Marka-F,False
2025-02-19,M02,U018,19,47,104.81,False,Süt Ürünleri,Peynir,Marka-F,True
2025-02-20,M02,U018,12,35,116.46,False,Süt Ürünleri,Peynir,Marka-F,False
2025-02-21,M02,U018,18,17,104.81,False,Süt Ürünleri,Peynir,Marka-F,True
2025-02-22,M02,U018,17,0,116.46,True,Süt Ürünleri,Peynir,Marka-F,False
2025-02-23,M02,U018,0,0,116.46,True,Süt Ürünleri,Peynir,Marka-F,False
2025-02-24,M02,U018,15,76,93.17,False,Süt Ürünleri,Peynir,Marka-F,True
2025-02-25,M02,U018,7,69,116.46,False,Süt Ürünleri,Peynir,Marka-F,False
2025-02-26,M02,U018,13,56,116.46,False,Süt Ürünleri,Peynir,Marka-F,False
2025-02-27,M02,U018,16,40,116.46,False,Süt Ürünleri,Peynir,Marka-F,False
2025-02-28,M02,U018,13,27,116.46,False,Süt Ürünleri,Peynir,Marka-F,False
2025-03-01,M02,U018,14,13,116.46,False,Süt Ürünleri,Peynir,Marka-F,False
2025-03-02,M02,U018,24,60,98.99,False,Süt Ürünleri,Peynir,Marka-F,True
2025-03-03,M02,U018,10,50,116.46,False,Süt Ürünleri,Peynir,Marka-F,False
2025-03-04,M02,U018,12,38,116.46,False,Süt Ürünleri,Peynir,Marka-F,False
2025-03-05,M02,U018,12,26,116.46,False,Süt Ürünleri,Peynir,Marka-F,False
2025-03-06,M02,U018,7,19,116.46,False,Süt Ürünleri,Peynir,Marka-F,False
2025-03-07,M02,U018,13,6,116.46,False,Süt Ürünleri,Peynir,Marka-F,False
2025-03-08,M02,U018,18,57,93.17,False,Süt Ürünleri,Peynir,Marka-F,True
2025-03-09,M02,U018,14,43,116.46,False,Süt Ürünleri,Peynir,Marka-F,False
2025-03-10,M02,U018,11,32,116.46,False,Süt Ürünleri,Peynir,Marka-F,False
2025-03-11,M02,U018,9,23,116.46,False,Süt Ürünleri,Peynir,Marka-F,False
2025-03-12,M02,U018,10,13,116.46,False,Süt Ürünleri,Peynir,Marka-F,False
2025-03-13,M02,U018,11,2,116.46,False,Süt Ürünleri,Peynir,Marka-F,False
2025-03-14,M02,U018,17,74,116.46,False,Süt Ürünleri,Peynir,Marka-F,False
2025-03-15,M02,U018,11,63,116.46,False,Süt Ürünleri,Peynir,Marka-F,False
2025-03-16,M02,U018,16,47,116.46,False,Süt Ürünleri,Peynir,Marka-F,False
2025-03-17,M02,U018,14,33,116.46,False,Süt Ürünleri,Peynir,Marka-F,False
2025-03-18,M02,U018,12,21,116.46,False,Süt Ürünleri,Peynir,Marka-F,False
2025-03-19,M02,U018,13,8,116.46,False,Süt Ürünleri,Peynir,Marka-F,False
2025-03-20,M02,U018,8,0,116.46,True,Süt Ürünleri,Peynir,Marka-F,False
2025-03-21,M02,U018,0,0,116.46,True,Süt Ürünleri,Peynir,Marka-F,False
2025-03-22,M02,U018,0,0,116.46,True,Süt Ürünleri,Peynir,Marka-F,False
2025-03-23,M02,U018,0,0,116.46,True,Süt Ürünleri,Peynir,Marka-F,False
2025-03-24,M02,U018,0,0,116.46,True,Süt Ürünleri,Peynir,Marka-F,False
2025-03-25,M02,U018,0,0,116.46,True,Süt Ürünleri,Peynir,Marka-F,False
2025-03-26,M02,U018,17,67,116.46,False,Süt Ürünleri,Peynir,Marka-F,False
2025-03-27,M02,U018,15,52,116.46,False,Süt Ürünleri,Peynir,Marka-F,False
2025-03-28,M02,U018,14,38,116.46,False,Süt Ürünleri,Peynir,Marka-F,False
2025-03-29,M02,U018,22,16,98.99,False,Süt Ürünleri,Peynir,Marka-F,True
2025-03-30,M02,U018,16,0,116.46,False,Süt Ürünleri,Peynir,Marka-F,False
2025-03-31,M02,U018,0,0,116.46,True,Süt Ürünleri,Peynir,Marka-F,False
2025-04-01,M02,U018,11,80,98.99,False,Süt Ürünleri,Peynir,Marka-F,True
2025-04-02,M02,U018,13,67,116.46,False,Süt Ürünleri,Peynir,Marka-F,False
2025-04-03,M02,U018,10,57,116.46,False,Süt Ürünleri,Peynir,Marka-F,False
2025-04-04,M02,U018,16,41,116.46,False,Süt Ürünleri,Peynir,Marka-F,False
2025-04-05,M02,U018,26,15,116.46,False,Süt Ürünleri,Peynir,Marka-F,False
2025-04-06,M02,U018,15,0,116.46,True,Süt Ürünleri,Peynir,Marka-F,False
2025-04-07,M02,U018,8,81,116.46,False,Süt Ürünleri,Peynir,Marka-F,False
2025-04-08,M02,U018,13,68,116.46,False,Süt Ürünleri,Peynir,Marka-F,False
2025-04-09,M02,U018,20,48,93.17,False,Süt Ürünleri,Peynir,Marka-F,True
2025-04-10,M02,U018,13,35,116.46,False,Süt Ürünleri,Peynir,Marka-F,False
2025-04-11,M02,U018,13,22,116.46,False,Süt Ürünleri,Peynir,Marka-F,False
2025-04-12,M02,U018,19,3,116.46,False,Süt Ürünleri,Peynir,Marka-F,False
2025-04-13,M02,U018,13,71,116.46,False,Süt Ürünleri,Peynir,Marka-F,False
2025-04-14,M02,U018,11,60,116.46,False,Süt Ürünleri,Peynir,Marka-F,False
2025-04-15,M02,U018,16,44,116.46,False,Süt Ürünleri,Peynir,Marka-F,False
2025-04-16,M02,U018,14,30,116.46,False,Süt Ürünleri,Peynir,Marka-F,False
2025-04-17,M02,U018,13,17,116.46,False,Süt Ürünleri,Peynir,Marka-F,False
2025-04-18,M02,U018,8,9,116.46,False,Süt Ürünleri,Peynir,Marka-F,False
2025-04-19,M02,U018,27,59,104.81,False,Süt Ürünleri,Peynir,Marka-F,True
2025-04-20,M02,U018,11,48,116.46,False,Süt Ürünleri,Peynir,Marka-F,False
2025-04-21,M02,U018,13,35,116.46,False,Süt Ürünleri,Peynir,Marka-F,False
2025-04-22,M02,U018,15,20,116.46,False,Süt Ürünleri,Peynir,Marka-F,False
2025-04-23,M02,U018,18,2,116.46,False,Süt Ürünleri,Peynir,Marka-F,False
2025-04-24,M02,U018,2,0,116.46,True,Süt Ürünleri,Peynir,Marka-F,False
2025-04-25,M02,U018,13,66,116.46,False,Süt Ürünleri,Peynir,Marka-F,False
2025-04-26,M02,U018,15,51,116.46,False,Süt Ürünleri,Peynir,Marka-F,False
2025-04-27,M02,U018,21,30,116.46,False,Süt Ürünleri,Peynir,Marka-F,False
2025-04-28,M02,U018,13,17,116.46,False,Süt Ürünleri,Peynir,Marka-F,False
2025-04-29,M02,U018,12,5,116.46,False,Süt Ürünleri,Peynir,Marka-F,False
2025-04-30,M02,U018,5,0,116.46,True,Süt Ürünleri,Peynir,Marka-F,False
2025-05-01,M02,U018,23,59,116.46,False,Süt Ürünleri,Peynir,Marka-F,False
2025-05-02,M02,U018,15,44,116.46,False,Süt Ürünleri,Peynir,Marka-F,False
2025-05-03,M02,U018,20,24,116.46,False,Süt Ürünleri,Peynir,Marka-F,False
2025-05-04,M02,U018,24,0,116.46,True,Süt Ürünleri,Peynir,Marka-F,False
2025-05-05,M02,U018,0,0,116.46,True,Süt Ürünleri,Peynir,Marka-F,False
2025-05-06,M02,U018,0,0,116.46,True,Süt Ürünleri,Peynir,Marka-F,False
2025-01-01,M03,U001,18,82,175.82,False,İçecek,Gazlı İçecek,Marka-A,False
2025-01-02,M03,U001,18,64,175.82,False,İçecek,Gazlı İçecek,Marka-A,False
2025-01-03,M03,U001,22,42,175.82,False,İçecek,Gazlı İçecek,Marka-A,False
2025-01-04,M03,U001,33,9,175.82,False,İçecek,Gazlı İçecek,Marka-A,False
2025-01-05,M03,U001,9,0,158.24,True,İçecek,Gazlı İçecek,Marka-A,True
2025-01-06,M03,U001,0,0,175.82,True,İçecek,Gazlı İçecek,Marka-A,False
2025-01-07,M03,U001,0,0,175.82,True,İçecek,Gazlı İçecek,Marka-A,False
2025-01-08,M03,U001,0,0,175.82,True,İçecek,Gazlı İçecek,Marka-A,False
2025-01-09,M03,U001,0,0,175.82,True,İçecek,Gazlı İçecek,Marka-A,False
2025-01-10,M03,U001,0,0,175.82,True,İçecek,Gazlı İçecek,Marka-A,False
2025-01-11,M03,U001,0,0,158.24,True,İçecek,Gazlı İçecek,Marka-A,True
2025-01-12,M03,U001,0,0,149.45,True,İçecek,Gazlı İçecek,Marka-A,True
2025-01-13,M03,U001,0,0,175.82,True,İçecek,Gazlı İçecek,Marka-A,False
2025-01-14,M03,U001,0,0,175.82,True,İçecek,Gazlı İçecek,Marka-A,False
2025-01-15,M03,U001,25,76,175.82,False,İçecek,Gazlı İçecek,Marka-A,False
2025-01-16,M03,U001,23,53,175.82,False,İçecek,Gazlı İçecek,Marka-A,False
2025-01-17,M03,U001,29,24,175.82,False,İçecek,Gazlı İçecek,Marka-A,False
2025-01-18,M03,U001,24,0,140.66,True,İçecek,Gazlı İçecek,Marka-A,True
2025-01-19,M03,U001,0,0,175.82,True,İçecek,Gazlı İçecek,Marka-A,False
2025-01-20,M03,U001,0,0,175.82,True,İçecek,Gazlı İçecek,Marka-A,False
2025-01-21,M03,U001,0,0,175.82,True,İçecek,Gazlı İçecek,Marka-A,False
2025-01-22,M03,U001,0,0,175.82,True,İçecek,Gazlı İçecek,Marka-A,False
2025-01-23,M03,U001,0,0,175.82,True,İçecek,Gazlı İçecek,Marka-A,False
2025-01-24,M03,U001,0,0,175.82,True,İçecek,Gazlı İçecek,Marka-A,False
2025-01-25,M03,U001,0,0,175.82,True,İçecek,Gazlı İçecek,Marka-A,False
2025-01-26,M03,U001,0,0,175.82,True,İçecek,Gazlı İçecek,Marka-A,False
2025-01-27,M03,U001,0,0,175.82,True,İçecek,Gazlı İçecek,Marka-A,False
2025-01-28,M03,U001,0,0,175.82,True,İçecek,Gazlı İçecek,Marka-A,False
2025-01-29,M03,U001,16,76,175.82,False,İçecek,Gazlı İçecek,Marka-A,False
2025-01-30,M03,U001,23,53,175.82,False,İçecek,Gazlı İçecek,Marka-A,False
2025-01-31,M03,U001,17,36,175.82,False,İçecek,Gazlı İçecek,Marka-A,False
2025-02-01,M03,U001,22,14,175.82,False,İçecek,Gazlı İçecek,Marka-A,False
2025-02-02,M03,U001,14,0,175.82,True,İçecek,Gazlı İçecek,Marka-A,False
2025-02-03,M03,U001,0,0,175.82,True,İçecek,Gazlı İçecek,Marka-A,False
2025-02-04,M03,U001,0,0,175.82,True,İçecek,Gazlı İçecek,Marka-A,False
2025-02-05,M03,U001,15,73,175.82,False,İçecek,Gazlı İçecek,Marka-A,False
2025-02-06,M03,U001,12,61,175.82,False,İçecek,Gazlı İçecek,Marka-A,False
2025-02-07,M03,U001,22,39,175.82,False,İçecek,Gazlı İçecek,Marka-A,False
2025-02-08,M03,U001,21,18,175.82,False,İçecek,Gazlı İçecek,Marka-A,False
2025-02-09,M03,U001,18,0,175.82,True,İçecek,Gazlı İçecek,Marka-A,False
2025-02-10,M03,U001,0,0,175.82,True,İçecek,Gazlı İçecek,Marka-A,False
2025-02-11,M03,U001,0,0,175.82,True,İçecek,Gazlı İçecek,Marka-A,False
2025-02-12,M03,U001,16,80,175.82,False,İçecek,Gazlı İçecek,Marka-A,False
2025-02-13,M03,U001,17,63,175.82,False,İçecek,Gazlı İçecek,Marka-A,False
2025-02-14,M03,U001,20,43,175.82,False,İçecek,Gazlı İçecek,Marka-A,False
2025-02-15,M03,U001,39,4,175.82,False,İçecek,Gazlı İçecek,Marka-A,False
2025-02-16,M03,U001,4,0,175.82,True,İçecek,Gazlı İçecek,Marka-A,False
2025-02-17,M03,U001,0,0,175.82,True,İçecek,Gazlı İçecek,Marka-A,False
2025-02-18,M03,U001,0,0,175.82,True,İçecek,Gazlı İçecek,Marka-A,False
2025-02-19,M03,U001,19,80,175.82,False,İçecek,Gazlı İçecek,Marka-A,False
2025-02-20,M03,U001,15,65,175.82,False,İçecek,Gazlı İçecek,Marka-A,False
2025-02-21,M03,U001,20,45,175.82,False,İçecek,Gazlı İçecek,Marka-A,False
2025-02-22,M03,U001,20,25,175.82,False,İçecek,Gazlı İçecek,Marka-A,False
2025-02-23,M03,U001,25,0,175.82,True,İçecek,Gazlı İçecek,Marka-A,False
2025-02-24,M03,U001,0,0,175.82,True,İçecek,Gazlı İçecek,Marka-A,False
2025-02-25,M03,U001,0,0,175.82,True,İçecek,Gazlı İçecek,Marka-A,False
2025-02-26,M03,U001,27,76,175.82,False,İçecek,Gazlı İçecek,Marka-A,False
2025-02-27,M03,U001,19,57,175.82,False,İçecek,Gazlı İçecek,Marka-A,False
2025-02-28,M03,U001,26,31,175.82,False,İçecek,Gazlı İçecek,Marka-A,False
2025-03-01,M03,U001,25,6,175.82,False,İçecek,Gazlı İçecek,Marka-A,False
2025-03-02,M03,U001,6,0,175.82,True,İçecek,Gazlı İçecek,Marka-A,False
2025-03-03,M03,U001,0,0,175.82,True,İçecek,Gazlı İçecek,Marka-A,False
2025-03-04,M03,U001,0,0,175.82,True,İçecek,Gazlı İçecek,Marka-A,False
2025-03-05,M03,U001,22,77,175.82,False,İçecek,Gazlı İçecek,Marka-A,False
2025-03-06,M03,U001,26,51,175.82,False,İçecek,Gazlı İçecek,Marka-A,False
2025-03-07,M03,U001,27,24,175.82,False,İçecek,Gazlı İçecek,Marka-A,False
2025-03-08,M03,U001,24,0,175.82,True,İçecek,Gazlı İçecek,Marka-A,False
2025-03-09,M03,U001,0,0,175.82,True,İçecek,Gazlı İçecek,Marka-A,False
2025-03-10,M03,U001,0,0,175.82,True,İçecek,Gazlı İçecek,Marka-A,False
2025-03-11,M03,U001,0,0,175.82,True,İçecek,Gazlı İçecek,Marka-A,False
2025-03-12,M03,U001,19,71,175.82,False,İçecek,Gazlı İçecek,Marka-A,False
2025-03-13,M03,U001,31,40,158.24,False,İçecek,Gazlı İçecek,Marka-A,True
2025-03-14,M03,U001,24,16,175.82,False,İçecek,Gazlı İçecek,Marka-A,False
2025-03-15,M03,U001,16,0,175.82,True,İçecek,Gazlı İçecek,Marka-A,False
2025-03-16,M03,U001,0,0,175.82,True,İçecek,Gazlı İçecek,Marka-A,False
2025-03-17,M03,U001,0,0,175.82,True,İçecek,Gazlı İçecek,Marka-A,False
2025-03-18,M03,U001,0,0,175.82,True,İçecek,Gazlı İçecek,Marka-A,False
2025-03-19,M03,U001,19,75,175.82,False,İçecek,Gazlı İçecek,Marka-A,False
2025-03-20,M03,U001,18,57,175.82,False,İçecek,Gazlı İçecek,Marka-A,False
2025-03-21,M03,U001,18,39,175.82,False,İçecek,Gazlı İçecek,Marka-A,False
2025-03-22,M03,U001,29,10,175.82,False,İçecek,Gazlı İçecek,Marka-A,False
2025-03-23,M03,U001,10,0,175.82,True,İçecek,Gazlı İçecek,Marka-A,False
2025-03-24,M03,U001,0,0,175.82,True,İçecek,Gazlı İçecek,Marka-A,False
2025-03-25,M03,U001,0,0,175.82,True,İçecek,Gazlı İçecek,Marka-A,False
2025-03-26,M03,U001,27,63,158.24,False,İçecek,Gazlı İçecek,Marka-A,True
2025-03-27,M03,U001,33,30,175.82,False,İçecek,Gazlı İçecek,Marka-A,False
2025-03-28,M03,U001,22,8,175.82,False,İçecek,Gazlı İçecek,Marka-A,False
2025-03-29,M03,U001,8,0,175.82,True,İçecek,Gazlı İçecek,Marka-A,False
2025-03-30,M03,U001,0,0,175.82,True,İçecek,Gazlı İçecek,Marka-A,False
2025-03-31,M03,U001,0,0,175.82,True,İçecek,Gazlı İçecek,Marka-A,False
2025-04-01,M03,U001,0,0,175.82,True,İçecek,Gazlı İçecek,Marka-A,False
2025-04-02,M03,U001,17,75,175.82,False,İçecek,Gazlı İçecek,Marka-A,False
2025-04-03,M03,U001,23,52,175.82,False,İçecek,Gazlı İçecek,Marka-A,False
2025-04-04,M03,U001,29,23,175.82,False,İçecek,Gazlı İçecek,Marka-A,False
2025-04-05,M03,U001,23,0,175.82,False,İçecek,Gazlı İçecek,Marka-A,False
2025-04-06,M03,U001,0,0,175.82,True,İçecek,Gazlı İçecek,Marka-A,False
2025-04-07,M03,U001,0,0,175.82,True,İçecek,Gazlı İçecek,Marka-A,False
2025-04-08,M03,U001,0,0,175.82,True,İçecek,Gazlı İçecek,Marka-A,False
2025-04-09,M03,U001,31,56,140.66,False,İçecek,Gazlı İçecek,Marka-A,True
2025-04-10,M03,U001,20,36,175.82,False,İçecek,Gazlı İçecek,Marka-A,False
2025-04-11,M03,U001,23,13,175.82,False,İçecek,Gazlı İçecek,Marka-A,False
2025-04-12,M03,U001,13,0,175.82,True,İçecek,Gazlı İçecek,Marka-A,False
2025-04-13,M03,U001,0,0,175.82,True,İçecek,Gazlı İçecek,Marka-A,False
2025-04-14,M03,U001,0,0,175.82,True,İçecek,Gazlı İçecek,Marka-A,False
2025-04-15,M03,U001,0,0,175.82,True,İçecek,Gazlı İçecek,Marka-A,False
2025-04-16,M03,U001,21,80,175.82,False,İçecek,Gazlı İçecek,Marka-A,False
2025-04-17,M03,U001,16,64,175.82,False,İçecek,Gazlı İçecek,Marka-A,False
2025-04-18,M03,U001,21,43,175.82,False,İçecek,Gazlı İçecek,Marka-A,False
2025-04-19,M03,U001,27,16,175.82,False,İçecek,Gazlı İçecek,Marka-A,False
2025-04-20,M03,U001,16,0,175.82,True,İçecek,Gazlı İçecek,Marka-A,False
2025-04-21,M03,U001,0,0,175.82,True,İçecek,Gazlı İçecek,Marka-A,False
2025-04-22,M03,U001,0,0,175.82,True,İçecek,Gazlı İçecek,Marka-A,False
2025-04-23,M03,U001,38,63,140.66,False,İçecek,Gazlı İçecek,Marka-A,True
2025-04-24,M03,U001,26,37,175.82,False,İçecek,Gazlı İçecek,Marka-A,False
2025-04-25,M03,U001,16,21,175.82,False,İçecek,Gazlı İçecek,Marka-A,False
2025-04-26,M03,U001,21,0,175.82,True,İçecek,Gazlı İçecek,Marka-A,False
2025-04-27,M03,U001,0,0,149.45,True,İçecek,Gazlı İçecek,Marka-A,True
2025-04-28,M03,U001,0,0,175.82,True,İçecek,Gazlı İçecek,Marka-A,False
2025-04-29,M03,U001,0,0,175.82,True,İçecek,Gazlı İçecek,Marka-A,False
2025-04-30,M03,U001,30,64,175.82,False,İçecek,Gazlı İçecek,Marka-A,False
2025-05-01,M03,U001,23,41,175.82,False,İçecek,Gazlı İçecek,Marka-A,False
2025-05-02,M03,U001,25,16,175.82,False,İçecek,Gazlı İçecek,Marka-A,False
2025-05-03,M03,U001,16,0,175.82,True,İçecek,Gazlı İçecek,Marka-A,False
2025-05-04,M03,U001,0,0,175.82,True,İçecek,Gazlı İçecek,Marka-A,False
2025-05-05,M03,U001,0,0,175.82,True,İçecek,Gazlı İçecek,Marka-A,False
2025-05-06,M03,U001,0,0,175.82,True,İçecek,Gazlı İçecek,Marka-A,False
2025-01-01,M03,U002,29,119,192.33,False,İçecek,Gazlı İçecek,Marka-B,False
2025-01-02,M03,U002,36,83,153.86,False,İçecek,Gazlı İçecek,Marka-B,True
2025-01-03,M03,U002,33,50,192.33,False,İçecek,Gazlı İçecek,Marka-B,False
2025-01-04,M03,U002,30,20,192.33,False,İçecek,Gazlı İçecek,Marka-B,False
2025-01-05,M03,U002,20,0,192.33,True,İçecek,Gazlı İçecek,Marka-B,False
2025-01-06,M03,U002,20,128,192.33,False,İçecek,Gazlı İçecek,Marka-B,False
2025-01-07,M03,U002,34,94,192.33,False,İçecek,Gazlı İçecek,Marka-B,False
2025-01-08,M03,U002,19,75,192.33,False,İçecek,Gazlı İçecek,Marka-B,False
2025-01-09,M03,U002,33,42,192.33,False,İçecek,Gazlı İçecek,Marka-B,False
2025-01-10,M03,U002,29,13,192.33,False,İçecek,Gazlı İçecek,Marka-B,False
2025-01-11,M03,U002,26,121,192.33,False,İçecek,Gazlı İçecek,Marka-B,False
2025-01-12,M03,U002,23,98,192.33,False,İçecek,Gazlı İçecek,Marka-B,False
2025-01-13,M03,U002,22,76,192.33,False,İçecek,Gazlı İçecek,Marka-B,False
2025-01-14,M03,U002,23,53,192.33,False,İçecek,Gazlı İçecek,Marka-B,False
2025-01-15,M03,U002,39,14,173.1,False,İçecek,Gazlı İçecek,Marka-B,True
2025-01-16,M03,U002,27,112,192.33,False,İçecek,Gazlı İçecek,Marka-B,False
2025-01-17,M03,U002,33,79,192.33,False,İçecek,Gazlı İçecek,Marka-B,False
2025-01-18,M03,U002,56,23,173.1,False,İçecek,Gazlı İçecek,Marka-B,True
2025-01-19,M03,U002,23,0,192.33,True,İçecek,Gazlı İçecek,Marka-B,False
2025-01-20,M03,U002,0,0,192.33,True,İçecek,Gazlı İçecek,Marka-B,False
2025-01-21,M03,U002,24,121,192.33,False,İçecek,Gazlı İçecek,Marka-B,False
2025-01-22,M03,U002,32,89,192.33,False,İçecek,Gazlı İçecek,Marka-B,False
2025-01-23,M03,U002,52,37,153.86,False,İçecek,Gazlı İçecek,Marka-B,True
2025-01-24,M03,U002,27,10,192.33,False,İçecek,Gazlı İçecek,Marka-B,False
2025-01-25,M03,U002,10,0,192.33,True,İçecek,Gazlı İçecek,Marka-B,False
2025-01-26,M03,U002,29,119,192.33,False,İçecek,Gazlı İçecek,Marka-B,False
2025-01-27,M03,U002,19,100,192.33,False,İçecek,Gazlı İçecek,Marka-B,False
2025-01-28,M03,U002,23,77,192.33,False,İçecek,Gazlı İçecek,Marka-B,False
2025-01-29,M03,U002,24,53,192.33,False,İçecek,Gazlı İçecek,Marka-B,False
2025-01-30,M03,U002,20,33,192.33,False,İçecek,Gazlı İçecek,Marka-B,False
2025-01-31,M03,U002,55,78,163.48,False,İçecek,Gazlı İçecek,Marka-B,True
2025-02-01,M03,U002,35,43,192.33,False,İçecek,Gazlı İçecek,Marka-B,False
2025-02-02,M03,U002,32,11,192.33,False,İçecek,Gazlı İçecek,Marka-B,False
2025-02-03,M03,U002,11,0,192.33,True,İçecek,Gazlı İçecek,Marka-B,False
2025-02-04,M03,U002,0,0,153.86,True,İçecek,Gazlı İçecek,Marka-B,True
2025-02-05,M03,U002,29,113,192.33,False,İçecek,Gazlı İçecek,Marka-B,False
2025-02-06,M03,U002,51,62,173.1,False,İçecek,Gazlı İçecek,Marka-B,True
2025-02-07,M03,U002,30,32,192.33,False,İçecek,Gazlı İçecek,Marka-B,False
2025-02-08,M03,U002,32,0,192.33,True,İçecek,Gazlı İçecek,Marka-B,False
2025-02-09,M03,U002,0,0,192.33,True,İçecek,Gazlı İçecek,Marka-B,False
2025-02-10,M03,U002,28,111,192.33,False,İçecek,Gazlı İçecek,Marka-B,False
2025-02-11,M03,U002,22,89,192.33,False,İçecek,Gazlı İçecek,Marka-B,False
2025-02-12,M03,U002,34,55,192.33,False,İçecek,Gazlı İçecek,Marka-B,False
2025-02-13,M03,U002,36,19,192.33,False,İçecek,Gazlı İçecek,Marka-B,False
2025-02-14,M03,U002,19,0,192.33,True,İçecek,Gazlı İçecek,Marka-B,False
2025-02-15,M03,U002,45,98,192.33,False,İçecek,Gazlı İçecek,Marka-B,False
2025-02-16,M03,U002,47,51,163.48,False,İçecek,Gazlı İçecek,Marka-B,True
2025-02-17,M03,U002,21,30,192.33,False,İçecek,Gazlı İçecek,Marka-B,False
2025-02-18,M03,U002,23,7,192.33,False,İçecek,Gazlı İçecek,Marka-B,False
2025-02-19,M03,U002,7,0,192.33,True,İçecek,Gazlı İçecek,Marka-B,False
2025-02-20,M03,U002,29,102,192.33,False,İçecek,Gazlı İçecek,Marka-B,False
2025-02-21,M03,U002,27,75,192.33,False,İçecek,Gazlı İçecek,Marka-B,False
2025-02-22,M03,U002,44,31,192.33,False,İçecek,Gazlı İçecek,Marka-B,False
2025-02-23,M03,U002,22,9,192.33,False,İçecek,Gazlı İçecek,Marka-B,False
2025-02-24,M03,U002,9,0,192.33,True,İçecek,Gazlı İçecek,Marka-B,False
2025-02-25,M03,U002,26,124,192.33,False,İçecek,Gazlı İçecek,Marka-B,False
2025-02-26,M03,U002,31,93,192.33,False,İçecek,Gazlı İçecek,Marka-B,False
2025-02-27,M03,U002,26,67,192.33,False,İçecek,Gazlı İçecek,Marka-B,False
2025-02-28,M03,U002,32,35,192.33,False,İçecek,Gazlı İçecek,Marka-B,False
2025-03-01,M03,U002,30,5,192.33,False,İçecek,Gazlı İçecek,Marka-B,False
2025-03-02,M03,U002,34,97,192.33,False,İçecek,Gazlı İçecek,Marka-B,False
2025-03-03,M03,U002,27,70,192.33,False,İçecek,Gazlı İçecek,Marka-B,False
2025-03-04,M03,U002,28,42,192.33,False,İçecek,Gazlı İçecek,Marka-B,False
2025-03-05,M03,U002,30,12,192.33,False,İçecek,Gazlı İçecek,Marka-B,False
2025-03-06,M03,U002,12,0,192.33,True,İçecek,Gazlı İçecek,Marka-B,False
2025-03-07,M03,U002,28,119,192.33,False,İçecek,Gazlı İçecek,Marka-B,False
2025-03-08,M03,U002,31,88,192.33,False,İçecek,Gazlı İçecek,Marka-B,False
2025-03-09,M03,U002,37,51,192.33,False,İçecek,Gazlı İçecek,Marka-B,False
2025-03-10,M03,U002,23,28,192.33,False,İçecek,Gazlı İçecek,Marka-B,False
2025-03-11,M03,U002,28,0,192.33,True,İçecek,Gazlı İçecek,Marka-B,False
2025-03-12,M03,U002,25,133,192.33,False,İçecek,Gazlı İçecek,Marka-B,False
2025-03-13,M03,U002,24,109,192.33,False,İçecek,Gazlı İçecek,Marka-B,False
2025-03-14,M03,U002,37,72,173.1,False,İçecek,Gazlı İçecek,Marka-B,True
2025-03-15,M03,U002,43,29,192.33,False,İçecek,Gazlı İçecek,Marka-B,False
2025-03-16,M03,U002,29,0,192.33,True,İçecek,Gazlı İçecek,Marka-B,False
2025-03-17,M03,U002,26,129,192.33,False,İçecek,Gazlı İçecek,Marka-B,False
2025-03-18,M03,U002,30,99,192.33,False,İçecek,Gazlı İçecek,Marka-B,False
2025-03-19,M03,U002,41,58,153.86,False,İçecek,Gazlı İçecek,Marka-B,True
2025-03-20,M03,U002,29,29,192.33,False,İçecek,Gazlı İçecek,Marka-B,False
2025-03-21,M03,U002,29,0,192.33,True,İçecek,Gazlı İçecek,Marka-B,False
2025-03-22,M03,U002,35,112,192.33,False,İçecek,Gazlı İçecek,Marka-B,False
2025-03-23,M03,U002,30,82,192.33,False,İçecek,Gazlı İçecek,Marka-B,False
2025-03-24,M03,U002,23,59,192.33,False,İçecek,Gazlı İçecek,Marka-B,False
2025-03-25,M03,U002,22,37,192.33,False,İçecek,Gazlı İçecek,Marka-B,False
2025-03-26,M03,U002,18,19,192.33,False,İçecek,Gazlı İçecek,Marka-B,False
2025-03-27,M03,U002,44,92,153.86,False,İçecek,Gazlı İçecek,Marka-B,True
2025-03-28,M03,U002,53,39,153.86,False,İçecek,Gazlı İçecek,Marka-B,True
2025-03-29,M03,U002,39,0,192.33,True,İçecek,Gazlı İçecek,Marka-B,False
2025-03-30,M03,U002,0,0,163.48,True,İçecek,Gazlı İçecek,Marka-B,True
2025-03-31,M03,U002,0,0,192.33,True,İçecek,Gazlı İçecek,Marka-B,False
2025-04-01,M03,U002,0,0,192.33,True,İçecek,Gazlı İçecek,Marka-B,False
2025-04-02,M03,U002,0,0,192.33,True,İçecek,Gazlı İçecek,Marka-B,False
2025-04-03,M03,U002,0,0,192.33,True,İçecek,Gazlı İçecek,Marka-B,False
2025-04-04,M03,U002,0,0,173.1,True,İçecek,Gazlı İçecek,Marka-B,True
2025-04-05,M03,U002,0,0,153.86,True,İçecek,Gazlı İçecek,Marka-B,True
2025-04-06,M03,U002,32,112,192.33,False,İçecek,Gazlı İçecek,Marka-B,False
2025-04-07,M03,U002,29,83,192.33,False,İçecek,Gazlı İçecek,Marka-B,False
2025-04-08,M03,U002,26,57,192.33,False,İçecek,Gazlı İçecek,Marka-B,False
2025-04-09,M03,U002,29,28,192.33,False,İçecek,Gazlı İçecek,Marka-B,False
2025-04-10,M03,U002,28,0,173.1,True,İçecek,Gazlı İçecek,Marka-B,True
2025-04-11,M03,U002,33,115,192.33,False,İçecek,Gazlı İçecek,Marka-B,False
2025-04-12,M03,U002,30,85,192.33,False,İçecek,Gazlı İçecek,Marka-B,False
2025-04-13,M03,U002,31,54,192.33,False,İçecek,Gazlı İçecek,Marka-B,False
2025-04-14,M03,U002,24,30,192.33,False,İçecek,Gazlı İçecek,Marka-B,False
2025-04-15,M03,U002,30,0,163.48,True,İçecek,Gazlı İçecek,Marka-B,True
2025-04-16,M03,U002,28,103,192.33,False,İçecek,Gazlı İçecek,Marka-B,False
2025-04-17,M03,U002,35,68,192.33,False,İçecek,Gazlı İçecek,Marka-B,False
2025-04-18,M03,U002,35,33,192.33,False,İçecek,Gazlı İçecek,Marka-B,False
2025-04-19,M03,U002,33,0,192.33,True,İçecek,Gazlı İçecek,Marka-B,False
2025-04-20,M03,U002,0,0,192.33,True,İçecek,Gazlı İçecek,Marka-B,False
2025-04-21,M03,U002,21,113,192.33,False,İçecek,Gazlı İçecek,Marka-B,False
2025-04-22,M03,U002,28,85,192.33,False,İçecek,Gazlı İçecek,Marka-B,False
2025-04-23,M03,U002,34,51,192.33,False,İçecek,Gazlı İçecek,Marka-B,False
2025-04-24,M03,U002,25,26,192.33,False,İçecek,Gazlı İçecek,Marka-B,False
2025-04-25,M03,U002,26,0,192.33,True,İçecek,Gazlı İçecek,Marka-B,False
2025-04-26,M03,U002,31,108,192.33,False,İçecek,Gazlı İçecek,Marka-B,False
2025-04-27,M03,U002,31,77,192.33,False,İçecek,Gazlı İçecek,Marka-B,False
2025-04-28,M03,U002,23,54,192.33,False,İçecek,Gazlı İçecek,Marka-B,False
2025-04-29,M03,U002,27,27,192.33,False,İçecek,Gazlı İçecek,Marka-B,False
2025-04-30,M03,U002,27,0,192.33,True,İçecek,Gazlı İçecek,Marka-B,False
2025-05-01,M03,U002,27,116,192.33,False,İçecek,Gazlı İçecek,Marka-B,False
2025-05-02,M03,U002,40,76,192.33,False,İçecek,Gazlı İçecek,Marka-B,False
2025-05-03,M03,U002,37,39,192.33,False,İçecek,Gazlı İçecek,Marka-B,False
2025-05-04,M03,U002,35,4,192.33,False,İçecek,Gazlı İçecek,Marka-B,False
2025-05-05,M03,U002,4,0,192.33,True,İçecek,Gazlı İçecek,Marka-B,False
2025-05-06,M03,U002,26,125,192.33,False,İçecek,Gazlı İçecek,Marka-B,False
2025-01-01,M03,U003,35,221,43.26,False,İçecek,Meyve Suyu,Marka-C,False
2025-01-02,M03,U003,32,189,43.26,False,İçecek,Meyve Suyu,Marka-C,False
2025-01-03,M03,U003,37,152,43.26,False,İçecek,Meyve Suyu,Marka-C,False
2025-01-04,M03,U003,37,115,43.26,False,İçecek,Meyve Suyu,Marka-C,False
2025-01-05,M03,U003,36,79,43.26,False,İçecek,Meyve Suyu,Marka-C,False
2025-01-06,M03,U003,27,52,43.26,False,İçecek,Meyve Suyu,Marka-C,False
2025-01-07,M03,U003,26,237,43.26,False,İçecek,Meyve Suyu,Marka-C,False
2025-01-08,M03,U003,40,197,43.26,False,İçecek,Meyve Suyu,Marka-C,False
2025-01-09,M03,U003,31,166,43.26,False,İçecek,Meyve Suyu,Marka-C,False
2025-01-10,M03,U003,38,128,43.26,False,İçecek,Meyve Suyu,Marka-C,False
2025-01-11,M03,U003,43,85,43.26,False,İçecek,Meyve Suyu,Marka-C,False
2025-01-12,M03,U003,39,46,43.26,False,İçecek,Meyve Suyu,Marka-C,False
2025-01-13,M03,U003,31,222,43.26,False,İçecek,Meyve Suyu,Marka-C,False
2025-01-14,M03,U003,40,182,43.26,False,İçecek,Meyve Suyu,Marka-C,False
2025-01-15,M03,U003,32,150,43.26,False,İçecek,Meyve Suyu,Marka-C,False
2025-01-16,M03,U003,58,92,43.26,False,İçecek,Meyve Suyu,Marka-C,False
2025-01-17,M03,U003,27,65,43.26,False,İçecek,Meyve Suyu,Marka-C,False
2025-01-18,M03,U003,44,21,43.26,False,İçecek,Meyve Suyu,Marka-C,False
2025-01-19,M03,U003,52,168,43.26,False,İçecek,Meyve Suyu,Marka-C,False
2025-01-20,M03,U003,28,140,43.26,False,İçecek,Meyve Suyu,Marka-C,False
2025-01-21,M03,U003,37,103,43.26,False,İçecek,Meyve Suyu,Marka-C,False
2025-01-22,M03,U003,36,67,43.26,False,İçecek,Meyve Suyu,Marka-C,False
2025-01-23,M03,U003,41,26,43.26,False,İçecek,Meyve Suyu,Marka-C,False
2025-01-24,M03,U003,26,0,43.26,True,İçecek,Meyve Suyu,Marka-C,False
2025-01-25,M03,U003,56,189,43.26,False,İçecek,Meyve Suyu,Marka-C,False
2025-01-26,M03,U003,67,122,38.93,False,İçecek,Meyve Suyu,Marka-C,True
2025-01-27,M03,U003,26,96,43.26,False,İçecek,Meyve Suyu,Marka-C,False
2025-01-28,M03,U003,41,55,43.26,False,İçecek,Meyve Suyu,Marka-C,False
2025-01-29,M03,U003,44,11,43.26,False,İçecek,Meyve Suyu,Marka-C,False
2025-01-30,M03,U003,11,0,43.26,True,İçecek,Meyve Suyu,Marka-C,False
2025-01-31,M03,U003,44,192,43.26,False,İçecek,Meyve Suyu,Marka-C,False
2025-02-01,M03,U003,43,149,43.26,False,İçecek,Meyve Suyu,Marka-C,False
2025-02-02,M03,U003,61,88,36.77,False,İçecek,Meyve Suyu,Marka-C,True
2025-02-03,M03,U003,24,64,43.26,False,İçecek,Meyve Suyu,Marka-C,False
2025-02-04,M03,U003,24,40,43.26,False,İçecek,Meyve Suyu,Marka-C,False
2025-02-05,M03,U003,40,0,43.26,True,İçecek,Meyve Suyu,Marka-C,False
2025-02-06,M03,U003,52,204,36.77,False,İçecek,Meyve Suyu,Marka-C,True
2025-02-07,M03,U003,34,170,43.26,False,İçecek,Meyve Suyu,Marka-C,False
2025-02-08,M03,U003,45,125,43.26,False,İçecek,Meyve Suyu,Marka-C,False
2025-02-09,M03,U003,37,88,43.26,False,İçecek,Meyve Suyu,Marka-C,False
2025-02-10,M03,U003,28,60,43.26,False,İçecek,Meyve Suyu,Marka-C,False
2025-02-11,M03,U003,31,29,43.26,False,İçecek,Meyve Suyu,Marka-C,False
2025-02-12,M03,U003,43,190,43.26,False,İçecek,Meyve Suyu,Marka-C,False
2025-02-13,M03,U003,41,149,43.26,False,İçecek,Meyve Suyu,Marka-C,False
2025-02-14,M03,U003,46,103,43.26,False,İçecek,Meyve Suyu,Marka-C,False
2025-02-15,M03,U003,33,70,43.26,False,İçecek,Meyve Suyu,Marka-C,False
2025-02-16,M03,U003,47,23,43.26,False,İçecek,Meyve Suyu,Marka-C,False
2025-02-17,M03,U003,23,0,43.26,True,İçecek,Meyve Suyu,Marka-C,False
2025-02-18,M03,U003,27,200,43.26,False,İçecek,Meyve Suyu,Marka-C,False
2025-02-19,M03,U003,32,168,43.26,False,İçecek,Meyve Suyu,Marka-C,False
2025-02-20,M03,U003,48,120,34.61,False,İçecek,Meyve Suyu,Marka-C,True
2025-02-21,M03,U003,37,83,43.26,False,İçecek,Meyve Suyu,Marka-C,False
2025-02-22,M03,U003,56,27,43.26,False,İçecek,Meyve Suyu,Marka-C,False
2025-02-23,M03,U003,27,0,43.26,True,İçecek,Meyve Suyu,Marka-C,False
2025-02-24,M03,U003,0,0,43.26,True,İçecek,Meyve Suyu,Marka-C,False
2025-02-25,M03,U003,0,0,43.26,True,İçecek,Meyve Suyu,Marka-C,False
2025-02-26,M03,U003,0,0,43.26,True,İçecek,Meyve Suyu,Marka-C,False
2025-02-27,M03,U003,0,0,43.26,True,İçecek,Meyve Suyu,Marka-C,False
2025-02-28,M03,U003,0,0,43.26,True,İçecek,Meyve Suyu,Marka-C,False
2025-03-01,M03,U003,0,0,43.26,True,İçecek,Meyve Suyu,Marka-C,False
2025-03-02,M03,U003,0,0,43.26,True,İçecek,Meyve Suyu,Marka-C,False
2025-03-03,M03,U003,0,0,43.26,True,İçecek,Meyve Suyu,Marka-C,False
2025-03-04,M03,U003,0,0,43.26,True,İçecek,Meyve Suyu,Marka-C,False
2025-03-05,M03,U003,0,0,43.26,True,İçecek,Meyve Suyu,Marka-C,False
2025-03-06,M03,U003,0,0,43.26,True,İçecek,Meyve Suyu,Marka-C,False
2025-03-07,M03,U003,0,0,43.26,True,İçecek,Meyve Suyu,Marka-C,False
2025-03-08,M03,U003,53,189,43.26,False,İçecek,Meyve Suyu,Marka-C,False
2025-03-09,M03,U003,44,145,43.26,False,İçecek,Meyve Suyu,Marka-C,False
2025-03-10,M03,U003,41,104,43.26,False,İçecek,Meyve Suyu,Marka-C,False
2025-03-11,M03,U003,63,41,36.77,False,İçecek,Meyve Suyu,Marka-C,True
2025-03-12,M03,U003,35,6,43.26,False,İçecek,Meyve Suyu,Marka-C,False
2025-03-13,M03,U003,6,0,43.26,True,İçecek,Meyve Suyu,Marka-C,False
2025-03-14,M03,U003,57,194,43.26,False,İçecek,Meyve Suyu,Marka-C,False
2025-03-15,M03,U003,43,151,43.26,False,İçecek,Meyve Suyu,Marka-C,False
2025-03-16,M03,U003,50,101,43.26,False,İçecek,Meyve Suyu,Marka-C,False
2025-03-17,M03,U003,33,68,43.26,False,İçecek,Meyve Suyu,Marka-C,False
2025-03-18,M03,U003,44,24,43.26,False,İçecek,Meyve Suyu,Marka-C,False
2025-03-19,M03,U003,24,0,43.26,True,İçecek,Meyve Suyu,Marka-C,False
2025-03-20,M03,U003,41,202,43.26,False,İçecek,Meyve Suyu,Marka-C,False
2025-03-21,M03,U003,47,155,43.26,False,İçecek,Meyve Suyu,Marka-C,False
2025-03-22,M03,U003,72,83,38.93,False,İçecek,Meyve Suyu,Marka-C,True
2025-03-23,M03,U003,40,43,43.26,False,İçecek,Meyve Suyu,Marka-C,False
2025-03-24,M03,U003,43,0,43.26,False,İçecek,Meyve Suyu,Marka-C,False
2025-03-25,M03,U003,0,0,43.26,True,İçecek,Meyve Suyu,Marka-C,False
2025-03-26,M03,U003,42,177,43.26,False,İçecek,Meyve Suyu,Marka-C,False
2025-03-27,M03,U003,40,137,43.26,False,İçecek,Meyve Suyu,Marka-C,False
2025-03-28,M03,U003,39,98,43.26,False,İçecek,Meyve Suyu,Marka-C,False
2025-03-29,M03,U003,58,40,43.26,False,İçecek,Meyve Suyu,Marka-C,False
2025-03-30,M03,U003,40,0,43.26,True,İçecek,Meyve Suyu,Marka-C,False
2025-03-31,M03,U003,0,0,43.26,True,İçecek,Meyve Suyu,Marka-C,False
2025-04-01,M03,U003,47,194,43.26,False,İçecek,Meyve Suyu,Marka-C,False
2025-04-02,M03,U003,37,157,43.26,False,İçecek,Meyve Suyu,Marka-C,False
2025-04-03,M03,U003,32,125,43.26,False,İçecek,Meyve Suyu,Marka-C,False
2025-04-04,M03,U003,41,84,43.26,False,İçecek,Meyve Suyu,Marka-C,False
2025-04-05,M03,U003,73,11,43.26,False,İçecek,Meyve Suyu,Marka-C,False
2025-04-06,M03,U003,11,0,43.26,True,İçecek,Meyve Suyu,Marka-C,False
2025-04-07,M03,U003,41,216,43.26,False,İçecek,Meyve Suyu,Marka-C,False
2025-04-08,M03,U003,28,188,43.26,False,İçecek,Meyve Suyu,Marka-C,False
2025-04-09,M03,U003,29,159,43.26,False,İçecek,Meyve Suyu,Marka-C,False
2025-04-10,M03,U003,33,126,43.26,False,İçecek,Meyve Suyu,Marka-C,False
2025-04-11,M03,U003,34,92,43.26,False,İçecek,Meyve Suyu,Marka-C,False
2025-04-12,M03,U003,38,54,43.26,False,İçecek,Meyve Suyu,Marka-C,False
2025-04-13,M03,U003,43,184,43.26,False,İçecek,Meyve Suyu,Marka-C,False
2025-04-14,M03,U003,50,134,36.77,False,İçecek,Meyve Suyu,Marka-C,True
2025-04-15,M03,U003,58,76,34.61,False,İçecek,Meyve Suyu,Marka-C,True
2025-04-16,M03,U003,65,11,36.77,False,İçecek,Meyve Suyu,Marka-C,True
2025-04-17,M03,U003,11,0,38.93,True,İçecek,Meyve Suyu,Marka-C,True
2025-04-18,M03,U003,0,0,43.26,True,İçecek,Meyve Suyu,Marka-C,False
2025-04-19,M03,U003,57,190,43.26,False,İçecek,Meyve Suyu,Marka-C,False
2025-04-20,M03,U003,42,148,43.26,False,İçecek,Meyve Suyu,Marka-C,False
2025-04-21,M03,U003,34,114,43.26,False,İçecek,Meyve Suyu,Marka-C,False
2025-04-22,M03,U003,40,74,43.26,False,İçecek,Meyve Suyu,Marka-C,False
2025-04-23,M03,U003,50,24,43.26,False,İçecek,Meyve Suyu,Marka-C,False
2025-04-24,M03,U003,24,0,43.26,True,İçecek,Meyve Suyu,Marka-C,False
2025-04-25,M03,U003,0,0,43.26,True,İçecek,Meyve Suyu,Marka-C,False
2025-04-26,M03,U003,0,0,34.61,True,İçecek,Meyve Suyu,Marka-C,True
2025-04-27,M03,U003,0,0,43.26,True,İçecek,Meyve Suyu,Marka-C,False
2025-04-28,M03,U003,0,0,43.26,True,İçecek,Meyve Suyu,Marka-C,False
2025-04-29,M03,U003,0,0,43.26,True,İçecek,Meyve Suyu,Marka-C,False
2025-04-30,M03,U003,0,0,43.26,True,İçecek,Meyve Suyu,Marka-C,False
2025-05-01,M03,U003,48,199,43.26,False,İçecek,Meyve Suyu,Marka-C,False
2025-05-02,M03,U003,29,170,43.26,False,İçecek,Meyve Suyu,Marka-C,False
2025-05-03,M03,U003,66,104,38.93,False,İçecek,Meyve Suyu,Marka-C,True
2025-05-04,M03,U003,72,32,38.93,False,İçecek,Meyve Suyu,Marka-C,True
2025-05-05,M03,U003,32,0,43.26,True,İçecek,Meyve Suyu,Marka-C,False
2025-05-06,M03,U003,0,0,43.26,True,İçecek,Meyve Suyu,Marka-C,False
2025-01-01,M03,U004,24,147,173.32,False,İçecek,Meyve Suyu,Marka-D,False
2025-01-02,M03,U004,26,121,173.32,False,İçecek,Meyve Suyu,Marka-D,False
2025-01-03,M03,U004,32,89,173.32,False,İçecek,Meyve Suyu,Marka-D,False
2025-01-04,M03,U004,38,51,173.32,False,İçecek,Meyve Suyu,Marka-D,False
2025-01-05,M03,U004,30,21,173.32,False,İçecek,Meyve Suyu,Marka-D,False
2025-01-06,M03,U004,14,7,173.32,False,İçecek,Meyve Suyu,Marka-D,False
2025-01-07,M03,U004,7,0,173.32,True,İçecek,Meyve Suyu,Marka-D,False
2025-01-08,M03,U004,29,130,173.32,False,İçecek,Meyve Suyu,Marka-D,False
2025-01-09,M03,U004,36,94,173.32,False,İçecek,Meyve Suyu,Marka-D,False
2025-01-10,M03,U004,53,41,155.99,False,İçecek,Meyve Suyu,Marka-D,True
2025-01-11,M03,U004,40,1,173.32,False,İçecek,Meyve Suyu,Marka-D,False
2025-01-12,M03,U004,1,0,173.32,True,İçecek,Meyve Suyu,Marka-D,False
2025-01-13,M03,U004,0,0,147.32,True,İçecek,Meyve Suyu,Marka-D,True
2025-01-14,M03,U004,0,0,173.32,True,İçecek,Meyve Suyu,Marka-D,False
2025-01-15,M03,U004,25,150,173.32,False,İçecek,Meyve Suyu,Marka-D,False
2025-01-16,M03,U004,46,104,147.32,False,İçecek,Meyve Suyu,Marka-D,True
2025-01-17,M03,U004,41,63,173.32,False,İçecek,Meyve Suyu,Marka-D,False
2025-01-18,M03,U004,41,22,173.32,False,İçecek,Meyve Suyu,Marka-D,False
2025-01-19,M03,U004,22,0,173.32,True,İçecek,Meyve Suyu,Marka-D,False
2025-01-20,M03,U004,0,0,173.32,True,İçecek,Meyve Suyu,Marka-D,False
2025-01-21,M03,U004,0,0,173.32,True,İçecek,Meyve Suyu,Marka-D,False
2025-01-22,M03,U004,23,133,173.32,False,İçecek,Meyve Suyu,Marka-D,False
2025-01-23,M03,U004,46,87,138.66,False,İçecek,Meyve Suyu,Marka-D,True
2025-01-24,M03,U004,27,60,173.32,False,İçecek,Meyve Suyu,Marka-D,False
2025-01-25,M03,U004,33,27,173.32,False,İçecek,Meyve Suyu,Marka-D,False
2025-01-26,M03,U004,26,1,173.32,False,İçecek,Meyve Suyu,Marka-D,False
2025-01-27,M03,U004,1,0,173.32,True,İçecek,Meyve Suyu,Marka-D,False
2025-01-28,M03,U004,0,0,138.66,True,İçecek,Meyve Suyu,Marka-D,True
2025-01-29,M03,U004,28,125,173.32,False,İçecek,Meyve Suyu,Marka-D,False
2025-01-30,M03,U004,28,97,173.32,False,İçecek,Meyve Suyu,Marka-D,False
2025-01-31,M03,U004,29,68,173.32,False,İçecek,Meyve Suyu,Marka-D,False
2025-02-01,M03,U004,53,15,173.32,False,İçecek,Meyve Suyu,Marka-D,False
2025-02-02,M03,U004,15,0,173.32,True,İçecek,Meyve Suyu,Marka-D,False
2025-02-03,M03,U004,0,0,173.32,True,İçecek,Meyve Suyu,Marka-D,False
2025-02-04,M03,U004,0,0,173.32,True,İçecek,Meyve Suyu,Marka-D,False
2025-02-05,M03,U004,0,0,173.32,True,İçecek,Meyve Suyu,Marka-D,False
2025-02-06,M03,U004,0,0,173.32,True,İçecek,Meyve Suyu,Marka-D,False
2025-02-07,M03,U004,0,0,173.32,True,İçecek,Meyve Suyu,Marka-D,False
2025-02-08,M03,U004,0,0,155.99,True,İçecek,Meyve Suyu,Marka-D,True
2025-02-09,M03,U004,0,0,173.32,True,İçecek,Meyve Suyu,Marka-D,False
2025-02-10,M03,U004,0,0,173.32,True,İçecek,Meyve Suyu,Marka-D,False
2025-02-11,M03,U004,0,0,173.32,True,İçecek,Meyve Suyu,Marka-D,False
2025-02-12,M03,U004,26,150,173.32,False,İçecek,Meyve Suyu,Marka-D,False
2025-02-13,M03,U004,66,84,147.32,False,İçecek,Meyve Suyu,Marka-D,True
2025-02-14,M03,U004,30,54,173.32,False,İçecek,Meyve Suyu,Marka-D,False
2025-02-15,M03,U004,23,31,173.32,False,İçecek,Meyve Suyu,Marka-D,False
2025-02-16,M03,U004,31,0,173.32,True,İçecek,Meyve Suyu,Marka-D,False
2025-02-17,M03,U004,0,0,173.32,True,İçecek,Meyve Suyu,Marka-D,False
2025-02-18,M03,U004,0,0,173.32,True,İçecek,Meyve Suyu,Marka-D,False
2025-02-19,M03,U004,27,142,173.32,False,İçecek,Meyve Suyu,Marka-D,False
2025-02-20,M03,U004,27,115,173.32,False,İçecek,Meyve Suyu,Marka-D,False
2025-02-21,M03,U004,29,86,173.32,False,İçecek,Meyve Suyu,Marka-D,False
2025-02-22,M03,U004,41,45,173.32,False,İçecek,Meyve Suyu,Marka-D,False
2025-02-23,M03,U004,43,2,173.32,False,İçecek,Meyve Suyu,Marka-D,False
2025-02-24,M03,U004,2,0,173.32,True,İçecek,Meyve Suyu,Marka-D,False
2025-02-25,M03,U004,0,0,173.32,True,İçecek,Meyve Suyu,Marka-D,False
2025-02-26,M03,U004,26,143,173.32,False,İçecek,Meyve Suyu,Marka-D,False
2025-02-27,M03,U004,51,92,147.32,False,İçecek,Meyve Suyu,Marka-D,True
2025-02-28,M03,U004,41,51,138.66,False,İçecek,Meyve Suyu,Marka-D,True
2025-03-01,M03,U004,30,21,173.32,False,İçecek,Meyve Suyu,Marka-D,False
2025-03-02,M03,U004,21,0,173.32,True,İçecek,Meyve Suyu,Marka-D,False
2025-03-03,M03,U004,0,0,173.32,True,İçecek,Meyve Suyu,Marka-D,False
2025-03-04,M03,U004,0,0,173.32,True,İçecek,Meyve Suyu,Marka-D,False
2025-03-05,M03,U004,50,106,138.66,False,İçecek,Meyve Suyu,Marka-D,True
2025-03-06,M03,U004,27,79,173.32,False,İçecek,Meyve Suyu,Marka-D,False
2025-03-07,M03,U004,37,42,173.32,False,İçecek,Meyve Suyu,Marka-D,False
2025-03-08,M03,U004,33,9,173.32,False,İçecek,Meyve Suyu,Marka-D,False
2025-03-09,M03,U004,9,0,173.32,True,İçecek,Meyve Suyu,Marka-D,False
2025-03-10,M03,U004,0,0,173.32,True,İçecek,Meyve Suyu,Marka-D,False
2025-03-11,M03,U004,0,0,173.32,True,İçecek,Meyve Suyu,Marka-D,False
2025-03-12,M03,U004,29,145,173.32,False,İçecek,Meyve Suyu,Marka-D,False
2025-03-13,M03,U004,34,111,173.32,False,İçecek,Meyve Suyu,Marka-D,False
2025-03-14,M03,U004,31,80,173.32,False,İçecek,Meyve Suyu,Marka-D,False
2025-03-15,M03,U004,60,20,147.32,False,İçecek,Meyve Suyu,Marka-D,True
2025-03-16,M03,U004,20,0,173.32,True,İçecek,Meyve Suyu,Marka-D,False
2025-03-17,M03,U004,0,0,173.32,True,İçecek,Meyve Suyu,Marka-D,False
2025-03-18,M03,U004,0,0,173.32,True,İçecek,Meyve Suyu,Marka-D,False
2025-03-19,M03,U004,26,152,173.32,False,İçecek,Meyve Suyu,Marka-D,False
2025-03-20,M03,U004,34,118,173.32,False,İçecek,Meyve Suyu,Marka-D,False
2025-03-21,M03,U004,31,87,173.32,False,İçecek,Meyve Suyu,Marka-D,False
2025-03-22,M03,U004,47,40,173.32,False,İçecek,Meyve Suyu,Marka-D,False
2025-03-23,M03,U004,31,9,173.32,False,İçecek,Meyve Suyu,Marka-D,False
2025-03-24,M03,U004,9,0,173.32,True,İçecek,Meyve Suyu,Marka-D,False
2025-03-25,M03,U004,0,0,173.32,True,İçecek,Meyve Suyu,Marka-D,False
2025-03-26,M03,U004,38,121,173.32,False,İçecek,Meyve Suyu,Marka-D,False
2025-03-27,M03,U004,36,85,173.32,False,İçecek,Meyve Suyu,Marka-D,False
2025-03-28,M03,U004,31,54,173.32,False,İçecek,Meyve Suyu,Marka-D,False
2025-03-29,M03,U004,45,9,173.32,False,İçecek,Meyve Suyu,Marka-D,False
2025-03-30,M03,U004,9,0,173.32,True,İçecek,Meyve Suyu,Marka-D,False
2025-03-31,M03,U004,0,0,173.32,True,İçecek,Meyve Suyu,Marka-D,False
2025-04-01,M03,U004,0,0,173.32,True,İçecek,Meyve Suyu,Marka-D,False
2025-04-02,M03,U004,38,136,173.32,False,İçecek,Meyve Suyu,Marka-D,False
2025-04-03,M03,U004,44,92,147.32,False,İçecek,Meyve Suyu,Marka-D,True
2025-04-04,M03,U004,45,47,173.32,False,İçecek,Meyve Suyu,Marka-D,False
2025-04-05,M03,U004,43,4,173.32,False,İçecek,Meyve Suyu,Marka-D,False
2025-04-06,M03,U004,4,0,173.32,True,İçecek,Meyve Suyu,Marka-D,False
2025-04-07,M03,U004,0,0,173.32,True,İçecek,Meyve Suyu,Marka-D,False
2025-04-08,M03,U004,0,0,173.32,True,İçecek,Meyve Suyu,Marka-D,False
2025-04-09,M03,U004,35,135,173.32,False,İçecek,Meyve Suyu,Marka-D,False
2025-04-10,M03,U004,24,111,173.32,False,İçecek,Meyve Suyu,Marka-D,False
2025-04-11,M03,U004,63,48,155.99,False,İçecek,Meyve Suyu,Marka-D,True
2025-04-12,M03,U004,48,0,173.32,True,İçecek,Meyve Suyu,Marka-D,False
2025-04-13,M03,U004,0,0,173.32,True,İçecek,Meyve Suyu,Marka-D,False
2025-04-14,M03,U004,0,0,173.32,True,İçecek,Meyve Suyu,Marka-D,False
2025-04-15,M03,U004,0,0,173.32,True,İçecek,Meyve Suyu,Marka-D,False
2025-04-16,M03,U004,29,125,173.32,False,İçecek,Meyve Suyu,Marka-D,False
2025-04-17,M03,U004,39,86,173.32,False,İçecek,Meyve Suyu,Marka-D,False
2025-04-18,M03,U004,30,56,173.32,False,İçecek,Meyve Suyu,Marka-D,False
2025-04-19,M03,U004,41,15,173.32,False,İçecek,Meyve Suyu,Marka-D,False
2025-04-20,M03,U004,15,0,173.32,True,İçecek,Meyve Suyu,Marka-D,False
2025-04-21,M03,U004,0,0,147.32,True,İçecek,Meyve Suyu,Marka-D,True
2025-04-22,M03,U004,0,0,173.32,True,İçecek,Meyve Suyu,Marka-D,False
2025-04-23,M03,U004,26,145,173.32,False,İçecek,Meyve Suyu,Marka-D,False
2025-04-24,M03,U004,31,114,173.32,False,İçecek,Meyve Suyu,Marka-D,False
2025-04-25,M03,U004,37,77,173.32,False,İçecek,Meyve Suyu,Marka-D,False
2025-04-26,M03,U004,35,42,173.32,False,İçecek,Meyve Suyu,Marka-D,False
2025-04-27,M03,U004,42,0,173.32,True,İçecek,Meyve Suyu,Marka-D,False
2025-04-28,M03,U004,0,0,155.99,True,İçecek,Meyve Suyu,Marka-D,True
2025-04-29,M03,U004,0,0,173.32,True,İçecek,Meyve Suyu,Marka-D,False
2025-04-30,M03,U004,41,115,173.32,False,İçecek,Meyve Suyu,Marka-D,False
2025-05-01,M03,U004,29,86,173.32,False,İçecek,Meyve Suyu,Marka-D,False
2025-05-02,M03,U004,31,55,173.32,False,İçecek,Meyve Suyu,Marka-D,False
2025-05-03,M03,U004,48,7,173.32,False,İçecek,Meyve Suyu,Marka-D,False
2025-05-04,M03,U004,7,0,173.32,True,İçecek,Meyve Suyu,Marka-D,False
2025-05-05,M03,U004,0,0,173.32,True,İçecek,Meyve Suyu,Marka-D,False
2025-05-06,M03,U004,0,0,173.32,True,İçecek,Meyve Suyu,Marka-D,False
2025-01-01,M03,U005,23,68,49.88,False,İçecek,Su,Marka-E,False
2025-01-02,M03,U005,16,52,49.88,False,İçecek,Su,Marka-E,False
2025-01-03,M03,U005,17,35,49.88,False,İçecek,Su,Marka-E,False
2025-01-04,M03,U005,27,8,49.88,False,İçecek,Su,Marka-E,False
2025-01-05,M03,U005,8,0,49.88,True,İçecek,Su,Marka-E,False
2025-01-06,M03,U005,0,0,49.88,True,İçecek,Su,Marka-E,False
2025-01-07,M03,U005,0,0,49.88,True,İçecek,Su,Marka-E,False
2025-01-08,M03,U005,16,75,49.88,False,İçecek,Su,Marka-E,False
2025-01-09,M03,U005,21,54,49.88,False,İçecek,Su,Marka-E,False
2025-01-10,M03,U005,16,38,49.88,False,İçecek,Su,Marka-E,False
2025-01-11,M03,U005,33,5,49.88,False,İçecek,Su,Marka-E,False
2025-01-12,M03,U005,5,0,49.88,True,İçecek,Su,Marka-E,False
2025-01-13,M03,U005,0,0,49.88,True,İçecek,Su,Marka-E,False
2025-01-14,M03,U005,0,0,49.88,True,İçecek,Su,Marka-E,False
2025-01-15,M03,U005,23,70,49.88,False,İçecek,Su,Marka-E,False
2025-01-16,M03,U005,19,51,49.88,False,İçecek,Su,Marka-E,False
2025-01-17,M03,U005,23,28,49.88,False,İçecek,Su,Marka-E,False
2025-01-18,M03,U005,21,7,49.88,False,İçecek,Su,Marka-E,False
2025-01-19,M03,U005,7,0,49.88,True,İçecek,Su,Marka-E,False
2025-01-20,M03,U005,0,0,49.88,True,İçecek,Su,Marka-E,False
2025-01-21,M03,U005,0,0,49.88,True,İçecek,Su,Marka-E,False
2025-01-22,M03,U005,30,65,39.9,False,İçecek,Su,Marka-E,True
2025-01-23,M03,U005,18,47,49.88,False,İçecek,Su,Marka-E,False
2025-01-24,M03,U005,21,26,49.88,False,İçecek,Su,Marka-E,False
2025-01-25,M03,U005,26,0,49.88,False,İçecek,Su,Marka-E,False
2025-01-26,M03,U005,0,0,49.88,True,İçecek,Su,Marka-E,False
2025-01-27,M03,U005,0,0,49.88,True,İçecek,Su,Marka-E,False
2025-01-28,M03,U005,0,0,49.88,True,İçecek,Su,Marka-E,False
2025-01-29,M03,U005,37,57,39.9,False,İçecek,Su,Marka-E,True
2025-01-30,M03,U005,25,32,49.88,False,İçecek,Su,Marka-E,False
2025-01-31,M03,U005,15,17,49.88,False,İçecek,Su,Marka-E,False
2025-02-01,M03,U005,17,0,49.88,True,İçecek,Su,Marka-E,False
2025-02-02,M03,U005,0,0,49.88,True,İçecek,Su,Marka-E,False
2025-02-03,M03,U005,0,0,49.88,True,İçecek,Su,Marka-E,False
2025-02-04,M03,U005,0,0,49.88,True,İçecek,Su,Marka-E,False
2025-02-05,M03,U005,0,0,49.88,True,İçecek,Su,Marka-E,False
2025-02-06,M03,U005,0,0,49.88,True,İçecek,Su,Marka-E,False
2025-02-07,M03,U005,0,0,49.88,True,İçecek,Su,Marka-E,False
2025-02-08,M03,U005,0,0,49.88,True,İçecek,Su,Marka-E,False
2025-02-09,M03,U005,0,0,42.4,True,İçecek,Su,Marka-E,True
2025-02-10,M03,U005,0,0,49.88,True,İçecek,Su,Marka-E,False
2025-02-11,M03,U005,0,0,49.88,True,İçecek,Su,Marka-E,False
2025-02-12,M03,U005,16,74,49.88,False,İçecek,Su,Marka-E,False
2025-02-13,M03,U005,28,46,49.88,False,İçecek,Su,Marka-E,False
2025-02-14,M03,U005,30,16,49.88,False,İçecek,Su,Marka-E,False
2025-02-15,M03,U005,16,0,49.88,True,İçecek,Su,Marka-E,False
2025-02-16,M03,U005,0,0,44.89,True,İçecek,Su,Marka-E,True
2025-02-17,M03,U005,0,0,39.9,True,İçecek,Su,Marka-E,True
2025-02-18,M03,U005,0,0,49.88,True,İçecek,Su,Marka-E,False
2025-02-19,M03,U005,25,60,49.88,False,İçecek,Su,Marka-E,False
2025-02-20,M03,U005,25,35,49.88,False,İçecek,Su,Marka-E,False
2025-02-21,M03,U005,19,16,49.88,False,İçecek,Su,Marka-E,False
2025-02-22,M03,U005,16,0,49.88,True,İçecek,Su,Marka-E,False
2025-02-23,M03,U005,0,0,49.88,True,İçecek,Su,Marka-E,False
2025-02-24,M03,U005,0,0,49.88,True,İçecek,Su,Marka-E,False
2025-02-25,M03,U005,0,0,39.9,True,İçecek,Su,Marka-E,True
2025-02-26,M03,U005,9,83,49.88,False,İçecek,Su,Marka-E,False
2025-02-27,M03,U005,26,57,49.88,False,İçecek,Su,Marka-E,False
2025-02-28,M03,U005,25,32,49.88,False,İçecek,Su,Marka-E,False
2025-03-01,M03,U005,32,0,39.9,True,İçecek,Su,Marka-E,True
2025-03-02,M03,U005,0,0,49.88,True,İçecek,Su,Marka-E,False
2025-03-03,M03,U005,0,0,49.88,True,İçecek,Su,Marka-E,False
2025-03-04,M03,U005,0,0,42.4,True,İçecek,Su,Marka-E,True
2025-03-05,M03,U005,20,62,49.88,False,İçecek,Su,Marka-E,False
2025-03-06,M03,U005,29,33,49.88,False,İçecek,Su,Marka-E,False
2025-03-07,M03,U005,19,14,49.88,False,İçecek,Su,Marka-E,False
2025-03-08,M03,U005,14,0,49.88,True,İçecek,Su,Marka-E,False
2025-03-09,M03,U005,0,0,49.88,True,İçecek,Su,Marka-E,False
2025-03-10,M03,U005,0,0,49.88,True,İçecek,Su,Marka-E,False
2025-03-11,M03,U005,0,0,49.88,True,İçecek,Su,Marka-E,False
2025-03-12,M03,U005,23,65,49.88,False,İçecek,Su,Marka-E,False
2025-03-13,M03,U005,21,44,49.88,False,İçecek,Su,Marka-E,False
2025-03-14,M03,U005,23,21,49.88,False,İçecek,Su,Marka-E,False
2025-03-15,M03,U005,21,0,49.88,True,İçecek,Su,Marka-E,False
2025-03-16,M03,U005,0,0,49.88,True,İçecek,Su,Marka-E,False
2025-03-17,M03,U005,0,0,49.88,True,İçecek,Su,Marka-E,False
2025-03-18,M03,U005,0,0,49.88,True,İçecek,Su,Marka-E,False
2025-03-19,M03,U005,21,60,49.88,False,İçecek,Su,Marka-E,False
2025-03-20,M03,U005,26,34,49.88,False,İçecek,Su,Marka-E,False
2025-03-21,M03,U005,24,10,49.88,False,İçecek,Su,Marka-E,False
2025-03-22,M03,U005,10,0,49.88,True,İçecek,Su,Marka-E,False
2025-03-23,M03,U005,0,0,49.88,True,İçecek,Su,Marka-E,False
2025-03-24,M03,U005,0,0,49.88,True,İçecek,Su,Marka-E,False
2025-03-25,M03,U005,0,0,49.88,True,İçecek,Su,Marka-E,False
2025-03-26,M03,U005,21,75,49.88,False,İçecek,Su,Marka-E,False
2025-03-27,M03,U005,26,49,49.88,False,İçecek,Su,Marka-E,False
2025-03-28,M03,U005,23,26,49.88,False,İçecek,Su,Marka-E,False
2025-03-29,M03,U005,26,0,49.88,True,İçecek,Su,Marka-E,False
2025-03-30,M03,U005,0,0,49.88,True,İçecek,Su,Marka-E,False
2025-03-31,M03,U005,0,0,49.88,True,İçecek,Su,Marka-E,False
2025-04-01,M03,U005,0,0,49.88,True,İçecek,Su,Marka-E,False
2025-04-02,M03,U005,33,59,49.88,False,İçecek,Su,Marka-E,False
2025-04-03,M03,U005,14,45,49.88,False,İçecek,Su,Marka-E,False
2025-04-04,M03,U005,40,5,39.9,False,İçecek,Su,Marka-E,True
2025-04-05,M03,U005,5,0,49.88,True,İçecek,Su,Marka-E,False
2025-04-06,M03,U005,0,0,49.88,True,İçecek,Su,Marka-E,False
2025-04-07,M03,U005,0,0,39.9,True,İçecek,Su,Marka-E,True
2025-04-08,M03,U005,0,0,49.88,True,İçecek,Su,Marka-E,False
2025-04-09,M03,U005,25,59,49.88,False,İçecek,Su,Marka-E,False
2025-04-10,M03,U005,18,41,49.88,False,İçecek,Su,Marka-E,False
2025-04-11,M03,U005,24,17,49.88,False,İçecek,Su,Marka-E,False
2025-04-12,M03,U005,17,0,49.88,True,İçecek,Su,Marka-E,False
2025-04-13,M03,U005,0,0,49.88,True,İçecek,Su,Marka-E,False
2025-04-14,M03,U005,0,0,49.88,True,İçecek,Su,Marka-E,False
2025-04-15,M03,U005,0,0,49.88,True,İçecek,Su,Marka-E,False
2025-04-16,M03,U005,19,61,49.88,False,İçecek,Su,Marka-E,False
2025-04-17,M03,U005,20,41,49.88,False,İçecek,Su,Marka-E,False
2025-04-18,M03,U005,41,0,39.9,True,İçecek,Su,Marka-E,True
2025-04-19,M03,U005,0,0,49.88,True,İçecek,Su,Marka-E,False
2025-04-20,M03,U005,0,0,49.88,True,İçecek,Su,Marka-E,False
2025-04-21,M03,U005,0,0,49.88,True,İçecek,Su,Marka-E,False
2025-04-22,M03,U005,0,0,49.88,True,İçecek,Su,Marka-E,False
2025-04-23,M03,U005,19,78,49.88,False,İçecek,Su,Marka-E,False
2025-04-24,M03,U005,41,37,39.9,False,İçecek,Su,Marka-E,True
2025-04-25,M03,U005,13,24,49.88,False,İçecek,Su,Marka-E,False
2025-04-26,M03,U005,24,0,49.88,True,İçecek,Su,Marka-E,False
2025-04-27,M03,U005,0,0,49.88,True,İçecek,Su,Marka-E,False
2025-04-28,M03,U005,0,0,39.9,True,İçecek,Su,Marka-E,True
2025-04-29,M03,U005,0,0,49.88,True,İçecek,Su,Marka-E,False
2025-04-30,M03,U005,19,74,49.88,False,İçecek,Su,Marka-E,False
2025-05-01,M03,U005,40,34,44.89,False,İçecek,Su,Marka-E,True
2025-05-02,M03,U005,19,15,49.88,False,İçecek,Su,Marka-E,False
2025-05-03,M03,U005,15,0,39.9,True,İçecek,Su,Marka-E,True
2025-05-04,M03,U005,0,0,49.88,True,İçecek,Su,Marka-E,False
2025-05-05,M03,U005,0,0,49.88,True,İçecek,Su,Marka-E,False
2025-05-06,M03,U005,0,0,49.88,True,İçecek,Su,Marka-E,False
2025-01-01,M03,U006,33,141,97.21,False,İçecek,Su,Marka-F,False
2025-01-02,M03,U006,52,89,87.49,False,İçecek,Su,Marka-F,True
2025-01-03,M03,U006,37,52,97.21,False,İçecek,Su,Marka-F,False
2025-01-04,M03,U006,45,7,97.21,False,İçecek,Su,Marka-F,False
2025-01-05,M03,U006,44,128,97.21,False,İçecek,Su,Marka-F,False
2025-01-06,M03,U006,33,95,97.21,False,İçecek,Su,Marka-F,False
2025-01-07,M03,U006,46,49,82.63,False,İçecek,Su,Marka-F,True
2025-01-08,M03,U006,35,14,97.21,False,İçecek,Su,Marka-F,False
2025-01-09,M03,U006,37,133,97.21,False,İçecek,Su,Marka-F,False
2025-01-10,M03,U006,32,101,97.21,False,İçecek,Su,Marka-F,False
2025-01-11,M03,U006,46,55,97.21,False,İçecek,Su,Marka-F,False
2025-01-12,M03,U006,35,20,97.21,False,İçecek,Su,Marka-F,False
2025-01-13,M03,U006,28,127,97.21,False,İçecek,Su,Marka-F,False
2025-01-14,M03,U006,31,96,97.21,False,İçecek,Su,Marka-F,False
2025-01-15,M03,U006,41,55,97.21,False,İçecek,Su,Marka-F,False
2025-01-16,M03,U006,39,16,97.21,False,İçecek,Su,Marka-F,False
2025-01-17,M03,U006,16,0,97.21,True,İçecek,Su,Marka-F,False
2025-01-18,M03,U006,0,0,97.21,True,İçecek,Su,Marka-F,False
2025-01-19,M03,U006,0,0,97.21,True,İçecek,Su,Marka-F,False
2025-01-20,M03,U006,0,0,97.21,True,İçecek,Su,Marka-F,False
2025-01-21,M03,U006,35,139,97.21,False,İçecek,Su,Marka-F,False
2025-01-22,M03,U006,23,116,97.21,False,İçecek,Su,Marka-F,False
2025-01-23,M03,U006,39,77,97.21,False,İçecek,Su,Marka-F,False
2025-01-24,M03,U006,43,34,97.21,False,İçecek,Su,Marka-F,False
2025-01-25,M03,U006,67,98,82.63,False,İçecek,Su,Marka-F,True
2025-01-26,M03,U006,50,48,77.77,False,İçecek,Su,Marka-F,True
2025-01-27,M03,U006,30,18,97.21,False,İçecek,Su,Marka-F,False
2025-01-28,M03,U006,18,0,97.21,True,İçecek,Su,Marka-F,False
2025-01-29,M03,U006,56,105,82.63,False,İçecek,Su,Marka-F,True
2025-01-30,M03,U006,68,37,77.77,False,İçecek,Su,Marka-F,True
2025-01-31,M03,U006,37,0,97.21,True,İçecek,Su,Marka-F,False
2025-02-01,M03,U006,0,0,97.21,True,İçecek,Su,Marka-F,False
2025-02-02,M03,U006,43,115,97.21,False,İçecek,Su,Marka-F,False
2025-02-03,M03,U006,21,94,97.21,False,İçecek,Su,Marka-F,False
2025-02-04,M03,U006,38,56,97.21,False,İçecek,Su,Marka-F,False
2025-02-05,M03,U006,44,12,97.21,False,İçecek,Su,Marka-F,False
2025-02-06,M03,U006,57,114,87.49,False,İçecek,Su,Marka-F,True
2025-02-07,M03,U006,65,49,77.77,False,İçecek,Su,Marka-F,True
2025-02-08,M03,U006,49,0,97.21,True,İçecek,Su,Marka-F,False
2025-02-09,M03,U006,0,0,77.77,True,İçecek,Su,Marka-F,True
2025-02-10,M03,U006,32,127,97.21,False,İçecek,Su,Marka-F,False
2025-02-11,M03,U006,33,94,97.21,False,İçecek,Su,Marka-F,False
2025-02-12,M03,U006,36,58,97.21,False,İçecek,Su,Marka-F,False
2025-02-13,M03,U006,29,29,97.21,False,İçecek,Su,Marka-F,False
2025-02-14,M03,U006,42,124,97.21,False,İçecek,Su,Marka-F,False
2025-02-15,M03,U006,54,70,97.21,False,İçecek,Su,Marka-F,False
2025-02-16,M03,U006,28,42,97.21,False,İçecek,Su,Marka-F,False
2025-02-17,M03,U006,35,7,97.21,False,İçecek,Su,Marka-F,False
2025-02-18,M03,U006,33,136,97.21,False,İçecek,Su,Marka-F,False
2025-02-19,M03,U006,32,104,97.21,False,İçecek,Su,Marka-F,False
2025-02-20,M03,U006,42,62,97.21,False,İçecek,Su,Marka-F,False
2025-02-21,M03,U006,35,27,97.21,False,İçecek,Su,Marka-F,False
2025-02-22,M03,U006,35,143,97.21,False,İçecek,Su,Marka-F,False
2025-02-23,M03,U006,47,96,97.21,False,İçecek,Su,Marka-F,False
2025-02-24,M03,U006,50,46,87.49,False,İçecek,Su,Marka-F,True
2025-02-25,M03,U006,36,10,97.21,False,İçecek,Su,Marka-F,False
2025-02-26,M03,U006,33,128,97.21,False,İçecek,Su,Marka-F,False
2025-02-27,M03,U006,45,83,97.21,False,İçecek,Su,Marka-F,False
2025-02-28,M03,U006,54,29,97.21,False,İçecek,Su,Marka-F,False
2025-03-01,M03,U006,29,0,97.21,True,İçecek,Su,Marka-F,False
2025-03-02,M03,U006,44,107,97.21,False,İçecek,Su,Marka-F,False
2025-03-03,M03,U006,31,76,97.21,False,İçecek,Su,Marka-F,False
2025-03-04,M03,U006,39,37,97.21,False,İçecek,Su,Marka-F,False
2025-03-05,M03,U006,35,2,97.21,False,İçecek,Su,Marka-F,False
2025-03-06,M03,U006,47,110,97.21,False,İçecek,Su,Marka-F,False
2025-03-07,M03,U006,58,52,97.21,False,İçecek,Su,Marka-F,False
2025-03-08,M03,U006,36,16,97.21,False,İçecek,Su,Marka-F,False
2025-03-09,M03,U006,16,0,97.21,True,İçecek,Su,Marka-F,False
2025-03-10,M03,U006,25,141,97.21,False,İçecek,Su,Marka-F,False
2025-03-11,M03,U006,47,94,97.21,False,İçecek,Su,Marka-F,False
2025-03-12,M03,U006,38,56,97.21,False,İçecek,Su,Marka-F,False
2025-03-13,M03,U006,27,29,97.21,False,İçecek,Su,Marka-F,False
2025-03-14,M03,U006,41,114,97.21,False,İçecek,Su,Marka-F,False
2025-03-15,M03,U006,62,52,97.21,False,İçecek,Su,Marka-F,False
2025-03-16,M03,U006,52,0,82.63,True,İçecek,Su,Marka-F,True
2025-03-17,M03,U006,0,0,97.21,True,İçecek,Su,Marka-F,False
2025-03-18,M03,U006,30,147,97.21,False,İçecek,Su,Marka-F,False
2025-03-19,M03,U006,43,104,97.21,False,İçecek,Su,Marka-F,False
2025-03-20,M03,U006,39,65,97.21,False,İçecek,Su,Marka-F,False
2025-03-21,M03,U006,44,21,97.21,False,İçecek,Su,Marka-F,False
2025-03-22,M03,U006,41,112,97.21,False,İçecek,Su,Marka-F,False
2025-03-23,M03,U006,48,64,97.21,False,İçecek,Su,Marka-F,False
2025-03-24,M03,U006,37,27,97.21,False,İçecek,Su,Marka-F,False
2025-03-25,M03,U006,27,0,97.21,True,İçecek,Su,Marka-F,False
2025-03-26,M03,U006,44,127,97.21,False,İçecek,Su,Marka-F,False
2025-03-27,M03,U006,33,94,97.21,False,İçecek,Su,Marka-F,False
2025-03-28,M03,U006,41,53,97.21,False,İçecek,Su,Marka-F,False
2025-03-29,M03,U006,53,0,97.21,True,İçecek,Su,Marka-F,False
2025-03-30,M03,U006,45,128,97.21,False,İçecek,Su,Marka-F,False
2025-03-31,M03,U006,34,94,97.21,False,İçecek,Su,Marka-F,False
2025-04-01,M03,U006,32,62,97.21,False,İçecek,Su,Marka-F,False
2025-04-02,M03,U006,36,26,97.21,False,İçecek,Su,Marka-F,False
2025-04-03,M03,U006,26,0,97.21,True,İçecek,Su,Marka-F,False
2025-04-04,M03,U006,0,0,97.21,True,İçecek,Su,Marka-F,False
2025-04-05,M03,U006,0,0,97.21,True,İçecek,Su,Marka-F,False
2025-04-06,M03,U006,0,0,97.21,True,İçecek,Su,Marka-F,False
2025-04-07,M03,U006,33,125,97.21,False,İçecek,Su,Marka-F,False
2025-04-08,M03,U006,32,93,97.21,False,İçecek,Su,Marka-F,False
2025-04-09,M03,U006,40,53,97.21,False,İçecek,Su,Marka-F,False
2025-04-10,M03,U006,53,0,82.63,True,İçecek,Su,Marka-F,True
2025-04-11,M03,U006,36,116,97.21,False,İçecek,Su,Marka-F,False
2025-04-12,M03,U006,44,72,97.21,False,İçecek,Su,Marka-F,False
2025-04-13,M03,U006,41,31,97.21,False,İçecek,Su,Marka-F,False
2025-04-14,M03,U006,31,0,97.21,False,İçecek,Su,Marka-F,False
2025-04-15,M03,U006,35,121,97.21,False,İçecek,Su,Marka-F,False
2025-04-16,M03,U006,60,61,87.49,False,İçecek,Su,Marka-F,True
2025-04-17,M03,U006,37,24,97.21,False,İçecek,Su,Marka-F,False
2025-04-18,M03,U006,24,0,87.49,True,İçecek,Su,Marka-F,True
2025-04-19,M03,U006,48,129,97.21,False,İçecek,Su,Marka-F,False
2025-04-20,M03,U006,45,84,97.21,False,İçecek,Su,Marka-F,False
2025-04-21,M03,U006,29,55,97.21,False,İçecek,Su,Marka-F,False
2025-04-22,M03,U006,31,24,97.21,False,İçecek,Su,Marka-F,False
2025-04-23,M03,U006,39,109,97.21,False,İçecek,Su,Marka-F,False
2025-04-24,M03,U006,35,74,97.21,False,İçecek,Su,Marka-F,False
2025-04-25,M03,U006,30,44,97.21,False,İçecek,Su,Marka-F,False
2025-04-26,M03,U006,44,0,97.21,True,İçecek,Su,Marka-F,False
2025-04-27,M03,U006,38,114,97.21,False,İçecek,Su,Marka-F,False
2025-04-28,M03,U006,24,90,97.21,False,İçecek,Su,Marka-F,False
2025-04-29,M03,U006,33,57,97.21,False,İçecek,Su,Marka-F,False
2025-04-30,M03,U006,45,12,97.21,False,İçecek,Su,Marka-F,False
2025-05-01,M03,U006,12,0,97.21,True,İçecek,Su,Marka-F,False
2025-05-02,M03,U006,0,0,97.21,True,İçecek,Su,Marka-F,False
2025-05-03,M03,U006,0,0,97.21,True,İçecek,Su,Marka-F,False
2025-05-04,M03,U006,0,0,97.21,True,İçecek,Su,Marka-F,False
2025-05-05,M03,U006,40,116,97.21,False,İçecek,Su,Marka-F,False
2025-05-06,M03,U006,34,82,97.21,False,İçecek,Su,Marka-F,False
2025-01-01,M03,U007,25,186,150.45,False,Atıştırmalık,Cips,Marka-A,False
2025-01-02,M03,U007,32,154,150.45,False,Atıştırmalık,Cips,Marka-A,False
2025-01-03,M03,U007,41,113,150.45,False,Atıştırmalık,Cips,Marka-A,False
2025-01-04,M03,U007,38,75,150.45,False,Atıştırmalık,Cips,Marka-A,False
2025-01-05,M03,U007,30,192,150.45,False,Atıştırmalık,Cips,Marka-A,False
2025-01-06,M03,U007,33,159,150.45,False,Atıştırmalık,Cips,Marka-A,False
2025-01-07,M03,U007,21,138,150.45,False,Atıştırmalık,Cips,Marka-A,False
2025-01-08,M03,U007,29,109,150.45,False,Atıştırmalık,Cips,Marka-A,False
2025-01-09,M03,U007,23,187,150.45,False,Atıştırmalık,Cips,Marka-A,False
2025-01-10,M03,U007,35,152,150.45,False,Atıştırmalık,Cips,Marka-A,False
2025-01-11,M03,U007,51,101,150.45,False,Atıştırmalık,Cips,Marka-A,False
2025-01-12,M03,U007,47,54,120.36,False,Atıştırmalık,Cips,Marka-A,True
2025-01-13,M03,U007,22,168,150.45,False,Atıştırmalık,Cips,Marka-A,False
2025-01-14,M03,U007,44,124,150.45,False,Atıştırmalık,Cips,Marka-A,False
2025-01-15,M03,U007,25,99,150.45,False,Atıştırmalık,Cips,Marka-A,False
2025-01-16,M03,U007,32,67,150.45,False,Atıştırmalık,Cips,Marka-A,False
2025-01-17,M03,U007,33,177,150.45,False,Atıştırmalık,Cips,Marka-A,False
2025-01-18,M03,U007,39,138,150.45,False,Atıştırmalık,Cips,Marka-A,False
2025-01-19,M03,U007,33,105,150.45,False,Atıştırmalık,Cips,Marka-A,False
2025-01-20,M03,U007,28,77,150.45,False,Atıştırmalık,Cips,Marka-A,False
2025-01-21,M03,U007,28,155,150.45,False,Atıştırmalık,Cips,Marka-A,False
2025-01-22,M03,U007,29,126,150.45,False,Atıştırmalık,Cips,Marka-A,False
2025-01-23,M03,U007,38,88,150.45,False,Atıştırmalık,Cips,Marka-A,False
2025-01-24,M03,U007,27,61,150.45,False,Atıştırmalık,Cips,Marka-A,False
2025-01-25,M03,U007,42,178,150.45,False,Atıştırmalık,Cips,Marka-A,False
2025-01-26,M03,U007,40,138,150.45,False,Atıştırmalık,Cips,Marka-A,False
2025-01-27,M03,U007,27,111,150.45,False,Atıştırmalık,Cips,Marka-A,False
2025-01-28,M03,U007,24,87,150.45,False,Atıştırmalık,Cips,Marka-A,False
2025-01-29,M03,U007,38,155,150.45,False,Atıştırmalık,Cips,Marka-A,False
2025-01-30,M03,U007,30,125,150.45,False,Atıştırmalık,Cips,Marka-A,False
2025-01-31,M03,U007,53,72,127.88,False,Atıştırmalık,Cips,Marka-A,True
2025-02-01,M03,U007,53,19,120.36,False,Atıştırmalık,Cips,Marka-A,True
2025-02-02,M03,U007,40,158,150.45,False,Atıştırmalık,Cips,Marka-A,False
2025-02-03,M03,U007,25,133,150.45,False,Atıştırmalık,Cips,Marka-A,False
2025-02-04,M03,U007,33,100,150.45,False,Atıştırmalık,Cips,Marka-A,False
2025-02-05,M03,U007,23,77,150.45,False,Atıştırmalık,Cips,Marka-A,False
2025-02-06,M03,U007,22,178,150.45,False,Atıştırmalık,Cips,Marka-A,False
2025-02-07,M03,U007,25,153,150.45,False,Atıştırmalık,Cips,Marka-A,False
2025-02-08,M03,U007,40,113,150.45,False,Atıştırmalık,Cips,Marka-A,False
2025-02-09,M03,U007,37,76,150.45,False,Atıştırmalık,Cips,Marka-A,False
2025-02-10,M03,U007,29,185,150.45,False,Atıştırmalık,Cips,Marka-A,False
2025-02-11,M03,U007,27,158,150.45,False,Atıştırmalık,Cips,Marka-A,False
2025-02-12,M03,U007,39,119,150.45,False,Atıştırmalık,Cips,Marka-A,False
2025-02-13,M03,U007,27,92,150.45,False,Atıştırmalık,Cips,Marka-A,False
2025-02-14,M03,U007,43,144,150.45,False,Atıştırmalık,Cips,Marka-A,False
2025-02-15,M03,U007,46,98,150.45,False,Atıştırmalık,Cips,Marka-A,False
2025-02-16,M03,U007,44,54,150.45,False,Atıştırmalık,Cips,Marka-A,False
2025-02-17,M03,U007,26,28,150.45,False,Atıştırmalık,Cips,Marka-A,False
2025-02-18,M03,U007,30,171,150.45,False,Atıştırmalık,Cips,Marka-A,False
2025-02-19,M03,U007,32,139,150.45,False,Atıştırmalık,Cips,Marka-A,False
2025-02-20,M03,U007,29,110,150.45,False,Atıştırmalık,Cips,Marka-A,False
2025-02-21,M03,U007,35,75,150.45,False,Atıştırmalık,Cips,Marka-A,False
2025-02-22,M03,U007,49,159,150.45,False,Atıştırmalık,Cips,Marka-A,False
2025-02-23,M03,U007,37,122,150.45,False,Atıştırmalık,Cips,Marka-A,False
2025-02-24,M03,U007,30,92,150.45,False,Atıştırmalık,Cips,Marka-A,False
2025-02-25,M03,U007,35,57,150.45,False,Atıştırmalık,Cips,Marka-A,False
2025-02-26,M03,U007,40,175,150.45,False,Atıştırmalık,Cips,Marka-A,False
2025-02-27,M03,U007,32,143,150.45,False,Atıştırmalık,Cips,Marka-A,False
2025-02-28,M03,U007,39,104,150.45,False,Atıştırmalık,Cips,Marka-A,False
2025-03-01,M03,U007,40,64,150.45,False,Atıştırmalık,Cips,Marka-A,False
2025-03-02,M03,U007,23,189,150.45,False,Atıştırmalık,Cips,Marka-A,False
2025-03-03,M03,U007,30,159,150.45,False,Atıştırmalık,Cips,Marka-A,False
2025-03-04,M03,U007,32,127,150.45,False,Atıştırmalık,Cips,Marka-A,False
2025-03-05,M03,U007,30,97,150.45,False,Atıştırmalık,Cips,Marka-A,False
2025-03-06,M03,U007,30,168,150.45,False,Atıştırmalık,Cips,Marka-A,False
2025-03-07,M03,U007,45,123,150.45,False,Atıştırmalık,Cips,Marka-A,False
2025-03-08,M03,U007,45,78,150.45,False,Atıştırmalık,Cips,Marka-A,False
2025-03-09,M03,U007,56,22,127.88,False,Atıştırmalık,Cips,Marka-A,True
2025-03-10,M03,U007,37,165,150.45,False,Atıştırmalık,Cips,Marka-A,False
2025-03-11,M03,U007,26,139,150.45,False,Atıştırmalık,Cips,Marka-A,False
2025-03-12,M03,U007,27,112,150.45,False,Atıştırmalık,Cips,Marka-A,False
2025-03-13,M03,U007,30,82,150.45,False,Atıştırmalık,Cips,Marka-A,False
2025-03-14,M03,U007,44,146,150.45,False,Atıştırmalık,Cips,Marka-A,False
2025-03-15,M03,U007,37,109,150.45,False,Atıştırmalık,Cips,Marka-A,False
2025-03-16,M03,U007,39,70,150.45,False,Atıştırmalık,Cips,Marka-A,False
2025-03-17,M03,U007,30,40,150.45,False,Atıştırmalık,Cips,Marka-A,False
2025-03-18,M03,U007,34,159,150.45,False,Atıştırmalık,Cips,Marka-A,False
2025-03-19,M03,U007,27,132,150.45,False,Atıştırmalık,Cips,Marka-A,False
2025-03-20,M03,U007,35,97,150.45,False,Atıştırmalık,Cips,Marka-A,False
2025-03-21,M03,U007,36,61,150.45,False,Atıştırmalık,Cips,Marka-A,False
2025-03-22,M03,U007,41,170,150.45,False,Atıştırmalık,Cips,Marka-A,False
2025-03-23,M03,U007,44,126,150.45,False,Atıştırmalık,Cips,Marka-A,False
2025-03-24,M03,U007,29,97,150.45,False,Atıştırmalık,Cips,Marka-A,False
2025-03-25,M03,U007,39,58,150.45,False,Atıştırmalık,Cips,Marka-A,False
2025-03-26,M03,U007,37,175,150.45,False,Atıştırmalık,Cips,Marka-A,False
2025-03-27,M03,U007,19,156,150.45,False,Atıştırmalık,Cips,Marka-A,False
2025-03-28,M03,U007,41,115,150.45,False,Atıştırmalık,Cips,Marka-A,False
2025-03-29,M03,U007,49,66,150.45,False,Atıştırmalık,Cips,Marka-A,False
2025-03-30,M03,U007,43,170,150.45,False,Atıştırmalık,Cips,Marka-A,False
2025-03-31,M03,U007,31,139,150.45,False,Atıştırmalık,Cips,Marka-A,False
2025-04-01,M03,U007,30,109,150.45,False,Atıştırmalık,Cips,Marka-A,False
2025-04-02,M03,U007,31,78,150.45,False,Atıştırmalık,Cips,Marka-A,False
2025-04-03,M03,U007,34,187,150.45,False,Atıştırmalık,Cips,Marka-A,False
2025-04-04,M03,U007,37,150,150.45,False,Atıştırmalık,Cips,Marka-A,False
2025-04-05,M03,U007,39,111,150.45,False,Atıştırmalık,Cips,Marka-A,False
2025-04-06,M03,U007,43,68,150.45,False,Atıştırmalık,Cips,Marka-A,False
2025-04-07,M03,U007,45,147,120.36,False,Atıştırmalık,Cips,Marka-A,True
2025-04-08,M03,U007,45,102,135.41,False,Atıştırmalık,Cips,Marka-A,True
2025-04-09,M03,U007,33,69,150.45,False,Atıştırmalık,Cips,Marka-A,False
2025-04-10,M03,U007,35,34,150.45,False,Atıştırmalık,Cips,Marka-A,False
2025-04-11,M03,U007,49,157,135.41,False,Atıştırmalık,Cips,Marka-A,True
2025-04-12,M03,U007,44,113,150.45,False,Atıştırmalık,Cips,Marka-A,False
2025-04-13,M03,U007,44,69,150.45,False,Atıştırmalık,Cips,Marka-A,False
2025-04-14,M03,U007,34,35,150.45,False,Atıştırmalık,Cips,Marka-A,False
2025-04-15,M03,U007,37,171,150.45,False,Atıştırmalık,Cips,Marka-A,False
2025-04-16,M03,U007,34,137,150.45,False,Atıştırmalık,Cips,Marka-A,False
2025-04-17,M03,U007,40,97,150.45,False,Atıştırmalık,Cips,Marka-A,False
2025-04-18,M03,U007,37,60,150.45,False,Atıştırmalık,Cips,Marka-A,False
2025-04-19,M03,U007,46,167,150.45,False,Atıştırmalık,Cips,Marka-A,False
2025-04-20,M03,U007,49,118,150.45,False,Atıştırmalık,Cips,Marka-A,False
2025-04-21,M03,U007,24,94,150.45,False,Atıştırmalık,Cips,Marka-A,False
2025-04-22,M03,U007,23,71,150.45,False,Atıştırmalık,Cips,Marka-A,False
2025-04-23,M03,U007,49,169,150.45,False,Atıştırmalık,Cips,Marka-A,False
2025-04-24,M03,U007,38,131,150.45,False,Atıştırmalık,Cips,Marka-A,False
2025-04-25,M03,U007,44,87,150.45,False,Atıştırmalık,Cips,Marka-A,False
2025-04-26,M03,U007,53,34,150.45,False,Atıştırmalık,Cips,Marka-A,False
2025-04-27,M03,U007,36,174,150.45,False,Atıştırmalık,Cips,Marka-A,False
2025-04-28,M03,U007,38,136,150.45,False,Atıştırmalık,Cips,Marka-A,False
2025-04-29,M03,U007,40,96,150.45,False,Atıştırmalık,Cips,Marka-A,False
2025-04-30,M03,U007,31,65,150.45,False,Atıştırmalık,Cips,Marka-A,False
2025-05-01,M03,U007,41,145,150.45,False,Atıştırmalık,Cips,Marka-A,False
2025-05-02,M03,U007,41,104,150.45,False,Atıştırmalık,Cips,Marka-A,False
2025-05-03,M03,U007,48,56,150.45,False,Atıştırmalık,Cips,Marka-A,False
2025-05-04,M03,U007,33,23,150.45,False,Atıştırmalık,Cips,Marka-A,False
2025-05-05,M03,U007,28,193,150.45,False,Atıştırmalık,Cips,Marka-A,False
2025-05-06,M03,U007,30,163,150.45,False,Atıştırmalık,Cips,Marka-A,False
2025-01-01,M03,U008,21,80,89.1,False,Atıştırmalık,Cips,Marka-B,True
2025-01-02,M03,U008,17,63,111.37,False,Atıştırmalık,Cips,Marka-B,False
2025-01-03,M03,U008,18,45,111.37,False,Atıştırmalık,Cips,Marka-B,False
2025-01-04,M03,U008,18,27,111.37,False,Atıştırmalık,Cips,Marka-B,False
2025-01-05,M03,U008,13,84,111.37,False,Atıştırmalık,Cips,Marka-B,False
2025-01-06,M03,U008,10,74,111.37,False,Atıştırmalık,Cips,Marka-B,False
2025-01-07,M03,U008,12,62,111.37,False,Atıştırmalık,Cips,Marka-B,False
2025-01-08,M03,U008,9,53,111.37,False,Atıştırmalık,Cips,Marka-B,False
2025-01-09,M03,U008,12,82,111.37,False,Atıştırmalık,Cips,Marka-B,False
2025-01-10,M03,U008,17,65,111.37,False,Atıştırmalık,Cips,Marka-B,False
2025-01-11,M03,U008,10,55,111.37,False,Atıştırmalık,Cips,Marka-B,False
2025-01-12,M03,U008,20,35,111.37,False,Atıştırmalık,Cips,Marka-B,False
2025-01-13,M03,U008,9,95,111.37,False,Atıştırmalık,Cips,Marka-B,False
2025-01-14,M03,U008,11,84,111.37,False,Atıştırmalık,Cips,Marka-B,False
2025-01-15,M03,U008,11,73,111.37,False,Atıştırmalık,Cips,Marka-B,False
2025-01-16,M03,U008,13,60,111.37,False,Atıştırmalık,Cips,Marka-B,False
2025-01-17,M03,U008,20,77,111.37,False,Atıştırmalık,Cips,Marka-B,False
2025-01-18,M03,U008,11,66,111.37,False,Atıştırmalık,Cips,Marka-B,False
2025-01-19,M03,U008,12,54,111.37,False,Atıştırmalık,Cips,Marka-B,False
2025-01-20,M03,U008,16,38,111.37,False,Atıştırmalık,Cips,Marka-B,False
2025-01-21,M03,U008,8,96,111.37,False,Atıştırmalık,Cips,Marka-B,False
2025-01-22,M03,U008,15,81,111.37,False,Atıştırmalık,Cips,Marka-B,False
2025-01-23,M03,U008,19,62,89.1,False,Atıştırmalık,Cips,Marka-B,True
2025-01-24,M03,U008,20,42,111.37,False,Atıştırmalık,Cips,Marka-B,False
2025-01-25,M03,U008,17,77,111.37,False,Atıştırmalık,Cips,Marka-B,False
2025-01-26,M03,U008,14,63,111.37,False,Atıştırmalık,Cips,Marka-B,False
2025-01-27,M03,U008,28,35,100.23,False,Atıştırmalık,Cips,Marka-B,True
2025-01-28,M03,U008,10,25,111.37,False,Atıştırmalık,Cips,Marka-B,False
2025-01-29,M03,U008,18,86,111.37,False,Atıştırmalık,Cips,Marka-B,False
2025-01-30,M03,U008,14,72,111.37,False,Atıştırmalık,Cips,Marka-B,False
2025-01-31,M03,U008,16,56,111.37,False,Atıştırmalık,Cips,Marka-B,False
2025-02-01,M03,U008,13,43,111.37,False,Atıştırmalık,Cips,Marka-B,False
2025-02-02,M03,U008,19,77,111.37,False,Atıştırmalık,Cips,Marka-B,False
2025-02-03,M03,U008,11,66,111.37,False,Atıştırmalık,Cips,Marka-B,False
2025-02-04,M03,U008,10,56,111.37,False,Atıştırmalık,Cips,Marka-B,False
2025-02-05,M03,U008,11,45,111.37,False,Atıştırmalık,Cips,Marka-B,False
2025-02-06,M03,U008,17,78,111.37,False,Atıştırmalık,Cips,Marka-B,False
2025-02-07,M03,U008,20,58,89.1,False,Atıştırmalık,Cips,Marka-B,True
2025-02-08,M03,U008,20,38,111.37,False,Atıştırmalık,Cips,Marka-B,False
2025-02-09,M03,U008,31,7,100.23,False,Atıştırmalık,Cips,Marka-B,True
2025-02-10,M03,U008,7,0,111.37,True,Atıştırmalık,Cips,Marka-B,False
2025-02-11,M03,U008,0,0,111.37,True,Atıştırmalık,Cips,Marka-B,False
2025-02-12,M03,U008,0,0,111.37,True,Atıştırmalık,Cips,Marka-B,False
2025-02-13,M03,U008,0,0,111.37,True,Atıştırmalık,Cips,Marka-B,False
2025-02-14,M03,U008,12,77,111.37,False,Atıştırmalık,Cips,Marka-B,False
2025-02-15,M03,U008,17,60,111.37,False,Atıştırmalık,Cips,Marka-B,False
2025-02-16,M03,U008,21,39,111.37,False,Atıştırmalık,Cips,Marka-B,False
2025-02-17,M03,U008,14,25,111.37,False,Atıştırmalık,Cips,Marka-B,False
2025-02-18,M03,U008,8,87,111.37,False,Atıştırmalık,Cips,Marka-B,False
2025-02-19,M03,U008,15,72,111.37,False,Atıştırmalık,Cips,Marka-B,False
2025-02-20,M03,U008,17,55,111.37,False,Atıştırmalık,Cips,Marka-B,False
2025-02-21,M03,U008,12,43,111.37,False,Atıştırmalık,Cips,Marka-B,False
2025-02-22,M03,U008,20,74,111.37,False,Atıştırmalık,Cips,Marka-B,False
2025-02-23,M03,U008,25,49,111.37,False,Atıştırmalık,Cips,Marka-B,False
2025-02-24,M03,U008,15,34,111.37,False,Atıştırmalık,Cips,Marka-B,False
2025-02-25,M03,U008,15,19,111.37,False,Atıştırmalık,Cips,Marka-B,False
2025-02-26,M03,U008,13,86,111.37,False,Atıştırmalık,Cips,Marka-B,False
2025-02-27,M03,U008,11,75,111.37,False,Atıştırmalık,Cips,Marka-B,False
2025-02-28,M03,U008,18,57,111.37,False,Atıştırmalık,Cips,Marka-B,False
2025-03-01,M03,U008,13,44,111.37,False,Atıştırmalık,Cips,Marka-B,False
2025-03-02,M03,U008,17,70,111.37,False,Atıştırmalık,Cips,Marka-B,False
2025-03-03,M03,U008,15,55,111.37,False,Atıştırmalık,Cips,Marka-B,False
2025-03-04,M03,U008,29,26,100.23,False,Atıştırmalık,Cips,Marka-B,True
2025-03-05,M03,U008,13,13,111.37,False,Atıştırmalık,Cips,Marka-B,False
2025-03-06,M03,U008,12,1,111.37,False,Atıştırmalık,Cips,Marka-B,False
2025-03-07,M03,U008,1,0,111.37,True,Atıştırmalık,Cips,Marka-B,False
2025-03-08,M03,U008,0,0,111.37,True,Atıştırmalık,Cips,Marka-B,False
2025-03-09,M03,U008,0,0,111.37,True,Atıştırmalık,Cips,Marka-B,False
2025-03-10,M03,U008,12,87,111.37,False,Atıştırmalık,Cips,Marka-B,False
2025-03-11,M03,U008,20,67,111.37,False,Atıştırmalık,Cips,Marka-B,False
2025-03-12,M03,U008,15,52,111.37,False,Atıştırmalık,Cips,Marka-B,False
2025-03-13,M03,U008,15,37,111.37,False,Atıştırmalık,Cips,Marka-B,False
2025-03-14,M03,U008,19,70,111.37,False,Atıştırmalık,Cips,Marka-B,False
2025-03-15,M03,U008,16,54,111.37,False,Atıştırmalık,Cips,Marka-B,False
2025-03-16,M03,U008,20,34,111.37,False,Atıştırmalık,Cips,Marka-B,False
2025-03-17,M03,U008,11,23,111.37,False,Atıştırmalık,Cips,Marka-B,False
2025-03-18,M03,U008,12,90,111.37,False,Atıştırmalık,Cips,Marka-B,False
2025-03-19,M03,U008,27,63,100.23,False,Atıştırmalık,Cips,Marka-B,True
2025-03-20,M03,U008,18,45,111.37,False,Atıştırmalık,Cips,Marka-B,False
2025-03-21,M03,U008,22,23,111.37,False,Atıştırmalık,Cips,Marka-B,False
2025-03-22,M03,U008,13,82,111.37,False,Atıştırmalık,Cips,Marka-B,False
2025-03-23,M03,U008,20,62,111.37,False,Atıştırmalık,Cips,Marka-B,False
2025-03-24,M03,U008,14,48,111.37,False,Atıştırmalık,Cips,Marka-B,False
2025-03-25,M03,U008,12,36,111.37,False,Atıştırmalık,Cips,Marka-B,False
2025-03-26,M03,U008,12,24,111.37,False,Atıştırmalık,Cips,Marka-B,False
2025-03-27,M03,U008,6,18,111.37,False,Atıştırmalık,Cips,Marka-B,False
2025-03-28,M03,U008,18,0,111.37,True,Atıştırmalık,Cips,Marka-B,False
2025-03-29,M03,U008,0,0,111.37,True,Atıştırmalık,Cips,Marka-B,False
2025-03-30,M03,U008,25,72,111.37,False,Atıştırmalık,Cips,Marka-B,False
2025-03-31,M03,U008,9,63,111.37,False,Atıştırmalık,Cips,Marka-B,False
2025-04-01,M03,U008,11,52,111.37,False,Atıştırmalık,Cips,Marka-B,False
2025-04-02,M03,U008,14,38,111.37,False,Atıştırmalık,Cips,Marka-B,False
2025-04-03,M03,U008,18,82,111.37,False,Atıştırmalık,Cips,Marka-B,False
2025-04-04,M03,U008,21,61,111.37,False,Atıştırmalık,Cips,Marka-B,False
2025-04-05,M03,U008,17,44,111.37,False,Atıştırmalık,Cips,Marka-B,False
2025-04-06,M03,U008,15,29,111.37,False,Atıştırmalık,Cips,Marka-B,False
2025-04-07,M03,U008,19,71,111.37,False,Atıştırmalık,Cips,Marka-B,False
2025-04-08,M03,U008,10,61,111.37,False,Atıştırmalık,Cips,Marka-B,False
2025-04-09,M03,U008,7,54,111.37,False,Atıştırmalık,Cips,Marka-B,False
2025-04-10,M03,U008,24,30,89.1,False,Atıştırmalık,Cips,Marka-B,True
2025-04-11,M03,U008,28,76,100.23,False,Atıştırmalık,Cips,Marka-B,True
2025-04-12,M03,U008,19,57,111.37,False,Atıştırmalık,Cips,Marka-B,False
2025-04-13,M03,U008,23,34,111.37,False,Atıştırmalık,Cips,Marka-B,False
2025-04-14,M03,U008,18,16,111.37,False,Atıştırmalık,Cips,Marka-B,False
2025-04-15,M03,U008,25,62,100.23,False,Atıştırmalık,Cips,Marka-B,True
2025-04-16,M03,U008,13,49,111.37,False,Atıştırmalık,Cips,Marka-B,False
2025-04-17,M03,U008,15,34,111.37,False,Atıştırmalık,Cips,Marka-B,False
2025-04-18,M03,U008,21,13,89.1,False,Atıştırmalık,Cips,Marka-B,True
2025-04-19,M03,U008,13,0,111.37,True,Atıştırmalık,Cips,Marka-B,False
2025-04-20,M03,U008,0,0,111.37,True,Atıştırmalık,Cips,Marka-B,False
2025-04-21,M03,U008,0,0,111.37,True,Atıştırmalık,Cips,Marka-B,False
2025-04-22,M03,U008,0,0,111.37,True,Atıştırmalık,Cips,Marka-B,False
2025-04-23,M03,U008,21,70,111.37,False,Atıştırmalık,Cips,Marka-B,False
2025-04-24,M03,U008,25,45,111.37,False,Atıştırmalık,Cips,Marka-B,False
2025-04-25,M03,U008,21,24,111.37,False,Atıştırmalık,Cips,Marka-B,False
2025-04-26,M03,U008,24,0,111.37,True,Atıştırmalık,Cips,Marka-B,False
2025-04-27,M03,U008,17,84,111.37,False,Atıştırmalık,Cips,Marka-B,False
2025-04-28,M03,U008,13,71,111.37,False,Atıştırmalık,Cips,Marka-B,False
2025-04-29,M03,U008,12,59,111.37,False,Atıştırmalık,Cips,Marka-B,False
2025-04-30,M03,U008,19,40,111.37,False,Atıştırmalık,Cips,Marka-B,False
2025-05-01,M03,U008,26,72,100.23,False,Atıştırmalık,Cips,Marka-B,True
2025-05-02,M03,U008,13,59,111.37,False,Atıştırmalık,Cips,Marka-B,False
2025-05-03,M03,U008,16,43,111.37,False,Atıştırmalık,Cips,Marka-B,False
2025-05-04,M03,U008,16,27,111.37,False,Atıştırmalık,Cips,Marka-B,False
2025-05-05,M03,U008,15,12,111.37,False,Atıştırmalık,Cips,Marka-B,False
2025-05-06,M03,U008,10,2,111.37,False,Atıştırmalık,Cips,Marka-B,False
2025-01-01,M03,U009,9,21,133.04,False,Atıştırmalık,Bisküvi,Marka-C,False
2025-01-02,M03,U009,6,15,133.04,False,Atıştırmalık,Bisküvi,Marka-C,False
2025-01-03,M03,U009,15,0,133.04,True,Atıştırmalık,Bisküvi,Marka-C,False
2025-01-04,M03,U009,0,0,133.04,True,Atıştırmalık,Bisküvi,Marka-C,False
2025-01-05,M03,U009,0,0,113.08,True,Atıştırmalık,Bisküvi,Marka-C,True
2025-01-06,M03,U009,13,49,133.04,False,Atıştırmalık,Bisküvi,Marka-C,False
2025-01-07,M03,U009,12,37,133.04,False,Atıştırmalık,Bisküvi,Marka-C,False
2025-01-08,M03,U009,13,24,133.04,False,Atıştırmalık,Bisküvi,Marka-C,False
2025-01-09,M03,U009,6,18,133.04,False,Atıştırmalık,Bisküvi,Marka-C,False
2025-01-10,M03,U009,10,8,133.04,False,Atıştırmalık,Bisküvi,Marka-C,False
2025-01-11,M03,U009,16,39,133.04,False,Atıştırmalık,Bisküvi,Marka-C,False
2025-01-12,M03,U009,6,33,133.04,False,Atıştırmalık,Bisküvi,Marka-C,False
2025-01-13,M03,U009,9,24,133.04,False,Atıştırmalık,Bisküvi,Marka-C,False
2025-01-14,M03,U009,9,15,133.04,False,Atıştırmalık,Bisküvi,Marka-C,False
2025-01-15,M03,U009,10,5,133.04,False,Atıştırmalık,Bisküvi,Marka-C,False
2025-01-16,M03,U009,9,47,133.04,False,Atıştırmalık,Bisküvi,Marka-C,False
2025-01-17,M03,U009,17,30,119.74,False,Atıştırmalık,Bisküvi,Marka-C,True
2025-01-18,M03,U009,21,9,113.08,False,Atıştırmalık,Bisküvi,Marka-C,True
2025-01-19,M03,U009,9,0,133.04,True,Atıştırmalık,Bisküvi,Marka-C,False
2025-01-20,M03,U009,0,0,133.04,True,Atıştırmalık,Bisküvi,Marka-C,False
2025-01-21,M03,U009,9,51,133.04,False,Atıştırmalık,Bisküvi,Marka-C,False
2025-01-22,M03,U009,11,40,133.04,False,Atıştırmalık,Bisküvi,Marka-C,False
2025-01-23,M03,U009,11,29,133.04,False,Atıştırmalık,Bisküvi,Marka-C,False
2025-01-24,M03,U009,9,20,133.04,False,Atıştırmalık,Bisküvi,Marka-C,False
2025-01-25,M03,U009,9,11,133.04,False,Atıştırmalık,Bisküvi,Marka-C,False
2025-01-26,M03,U009,14,38,133.04,False,Atıştırmalık,Bisküvi,Marka-C,False
2025-01-27,M03,U009,7,31,133.04,False,Atıştırmalık,Bisküvi,Marka-C,False
2025-01-28,M03,U009,8,23,133.04,False,Atıştırmalık,Bisküvi,Marka-C,False
2025-01-29,M03,U009,7,16,133.04,False,Atıştırmalık,Bisküvi,Marka-C,False
2025-01-30,M03,U009,12,4,133.04,False,Atıştırmalık,Bisküvi,Marka-C,False
2025-01-31,M03,U009,10,43,133.04,False,Atıştırmalık,Bisküvi,Marka-C,False
2025-02-01,M03,U009,14,29,133.04,False,Atıştırmalık,Bisküvi,Marka-C,False
2025-02-02,M03,U009,8,21,133.04,False,Atıştırmalık,Bisküvi,Marka-C,False
2025-02-03,M03,U009,7,14,133.04,False,Atıştırmalık,Bisküvi,Marka-C,False
2025-02-04,M03,U009,4,10,133.04,False,Atıştırmalık,Bisküvi,Marka-C,False
2025-02-05,M03,U009,4,57,133.04,False,Atıştırmalık,Bisküvi,Marka-C,False
2025-02-06,M03,U009,10,47,133.04,False,Atıştırmalık,Bisküvi,Marka-C,False
2025-02-07,M03,U009,17,30,133.04,False,Atıştırmalık,Bisküvi,Marka-C,False
2025-02-08,M03,U009,12,18,133.04,False,Atıştırmalık,Bisküvi,Marka-C,False
2025-02-09,M03,U009,13,5,133.04,False,Atıştırmalık,Bisküvi,Marka-C,False
2025-02-10,M03,U009,13,45,133.04,False,Atıştırmalık,Bisküvi,Marka-C,False
2025-02-11,M03,U009,14,31,133.04,False,Atıştırmalık,Bisküvi,Marka-C,False
2025-02-12,M03,U009,18,13,113.08,False,Atıştırmalık,Bisküvi,Marka-C,True
2025-02-13,M03,U009,13,0,133.04,True,Atıştırmalık,Bisküvi,Marka-C,False
2025-02-14,M03,U009,0,0,133.04,True,Atıştırmalık,Bisküvi,Marka-C,False
2025-02-15,M03,U009,9,48,133.04,False,Atıştırmalık,Bisküvi,Marka-C,False
2025-02-16,M03,U009,9,39,133.04,False,Atıştırmalık,Bisküvi,Marka-C,False
2025-02-17,M03,U009,8,31,133.04,False,Atıştırmalık,Bisküvi,Marka-C,False
2025-02-18,M03,U009,12,19,133.04,False,Atıştırmalık,Bisküvi,Marka-C,False
2025-02-19,M03,U009,10,9,133.04,False,Atıştırmalık,Bisküvi,Marka-C,False
2025-02-20,M03,U009,8,48,133.04,False,Atıştırmalık,Bisküvi,Marka-C,False
2025-02-21,M03,U009,13,35,133.04,False,Atıştırmalık,Bisküvi,Marka-C,False
2025-02-22,M03,U009,13,22,133.04,False,Atıştırmalık,Bisküvi,Marka-C,False
2025-02-23,M03,U009,11,11,133.04,False,Atıştırmalık,Bisküvi,Marka-C,False
2025-02-24,M03,U009,8,3,133.04,False,Atıştırmalık,Bisküvi,Marka-C,False
2025-02-25,M03,U009,17,37,106.43,False,Atıştırmalık,Bisküvi,Marka-C,True
2025-02-26,M03,U009,11,26,133.04,False,Atıştırmalık,Bisküvi,Marka-C,False
2025-02-27,M03,U009,14,12,133.04,False,Atıştırmalık,Bisküvi,Marka-C,False
2025-02-28,M03,U009,9,3,133.04,False,Atıştırmalık,Bisküvi,Marka-C,False
2025-03-01,M03,U009,3,0,133.04,True,Atıştırmalık,Bisküvi,Marka-C,False
2025-03-02,M03,U009,13,39,133.04,False,Atıştırmalık,Bisküvi,Marka-C,False
2025-03-03,M03,U009,17,22,133.04,False,Atıştırmalık,Bisküvi,Marka-C,False
2025-03-04,M03,U009,8,14,133.04,False,Atıştırmalık,Bisküvi,Marka-C,False
2025-03-05,M03,U009,10,4,133.04,False,Atıştırmalık,Bisküvi,Marka-C,False
2025-03-06,M03,U009,4,0,133.04,True,Atıştırmalık,Bisküvi,Marka-C,False
2025-03-07,M03,U009,9,47,133.04,False,Atıştırmalık,Bisküvi,Marka-C,False
2025-03-08,M03,U009,14,33,133.04,False,Atıştırmalık,Bisküvi,Marka-C,False
2025-03-09,M03,U009,8,25,133.04,False,Atıştırmalık,Bisküvi,Marka-C,False
2025-03-10,M03,U009,10,15,133.04,False,Atıştırmalık,Bisküvi,Marka-C,False
2025-03-11,M03,U009,8,7,133.04,False,Atıştırmalık,Bisküvi,Marka-C,False
2025-03-12,M03,U009,7,54,133.04,False,Atıştırmalık,Bisküvi,Marka-C,False
2025-03-13,M03,U009,9,45,133.04,False,Atıştırmalık,Bisküvi,Marka-C,False
2025-03-14,M03,U009,13,32,133.04,False,Atıştırmalık,Bisküvi,Marka-C,False
2025-03-15,M03,U009,10,22,133.04,False,Atıştırmalık,Bisküvi,Marka-C,False
2025-03-16,M03,U009,9,13,133.04,False,Atıştırmalık,Bisküvi,Marka-C,False
2025-03-17,M03,U009,6,46,133.04,False,Atıştırmalık,Bisküvi,Marka-C,False
2025-03-18,M03,U009,6,40,133.04,False,Atıştırmalık,Bisküvi,Marka-C,False
2025-03-19,M03,U009,17,23,133.04,False,Atıştırmalık,Bisküvi,Marka-C,False
2025-03-20,M03,U009,13,10,133.04,False,Atıştırmalık,Bisküvi,Marka-C,False
2025-03-21,M03,U009,10,0,133.04,False,Atıştırmalık,Bisküvi,Marka-C,False
2025-03-22,M03,U009,13,42,133.04,False,Atıştırmalık,Bisküvi,Marka-C,False
2025-03-23,M03,U009,22,20,119.74,False,Atıştırmalık,Bisküvi,Marka-C,True
2025-03-24,M03,U009,9,11,113.08,False,Atıştırmalık,Bisküvi,Marka-C,True
2025-03-25,M03,U009,8,3,133.04,False,Atıştırmalık,Bisküvi,Marka-C,False
2025-03-26,M03,U009,3,0,133.04,True,Atıştırmalık,Bisküvi,Marka-C,False
2025-03-27,M03,U009,2,54,133.04,False,Atıştırmalık,Bisküvi,Marka-C,False
2025-03-28,M03,U009,13,41,133.04,False,Atıştırmalık,Bisküvi,Marka-C,False
2025-03-29,M03,U009,13,28,133.04,False,Atıştırmalık,Bisküvi,Marka-C,False
2025-03-30,M03,U009,11,17,133.04,False,Atıştırmalık,Bisküvi,Marka-C,False
2025-03-31,M03,U009,12,5,106.43,False,Atıştırmalık,Bisküvi,Marka-C,True
2025-04-01,M03,U009,9,53,133.04,False,Atıştırmalık,Bisküvi,Marka-C,False
2025-04-02,M03,U009,13,40,133.04,False,Atıştırmalık,Bisküvi,Marka-C,False
2025-04-03,M03,U009,8,32,133.04,False,Atıştırmalık,Bisküvi,Marka-C,False
2025-04-04,M03,U009,11,21,133.04,False,Atıştırmalık,Bisküvi,Marka-C,False
2025-04-05,M03,U009,9,12,133.04,False,Atıştırmalık,Bisküvi,Marka-C,False
2025-04-06,M03,U009,19,36,106.43,False,Atıştırmalık,Bisküvi,Marka-C,True
2025-04-07,M03,U009,5,31,133.04,False,Atıştırmalık,Bisküvi,Marka-C,False
2025-04-08,M03,U009,10,21,133.04,False,Atıştırmalık,Bisküvi,Marka-C,False
2025-04-09,M03,U009,10,11,133.04,False,Atıştırmalık,Bisküvi,Marka-C,False
2025-04-10,M03,U009,11,0,133.04,True,Atıştırmalık,Bisküvi,Marka-C,False
2025-04-11,M03,U009,14,44,106.43,False,Atıştırmalık,Bisküvi,Marka-C,True
2025-04-12,M03,U009,5,39,133.04,False,Atıştırmalık,Bisküvi,Marka-C,False
2025-04-13,M03,U009,11,28,133.04,False,Atıştırmalık,Bisküvi,Marka-C,False
2025-04-14,M03,U009,8,20,133.04,False,Atıştırmalık,Bisküvi,Marka-C,False
2025-04-15,M03,U009,4,16,133.04,False,Atıştırmalık,Bisküvi,Marka-C,False
2025-04-16,M03,U009,14,39,133.04,False,Atıştırmalık,Bisküvi,Marka-C,False
2025-04-17,M03,U009,6,33,133.04,False,Atıştırmalık,Bisküvi,Marka-C,False
2025-04-18,M03,U009,11,22,133.04,False,Atıştırmalık,Bisküvi,Marka-C,False
2025-04-19,M03,U009,12,10,133.04,False,Atıştırmalık,Bisküvi,Marka-C,False
2025-04-20,M03,U009,9,1,133.04,False,Atıştırmalık,Bisküvi,Marka-C,False
2025-04-21,M03,U009,11,48,133.04,False,Atıştırmalık,Bisküvi,Marka-C,False
2025-04-22,M03,U009,13,35,133.04,False,Atıştırmalık,Bisküvi,Marka-C,False
2025-04-23,M03,U009,11,24,133.04,False,Atıştırmalık,Bisküvi,Marka-C,False
2025-04-24,M03,U009,13,11,133.04,False,Atıştırmalık,Bisküvi,Marka-C,False
2025-04-25,M03,U009,5,6,133.04,False,Atıştırmalık,Bisküvi,Marka-C,False
2025-04-26,M03,U009,17,37,133.04,False,Atıştırmalık,Bisküvi,Marka-C,False
2025-04-27,M03,U009,9,28,133.04,False,Atıştırmalık,Bisküvi,Marka-C,False
2025-04-28,M03,U009,5,23,133.04,False,Atıştırmalık,Bisküvi,Marka-C,False
2025-04-29,M03,U009,13,10,133.04,False,Atıştırmalık,Bisküvi,Marka-C,False
2025-04-30,M03,U009,8,2,133.04,False,Atıştırmalık,Bisküvi,Marka-C,False
2025-05-01,M03,U009,20,39,133.04,False,Atıştırmalık,Bisküvi,Marka-C,False
2025-05-02,M03,U009,20,19,119.74,False,Atıştırmalık,Bisküvi,Marka-C,True
2025-05-03,M03,U009,18,1,133.04,False,Atıştırmalık,Bisküvi,Marka-C,False
2025-05-04,M03,U009,1,0,133.04,True,Atıştırmalık,Bisküvi,Marka-C,False
2025-05-05,M03,U009,0,0,133.04,True,Atıştırmalık,Bisküvi,Marka-C,False
2025-05-06,M03,U009,10,49,133.04,False,Atıştırmalık,Bisküvi,Marka-C,False
2025-01-01,M03,U010,29,116,186.29,False,Atıştırmalık,Bisküvi,Marka-D,False
2025-01-02,M03,U010,17,99,186.29,False,Atıştırmalık,Bisküvi,Marka-D,False
2025-01-03,M03,U010,17,82,186.29,False,Atıştırmalık,Bisküvi,Marka-D,False
2025-01-04,M03,U010,33,49,186.29,False,Atıştırmalık,Bisküvi,Marka-D,False
2025-01-05,M03,U010,24,25,186.29,False,Atıştırmalık,Bisküvi,Marka-D,False
2025-01-06,M03,U010,24,100,186.29,False,Atıştırmalık,Bisküvi,Marka-D,False
2025-01-07,M03,U010,19,81,186.29,False,Atıştırmalık,Bisküvi,Marka-D,False
2025-01-08,M03,U010,17,64,186.29,False,Atıştırmalık,Bisküvi,Marka-D,False
2025-01-09,M03,U010,25,39,186.29,False,Atıştırmalık,Bisküvi,Marka-D,False
2025-01-10,M03,U010,21,18,186.29,False,Atıştırmalık,Bisküvi,Marka-D,False
2025-01-11,M03,U010,52,82,167.66,False,Atıştırmalık,Bisküvi,Marka-D,True
2025-01-12,M03,U010,23,59,186.29,False,Atıştırmalık,Bisküvi,Marka-D,False
2025-01-13,M03,U010,19,40,186.29,False,Atıştırmalık,Bisküvi,Marka-D,False
2025-01-14,M03,U010,31,9,186.29,False,Atıştırmalık,Bisküvi,Marka-D,False
2025-01-15,M03,U010,9,0,186.29,True,Atıştırmalık,Bisküvi,Marka-D,False
2025-01-16,M03,U010,24,104,186.29,False,Atıştırmalık,Bisküvi,Marka-D,False
2025-01-17,M03,U010,19,85,186.29,False,Atıştırmalık,Bisküvi,Marka-D,False
2025-01-18,M03,U010,29,56,186.29,False,Atıştırmalık,Bisküvi,Marka-D,False
2025-01-19,M03,U010,33,23,186.29,False,Atıştırmalık,Bisküvi,Marka-D,False
2025-01-20,M03,U010,23,0,186.29,True,Atıştırmalık,Bisküvi,Marka-D,False
2025-01-21,M03,U010,27,101,186.29,False,Atıştırmalık,Bisküvi,Marka-D,False
2025-01-22,M03,U010,25,76,186.29,False,Atıştırmalık,Bisküvi,Marka-D,False
2025-01-23,M03,U010,29,47,149.03,False,Atıştırmalık,Bisküvi,Marka-D,True
2025-01-24,M03,U010,32,15,186.29,False,Atıştırmalık,Bisküvi,Marka-D,False
2025-01-25,M03,U010,15,0,186.29,True,Atıştırmalık,Bisküvi,Marka-D,False
2025-01-26,M03,U010,31,90,186.29,False,Atıştırmalık,Bisküvi,Marka-D,False
2025-01-27,M03,U010,24,66,186.29,False,Atıştırmalık,Bisküvi,Marka-D,False
2025-01-28,M03,U010,24,42,186.29,False,Atıştırmalık,Bisküvi,Marka-D,False
2025-01-29,M03,U010,38,4,186.29,False,Atıştırmalık,Bisküvi,Marka-D,False
2025-01-30,M03,U010,4,0,186.29,True,Atıştırmalık,Bisküvi,Marka-D,False
2025-01-31,M03,U010,19,120,186.29,False,Atıştırmalık,Bisküvi,Marka-D,False
2025-02-01,M03,U010,33,87,186.29,False,Atıştırmalık,Bisküvi,Marka-D,False
2025-02-02,M03,U010,37,50,186.29,False,Atıştırmalık,Bisküvi,Marka-D,False
2025-02-03,M03,U010,19,31,186.29,False,Atıştırmalık,Bisküvi,Marka-D,False
2025-02-04,M03,U010,24,7,186.29,False,Atıştırmalık,Bisküvi,Marka-D,False
2025-02-05,M03,U010,40,97,186.29,False,Atıştırmalık,Bisküvi,Marka-D,False
2025-02-06,M03,U010,30,67,186.29,False,Atıştırmalık,Bisküvi,Marka-D,False
2025-02-07,M03,U010,25,42,186.29,False,Atıştırmalık,Bisküvi,Marka-D,False
2025-02-08,M03,U010,33,9,186.29,False,Atıştırmalık,Bisküvi,Marka-D,False
2025-02-09,M03,U010,9,0,186.29,True,Atıştırmalık,Bisküvi,Marka-D,False
2025-02-10,M03,U010,25,118,186.29,False,Atıştırmalık,Bisküvi,Marka-D,False
2025-02-11,M03,U010,31,87,186.29,False,Atıştırmalık,Bisküvi,Marka-D,False
2025-02-12,M03,U010,27,60,186.29,False,Atıştırmalık,Bisküvi,Marka-D,False
2025-02-13,M03,U010,26,34,186.29,False,Atıştırmalık,Bisküvi,Marka-D,False
2025-02-14,M03,U010,23,11,186.29,False,Atıştırmalık,Bisküvi,Marka-D,False
2025-02-15,M03,U010,29,110,186.29,False,Atıştırmalık,Bisküvi,Marka-D,False
2025-02-16,M03,U010,31,79,186.29,False,Atıştırmalık,Bisküvi,Marka-D,False
2025-02-17,M03,U010,27,52,186.29,False,Atıştırmalık,Bisküvi,Marka-D,False
2025-02-18,M03,U010,23,29,186.29,False,Atıştırmalık,Bisküvi,Marka-D,False
2025-02-19,M03,U010,24,5,186.29,False,Atıştırmalık,Bisküvi,Marka-D,False
2025-02-20,M03,U010,23,100,186.29,False,Atıştırmalık,Bisküvi,Marka-D,False
2025-02-21,M03,U010,33,67,186.29,False,Atıştırmalık,Bisküvi,Marka-D,False
2025-02-22,M03,U010,24,43,186.29,False,Atıştırmalık,Bisküvi,Marka-D,False
2025-02-23,M03,U010,38,5,186.29,False,Atıştırmalık,Bisküvi,Marka-D,False
2025-02-24,M03,U010,5,0,167.66,True,Atıştırmalık,Bisküvi,Marka-D,True
2025-02-25,M03,U010,20,110,186.29,False,Atıştırmalık,Bisküvi,Marka-D,False
2025-02-26,M03,U010,22,88,186.29,False,Atıştırmalık,Bisküvi,Marka-D,False
2025-02-27,M03,U010,29,59,186.29,False,Atıştırmalık,Bisküvi,Marka-D,False
2025-02-28,M03,U010,39,20,186.29,False,Atıştırmalık,Bisküvi,Marka-D,False
2025-03-01,M03,U010,20,0,186.29,True,Atıştırmalık,Bisküvi,Marka-D,False
2025-03-02,M03,U010,31,96,186.29,False,Atıştırmalık,Bisküvi,Marka-D,False
2025-03-03,M03,U010,20,76,186.29,False,Atıştırmalık,Bisküvi,Marka-D,False
2025-03-04,M03,U010,19,57,186.29,False,Atıştırmalık,Bisküvi,Marka-D,False
2025-03-05,M03,U010,27,30,186.29,False,Atıştırmalık,Bisküvi,Marka-D,False
2025-03-06,M03,U010,30,0,186.29,True,Atıştırmalık,Bisküvi,Marka-D,False
2025-03-07,M03,U010,31,108,186.29,False,Atıştırmalık,Bisküvi,Marka-D,False
2025-03-08,M03,U010,29,79,186.29,False,Atıştırmalık,Bisküvi,Marka-D,False
2025-03-09,M03,U010,30,49,186.29,False,Atıştırmalık,Bisküvi,Marka-D,False
2025-03-10,M03,U010,25,24,186.29,False,Atıştırmalık,Bisküvi,Marka-D,False
2025-03-11,M03,U010,22,2,186.29,False,Atıştırmalık,Bisküvi,Marka-D,False
2025-03-12,M03,U010,2,0,186.29,True,Atıştırmalık,Bisküvi,Marka-D,False
2025-03-13,M03,U010,0,0,149.03,True,Atıştırmalık,Bisküvi,Marka-D,True
2025-03-14,M03,U010,0,0,186.29,True,Atıştırmalık,Bisküvi,Marka-D,False
2025-03-15,M03,U010,0,0,186.29,True,Atıştırmalık,Bisküvi,Marka-D,False
2025-03-16,M03,U010,0,0,186.29,True,Atıştırmalık,Bisküvi,Marka-D,False
2025-03-17,M03,U010,27,103,186.29,False,Atıştırmalık,Bisküvi,Marka-D,False
2025-03-18,M03,U010,31,72,186.29,False,Atıştırmalık,Bisküvi,Marka-D,False
2025-03-19,M03,U010,29,43,186.29,False,Atıştırmalık,Bisküvi,Marka-D,False
2025-03-20,M03,U010,30,13,186.29,False,Atıştırmalık,Bisküvi,Marka-D,False
2025-03-21,M03,U010,13,0,186.29,True,Atıştırmalık,Bisküvi,Marka-D,False
2025-03-22,M03,U010,34,96,186.29,False,Atıştırmalık,Bisküvi,Marka-D,False
2025-03-23,M03,U010,47,49,186.29,False,Atıştırmalık,Bisküvi,Marka-D,False
2025-03-24,M03,U010,29,20,186.29,False,Atıştırmalık,Bisküvi,Marka-D,False
2025-03-25,M03,U010,20,0,158.35,True,Atıştırmalık,Bisküvi,Marka-D,True
2025-03-26,M03,U010,0,0,186.29,True,Atıştırmalık,Bisküvi,Marka-D,False
2025-03-27,M03,U010,21,121,186.29,False,Atıştırmalık,Bisküvi,Marka-D,False
2025-03-28,M03,U010,41,80,167.66,False,Atıştırmalık,Bisküvi,Marka-D,True
2025-03-29,M03,U010,71,9,149.03,False,Atıştırmalık,Bisküvi,Marka-D,True
2025-03-30,M03,U010,9,0,186.29,True,Atıştırmalık,Bisküvi,Marka-D,False
2025-03-31,M03,U010,0,0,186.29,True,Atıştırmalık,Bisküvi,Marka-D,False
2025-04-01,M03,U010,18,123,186.29,False,Atıştırmalık,Bisküvi,Marka-D,False
2025-04-02,M03,U010,29,94,186.29,False,Atıştırmalık,Bisküvi,Marka-D,False
2025-04-03,M03,U010,35,59,186.29,False,Atıştırmalık,Bisküvi,Marka-D,False
2025-04-04,M03,U010,21,38,186.29,False,Atıştırmalık,Bisküvi,Marka-D,False
2025-04-05,M03,U010,34,4,186.29,False,Atıştırmalık,Bisküvi,Marka-D,False
2025-04-06,M03,U010,32,102,186.29,False,Atıştırmalık,Bisküvi,Marka-D,False
2025-04-07,M03,U010,24,78,186.29,False,Atıştırmalık,Bisküvi,Marka-D,False
2025-04-08,M03,U010,25,53,186.29,False,Atıştırmalık,Bisküvi,Marka-D,False
2025-04-09,M03,U010,27,26,186.29,False,Atıştırmalık,Bisküvi,Marka-D,False
2025-04-10,M03,U010,18,8,186.29,False,Atıştırmalık,Bisküvi,Marka-D,False
2025-04-11,M03,U010,8,0,186.29,True,Atıştırmalık,Bisküvi,Marka-D,False
2025-04-12,M03,U010,0,0,186.29,True,Atıştırmalık,Bisküvi,Marka-D,False
2025-04-13,M03,U010,0,0,186.29,True,Atıştırmalık,Bisküvi,Marka-D,False
2025-04-14,M03,U010,0,0,186.29,True,Atıştırmalık,Bisküvi,Marka-D,False
2025-04-15,M03,U010,0,0,186.29,True,Atıştırmalık,Bisküvi,Marka-D,False
2025-04-16,M03,U010,22,99,186.29,False,Atıştırmalık,Bisküvi,Marka-D,False
2025-04-17,M03,U010,25,74,186.29,False,Atıştırmalık,Bisküvi,Marka-D,False
2025-04-18,M03,U010,33,41,186.29,False,Atıştırmalık,Bisküvi,Marka-D,False
2025-04-19,M03,U010,36,5,186.29,False,Atıştırmalık,Bisküvi,Marka-D,False
2025-04-20,M03,U010,5,0,186.29,True,Atıştırmalık,Bisküvi,Marka-D,False
2025-04-21,M03,U010,29,98,186.29,False,Atıştırmalık,Bisküvi,Marka-D,False
2025-04-22,M03,U010,27,71,186.29,False,Atıştırmalık,Bisküvi,Marka-D,False
2025-04-23,M03,U010,27,44,186.29,False,Atıştırmalık,Bisküvi,Marka-D,False
2025-04-24,M03,U010,28,16,186.29,False,Atıştırmalık,Bisküvi,Marka-D,False
2025-04-25,M03,U010,16,0,186.29,True,Atıştırmalık,Bisküvi,Marka-D,False
2025-04-26,M03,U010,38,100,186.29,False,Atıştırmalık,Bisküvi,Marka-D,False
2025-04-27,M03,U010,32,68,186.29,False,Atıştırmalık,Bisküvi,Marka-D,False
2025-04-28,M03,U010,24,44,186.29,False,Atıştırmalık,Bisküvi,Marka-D,False
2025-04-29,M03,U010,40,4,167.66,False,Atıştırmalık,Bisküvi,Marka-D,True
2025-04-30,M03,U010,4,0,186.29,True,Atıştırmalık,Bisküvi,Marka-D,False
2025-05-01,M03,U010,33,96,186.29,False,Atıştırmalık,Bisküvi,Marka-D,False
2025-05-02,M03,U010,28,68,186.29,False,Atıştırmalık,Bisküvi,Marka-D,False
2025-05-03,M03,U010,28,40,186.29,False,Atıştırmalık,Bisküvi,Marka-D,False
2025-05-04,M03,U010,36,4,186.29,False,Atıştırmalık,Bisküvi,Marka-D,False
2025-05-05,M03,U010,4,0,167.66,True,Atıştırmalık,Bisküvi,Marka-D,True
2025-05-06,M03,U010,24,95,186.29,False,Atıştırmalık,Bisküvi,Marka-D,False
2025-01-01,M03,U011,11,98,172.73,False,Atıştırmalık,Çikolata,Marka-E,False
2025-01-02,M03,U011,17,81,172.73,False,Atıştırmalık,Çikolata,Marka-E,False
2025-01-03,M03,U011,15,66,172.73,False,Atıştırmalık,Çikolata,Marka-E,False
2025-01-04,M03,U011,26,40,172.73,False,Atıştırmalık,Çikolata,Marka-E,False
2025-01-05,M03,U011,26,93,172.73,False,Atıştırmalık,Çikolata,Marka-E,False
2025-01-06,M03,U011,23,70,172.73,False,Atıştırmalık,Çikolata,Marka-E,False
2025-01-07,M03,U011,13,57,172.73,False,Atıştırmalık,Çikolata,Marka-E,False
2025-01-08,M03,U011,13,44,172.73,False,Atıştırmalık,Çikolata,Marka-E,False
2025-01-09,M03,U011,19,96,172.73,False,Atıştırmalık,Çikolata,Marka-E,False
2025-01-10,M03,U011,12,84,172.73,False,Atıştırmalık,Çikolata,Marka-E,False
2025-01-11,M03,U011,22,62,172.73,False,Atıştırmalık,Çikolata,Marka-E,False
2025-01-12,M03,U011,22,40,172.73,False,Atıştırmalık,Çikolata,Marka-E,False
2025-01-13,M03,U011,16,107,172.73,False,Atıştırmalık,Çikolata,Marka-E,False
2025-01-14,M03,U011,20,87,172.73,False,Atıştırmalık,Çikolata,Marka-E,False
2025-01-15,M03,U011,18,69,172.73,False,Atıştırmalık,Çikolata,Marka-E,False
2025-01-16,M03,U011,22,47,172.73,False,Atıştırmalık,Çikolata,Marka-E,False
2025-01-17,M03,U011,14,110,172.73,False,Atıştırmalık,Çikolata,Marka-E,False
2025-01-18,M03,U011,27,83,172.73,False,Atıştırmalık,Çikolata,Marka-E,False
2025-01-19,M03,U011,13,70,172.73,False,Atıştırmalık,Çikolata,Marka-E,False
2025-01-20,M03,U011,14,56,172.73,False,Atıştırmalık,Çikolata,Marka-E,False
2025-01-21,M03,U011,20,93,172.73,False,Atıştırmalık,Çikolata,Marka-E,False
2025-01-22,M03,U011,16,77,172.73,False,Atıştırmalık,Çikolata,Marka-E,False
2025-01-23,M03,U011,12,65,172.73,False,Atıştırmalık,Çikolata,Marka-E,False
2025-01-24,M03,U011,22,43,172.73,False,Atıştırmalık,Çikolata,Marka-E,False
2025-01-25,M03,U011,21,104,172.73,False,Atıştırmalık,Çikolata,Marka-E,False
2025-01-26,M03,U011,22,82,172.73,False,Atıştırmalık,Çikolata,Marka-E,False
2025-01-27,M03,U011,20,62,172.73,False,Atıştırmalık,Çikolata,Marka-E,False
2025-01-28,M03,U011,11,51,172.73,False,Atıştırmalık,Çikolata,Marka-E,False
2025-01-29,M03,U011,9,98,172.73,False,Atıştırmalık,Çikolata,Marka-E,False
2025-01-30,M03,U011,18,80,172.73,False,Atıştırmalık,Çikolata,Marka-E,False
2025-01-31,M03,U011,30,50,172.73,False,Atıştırmalık,Çikolata,Marka-E,False
2025-02-01,M03,U011,24,26,172.73,False,Atıştırmalık,Çikolata,Marka-E,False
2025-02-02,M03,U011,22,100,172.73,False,Atıştırmalık,Çikolata,Marka-E,False
2025-02-03,M03,U011,19,81,138.18,False,Atıştırmalık,Çikolata,Marka-E,True
2025-02-04,M03,U011,9,72,172.73,False,Atıştırmalık,Çikolata,Marka-E,False
2025-02-05,M03,U011,25,47,172.73,False,Atıştırmalık,Çikolata,Marka-E,False
2025-02-06,M03,U011,13,108,172.73,False,Atıştırmalık,Çikolata,Marka-E,False
2025-02-07,M03,U011,32,76,172.73,False,Atıştırmalık,Çikolata,Marka-E,False
2025-02-08,M03,U011,17,59,172.73,False,Atıştırmalık,Çikolata,Marka-E,False
2025-02-09,M03,U011,28,31,172.73,False,Atıştırmalık,Çikolata,Marka-E,False
2025-02-10,M03,U011,16,87,172.73,False,Atıştırmalık,Çikolata,Marka-E,False
2025-02-11,M03,U011,28,59,155.46,False,Atıştırmalık,Çikolata,Marka-E,True
2025-02-12,M03,U011,24,35,172.73,False,Atıştırmalık,Çikolata,Marka-E,False
2025-02-13,M03,U011,24,11,172.73,False,Atıştırmalık,Çikolata,Marka-E,False
2025-02-14,M03,U011,15,100,172.73,False,Atıştırmalık,Çikolata,Marka-E,False
2025-02-15,M03,U011,22,78,172.73,False,Atıştırmalık,Çikolata,Marka-E,False
2025-02-16,M03,U011,18,60,172.73,False,Atıştırmalık,Çikolata,Marka-E,False
2025-02-17,M03,U011,14,46,172.73,False,Atıştırmalık,Çikolata,Marka-E,False
2025-02-18,M03,U011,14,105,172.73,False,Atıştırmalık,Çikolata,Marka-E,False
2025-02-19,M03,U011,17,88,172.73,False,Atıştırmalık,Çikolata,Marka-E,False
2025-02-20,M03,U011,21,67,172.73,False,Atıştırmalık,Çikolata,Marka-E,False
2025-02-21,M03,U011,20,47,172.73,False,Atıştırmalık,Çikolata,Marka-E,False
2025-02-22,M03,U011,35,90,146.82,False,Atıştırmalık,Çikolata,Marka-E,True
2025-02-23,M03,U011,21,69,172.73,False,Atıştırmalık,Çikolata,Marka-E,False
2025-02-24,M03,U011,17,52,172.73,False,Atıştırmalık,Çikolata,Marka-E,False
2025-02-25,M03,U011,14,38,172.73,False,Atıştırmalık,Çikolata,Marka-E,False
2025-02-26,M03,U011,19,96,172.73,False,Atıştırmalık,Çikolata,Marka-E,False
2025-02-27,M03,U011,20,76,172.73,False,Atıştırmalık,Çikolata,Marka-E,False
2025-02-28,M03,U011,34,42,155.46,False,Atıştırmalık,Çikolata,Marka-E,True
2025-03-01,M03,U011,30,12,172.73,False,Atıştırmalık,Çikolata,Marka-E,False
2025-03-02,M03,U011,23,99,172.73,False,Atıştırmalık,Çikolata,Marka-E,False
2025-03-03,M03,U011,15,84,172.73,False,Atıştırmalık,Çikolata,Marka-E,False
2025-03-04,M03,U011,11,73,172.73,False,Atıştırmalık,Çikolata,Marka-E,False
2025-03-05,M03,U011,17,56,172.73,False,Atıştırmalık,Çikolata,Marka-E,False
2025-03-06,M03,U011,17,90,172.73,False,Atıştırmalık,Çikolata,Marka-E,False
2025-03-07,M03,U011,23,67,172.73,False,Atıştırmalık,Çikolata,Marka-E,False
2025-03-08,M03,U011,26,41,172.73,False,Atıştırmalık,Çikolata,Marka-E,False
2025-03-09,M03,U011,17,24,172.73,False,Atıştırmalık,Çikolata,Marka-E,False
2025-03-10,M03,U011,21,94,172.73,False,Atıştırmalık,Çikolata,Marka-E,False
2025-03-11,M03,U011,15,79,172.73,False,Atıştırmalık,Çikolata,Marka-E,False
2025-03-12,M03,U011,28,51,138.18,False,Atıştırmalık,Çikolata,Marka-E,True
2025-03-13,M03,U011,15,36,172.73,False,Atıştırmalık,Çikolata,Marka-E,False
2025-03-14,M03,U011,10,115,172.73,False,Atıştırmalık,Çikolata,Marka-E,False
2025-03-15,M03,U011,31,84,172.73,False,Atıştırmalık,Çikolata,Marka-E,False
2025-03-16,M03,U011,26,58,172.73,False,Atıştırmalık,Çikolata,Marka-E,False
2025-03-17,M03,U011,14,44,172.73,False,Atıştırmalık,Çikolata,Marka-E,False
2025-03-18,M03,U011,18,95,172.73,False,Atıştırmalık,Çikolata,Marka-E,False
2025-03-19,M03,U011,16,79,172.73,False,Atıştırmalık,Çikolata,Marka-E,False
2025-03-20,M03,U011,22,57,172.73,False,Atıştırmalık,Çikolata,Marka-E,False
2025-03-21,M03,U011,17,40,172.73,False,Atıştırmalık,Çikolata,Marka-E,False
2025-03-22,M03,U011,31,9,172.73,False,Atıştırmalık,Çikolata,Marka-E,False
2025-03-23,M03,U011,9,0,172.73,True,Atıştırmalık,Çikolata,Marka-E,False
2025-03-24,M03,U011,0,0,172.73,True,Atıştırmalık,Çikolata,Marka-E,False
2025-03-25,M03,U011,0,0,146.82,True,Atıştırmalık,Çikolata,Marka-E,True
2025-03-26,M03,U011,15,93,172.73,False,Atıştırmalık,Çikolata,Marka-E,False
2025-03-27,M03,U011,18,75,172.73,False,Atıştırmalık,Çikolata,Marka-E,False
2025-03-28,M03,U011,18,57,172.73,False,Atıştırmalık,Çikolata,Marka-E,False
2025-03-29,M03,U011,26,31,172.73,False,Atıştırmalık,Çikolata,Marka-E,False
2025-03-30,M03,U011,15,107,172.73,False,Atıştırmalık,Çikolata,Marka-E,False
2025-03-31,M03,U011,24,83,138.18,False,Atıştırmalık,Çikolata,Marka-E,True
2025-04-01,M03,U011,15,68,172.73,False,Atıştırmalık,Çikolata,Marka-E,False
2025-04-02,M03,U011,19,49,172.73,False,Atıştırmalık,Çikolata,Marka-E,False
2025-04-03,M03,U011,14,98,172.73,False,Atıştırmalık,Çikolata,Marka-E,False
2025-04-04,M03,U011,18,80,172.73,False,Atıştırmalık,Çikolata,Marka-E,False
2025-04-05,M03,U011,26,54,172.73,False,Atıştırmalık,Çikolata,Marka-E,False
2025-04-06,M03,U011,25,29,172.73,False,Atıştırmalık,Çikolata,Marka-E,False
2025-04-07,M03,U011,10,110,172.73,False,Atıştırmalık,Çikolata,Marka-E,False
2025-04-08,M03,U011,18,92,172.73,False,Atıştırmalık,Çikolata,Marka-E,False
2025-04-09,M03,U011,18,74,172.73,False,Atıştırmalık,Çikolata,Marka-E,False
2025-04-10,M03,U011,16,58,172.73,False,Atıştırmalık,Çikolata,Marka-E,False
2025-04-11,M03,U011,19,106,172.73,False,Atıştırmalık,Çikolata,Marka-E,False
2025-04-12,M03,U011,28,78,172.73,False,Atıştırmalık,Çikolata,Marka-E,False
2025-04-13,M03,U011,29,49,172.73,False,Atıştırmalık,Çikolata,Marka-E,False
2025-04-14,M03,U011,18,31,172.73,False,Atıştırmalık,Çikolata,Marka-E,False
2025-04-15,M03,U011,14,112,172.73,False,Atıştırmalık,Çikolata,Marka-E,False
2025-04-16,M03,U011,36,76,138.18,False,Atıştırmalık,Çikolata,Marka-E,True
2025-04-17,M03,U011,22,54,172.73,False,Atıştırmalık,Çikolata,Marka-E,False
2025-04-18,M03,U011,24,30,172.73,False,Atıştırmalık,Çikolata,Marka-E,False
2025-04-19,M03,U011,31,90,172.73,False,Atıştırmalık,Çikolata,Marka-E,False
2025-04-20,M03,U011,18,72,172.73,False,Atıştırmalık,Çikolata,Marka-E,False
2025-04-21,M03,U011,15,57,172.73,False,Atıştırmalık,Çikolata,Marka-E,False
2025-04-22,M03,U011,25,32,172.73,False,Atıştırmalık,Çikolata,Marka-E,False
2025-04-23,M03,U011,18,96,172.73,False,Atıştırmalık,Çikolata,Marka-E,False
2025-04-24,M03,U011,21,75,172.73,False,Atıştırmalık,Çikolata,Marka-E,False
2025-04-25,M03,U011,18,57,172.73,False,Atıştırmalık,Çikolata,Marka-E,False
2025-04-26,M03,U011,26,31,172.73,False,Atıştırmalık,Çikolata,Marka-E,False
2025-04-27,M03,U011,19,99,172.73,False,Atıştırmalık,Çikolata,Marka-E,False
2025-04-28,M03,U011,16,83,172.73,False,Atıştırmalık,Çikolata,Marka-E,False
2025-04-29,M03,U011,13,70,172.73,False,Atıştırmalık,Çikolata,Marka-E,False
2025-04-30,M03,U011,21,49,172.73,False,Atıştırmalık,Çikolata,Marka-E,False
2025-05-01,M03,U011,16,109,172.73,False,Atıştırmalık,Çikolata,Marka-E,False
2025-05-02,M03,U011,21,88,172.73,False,Atıştırmalık,Çikolata,Marka-E,False
2025-05-03,M03,U011,14,74,172.73,False,Atıştırmalık,Çikolata,Marka-E,False
2025-05-04,M03,U011,23,51,172.73,False,Atıştırmalık,Çikolata,Marka-E,False
2025-05-05,M03,U011,19,32,172.73,False,Atıştırmalık,Çikolata,Marka-E,False
2025-05-06,M03,U011,15,17,172.73,False,Atıştırmalık,Çikolata,Marka-E,False
2025-01-01,M03,U012,39,111,214.19,False,Atıştırmalık,Çikolata,Marka-F,False
2025-01-02,M03,U012,45,66,214.19,False,Atıştırmalık,Çikolata,Marka-F,False
2025-01-03,M03,U012,47,19,214.19,False,Atıştırmalık,Çikolata,Marka-F,False
2025-01-04,M03,U012,19,0,214.19,True,Atıştırmalık,Çikolata,Marka-F,False
2025-01-05,M03,U012,0,0,214.19,True,Atıştırmalık,Çikolata,Marka-F,False
2025-01-06,M03,U012,0,0,214.19,True,Atıştırmalık,Çikolata,Marka-F,False
2025-01-07,M03,U012,0,0,214.19,True,Atıştırmalık,Çikolata,Marka-F,False
2025-01-08,M03,U012,29,138,214.19,False,Atıştırmalık,Çikolata,Marka-F,False
2025-01-09,M03,U012,34,104,214.19,False,Atıştırmalık,Çikolata,Marka-F,False
2025-01-10,M03,U012,35,69,214.19,False,Atıştırmalık,Çikolata,Marka-F,False
2025-01-11,M03,U012,37,32,214.19,False,Atıştırmalık,Çikolata,Marka-F,False
2025-01-12,M03,U012,32,0,214.19,True,Atıştırmalık,Çikolata,Marka-F,False
2025-01-13,M03,U012,0,0,214.19,True,Atıştırmalık,Çikolata,Marka-F,False
2025-01-14,M03,U012,0,0,214.19,True,Atıştırmalık,Çikolata,Marka-F,False
2025-01-15,M03,U012,37,103,214.19,False,Atıştırmalık,Çikolata,Marka-F,False
2025-01-16,M03,U012,28,75,214.19,False,Atıştırmalık,Çikolata,Marka-F,False
2025-01-17,M03,U012,42,33,214.19,False,Atıştırmalık,Çikolata,Marka-F,False
2025-01-18,M03,U012,33,0,214.19,True,Atıştırmalık,Çikolata,Marka-F,False
2025-01-19,M03,U012,0,0,214.19,True,Atıştırmalık,Çikolata,Marka-F,False
2025-01-20,M03,U012,0,0,214.19,True,Atıştırmalık,Çikolata,Marka-F,False
2025-01-21,M03,U012,0,0,171.35,True,Atıştırmalık,Çikolata,Marka-F,True
2025-01-22,M03,U012,30,118,214.19,False,Atıştırmalık,Çikolata,Marka-F,False
2025-01-23,M03,U012,33,85,214.19,False,Atıştırmalık,Çikolata,Marka-F,False
2025-01-24,M03,U012,36,49,214.19,False,Atıştırmalık,Çikolata,Marka-F,False
2025-01-25,M03,U012,39,10,214.19,False,Atıştırmalık,Çikolata,Marka-F,False
2025-01-26,M03,U012,10,0,214.19,True,Atıştırmalık,Çikolata,Marka-F,False
2025-01-27,M03,U012,0,0,214.19,True,Atıştırmalık,Çikolata,Marka-F,False
2025-01-28,M03,U012,0,0,214.19,True,Atıştırmalık,Çikolata,Marka-F,False
2025-01-29,M03,U012,43,104,214.19,False,Atıştırmalık,Çikolata,Marka-F,False
2025-01-30,M03,U012,33,71,214.19,False,Atıştırmalık,Çikolata,Marka-F,False
2025-01-31,M03,U012,26,45,214.19,False,Atıştırmalık,Çikolata,Marka-F,False
2025-02-01,M03,U012,45,0,214.19,True,Atıştırmalık,Çikolata,Marka-F,False
2025-02-02,M03,U012,0,0,214.19,True,Atıştırmalık,Çikolata,Marka-F,False
2025-02-03,M03,U012,0,0,214.19,True,Atıştırmalık,Çikolata,Marka-F,False
2025-02-04,M03,U012,0,0,214.19,True,Atıştırmalık,Çikolata,Marka-F,False
2025-02-05,M03,U012,28,118,214.19,False,Atıştırmalık,Çikolata,Marka-F,False
2025-02-06,M03,U012,33,85,214.19,False,Atıştırmalık,Çikolata,Marka-F,False
2025-02-07,M03,U012,44,41,214.19,False,Atıştırmalık,Çikolata,Marka-F,False
2025-02-08,M03,U012,41,0,214.19,True,Atıştırmalık,Çikolata,Marka-F,False
2025-02-09,M03,U012,0,0,214.19,True,Atıştırmalık,Çikolata,Marka-F,False
2025-02-10,M03,U012,0,0,214.19,True,Atıştırmalık,Çikolata,Marka-F,False
2025-02-11,M03,U012,0,0,214.19,True,Atıştırmalık,Çikolata,Marka-F,False
2025-02-12,M03,U012,39,131,214.19,False,Atıştırmalık,Çikolata,Marka-F,False
2025-02-13,M03,U012,33,98,214.19,False,Atıştırmalık,Çikolata,Marka-F,False
2025-02-14,M03,U012,33,65,214.19,False,Atıştırmalık,Çikolata,Marka-F,False
2025-02-15,M03,U012,56,9,214.19,False,Atıştırmalık,Çikolata,Marka-F,False
2025-02-16,M03,U012,9,0,214.19,True,Atıştırmalık,Çikolata,Marka-F,False
2025-02-17,M03,U012,0,0,214.19,True,Atıştırmalık,Çikolata,Marka-F,False
2025-02-18,M03,U012,0,0,214.19,True,Atıştırmalık,Çikolata,Marka-F,False
2025-02-19,M03,U012,30,111,214.19,False,Atıştırmalık,Çikolata,Marka-F,False
2025-02-20,M03,U012,33,78,214.19,False,Atıştırmalık,Çikolata,Marka-F,False
2025-02-21,M03,U012,40,38,214.19,False,Atıştırmalık,Çikolata,Marka-F,False
2025-02-22,M03,U012,38,0,214.19,True,Atıştırmalık,Çikolata,Marka-F,False
2025-02-23,M03,U012,0,0,214.19,True,Atıştırmalık,Çikolata,Marka-F,False
2025-02-24,M03,U012,0,0,214.19,True,Atıştırmalık,Çikolata,Marka-F,False
2025-02-25,M03,U012,0,0,214.19,True,Atıştırmalık,Çikolata,Marka-F,False
2025-02-26,M03,U012,0,0,214.19,True,Atıştırmalık,Çikolata,Marka-F,False
2025-02-27,M03,U012,0,0,182.06,True,Atıştırmalık,Çikolata,Marka-F,True
2025-02-28,M03,U012,0,0,214.19,True,Atıştırmalık,Çikolata,Marka-F,False
2025-03-01,M03,U012,0,0,214.19,True,Atıştırmalık,Çikolata,Marka-F,False
2025-03-02,M03,U012,0,0,214.19,True,Atıştırmalık,Çikolata,Marka-F,False
2025-03-03,M03,U012,0,0,214.19,True,Atıştırmalık,Çikolata,Marka-F,False
2025-03-04,M03,U012,0,0,182.06,True,Atıştırmalık,Çikolata,Marka-F,True
2025-03-05,M03,U012,0,0,214.19,True,Atıştırmalık,Çikolata,Marka-F,False
2025-03-06,M03,U012,0,0,214.19,True,Atıştırmalık,Çikolata,Marka-F,False
2025-03-07,M03,U012,0,0,214.19,True,Atıştırmalık,Çikolata,Marka-F,False
2025-03-08,M03,U012,0,0,214.19,True,Atıştırmalık,Çikolata,Marka-F,False
2025-03-09,M03,U012,0,0,214.19,True,Atıştırmalık,Çikolata,Marka-F,False
2025-03-10,M03,U012,0,0,214.19,True,Atıştırmalık,Çikolata,Marka-F,False
2025-03-11,M03,U012,0,0,214.19,True,Atıştırmalık,Çikolata,Marka-F,False
2025-03-12,M03,U012,37,123,214.19,False,Atıştırmalık,Çikolata,Marka-F,False
2025-03-13,M03,U012,40,83,214.19,False,Atıştırmalık,Çikolata,Marka-F,False
2025-03-14,M03,U012,45,38,214.19,False,Atıştırmalık,Çikolata,Marka-F,False
2025-03-15,M03,U012,38,0,214.19,True,Atıştırmalık,Çikolata,Marka-F,False
2025-03-16,M03,U012,0,0,214.19,True,Atıştırmalık,Çikolata,Marka-F,False
2025-03-17,M03,U012,0,0,214.19,True,Atıştırmalık,Çikolata,Marka-F,False
2025-03-18,M03,U012,0,0,214.19,True,Atıştırmalık,Çikolata,Marka-F,False
2025-03-19,M03,U012,26,119,214.19,False,Atıştırmalık,Çikolata,Marka-F,False
2025-03-20,M03,U012,47,72,214.19,False,Atıştırmalık,Çikolata,Marka-F,False
2025-03-21,M03,U012,37,35,214.19,False,Atıştırmalık,Çikolata,Marka-F,False
2025-03-22,M03,U012,35,0,192.77,True,Atıştırmalık,Çikolata,Marka-F,True
2025-03-23,M03,U012,0,0,214.19,True,Atıştırmalık,Çikolata,Marka-F,False
2025-03-24,M03,U012,0,0,214.19,True,Atıştırmalık,Çikolata,Marka-F,False
2025-03-25,M03,U012,0,0,214.19,True,Atıştırmalık,Çikolata,Marka-F,False
2025-03-26,M03,U012,44,110,214.19,False,Atıştırmalık,Çikolata,Marka-F,False
2025-03-27,M03,U012,41,69,214.19,False,Atıştırmalık,Çikolata,Marka-F,False
2025-03-28,M03,U012,50,19,214.19,False,Atıştırmalık,Çikolata,Marka-F,False
2025-03-29,M03,U012,19,0,214.19,True,Atıştırmalık,Çikolata,Marka-F,False
2025-03-30,M03,U012,0,0,171.35,True,Atıştırmalık,Çikolata,Marka-F,True
2025-03-31,M03,U012,0,0,214.19,True,Atıştırmalık,Çikolata,Marka-F,False
2025-04-01,M03,U012,0,0,214.19,True,Atıştırmalık,Çikolata,Marka-F,False
2025-04-02,M03,U012,40,123,214.19,False,Atıştırmalık,Çikolata,Marka-F,False
2025-04-03,M03,U012,36,87,214.19,False,Atıştırmalık,Çikolata,Marka-F,False
2025-04-04,M03,U012,45,42,214.19,False,Atıştırmalık,Çikolata,Marka-F,False
2025-04-05,M03,U012,38,4,214.19,False,Atıştırmalık,Çikolata,Marka-F,False
2025-04-06,M03,U012,4,0,214.19,True,Atıştırmalık,Çikolata,Marka-F,False
2025-04-07,M03,U012,0,0,214.19,True,Atıştırmalık,Çikolata,Marka-F,False
2025-04-08,M03,U012,0,0,214.19,True,Atıştırmalık,Çikolata,Marka-F,False
2025-04-09,M03,U012,37,110,214.19,False,Atıştırmalık,Çikolata,Marka-F,False
2025-04-10,M03,U012,59,51,171.35,False,Atıştırmalık,Çikolata,Marka-F,True
2025-04-11,M03,U012,42,9,214.19,False,Atıştırmalık,Çikolata,Marka-F,False
2025-04-12,M03,U012,9,0,214.19,True,Atıştırmalık,Çikolata,Marka-F,False
2025-04-13,M03,U012,0,0,214.19,True,Atıştırmalık,Çikolata,Marka-F,False
2025-04-14,M03,U012,0,0,214.19,True,Atıştırmalık,Çikolata,Marka-F,False
2025-04-15,M03,U012,0,0,214.19,True,Atıştırmalık,Çikolata,Marka-F,False
2025-04-16,M03,U012,39,108,214.19,False,Atıştırmalık,Çikolata,Marka-F,False
2025-04-17,M03,U012,25,83,214.19,False,Atıştırmalık,Çikolata,Marka-F,False
2025-04-18,M03,U012,51,32,214.19,False,Atıştırmalık,Çikolata,Marka-F,False
2025-04-19,M03,U012,32,0,214.19,True,Atıştırmalık,Çikolata,Marka-F,False
2025-04-20,M03,U012,0,0,214.19,True,Atıştırmalık,Çikolata,Marka-F,False
2025-04-21,M03,U012,0,0,214.19,True,Atıştırmalık,Çikolata,Marka-F,False
2025-04-22,M03,U012,0,0,214.19,True,Atıştırmalık,Çikolata,Marka-F,False
2025-04-23,M03,U012,38,118,214.19,False,Atıştırmalık,Çikolata,Marka-F,False
2025-04-24,M03,U012,28,90,214.19,False,Atıştırmalık,Çikolata,Marka-F,False
2025-04-25,M03,U012,44,46,214.19,False,Atıştırmalık,Çikolata,Marka-F,False
2025-04-26,M03,U012,46,0,192.77,True,Atıştırmalık,Çikolata,Marka-F,True
2025-04-27,M03,U012,0,0,214.19,True,Atıştırmalık,Çikolata,Marka-F,False
2025-04-28,M03,U012,0,0,214.19,True,Atıştırmalık,Çikolata,Marka-F,False
2025-04-29,M03,U012,0,0,214.19,True,Atıştırmalık,Çikolata,Marka-F,False
2025-04-30,M03,U012,50,102,214.19,False,Atıştırmalık,Çikolata,Marka-F,False
2025-05-01,M03,U012,31,71,214.19,False,Atıştırmalık,Çikolata,Marka-F,False
2025-05-02,M03,U012,32,39,214.19,False,Atıştırmalık,Çikolata,Marka-F,False
2025-05-03,M03,U012,39,0,214.19,True,Atıştırmalık,Çikolata,Marka-F,False
2025-05-04,M03,U012,0,0,214.19,True,Atıştırmalık,Çikolata,Marka-F,False
2025-05-05,M03,U012,0,0,214.19,True,Atıştırmalık,Çikolata,Marka-F,False
2025-05-06,M03,U012,0,0,214.19,True,Atıştırmalık,Çikolata,Marka-F,False
2025-01-01,M03,U013,8,73,176.68,False,Süt Ürünleri,Süt,Marka-A,False
2025-01-02,M03,U013,13,60,176.68,False,Süt Ürünleri,Süt,Marka-A,False
2025-01-03,M03,U013,9,51,176.68,False,Süt Ürünleri,Süt,Marka-A,False
2025-01-04,M03,U013,20,31,176.68,False,Süt Ürünleri,Süt,Marka-A,False
2025-01-05,M03,U013,16,77,176.68,False,Süt Ürünleri,Süt,Marka-A,False
2025-01-06,M03,U013,9,68,176.68,False,Süt Ürünleri,Süt,Marka-A,False
2025-01-07,M03,U013,7,61,176.68,False,Süt Ürünleri,Süt,Marka-A,False
2025-01-08,M03,U013,8,53,176.68,False,Süt Ürünleri,Süt,Marka-A,False
2025-01-09,M03,U013,19,77,176.68,False,Süt Ürünleri,Süt,Marka-A,False
2025-01-10,M03,U013,19,58,176.68,False,Süt Ürünleri,Süt,Marka-A,False
2025-01-11,M03,U013,17,41,176.68,False,Süt Ürünleri,Süt,Marka-A,False
2025-01-12,M03,U013,18,23,176.68,False,Süt Ürünleri,Süt,Marka-A,False
2025-01-13,M03,U013,11,77,176.68,False,Süt Ürünleri,Süt,Marka-A,False
2025-01-14,M03,U013,19,58,176.68,False,Süt Ürünleri,Süt,Marka-A,False
2025-01-15,M03,U013,15,43,176.68,False,Süt Ürünleri,Süt,Marka-A,False
2025-01-16,M03,U013,13,30,176.68,False,Süt Ürünleri,Süt,Marka-A,False
2025-01-17,M03,U013,17,13,176.68,False,Süt Ürünleri,Süt,Marka-A,False
2025-01-18,M03,U013,11,2,176.68,False,Süt Ürünleri,Süt,Marka-A,False
2025-01-19,M03,U013,2,0,176.68,True,Süt Ürünleri,Süt,Marka-A,False
2025-01-20,M03,U013,0,0,176.68,True,Süt Ürünleri,Süt,Marka-A,False
2025-01-21,M03,U013,0,0,141.34,True,Süt Ürünleri,Süt,Marka-A,True
2025-01-22,M03,U013,0,0,176.68,True,Süt Ürünleri,Süt,Marka-A,False
2025-01-23,M03,U013,0,0,176.68,True,Süt Ürünleri,Süt,Marka-A,False
2025-01-24,M03,U013,0,0,176.68,True,Süt Ürünleri,Süt,Marka-A,False
2025-01-25,M03,U013,13,74,176.68,False,Süt Ürünleri,Süt,Marka-A,False
2025-01-26,M03,U013,27,47,159.01,False,Süt Ürünleri,Süt,Marka-A,True
2025-01-27,M03,U013,16,31,176.68,False,Süt Ürünleri,Süt,Marka-A,False
2025-01-28,M03,U013,14,17,176.68,False,Süt Ürünleri,Süt,Marka-A,False
2025-01-29,M03,U013,8,86,176.68,False,Süt Ürünleri,Süt,Marka-A,False
2025-01-30,M03,U013,14,72,176.68,False,Süt Ürünleri,Süt,Marka-A,False
2025-01-31,M03,U013,17,55,176.68,False,Süt Ürünleri,Süt,Marka-A,False
2025-02-01,M03,U013,18,37,176.68,False,Süt Ürünleri,Süt,Marka-A,False
2025-02-02,M03,U013,13,76,176.68,False,Süt Ürünleri,Süt,Marka-A,False
2025-02-03,M03,U013,20,56,176.68,False,Süt Ürünleri,Süt,Marka-A,False
2025-02-04,M03,U013,13,43,176.68,False,Süt Ürünleri,Süt,Marka-A,False
2025-02-05,M03,U013,12,31,176.68,False,Süt Ürünleri,Süt,Marka-A,False
2025-02-06,M03,U013,11,71,176.68,False,Süt Ürünleri,Süt,Marka-A,False
2025-02-07,M03,U013,21,50,150.18,False,Süt Ürünleri,Süt,Marka-A,True
2025-02-08,M03,U013,12,38,176.68,False,Süt Ürünleri,Süt,Marka-A,False
2025-02-09,M03,U013,14,24,176.68,False,Süt Ürünleri,Süt,Marka-A,False
2025-02-10,M03,U013,14,69,176.68,False,Süt Ürünleri,Süt,Marka-A,False
2025-02-11,M03,U013,19,50,176.68,False,Süt Ürünleri,Süt,Marka-A,False
2025-02-12,M03,U013,16,34,176.68,False,Süt Ürünleri,Süt,Marka-A,False
2025-02-13,M03,U013,24,10,176.68,False,Süt Ürünleri,Süt,Marka-A,False
2025-02-14,M03,U013,19,67,176.68,False,Süt Ürünleri,Süt,Marka-A,False
2025-02-15,M03,U013,14,53,176.68,False,Süt Ürünleri,Süt,Marka-A,False
2025-02-16,M03,U013,16,37,176.68,False,Süt Ürünleri,Süt,Marka-A,False
2025-02-17,M03,U013,12,25,176.68,False,Süt Ürünleri,Süt,Marka-A,False
2025-02-18,M03,U013,5,91,176.68,False,Süt Ürünleri,Süt,Marka-A,False
2025-02-19,M03,U013,8,83,176.68,False,Süt Ürünleri,Süt,Marka-A,False
2025-02-20,M03,U013,14,69,176.68,False,Süt Ürünleri,Süt,Marka-A,False
2025-02-21,M03,U013,25,44,176.68,False,Süt Ürünleri,Süt,Marka-A,False
2025-02-22,M03,U013,20,75,176.68,False,Süt Ürünleri,Süt,Marka-A,False
2025-02-23,M03,U013,14,61,176.68,False,Süt Ürünleri,Süt,Marka-A,False
2025-02-24,M03,U013,15,46,176.68,False,Süt Ürünleri,Süt,Marka-A,False
2025-02-25,M03,U013,10,36,176.68,False,Süt Ürünleri,Süt,Marka-A,False
2025-02-26,M03,U013,20,60,176.68,False,Süt Ürünleri,Süt,Marka-A,False
2025-02-27,M03,U013,21,39,176.68,False,Süt Ürünleri,Süt,Marka-A,False
2025-02-28,M03,U013,20,19,176.68,False,Süt Ürünleri,Süt,Marka-A,False
2025-03-01,M03,U013,19,0,141.34,True,Süt Ürünleri,Süt,Marka-A,True
2025-03-02,M03,U013,13,81,176.68,False,Süt Ürünleri,Süt,Marka-A,False
2025-03-03,M03,U013,15,66,176.68,False,Süt Ürünleri,Süt,Marka-A,False
2025-03-04,M03,U013,16,50,176.68,False,Süt Ürünleri,Süt,Marka-A,False
2025-03-05,M03,U013,14,36,176.68,False,Süt Ürünleri,Süt,Marka-A,False
2025-03-06,M03,U013,13,74,176.68,False,Süt Ürünleri,Süt,Marka-A,False
2025-03-07,M03,U013,15,59,176.68,False,Süt Ürünleri,Süt,Marka-A,False
2025-03-08,M03,U013,17,42,176.68,False,Süt Ürünleri,Süt,Marka-A,False
2025-03-09,M03,U013,20,22,176.68,False,Süt Ürünleri,Süt,Marka-A,False
2025-03-10,M03,U013,23,69,141.34,False,Süt Ürünleri,Süt,Marka-A,True
2025-03-11,M03,U013,14,55,176.68,False,Süt Ürünleri,Süt,Marka-A,False
2025-03-12,M03,U013,13,42,176.68,False,Süt Ürünleri,Süt,Marka-A,False
2025-03-13,M03,U013,12,30,176.68,False,Süt Ürünleri,Süt,Marka-A,False
2025-03-14,M03,U013,20,10,176.68,False,Süt Ürünleri,Süt,Marka-A,False
2025-03-15,M03,U013,10,0,176.68,True,Süt Ürünleri,Süt,Marka-A,False
2025-03-16,M03,U013,0,0,176.68,True,Süt Ürünleri,Süt,Marka-A,False
2025-03-17,M03,U013,0,0,176.68,True,Süt Ürünleri,Süt,Marka-A,False
2025-03-18,M03,U013,0,0,176.68,True,Süt Ürünleri,Süt,Marka-A,False
2025-03-19,M03,U013,0,0,176.68,True,Süt Ürünleri,Süt,Marka-A,False
2025-03-20,M03,U013,0,0,176.68,True,Süt Ürünleri,Süt,Marka-A,False
2025-03-21,M03,U013,0,0,150.18,True,Süt Ürünleri,Süt,Marka-A,True
2025-03-22,M03,U013,14,67,176.68,False,Süt Ürünleri,Süt,Marka-A,False
2025-03-23,M03,U013,17,50,176.68,False,Süt Ürünleri,Süt,Marka-A,False
2025-03-24,M03,U013,10,40,176.68,False,Süt Ürünleri,Süt,Marka-A,False
2025-03-25,M03,U013,16,24,176.68,False,Süt Ürünleri,Süt,Marka-A,False
2025-03-26,M03,U013,21,74,159.01,False,Süt Ürünleri,Süt,Marka-A,True
2025-03-27,M03,U013,15,59,176.68,False,Süt Ürünleri,Süt,Marka-A,False
2025-03-28,M03,U013,15,44,176.68,False,Süt Ürünleri,Süt,Marka-A,False
2025-03-29,M03,U013,19,25,176.68,False,Süt Ürünleri,Süt,Marka-A,False
2025-03-30,M03,U013,23,73,176.68,False,Süt Ürünleri,Süt,Marka-A,False
2025-03-31,M03,U013,9,64,176.68,False,Süt Ürünleri,Süt,Marka-A,False
2025-04-01,M03,U013,13,51,176.68,False,Süt Ürünleri,Süt,Marka-A,False
2025-04-02,M03,U013,14,37,176.68,False,Süt Ürünleri,Süt,Marka-A,False
2025-04-03,M03,U013,9,76,176.68,False,Süt Ürünleri,Süt,Marka-A,False
2025-04-04,M03,U013,16,60,176.68,False,Süt Ürünleri,Süt,Marka-A,False
2025-04-05,M03,U013,19,41,176.68,False,Süt Ürünleri,Süt,Marka-A,False
2025-04-06,M03,U013,29,12,141.34,False,Süt Ürünleri,Süt,Marka-A,True
2025-04-07,M03,U013,10,82,176.68,False,Süt Ürünleri,Süt,Marka-A,False
2025-04-08,M03,U013,12,70,176.68,False,Süt Ürünleri,Süt,Marka-A,False
2025-04-09,M03,U013,14,56,176.68,False,Süt Ürünleri,Süt,Marka-A,False
2025-04-10,M03,U013,18,38,176.68,False,Süt Ürünleri,Süt,Marka-A,False
2025-04-11,M03,U013,18,66,176.68,False,Süt Ürünleri,Süt,Marka-A,False
2025-04-12,M03,U013,10,56,176.68,False,Süt Ürünleri,Süt,Marka-A,False
2025-04-13,M03,U013,20,36,176.68,False,Süt Ürünleri,Süt,Marka-A,False
2025-04-14,M03,U013,12,24,176.68,False,Süt Ürünleri,Süt,Marka-A,False
2025-04-15,M03,U013,10,82,176.68,False,Süt Ürünleri,Süt,Marka-A,False
2025-04-16,M03,U013,18,64,176.68,False,Süt Ürünleri,Süt,Marka-A,False
2025-04-17,M03,U013,10,54,176.68,False,Süt Ürünleri,Süt,Marka-A,False
2025-04-18,M03,U013,17,37,176.68,False,Süt Ürünleri,Süt,Marka-A,False
2025-04-19,M03,U013,31,51,159.01,False,Süt Ürünleri,Süt,Marka-A,True
2025-04-20,M03,U013,17,34,176.68,False,Süt Ürünleri,Süt,Marka-A,False
2025-04-21,M03,U013,13,21,176.68,False,Süt Ürünleri,Süt,Marka-A,False
2025-04-22,M03,U013,13,8,176.68,False,Süt Ürünleri,Süt,Marka-A,False
2025-04-23,M03,U013,19,69,176.68,False,Süt Ürünleri,Süt,Marka-A,False
2025-04-24,M03,U013,18,51,141.34,False,Süt Ürünleri,Süt,Marka-A,True
2025-04-25,M03,U013,19,32,176.68,False,Süt Ürünleri,Süt,Marka-A,False
2025-04-26,M03,U013,18,14,176.68,False,Süt Ürünleri,Süt,Marka-A,False
2025-04-27,M03,U013,21,73,176.68,False,Süt Ürünleri,Süt,Marka-A,False
2025-04-28,M03,U013,11,62,176.68,False,Süt Ürünleri,Süt,Marka-A,False
2025-04-29,M03,U013,11,51,176.68,False,Süt Ürünleri,Süt,Marka-A,False
2025-04-30,M03,U013,16,35,176.68,False,Süt Ürünleri,Süt,Marka-A,False
2025-05-01,M03,U013,11,87,176.68,False,Süt Ürünleri,Süt,Marka-A,False
2025-05-02,M03,U013,26,61,176.68,False,Süt Ürünleri,Süt,Marka-A,False
2025-05-03,M03,U013,12,49,176.68,False,Süt Ürünleri,Süt,Marka-A,False
2025-05-04,M03,U013,26,23,150.18,False,Süt Ürünleri,Süt,Marka-A,True
2025-05-05,M03,U013,15,67,176.68,False,Süt Ürünleri,Süt,Marka-A,False
2025-05-06,M03,U013,11,56,176.68,False,Süt Ürünleri,Süt,Marka-A,False
2025-01-01,M03,U014,10,46,115.91,False,Süt Ürünleri,Süt,Marka-B,False
2025-01-02,M03,U014,7,39,115.91,False,Süt Ürünleri,Süt,Marka-B,False
2025-01-03,M03,U014,9,30,115.91,False,Süt Ürünleri,Süt,Marka-B,False
2025-01-04,M03,U014,9,21,115.91,False,Süt Ürünleri,Süt,Marka-B,False
2025-01-05,M03,U014,6,15,115.91,False,Süt Ürünleri,Süt,Marka-B,False
2025-01-06,M03,U014,5,10,115.91,False,Süt Ürünleri,Süt,Marka-B,False
2025-01-07,M03,U014,6,56,115.91,False,Süt Ürünleri,Süt,Marka-B,False
2025-01-08,M03,U014,6,50,115.91,False,Süt Ürünleri,Süt,Marka-B,False
2025-01-09,M03,U014,8,42,115.91,False,Süt Ürünleri,Süt,Marka-B,False
2025-01-10,M03,U014,4,38,115.91,False,Süt Ürünleri,Süt,Marka-B,False
2025-01-11,M03,U014,11,27,115.91,False,Süt Ürünleri,Süt,Marka-B,False
2025-01-12,M03,U014,8,19,115.91,False,Süt Ürünleri,Süt,Marka-B,False
2025-01-13,M03,U014,6,51,115.91,False,Süt Ürünleri,Süt,Marka-B,False
2025-01-14,M03,U014,12,39,115.91,False,Süt Ürünleri,Süt,Marka-B,False
2025-01-15,M03,U014,17,22,115.91,False,Süt Ürünleri,Süt,Marka-B,False
2025-01-16,M03,U014,14,8,115.91,False,Süt Ürünleri,Süt,Marka-B,False
2025-01-17,M03,U014,8,0,115.91,True,Süt Ürünleri,Süt,Marka-B,False
2025-01-18,M03,U014,0,0,115.91,True,Süt Ürünleri,Süt,Marka-B,False
2025-01-19,M03,U014,10,54,115.91,False,Süt Ürünleri,Süt,Marka-B,False
2025-01-20,M03,U014,7,47,115.91,False,Süt Ürünleri,Süt,Marka-B,False
2025-01-21,M03,U014,11,36,115.91,False,Süt Ürünleri,Süt,Marka-B,False
2025-01-22,M03,U014,9,27,115.91,False,Süt Ürünleri,Süt,Marka-B,False
2025-01-23,M03,U014,10,17,115.91,False,Süt Ürünleri,Süt,Marka-B,False
2025-01-24,M03,U014,9,8,115.91,False,Süt Ürünleri,Süt,Marka-B,False
2025-01-25,M03,U014,10,57,115.91,False,Süt Ürünleri,Süt,Marka-B,False
2025-01-26,M03,U014,15,42,115.91,False,Süt Ürünleri,Süt,Marka-B,False
2025-01-27,M03,U014,5,37,115.91,False,Süt Ürünleri,Süt,Marka-B,False
2025-01-28,M03,U014,13,24,115.91,False,Süt Ürünleri,Süt,Marka-B,False
2025-01-29,M03,U014,10,14,115.91,False,Süt Ürünleri,Süt,Marka-B,False
2025-01-30,M03,U014,6,8,115.91,False,Süt Ürünleri,Süt,Marka-B,False
2025-01-31,M03,U014,10,47,115.91,False,Süt Ürünleri,Süt,Marka-B,False
2025-02-01,M03,U014,8,39,115.91,False,Süt Ürünleri,Süt,Marka-B,False
2025-02-02,M03,U014,16,23,115.91,False,Süt Ürünleri,Süt,Marka-B,False
2025-02-03,M03,U014,11,12,115.91,False,Süt Ürünleri,Süt,Marka-B,False
2025-02-04,M03,U014,8,4,115.91,False,Süt Ürünleri,Süt,Marka-B,False
2025-02-05,M03,U014,4,0,98.52,True,Süt Ürünleri,Süt,Marka-B,True
2025-02-06,M03,U014,5,53,115.91,False,Süt Ürünleri,Süt,Marka-B,False
2025-02-07,M03,U014,10,43,115.91,False,Süt Ürünleri,Süt,Marka-B,False
2025-02-08,M03,U014,9,34,115.91,False,Süt Ürünleri,Süt,Marka-B,False
2025-02-09,M03,U014,8,26,115.91,False,Süt Ürünleri,Süt,Marka-B,False
2025-02-10,M03,U014,8,18,115.91,False,Süt Ürünleri,Süt,Marka-B,False
2025-02-11,M03,U014,9,9,115.91,False,Süt Ürünleri,Süt,Marka-B,False
2025-02-12,M03,U014,11,54,115.91,False,Süt Ürünleri,Süt,Marka-B,False
2025-02-13,M03,U014,4,50,115.91,False,Süt Ürünleri,Süt,Marka-B,False
2025-02-14,M03,U014,9,41,115.91,False,Süt Ürünleri,Süt,Marka-B,False
2025-02-15,M03,U014,12,29,115.91,False,Süt Ürünleri,Süt,Marka-B,False
2025-02-16,M03,U014,11,18,115.91,False,Süt Ürünleri,Süt,Marka-B,False
2025-02-17,M03,U014,12,6,98.52,False,Süt Ürünleri,Süt,Marka-B,True
2025-02-18,M03,U014,4,52,115.91,False,Süt Ürünleri,Süt,Marka-B,False
2025-02-19,M03,U014,7,45,115.91,False,Süt Ürünleri,Süt,Marka-B,False
2025-02-20,M03,U014,2,43,115.91,False,Süt Ürünleri,Süt,Marka-B,False
2025-02-21,M03,U014,14,29,92.73,False,Süt Ürünleri,Süt,Marka-B,True
2025-02-22,M03,U014,11,18,115.91,False,Süt Ürünleri,Süt,Marka-B,False
2025-02-23,M03,U014,3,15,115.91,False,Süt Ürünleri,Süt,Marka-B,False
2025-02-24,M03,U014,5,53,115.91,False,Süt Ürünleri,Süt,Marka-B,False
2025-02-25,M03,U014,11,42,115.91,False,Süt Ürünleri,Süt,Marka-B,False
2025-02-26,M03,U014,13,29,115.91,False,Süt Ürünleri,Süt,Marka-B,False
2025-02-27,M03,U014,4,25,115.91,False,Süt Ürünleri,Süt,Marka-B,False
2025-02-28,M03,U014,15,10,115.91,False,Süt Ürünleri,Süt,Marka-B,False
2025-03-01,M03,U014,9,1,115.91,False,Süt Ürünleri,Süt,Marka-B,False
2025-03-02,M03,U014,15,52,115.91,False,Süt Ürünleri,Süt,Marka-B,False
2025-03-03,M03,U014,8,44,115.91,False,Süt Ürünleri,Süt,Marka-B,False
2025-03-04,M03,U014,9,35,115.91,False,Süt Ürünleri,Süt,Marka-B,False
2025-03-05,M03,U014,10,25,115.91,False,Süt Ürünleri,Süt,Marka-B,False
2025-03-06,M03,U014,12,13,115.91,False,Süt Ürünleri,Süt,Marka-B,False
2025-03-07,M03,U014,13,0,115.91,True,Süt Ürünleri,Süt,Marka-B,False
2025-03-08,M03,U014,8,51,115.91,False,Süt Ürünleri,Süt,Marka-B,False
2025-03-09,M03,U014,8,43,115.91,False,Süt Ürünleri,Süt,Marka-B,False
2025-03-10,M03,U014,10,33,115.91,False,Süt Ürünleri,Süt,Marka-B,False
2025-03-11,M03,U014,13,20,115.91,False,Süt Ürünleri,Süt,Marka-B,False
2025-03-12,M03,U014,10,10,115.91,False,Süt Ürünleri,Süt,Marka-B,False
2025-03-13,M03,U014,8,2,115.91,False,Süt Ürünleri,Süt,Marka-B,False
2025-03-14,M03,U014,11,49,115.91,False,Süt Ürünleri,Süt,Marka-B,False
2025-03-15,M03,U014,7,42,115.91,False,Süt Ürünleri,Süt,Marka-B,False
2025-03-16,M03,U014,8,34,115.91,False,Süt Ürünleri,Süt,Marka-B,False
2025-03-17,M03,U014,10,24,115.91,False,Süt Ürünleri,Süt,Marka-B,False
2025-03-18,M03,U014,14,10,115.91,False,Süt Ürünleri,Süt,Marka-B,False
2025-03-19,M03,U014,8,2,115.91,False,Süt Ürünleri,Süt,Marka-B,False
2025-03-20,M03,U014,6,60,115.91,False,Süt Ürünleri,Süt,Marka-B,False
2025-03-21,M03,U014,9,51,115.91,False,Süt Ürünleri,Süt,Marka-B,False
2025-03-22,M03,U014,9,42,115.91,False,Süt Ürünleri,Süt,Marka-B,False
2025-03-23,M03,U014,12,30,115.91,False,Süt Ürünleri,Süt,Marka-B,False
2025-03-24,M03,U014,10,20,115.91,False,Süt Ürünleri,Süt,Marka-B,False
2025-03-25,M03,U014,9,11,115.91,False,Süt Ürünleri,Süt,Marka-B,False
2025-03-26,M03,U014,12,52,115.91,False,Süt Ürünleri,Süt,Marka-B,False
2025-03-27,M03,U014,9,43,115.91,False,Süt Ürünleri,Süt,Marka-B,False
2025-03-28,M03,U014,8,35,115.91,False,Süt Ürünleri,Süt,Marka-B,False
2025-03-29,M03,U014,14,21,115.91,False,Süt Ürünleri,Süt,Marka-B,False
2025-03-30,M03,U014,16,5,115.91,False,Süt Ürünleri,Süt,Marka-B,False
2025-03-31,M03,U014,5,0,115.91,True,Süt Ürünleri,Süt,Marka-B,False
2025-04-01,M03,U014,9,54,115.91,False,Süt Ürünleri,Süt,Marka-B,False
2025-04-02,M03,U014,13,41,115.91,False,Süt Ürünleri,Süt,Marka-B,False
2025-04-03,M03,U014,8,33,115.91,False,Süt Ürünleri,Süt,Marka-B,False
2025-04-04,M03,U014,11,22,115.91,False,Süt Ürünleri,Süt,Marka-B,False
2025-04-05,M03,U014,20,2,115.91,False,Süt Ürünleri,Süt,Marka-B,False
2025-04-06,M03,U014,2,0,115.91,True,Süt Ürünleri,Süt,Marka-B,False
2025-04-07,M03,U014,12,54,115.91,False,Süt Ürünleri,Süt,Marka-B,False
2025-04-08,M03,U014,7,47,115.91,False,Süt Ürünleri,Süt,Marka-B,False
2025-04-09,M03,U014,5,42,115.91,False,Süt Ürünleri,Süt,Marka-B,False
2025-04-10,M03,U014,14,28,98.52,False,Süt Ürünleri,Süt,Marka-B,True
2025-04-11,M03,U014,8,20,115.91,False,Süt Ürünleri,Süt,Marka-B,False
2025-04-12,M03,U014,10,10,115.91,False,Süt Ürünleri,Süt,Marka-B,False
2025-04-13,M03,U014,12,46,115.91,False,Süt Ürünleri,Süt,Marka-B,False
2025-04-14,M03,U014,11,35,92.73,False,Süt Ürünleri,Süt,Marka-B,True
2025-04-15,M03,U014,6,29,115.91,False,Süt Ürünleri,Süt,Marka-B,False
2025-04-16,M03,U014,7,22,115.91,False,Süt Ürünleri,Süt,Marka-B,False
2025-04-17,M03,U014,7,15,115.91,False,Süt Ürünleri,Süt,Marka-B,False
2025-04-18,M03,U014,15,0,104.32,True,Süt Ürünleri,Süt,Marka-B,True
2025-04-19,M03,U014,20,40,98.52,False,Süt Ürünleri,Süt,Marka-B,True
2025-04-20,M03,U014,11,29,115.91,False,Süt Ürünleri,Süt,Marka-B,False
2025-04-21,M03,U014,9,20,115.91,False,Süt Ürünleri,Süt,Marka-B,False
2025-04-22,M03,U014,4,16,115.91,False,Süt Ürünleri,Süt,Marka-B,False
2025-04-23,M03,U014,2,14,115.91,False,Süt Ürünleri,Süt,Marka-B,False
2025-04-24,M03,U014,9,5,115.91,False,Süt Ürünleri,Süt,Marka-B,False
2025-04-25,M03,U014,12,48,115.91,False,Süt Ürünleri,Süt,Marka-B,False
2025-04-26,M03,U014,10,38,115.91,False,Süt Ürünleri,Süt,Marka-B,False
2025-04-27,M03,U014,8,30,115.91,False,Süt Ürünleri,Süt,Marka-B,False
2025-04-28,M03,U014,12,18,115.91,False,Süt Ürünleri,Süt,Marka-B,False
2025-04-29,M03,U014,5,13,115.91,False,Süt Ürünleri,Süt,Marka-B,False
2025-04-30,M03,U014,8,5,115.91,False,Süt Ürünleri,Süt,Marka-B,False
2025-05-01,M03,U014,5,0,115.91,True,Süt Ürünleri,Süt,Marka-B,False
2025-05-02,M03,U014,0,0,115.91,True,Süt Ürünleri,Süt,Marka-B,False
2025-05-03,M03,U014,0,0,115.91,True,Süt Ürünleri,Süt,Marka-B,False
2025-05-04,M03,U014,0,0,115.91,True,Süt Ürünleri,Süt,Marka-B,False
2025-05-05,M03,U014,0,0,115.91,True,Süt Ürünleri,Süt,Marka-B,False
2025-05-06,M03,U014,0,0,115.91,True,Süt Ürünleri,Süt,Marka-B,False
2025-01-01,M03,U015,27,183,54.99,False,Süt Ürünleri,Yoğurt,Marka-C,False
2025-01-02,M03,U015,22,161,54.99,False,Süt Ürünleri,Yoğurt,Marka-C,False
2025-01-03,M03,U015,37,124,54.99,False,Süt Ürünleri,Yoğurt,Marka-C,False
2025-01-04,M03,U015,30,94,54.99,False,Süt Ürünleri,Yoğurt,Marka-C,False
2025-01-05,M03,U015,30,64,54.99,False,Süt Ürünleri,Yoğurt,Marka-C,False
2025-01-06,M03,U015,21,43,54.99,False,Süt Ürünleri,Yoğurt,Marka-C,False
2025-01-07,M03,U015,19,186,54.99,False,Süt Ürünleri,Yoğurt,Marka-C,False
2025-01-08,M03,U015,22,164,54.99,False,Süt Ürünleri,Yoğurt,Marka-C,False
2025-01-09,M03,U015,27,137,54.99,False,Süt Ürünleri,Yoğurt,Marka-C,False
2025-01-10,M03,U015,36,101,54.99,False,Süt Ürünleri,Yoğurt,Marka-C,False
2025-01-11,M03,U015,50,51,54.99,False,Süt Ürünleri,Yoğurt,Marka-C,False
2025-01-12,M03,U015,32,19,54.99,False,Süt Ürünleri,Yoğurt,Marka-C,False
2025-01-13,M03,U015,20,188,54.99,False,Süt Ürünleri,Yoğurt,Marka-C,False
2025-01-14,M03,U015,18,170,54.99,False,Süt Ürünleri,Yoğurt,Marka-C,False
2025-01-15,M03,U015,44,126,49.49,False,Süt Ürünleri,Yoğurt,Marka-C,True
2025-01-16,M03,U015,30,96,54.99,False,Süt Ürünleri,Yoğurt,Marka-C,False
2025-01-17,M03,U015,36,60,54.99,False,Süt Ürünleri,Yoğurt,Marka-C,False
2025-01-18,M03,U015,24,36,54.99,False,Süt Ürünleri,Yoğurt,Marka-C,False
2025-01-19,M03,U015,31,172,54.99,False,Süt Ürünleri,Yoğurt,Marka-C,False
2025-01-20,M03,U015,19,153,54.99,False,Süt Ürünleri,Yoğurt,Marka-C,False
2025-01-21,M03,U015,33,120,49.49,False,Süt Ürünleri,Yoğurt,Marka-C,True
2025-01-22,M03,U015,30,90,54.99,False,Süt Ürünleri,Yoğurt,Marka-C,False
2025-01-23,M03,U015,34,56,54.99,False,Süt Ürünleri,Yoğurt,Marka-C,False
2025-01-24,M03,U015,31,25,54.99,False,Süt Ürünleri,Yoğurt,Marka-C,False
2025-01-25,M03,U015,58,156,43.99,False,Süt Ürünleri,Yoğurt,Marka-C,True
2025-01-26,M03,U015,35,121,54.99,False,Süt Ürünleri,Yoğurt,Marka-C,False
2025-01-27,M03,U015,24,97,54.99,False,Süt Ürünleri,Yoğurt,Marka-C,False
2025-01-28,M03,U015,29,68,54.99,False,Süt Ürünleri,Yoğurt,Marka-C,False
2025-01-29,M03,U015,24,44,54.99,False,Süt Ürünleri,Yoğurt,Marka-C,False
2025-01-30,M03,U015,24,20,54.99,False,Süt Ürünleri,Yoğurt,Marka-C,False
2025-01-31,M03,U015,33,160,54.99,False,Süt Ürünleri,Yoğurt,Marka-C,False
2025-02-01,M03,U015,47,113,54.99,False,Süt Ürünleri,Yoğurt,Marka-C,False
2025-02-02,M03,U015,25,88,54.99,False,Süt Ürünleri,Yoğurt,Marka-C,False
2025-02-03,M03,U015,34,54,54.99,False,Süt Ürünleri,Yoğurt,Marka-C,False
2025-02-04,M03,U015,19,35,54.99,False,Süt Ürünleri,Yoğurt,Marka-C,False
2025-02-05,M03,U015,25,10,54.99,False,Süt Ürünleri,Yoğurt,Marka-C,False
2025-02-06,M03,U015,24,191,54.99,False,Süt Ürünleri,Yoğurt,Marka-C,False
2025-02-07,M03,U015,36,155,54.99,False,Süt Ürünleri,Yoğurt,Marka-C,False
2025-02-08,M03,U015,53,102,49.49,False,Süt Ürünleri,Yoğurt,Marka-C,True
2025-02-09,M03,U015,20,82,54.99,False,Süt Ürünleri,Yoğurt,Marka-C,False
2025-02-10,M03,U015,21,61,54.99,False,Süt Ürünleri,Yoğurt,Marka-C,False
2025-02-11,M03,U015,25,36,54.99,False,Süt Ürünleri,Yoğurt,Marka-C,False
2025-02-12,M03,U015,28,158,54.99,False,Süt Ürünleri,Yoğurt,Marka-C,False
2025-02-13,M03,U015,37,121,43.99,False,Süt Ürünleri,Yoğurt,Marka-C,True
2025-02-14,M03,U015,25,96,54.99,False,Süt Ürünleri,Yoğurt,Marka-C,False
2025-02-15,M03,U015,31,65,54.99,False,Süt Ürünleri,Yoğurt,Marka-C,False
2025-02-16,M03,U015,31,34,54.99,False,Süt Ürünleri,Yoğurt,Marka-C,False
2025-02-17,M03,U015,28,6,54.99,False,Süt Ürünleri,Yoğurt,Marka-C,False
2025-02-18,M03,U015,6,0,54.99,True,Süt Ürünleri,Yoğurt,Marka-C,False
2025-02-19,M03,U015,0,0,54.99,True,Süt Ürünleri,Yoğurt,Marka-C,False
2025-02-20,M03,U015,0,0,54.99,True,Süt Ürünleri,Yoğurt,Marka-C,False
2025-02-21,M03,U015,0,0,54.99,True,Süt Ürünleri,Yoğurt,Marka-C,False
2025-02-22,M03,U015,0,0,54.99,True,Süt Ürünleri,Yoğurt,Marka-C,False
2025-02-23,M03,U015,0,0,54.99,True,Süt Ürünleri,Yoğurt,Marka-C,False
2025-02-24,M03,U015,37,176,54.99,False,Süt Ürünleri,Yoğurt,Marka-C,False
2025-02-25,M03,U015,22,154,54.99,False,Süt Ürünleri,Yoğurt,Marka-C,False
2025-02-26,M03,U015,21,133,54.99,False,Süt Ürünleri,Yoğurt,Marka-C,False
2025-02-27,M03,U015,22,111,54.99,False,Süt Ürünleri,Yoğurt,Marka-C,False
2025-02-28,M03,U015,36,75,54.99,False,Süt Ürünleri,Yoğurt,Marka-C,False
2025-03-01,M03,U015,37,38,54.99,False,Süt Ürünleri,Yoğurt,Marka-C,False
2025-03-02,M03,U015,24,196,54.99,False,Süt Ürünleri,Yoğurt,Marka-C,False
2025-03-03,M03,U015,33,163,54.99,False,Süt Ürünleri,Yoğurt,Marka-C,False
2025-03-04,M03,U015,32,131,54.99,False,Süt Ürünleri,Yoğurt,Marka-C,False
2025-03-05,M03,U015,25,106,54.99,False,Süt Ürünleri,Yoğurt,Marka-C,False
2025-03-06,M03,U015,31,75,54.99,False,Süt Ürünleri,Yoğurt,Marka-C,False
2025-03-07,M03,U015,31,44,54.99,False,Süt Ürünleri,Yoğurt,Marka-C,False
2025-03-08,M03,U015,27,17,54.99,False,Süt Ürünleri,Yoğurt,Marka-C,False
2025-03-09,M03,U015,17,0,54.99,True,Süt Ürünleri,Yoğurt,Marka-C,False
2025-03-10,M03,U015,0,0,54.99,True,Süt Ürünleri,Yoğurt,Marka-C,False
2025-03-11,M03,U015,0,0,54.99,True,Süt Ürünleri,Yoğurt,Marka-C,False
2025-03-12,M03,U015,0,0,54.99,True,Süt Ürünleri,Yoğurt,Marka-C,False
2025-03-13,M03,U015,0,0,54.99,True,Süt Ürünleri,Yoğurt,Marka-C,False
2025-03-14,M03,U015,23,185,54.99,False,Süt Ürünleri,Yoğurt,Marka-C,False
2025-03-15,M03,U015,27,158,54.99,False,Süt Ürünleri,Yoğurt,Marka-C,False
2025-03-16,M03,U015,29,129,54.99,False,Süt Ürünleri,Yoğurt,Marka-C,False
2025-03-17,M03,U015,28,101,54.99,False,Süt Ürünleri,Yoğurt,Marka-C,False
2025-03-18,M03,U015,27,74,54.99,False,Süt Ürünleri,Yoğurt,Marka-C,False
2025-03-19,M03,U015,29,45,54.99,False,Süt Ürünleri,Yoğurt,Marka-C,False
2025-03-20,M03,U015,44,148,54.99,False,Süt Ürünleri,Yoğurt,Marka-C,False
2025-03-21,M03,U015,35,113,54.99,False,Süt Ürünleri,Yoğurt,Marka-C,False
2025-03-22,M03,U015,47,66,54.99,False,Süt Ürünleri,Yoğurt,Marka-C,False
2025-03-23,M03,U015,29,37,54.99,False,Süt Ürünleri,Yoğurt,Marka-C,False
2025-03-24,M03,U015,35,2,54.99,False,Süt Ürünleri,Yoğurt,Marka-C,False
2025-03-25,M03,U015,2,0,54.99,True,Süt Ürünleri,Yoğurt,Marka-C,False
2025-03-26,M03,U015,28,172,54.99,False,Süt Ürünleri,Yoğurt,Marka-C,False
2025-03-27,M03,U015,24,148,54.99,False,Süt Ürünleri,Yoğurt,Marka-C,False
2025-03-28,M03,U015,27,121,54.99,False,Süt Ürünleri,Yoğurt,Marka-C,False
2025-03-29,M03,U015,31,90,54.99,False,Süt Ürünleri,Yoğurt,Marka-C,False
2025-03-30,M03,U015,41,49,54.99,False,Süt Ürünleri,Yoğurt,Marka-C,False
2025-03-31,M03,U015,40,9,49.49,False,Süt Ürünleri,Yoğurt,Marka-C,True
2025-04-01,M03,U015,33,158,54.99,False,Süt Ürünleri,Yoğurt,Marka-C,False
2025-04-02,M03,U015,44,114,54.99,False,Süt Ürünleri,Yoğurt,Marka-C,False
2025-04-03,M03,U015,52,62,49.49,False,Süt Ürünleri,Yoğurt,Marka-C,True
2025-04-04,M03,U015,26,36,54.99,False,Süt Ürünleri,Yoğurt,Marka-C,False
2025-04-05,M03,U015,36,0,54.99,True,Süt Ürünleri,Yoğurt,Marka-C,False
2025-04-06,M03,U015,0,0,54.99,True,Süt Ürünleri,Yoğurt,Marka-C,False
2025-04-07,M03,U015,0,0,54.99,True,Süt Ürünleri,Yoğurt,Marka-C,False
2025-04-08,M03,U015,0,0,54.99,True,Süt Ürünleri,Yoğurt,Marka-C,False
2025-04-09,M03,U015,0,0,54.99,True,Süt Ürünleri,Yoğurt,Marka-C,False
2025-04-10,M03,U015,0,0,46.74,True,Süt Ürünleri,Yoğurt,Marka-C,True
2025-04-11,M03,U015,0,0,54.99,True,Süt Ürünleri,Yoğurt,Marka-C,False
2025-04-12,M03,U015,0,0,54.99,True,Süt Ürünleri,Yoğurt,Marka-C,False
2025-04-13,M03,U015,35,183,54.99,False,Süt Ürünleri,Yoğurt,Marka-C,False
2025-04-14,M03,U015,30,153,54.99,False,Süt Ürünleri,Yoğurt,Marka-C,False
2025-04-15,M03,U015,29,124,54.99,False,Süt Ürünleri,Yoğurt,Marka-C,False
2025-04-16,M03,U015,50,74,49.49,False,Süt Ürünleri,Yoğurt,Marka-C,True
2025-04-17,M03,U015,34,40,54.99,False,Süt Ürünleri,Yoğurt,Marka-C,False
2025-04-18,M03,U015,40,0,54.99,False,Süt Ürünleri,Yoğurt,Marka-C,False
2025-04-19,M03,U015,35,163,54.99,False,Süt Ürünleri,Yoğurt,Marka-C,False
2025-04-20,M03,U015,39,124,54.99,False,Süt Ürünleri,Yoğurt,Marka-C,False
2025-04-21,M03,U015,18,106,54.99,False,Süt Ürünleri,Yoğurt,Marka-C,False
2025-04-22,M03,U015,24,82,54.99,False,Süt Ürünleri,Yoğurt,Marka-C,False
2025-04-23,M03,U015,41,41,43.99,False,Süt Ürünleri,Yoğurt,Marka-C,True
2025-04-24,M03,U015,23,18,54.99,False,Süt Ürünleri,Yoğurt,Marka-C,False
2025-04-25,M03,U015,38,180,54.99,False,Süt Ürünleri,Yoğurt,Marka-C,False
2025-04-26,M03,U015,31,149,54.99,False,Süt Ürünleri,Yoğurt,Marka-C,False
2025-04-27,M03,U015,38,111,54.99,False,Süt Ürünleri,Yoğurt,Marka-C,False
2025-04-28,M03,U015,23,88,54.99,False,Süt Ürünleri,Yoğurt,Marka-C,False
2025-04-29,M03,U015,22,66,54.99,False,Süt Ürünleri,Yoğurt,Marka-C,False
2025-04-30,M03,U015,33,33,54.99,False,Süt Ürünleri,Yoğurt,Marka-C,False
2025-05-01,M03,U015,30,181,54.99,False,Süt Ürünleri,Yoğurt,Marka-C,False
2025-05-02,M03,U015,36,145,54.99,False,Süt Ürünleri,Yoğurt,Marka-C,False
2025-05-03,M03,U015,31,114,54.99,False,Süt Ürünleri,Yoğurt,Marka-C,False
2025-05-04,M03,U015,29,85,54.99,False,Süt Ürünleri,Yoğurt,Marka-C,False
2025-05-05,M03,U015,26,59,54.99,False,Süt Ürünleri,Yoğurt,Marka-C,False
2025-05-06,M03,U015,37,22,54.99,False,Süt Ürünleri,Yoğurt,Marka-C,False
2025-01-01,M03,U016,23,226,170.13,False,Süt Ürünleri,Yoğurt,Marka-D,False
2025-01-02,M03,U016,30,196,170.13,False,Süt Ürünleri,Yoğurt,Marka-D,False
2025-01-03,M03,U016,47,149,170.13,False,Süt Ürünleri,Yoğurt,Marka-D,False
2025-01-04,M03,U016,49,100,170.13,False,Süt Ürünleri,Yoğurt,Marka-D,False
2025-01-05,M03,U016,52,48,153.12,False,Süt Ürünleri,Yoğurt,Marka-D,True
2025-01-06,M03,U016,34,216,170.13,False,Süt Ürünleri,Yoğurt,Marka-D,False
2025-01-07,M03,U016,31,185,170.13,False,Süt Ürünleri,Yoğurt,Marka-D,False
2025-01-08,M03,U016,22,163,170.13,False,Süt Ürünleri,Yoğurt,Marka-D,False
2025-01-09,M03,U016,39,124,170.13,False,Süt Ürünleri,Yoğurt,Marka-D,False
2025-01-10,M03,U016,22,102,170.13,False,Süt Ürünleri,Yoğurt,Marka-D,False
2025-01-11,M03,U016,66,143,144.61,False,Süt Ürünleri,Yoğurt,Marka-D,True
2025-01-12,M03,U016,65,78,136.1,False,Süt Ürünleri,Yoğurt,Marka-D,True
2025-01-13,M03,U016,31,47,170.13,False,Süt Ürünleri,Yoğurt,Marka-D,False
2025-01-14,M03,U016,32,15,170.13,False,Süt Ürünleri,Yoğurt,Marka-D,False
2025-01-15,M03,U016,15,0,170.13,True,Süt Ürünleri,Yoğurt,Marka-D,False
2025-01-16,M03,U016,25,212,170.13,False,Süt Ürünleri,Yoğurt,Marka-D,False
2025-01-17,M03,U016,45,167,170.13,False,Süt Ürünleri,Yoğurt,Marka-D,False
2025-01-18,M03,U016,50,117,170.13,False,Süt Ürünleri,Yoğurt,Marka-D,False
2025-01-19,M03,U016,36,81,170.13,False,Süt Ürünleri,Yoğurt,Marka-D,False
2025-01-20,M03,U016,30,51,170.13,False,Süt Ürünleri,Yoğurt,Marka-D,False
2025-01-21,M03,U016,32,183,170.13,False,Süt Ürünleri,Yoğurt,Marka-D,False
2025-01-22,M03,U016,52,131,170.13,False,Süt Ürünleri,Yoğurt,Marka-D,False
2025-01-23,M03,U016,43,88,170.13,False,Süt Ürünleri,Yoğurt,Marka-D,False
2025-01-24,M03,U016,31,57,170.13,False,Süt Ürünleri,Yoğurt,Marka-D,False
2025-01-25,M03,U016,51,6,170.13,False,Süt Ürünleri,Yoğurt,Marka-D,False
2025-01-26,M03,U016,53,189,170.13,False,Süt Ürünleri,Yoğurt,Marka-D,False
2025-01-27,M03,U016,33,156,170.13,False,Süt Ürünleri,Yoğurt,Marka-D,False
2025-01-28,M03,U016,35,121,170.13,False,Süt Ürünleri,Yoğurt,Marka-D,False
2025-01-29,M03,U016,30,91,170.13,False,Süt Ürünleri,Yoğurt,Marka-D,False
2025-01-30,M03,U016,49,42,170.13,False,Süt Ürünleri,Yoğurt,Marka-D,False
2025-01-31,M03,U016,28,195,170.13,False,Süt Ürünleri,Yoğurt,Marka-D,False
2025-02-01,M03,U016,73,122,136.1,False,Süt Ürünleri,Yoğurt,Marka-D,True
2025-02-02,M03,U016,36,86,170.13,False,Süt Ürünleri,Yoğurt,Marka-D,False
2025-02-03,M03,U016,41,45,170.13,False,Süt Ürünleri,Yoğurt,Marka-D,False
2025-02-04,M03,U016,20,25,170.13,False,Süt Ürünleri,Yoğurt,Marka-D,False
2025-02-05,M03,U016,35,209,170.13,False,Süt Ürünleri,Yoğurt,Marka-D,False
2025-02-06,M03,U016,30,179,170.13,False,Süt Ürünleri,Yoğurt,Marka-D,False
2025-02-07,M03,U016,35,144,170.13,False,Süt Ürünleri,Yoğurt,Marka-D,False
2025-02-08,M03,U016,39,105,170.13,False,Süt Ürünleri,Yoğurt,Marka-D,False
2025-02-09,M03,U016,35,70,170.13,False,Süt Ürünleri,Yoğurt,Marka-D,False
2025-02-10,M03,U016,35,213,170.13,False,Süt Ürünleri,Yoğurt,Marka-D,False
2025-02-11,M03,U016,32,181,170.13,False,Süt Ürünleri,Yoğurt,Marka-D,False
2025-02-12,M03,U016,49,132,170.13,False,Süt Ürünleri,Yoğurt,Marka-D,False
2025-02-13,M03,U016,29,103,170.13,False,Süt Ürünleri,Yoğurt,Marka-D,False
2025-02-14,M03,U016,42,61,170.13,False,Süt Ürünleri,Yoğurt,Marka-D,False
2025-02-15,M03,U016,39,201,170.13,False,Süt Ürünleri,Yoğurt,Marka-D,False
2025-02-16,M03,U016,39,162,170.13,False,Süt Ürünleri,Yoğurt,Marka-D,False
2025-02-17,M03,U016,49,113,136.1,False,Süt Ürünleri,Yoğurt,Marka-D,True
2025-02-18,M03,U016,41,72,170.13,False,Süt Ürünleri,Yoğurt,Marka-D,False
2025-02-19,M03,U016,36,36,170.13,False,Süt Ürünleri,Yoğurt,Marka-D,False
2025-02-20,M03,U016,26,225,170.13,False,Süt Ürünleri,Yoğurt,Marka-D,False
2025-02-21,M03,U016,39,186,170.13,False,Süt Ürünleri,Yoğurt,Marka-D,False
2025-02-22,M03,U016,50,136,170.13,False,Süt Ürünleri,Yoğurt,Marka-D,False
2025-02-23,M03,U016,39,97,170.13,False,Süt Ürünleri,Yoğurt,Marka-D,False
2025-02-24,M03,U016,30,67,170.13,False,Süt Ürünleri,Yoğurt,Marka-D,False
2025-02-25,M03,U016,33,182,170.13,False,Süt Ürünleri,Yoğurt,Marka-D,False
2025-02-26,M03,U016,30,152,170.13,False,Süt Ürünleri,Yoğurt,Marka-D,False
2025-02-27,M03,U016,43,109,170.13,False,Süt Ürünleri,Yoğurt,Marka-D,False
2025-02-28,M03,U016,44,65,170.13,False,Süt Ürünleri,Yoğurt,Marka-D,False
2025-03-01,M03,U016,56,9,170.13,False,Süt Ürünleri,Yoğurt,Marka-D,False
2025-03-02,M03,U016,52,154,170.13,False,Süt Ürünleri,Yoğurt,Marka-D,False
2025-03-03,M03,U016,32,122,170.13,False,Süt Ürünleri,Yoğurt,Marka-D,False
2025-03-04,M03,U016,35,87,170.13,False,Süt Ürünleri,Yoğurt,Marka-D,False
2025-03-05,M03,U016,34,53,170.13,False,Süt Ürünleri,Yoğurt,Marka-D,False
2025-03-06,M03,U016,38,15,170.13,False,Süt Ürünleri,Yoğurt,Marka-D,False
2025-03-07,M03,U016,53,163,170.13,False,Süt Ürünleri,Yoğurt,Marka-D,False
2025-03-08,M03,U016,55,108,170.13,False,Süt Ürünleri,Yoğurt,Marka-D,False
2025-03-09,M03,U016,47,61,170.13,False,Süt Ürünleri,Yoğurt,Marka-D,False
2025-03-10,M03,U016,34,27,170.13,False,Süt Ürünleri,Yoğurt,Marka-D,False
2025-03-11,M03,U016,27,0,170.13,True,Süt Ürünleri,Yoğurt,Marka-D,False
2025-03-12,M03,U016,48,185,170.13,False,Süt Ürünleri,Yoğurt,Marka-D,False
2025-03-13,M03,U016,32,153,170.13,False,Süt Ürünleri,Yoğurt,Marka-D,False
2025-03-14,M03,U016,49,104,170.13,False,Süt Ürünleri,Yoğurt,Marka-D,False
2025-03-15,M03,U016,40,64,170.13,False,Süt Ürünleri,Yoğurt,Marka-D,False
2025-03-16,M03,U016,46,18,170.13,False,Süt Ürünleri,Yoğurt,Marka-D,False
2025-03-17,M03,U016,32,187,170.13,False,Süt Ürünleri,Yoğurt,Marka-D,False
2025-03-18,M03,U016,39,148,170.13,False,Süt Ürünleri,Yoğurt,Marka-D,False
2025-03-19,M03,U016,30,118,170.13,False,Süt Ürünleri,Yoğurt,Marka-D,False
2025-03-20,M03,U016,33,85,170.13,False,Süt Ürünleri,Yoğurt,Marka-D,False
2025-03-21,M03,U016,35,50,170.13,False,Süt Ürünleri,Yoğurt,Marka-D,False
2025-03-22,M03,U016,58,189,170.13,False,Süt Ürünleri,Yoğurt,Marka-D,False
2025-03-23,M03,U016,40,149,170.13,False,Süt Ürünleri,Yoğurt,Marka-D,False
2025-03-24,M03,U016,36,113,170.13,False,Süt Ürünleri,Yoğurt,Marka-D,False
2025-03-25,M03,U016,31,82,170.13,False,Süt Ürünleri,Yoğurt,Marka-D,False
2025-03-26,M03,U016,48,34,170.13,False,Süt Ürünleri,Yoğurt,Marka-D,False
2025-03-27,M03,U016,38,169,170.13,False,Süt Ürünleri,Yoğurt,Marka-D,False
2025-03-28,M03,U016,39,130,170.13,False,Süt Ürünleri,Yoğurt,Marka-D,False
2025-03-29,M03,U016,52,78,170.13,False,Süt Ürünleri,Yoğurt,Marka-D,False
2025-03-30,M03,U016,46,32,170.13,False,Süt Ürünleri,Yoğurt,Marka-D,False
2025-03-31,M03,U016,32,0,170.13,True,Süt Ürünleri,Yoğurt,Marka-D,False
2025-04-01,M03,U016,43,174,170.13,False,Süt Ürünleri,Yoğurt,Marka-D,False
2025-04-02,M03,U016,41,133,170.13,False,Süt Ürünleri,Yoğurt,Marka-D,False
2025-04-03,M03,U016,37,96,170.13,False,Süt Ürünleri,Yoğurt,Marka-D,False
2025-04-04,M03,U016,73,23,136.1,False,Süt Ürünleri,Yoğurt,Marka-D,True
2025-04-05,M03,U016,23,0,170.13,True,Süt Ürünleri,Yoğurt,Marka-D,False
2025-04-06,M03,U016,45,192,170.13,False,Süt Ürünleri,Yoğurt,Marka-D,False
2025-04-07,M03,U016,40,152,170.13,False,Süt Ürünleri,Yoğurt,Marka-D,False
2025-04-08,M03,U016,48,104,170.13,False,Süt Ürünleri,Yoğurt,Marka-D,False
2025-04-09,M03,U016,61,43,144.61,False,Süt Ürünleri,Yoğurt,Marka-D,True
2025-04-10,M03,U016,39,4,170.13,False,Süt Ürünleri,Yoğurt,Marka-D,False
2025-04-11,M03,U016,40,166,170.13,False,Süt Ürünleri,Yoğurt,Marka-D,False
2025-04-12,M03,U016,51,115,170.13,False,Süt Ürünleri,Yoğurt,Marka-D,False
2025-04-13,M03,U016,52,63,170.13,False,Süt Ürünleri,Yoğurt,Marka-D,False
2025-04-14,M03,U016,38,25,170.13,False,Süt Ürünleri,Yoğurt,Marka-D,False
2025-04-15,M03,U016,25,0,170.13,True,Süt Ürünleri,Yoğurt,Marka-D,False
2025-04-16,M03,U016,37,180,170.13,False,Süt Ürünleri,Yoğurt,Marka-D,False
2025-04-17,M03,U016,38,142,170.13,False,Süt Ürünleri,Yoğurt,Marka-D,False
2025-04-18,M03,U016,32,110,170.13,False,Süt Ürünleri,Yoğurt,Marka-D,False
2025-04-19,M03,U016,52,58,170.13,False,Süt Ürünleri,Yoğurt,Marka-D,False
2025-04-20,M03,U016,45,13,170.13,False,Süt Ürünleri,Yoğurt,Marka-D,False
2025-04-21,M03,U016,35,202,170.13,False,Süt Ürünleri,Yoğurt,Marka-D,False
2025-04-22,M03,U016,52,150,170.13,False,Süt Ürünleri,Yoğurt,Marka-D,False
2025-04-23,M03,U016,38,112,170.13,False,Süt Ürünleri,Yoğurt,Marka-D,False
2025-04-24,M03,U016,39,73,170.13,False,Süt Ürünleri,Yoğurt,Marka-D,False
2025-04-25,M03,U016,48,25,170.13,False,Süt Ürünleri,Yoğurt,Marka-D,False
2025-04-26,M03,U016,60,153,170.13,False,Süt Ürünleri,Yoğurt,Marka-D,False
2025-04-27,M03,U016,37,116,170.13,False,Süt Ürünleri,Yoğurt,Marka-D,False
2025-04-28,M03,U016,39,77,170.13,False,Süt Ürünleri,Yoğurt,Marka-D,False
2025-04-29,M03,U016,42,35,170.13,False,Süt Ürünleri,Yoğurt,Marka-D,False
2025-04-30,M03,U016,35,0,153.12,True,Süt Ürünleri,Yoğurt,Marka-D,True
2025-05-01,M03,U016,47,189,170.13,False,Süt Ürünleri,Yoğurt,Marka-D,False
2025-05-02,M03,U016,66,123,153.12,False,Süt Ürünleri,Yoğurt,Marka-D,True
2025-05-03,M03,U016,41,82,170.13,False,Süt Ürünleri,Yoğurt,Marka-D,False
2025-05-04,M03,U016,53,29,170.13,False,Süt Ürünleri,Yoğurt,Marka-D,False
2025-05-05,M03,U016,29,0,170.13,True,Süt Ürünleri,Yoğurt,Marka-D,False
2025-05-06,M03,U016,38,186,170.13,False,Süt Ürünleri,Yoğurt,Marka-D,False
2025-01-01,M03,U017,20,109,88.44,False,Süt Ürünleri,Peynir,Marka-E,False
2025-01-02,M03,U017,24,85,88.44,False,Süt Ürünleri,Peynir,Marka-E,False
2025-01-03,M03,U017,21,64,88.44,False,Süt Ürünleri,Peynir,Marka-E,False
2025-01-04,M03,U017,16,48,88.44,False,Süt Ürünleri,Peynir,Marka-E,False
2025-01-05,M03,U017,15,33,88.44,False,Süt Ürünleri,Peynir,Marka-E,False
2025-01-06,M03,U017,21,12,88.44,False,Süt Ürünleri,Peynir,Marka-E,False
2025-01-07,M03,U017,12,0,79.6,True,Süt Ürünleri,Peynir,Marka-E,True
2025-01-08,M03,U017,17,124,88.44,False,Süt Ürünleri,Peynir,Marka-E,False
2025-01-09,M03,U017,14,110,88.44,False,Süt Ürünleri,Peynir,Marka-E,False
2025-01-10,M03,U017,10,100,88.44,False,Süt Ürünleri,Peynir,Marka-E,False
2025-01-11,M03,U017,11,89,88.44,False,Süt Ürünleri,Peynir,Marka-E,False
2025-01-12,M03,U017,24,65,88.44,False,Süt Ürünleri,Peynir,Marka-E,False
2025-01-13,M03,U017,23,42,88.44,False,Süt Ürünleri,Peynir,Marka-E,False
2025-01-14,M03,U017,16,26,88.44,False,Süt Ürünleri,Peynir,Marka-E,False
2025-01-15,M03,U017,17,124,88.44,False,Süt Ürünleri,Peynir,Marka-E,False
2025-01-16,M03,U017,16,108,88.44,False,Süt Ürünleri,Peynir,Marka-E,False
2025-01-17,M03,U017,25,83,88.44,False,Süt Ürünleri,Peynir,Marka-E,False
2025-01-18,M03,U017,23,60,88.44,False,Süt Ürünleri,Peynir,Marka-E,False
2025-01-19,M03,U017,18,42,88.44,False,Süt Ürünleri,Peynir,Marka-E,False
2025-01-20,M03,U017,18,24,88.44,False,Süt Ürünleri,Peynir,Marka-E,False
2025-01-21,M03,U017,17,7,88.44,False,Süt Ürünleri,Peynir,Marka-E,False
2025-01-22,M03,U017,16,125,88.44,False,Süt Ürünleri,Peynir,Marka-E,False
2025-01-23,M03,U017,8,117,88.44,False,Süt Ürünleri,Peynir,Marka-E,False
2025-01-24,M03,U017,24,93,88.44,False,Süt Ürünleri,Peynir,Marka-E,False
2025-01-25,M03,U017,30,63,88.44,False,Süt Ürünleri,Peynir,Marka-E,False
2025-01-26,M03,U017,19,44,88.44,False,Süt Ürünleri,Peynir,Marka-E,False
2025-01-27,M03,U017,11,33,88.44,False,Süt Ürünleri,Peynir,Marka-E,False
2025-01-28,M03,U017,24,9,79.6,False,Süt Ürünleri,Peynir,Marka-E,True
2025-01-29,M03,U017,18,108,88.44,False,Süt Ürünleri,Peynir,Marka-E,False
2025-01-30,M03,U017,13,95,88.44,False,Süt Ürünleri,Peynir,Marka-E,False
2025-01-31,M03,U017,21,74,88.44,False,Süt Ürünleri,Peynir,Marka-E,False
2025-02-01,M03,U017,39,35,79.6,False,Süt Ürünleri,Peynir,Marka-E,True
2025-02-02,M03,U017,16,19,88.44,False,Süt Ürünleri,Peynir,Marka-E,False
2025-02-03,M03,U017,17,2,88.44,False,Süt Ürünleri,Peynir,Marka-E,False
2025-02-04,M03,U017,2,0,88.44,True,Süt Ürünleri,Peynir,Marka-E,False
2025-02-05,M03,U017,27,113,88.44,False,Süt Ürünleri,Peynir,Marka-E,False
2025-02-06,M03,U017,25,88,88.44,False,Süt Ürünleri,Peynir,Marka-E,False
2025-02-07,M03,U017,18,70,88.44,False,Süt Ürünleri,Peynir,Marka-E,False
2025-02-08,M03,U017,14,56,88.44,False,Süt Ürünleri,Peynir,Marka-E,False
2025-02-09,M03,U017,16,40,88.44,False,Süt Ürünleri,Peynir,Marka-E,False
2025-02-10,M03,U017,20,20,88.44,False,Süt Ürünleri,Peynir,Marka-E,False
2025-02-11,M03,U017,17,3,88.44,False,Süt Ürünleri,Peynir,Marka-E,False
2025-02-12,M03,U017,17,118,88.44,False,Süt Ürünleri,Peynir,Marka-E,False
2025-02-13,M03,U017,15,103,88.44,False,Süt Ürünleri,Peynir,Marka-E,False
2025-02-14,M03,U017,23,80,88.44,False,Süt Ürünleri,Peynir,Marka-E,False
2025-02-15,M03,U017,18,62,88.44,False,Süt Ürünleri,Peynir,Marka-E,False
2025-02-16,M03,U017,19,43,88.44,False,Süt Ürünleri,Peynir,Marka-E,False
2025-02-17,M03,U017,14,29,88.44,False,Süt Ürünleri,Peynir,Marka-E,False
2025-02-18,M03,U017,22,7,88.44,False,Süt Ürünleri,Peynir,Marka-E,False
2025-02-19,M03,U017,18,113,88.44,False,Süt Ürünleri,Peynir,Marka-E,False
2025-02-20,M03,U017,22,91,88.44,False,Süt Ürünleri,Peynir,Marka-E,False
2025-02-21,M03,U017,26,65,88.44,False,Süt Ürünleri,Peynir,Marka-E,False
2025-02-22,M03,U017,20,45,88.44,False,Süt Ürünleri,Peynir,Marka-E,False
2025-02-23,M03,U017,20,25,88.44,False,Süt Ürünleri,Peynir,Marka-E,False
2025-02-24,M03,U017,19,6,88.44,False,Süt Ürünleri,Peynir,Marka-E,False
2025-02-25,M03,U017,6,0,88.44,True,Süt Ürünleri,Peynir,Marka-E,False
2025-02-26,M03,U017,17,116,88.44,False,Süt Ürünleri,Peynir,Marka-E,False
2025-02-27,M03,U017,17,99,88.44,False,Süt Ürünleri,Peynir,Marka-E,False
2025-02-28,M03,U017,21,78,88.44,False,Süt Ürünleri,Peynir,Marka-E,False
2025-03-01,M03,U017,30,48,88.44,False,Süt Ürünleri,Peynir,Marka-E,False
2025-03-02,M03,U017,29,19,88.44,False,Süt Ürünleri,Peynir,Marka-E,False
2025-03-03,M03,U017,19,0,88.44,False,Süt Ürünleri,Peynir,Marka-E,False
2025-03-04,M03,U017,0,0,79.6,True,Süt Ürünleri,Peynir,Marka-E,True
2025-03-05,M03,U017,10,119,88.44,False,Süt Ürünleri,Peynir,Marka-E,False
2025-03-06,M03,U017,14,105,88.44,False,Süt Ürünleri,Peynir,Marka-E,False
2025-03-07,M03,U017,16,89,88.44,False,Süt Ürünleri,Peynir,Marka-E,False
2025-03-08,M03,U017,38,51,70.75,False,Süt Ürünleri,Peynir,Marka-E,True
2025-03-09,M03,U017,19,32,88.44,False,Süt Ürünleri,Peynir,Marka-E,False
2025-03-10,M03,U017,16,16,88.44,False,Süt Ürünleri,Peynir,Marka-E,False
2025-03-11,M03,U017,13,3,88.44,False,Süt Ürünleri,Peynir,Marka-E,False
2025-03-12,M03,U017,31,89,79.6,False,Süt Ürünleri,Peynir,Marka-E,True
2025-03-13,M03,U017,19,70,88.44,False,Süt Ürünleri,Peynir,Marka-E,False
2025-03-14,M03,U017,22,48,88.44,False,Süt Ürünleri,Peynir,Marka-E,False
2025-03-15,M03,U017,18,30,88.44,False,Süt Ürünleri,Peynir,Marka-E,False
2025-03-16,M03,U017,20,10,88.44,False,Süt Ürünleri,Peynir,Marka-E,False
2025-03-17,M03,U017,10,0,88.44,True,Süt Ürünleri,Peynir,Marka-E,False
2025-03-18,M03,U017,0,0,88.44,True,Süt Ürünleri,Peynir,Marka-E,False
2025-03-19,M03,U017,0,0,88.44,True,Süt Ürünleri,Peynir,Marka-E,False
2025-03-20,M03,U017,0,0,88.44,True,Süt Ürünleri,Peynir,Marka-E,False
2025-03-21,M03,U017,0,0,88.44,True,Süt Ürünleri,Peynir,Marka-E,False
2025-03-22,M03,U017,0,0,88.44,True,Süt Ürünleri,Peynir,Marka-E,False
2025-03-23,M03,U017,0,0,79.6,True,Süt Ürünleri,Peynir,Marka-E,True
2025-03-24,M03,U017,0,0,88.44,True,Süt Ürünleri,Peynir,Marka-E,False
2025-03-25,M03,U017,0,0,88.44,True,Süt Ürünleri,Peynir,Marka-E,False
2025-03-26,M03,U017,13,107,88.44,False,Süt Ürünleri,Peynir,Marka-E,False
2025-03-27,M03,U017,36,71,75.17,False,Süt Ürünleri,Peynir,Marka-E,True
2025-03-28,M03,U017,25,46,88.44,False,Süt Ürünleri,Peynir,Marka-E,False
2025-03-29,M03,U017,39,7,70.75,False,Süt Ürünleri,Peynir,Marka-E,True
2025-03-30,M03,U017,7,0,88.44,True,Süt Ürünleri,Peynir,Marka-E,False
2025-03-31,M03,U017,0,0,88.44,True,Süt Ürünleri,Peynir,Marka-E,False
2025-04-01,M03,U017,0,0,88.44,True,Süt Ürünleri,Peynir,Marka-E,False
2025-04-02,M03,U017,20,104,88.44,False,Süt Ürünleri,Peynir,Marka-E,False
2025-04-03,M03,U017,17,87,88.44,False,Süt Ürünleri,Peynir,Marka-E,False
2025-04-04,M03,U017,24,63,88.44,False,Süt Ürünleri,Peynir,Marka-E,False
2025-04-05,M03,U017,19,44,88.44,False,Süt Ürünleri,Peynir,Marka-E,False
2025-04-06,M03,U017,21,23,88.44,False,Süt Ürünleri,Peynir,Marka-E,False
2025-04-07,M03,U017,16,7,88.44,False,Süt Ürünleri,Peynir,Marka-E,False
2025-04-08,M03,U017,7,0,88.44,True,Süt Ürünleri,Peynir,Marka-E,False
2025-04-09,M03,U017,0,0,88.44,True,Süt Ürünleri,Peynir,Marka-E,False
2025-04-10,M03,U017,0,0,88.44,True,Süt Ürünleri,Peynir,Marka-E,False
2025-04-11,M03,U017,0,0,88.44,True,Süt Ürünleri,Peynir,Marka-E,False
2025-04-12,M03,U017,0,0,88.44,True,Süt Ürünleri,Peynir,Marka-E,False
2025-04-13,M03,U017,0,0,88.44,True,Süt Ürünleri,Peynir,Marka-E,False
2025-04-14,M03,U017,0,0,75.17,True,Süt Ürünleri,Peynir,Marka-E,True
2025-04-15,M03,U017,0,0,88.44,True,Süt Ürünleri,Peynir,Marka-E,False
2025-04-16,M03,U017,20,120,79.6,False,Süt Ürünleri,Peynir,Marka-E,True
2025-04-17,M03,U017,30,90,88.44,False,Süt Ürünleri,Peynir,Marka-E,False
2025-04-18,M03,U017,34,56,75.17,False,Süt Ürünleri,Peynir,Marka-E,True
2025-04-19,M03,U017,36,20,70.75,False,Süt Ürünleri,Peynir,Marka-E,True
2025-04-20,M03,U017,20,0,88.44,True,Süt Ürünleri,Peynir,Marka-E,False
2025-04-21,M03,U017,0,0,79.6,True,Süt Ürünleri,Peynir,Marka-E,True
2025-04-22,M03,U017,0,0,88.44,True,Süt Ürünleri,Peynir,Marka-E,False
2025-04-23,M03,U017,18,104,88.44,False,Süt Ürünleri,Peynir,Marka-E,False
2025-04-24,M03,U017,17,87,88.44,False,Süt Ürünleri,Peynir,Marka-E,False
2025-04-25,M03,U017,23,64,88.44,False,Süt Ürünleri,Peynir,Marka-E,False
2025-04-26,M03,U017,23,41,88.44,False,Süt Ürünleri,Peynir,Marka-E,False
2025-04-27,M03,U017,22,19,88.44,False,Süt Ürünleri,Peynir,Marka-E,False
2025-04-28,M03,U017,12,7,88.44,False,Süt Ürünleri,Peynir,Marka-E,False
2025-04-29,M03,U017,7,0,88.44,True,Süt Ürünleri,Peynir,Marka-E,False
2025-04-30,M03,U017,0,0,88.44,True,Süt Ürünleri,Peynir,Marka-E,False
2025-05-01,M03,U017,0,0,88.44,True,Süt Ürünleri,Peynir,Marka-E,False
2025-05-02,M03,U017,0,0,88.44,True,Süt Ürünleri,Peynir,Marka-E,False
2025-05-03,M03,U017,0,0,88.44,True,Süt Ürünleri,Peynir,Marka-E,False
2025-05-04,M03,U017,0,0,88.44,True,Süt Ürünleri,Peynir,Marka-E,False
2025-05-05,M03,U017,0,0,88.44,True,Süt Ürünleri,Peynir,Marka-E,False
2025-05-06,M03,U017,0,0,88.44,True,Süt Ürünleri,Peynir,Marka-E,False
2025-01-01,M03,U018,19,63,116.46,False,Süt Ürünleri,Peynir,Marka-F,False
2025-01-02,M03,U018,8,55,116.46,False,Süt Ürünleri,Peynir,Marka-F,False
2025-01-03,M03,U018,15,40,116.46,False,Süt Ürünleri,Peynir,Marka-F,False
2025-01-04,M03,U018,21,19,98.99,False,Süt Ürünleri,Peynir,Marka-F,True
2025-01-05,M03,U018,10,9,116.46,False,Süt Ürünleri,Peynir,Marka-F,False
2025-01-06,M03,U018,9,0,116.46,True,Süt Ürünleri,Peynir,Marka-F,False
2025-01-07,M03,U018,10,75,116.46,False,Süt Ürünleri,Peynir,Marka-F,False
2025-01-08,M03,U018,15,60,116.46,False,Süt Ürünleri,Peynir,Marka-F,False
2025-01-09,M03,U018,8,52,116.46,False,Süt Ürünleri,Peynir,Marka-F,False
2025-01-10,M03,U018,13,39,116.46,False,Süt Ürünleri,Peynir,Marka-F,False
2025-01-11,M03,U018,17,22,116.46,False,Süt Ürünleri,Peynir,Marka-F,False
2025-01-12,M03,U018,12,10,116.46,False,Süt Ürünleri,Peynir,Marka-F,False
2025-01-13,M03,U018,9,70,116.46,False,Süt Ürünleri,Peynir,Marka-F,False
2025-01-14,M03,U018,6,64,116.46,False,Süt Ürünleri,Peynir,Marka-F,False
2025-01-15,M03,U018,17,47,93.17,False,Süt Ürünleri,Peynir,Marka-F,True
2025-01-16,M03,U018,12,35,116.46,False,Süt Ürünleri,Peynir,Marka-F,False
2025-01-17,M03,U018,32,3,104.81,False,Süt Ürünleri,Peynir,Marka-F,True
2025-01-18,M03,U018,3,0,116.46,True,Süt Ürünleri,Peynir,Marka-F,False
2025-01-19,M03,U018,16,70,116.46,False,Süt Ürünleri,Peynir,Marka-F,False
2025-01-20,M03,U018,11,59,116.46,False,Süt Ürünleri,Peynir,Marka-F,False
2025-01-21,M03,U018,11,48,116.46,False,Süt Ürünleri,Peynir,Marka-F,False
2025-01-22,M03,U018,12,36,116.46,False,Süt Ürünleri,Peynir,Marka-F,False
2025-01-23,M03,U018,9,27,116.46,False,Süt Ürünleri,Peynir,Marka-F,False
2025-01-24,M03,U018,16,11,116.46,False,Süt Ürünleri,Peynir,Marka-F,False
2025-01-25,M03,U018,9,84,116.46,False,Süt Ürünleri,Peynir,Marka-F,False
2025-01-26,M03,U018,9,75,116.46,False,Süt Ürünleri,Peynir,Marka-F,False
2025-01-27,M03,U018,11,64,116.46,False,Süt Ürünleri,Peynir,Marka-F,False
2025-01-28,M03,U018,12,52,116.46,False,Süt Ürünleri,Peynir,Marka-F,False
2025-01-29,M03,U018,13,39,116.46,False,Süt Ürünleri,Peynir,Marka-F,False
2025-01-30,M03,U018,9,30,116.46,False,Süt Ürünleri,Peynir,Marka-F,False
2025-01-31,M03,U018,14,79,116.46,False,Süt Ürünleri,Peynir,Marka-F,False
2025-02-01,M03,U018,17,62,116.46,False,Süt Ürünleri,Peynir,Marka-F,False
2025-02-02,M03,U018,22,40,116.46,False,Süt Ürünleri,Peynir,Marka-F,False
2025-02-03,M03,U018,10,30,116.46,False,Süt Ürünleri,Peynir,Marka-F,False
2025-02-04,M03,U018,14,16,116.46,False,Süt Ürünleri,Peynir,Marka-F,False
2025-02-05,M03,U018,9,7,116.46,False,Süt Ürünleri,Peynir,Marka-F,False
2025-02-06,M03,U018,15,74,116.46,False,Süt Ürünleri,Peynir,Marka-F,False
2025-02-07,M03,U018,21,53,98.99,False,Süt Ürünleri,Peynir,Marka-F,True
2025-02-08,M03,U018,11,42,116.46,False,Süt Ürünleri,Peynir,Marka-F,False
2025-02-09,M03,U018,21,21,116.46,False,Süt Ürünleri,Peynir,Marka-F,False
2025-02-10,M03,U018,17,4,98.99,False,Süt Ürünleri,Peynir,Marka-F,True
2025-02-11,M03,U018,4,0,116.46,True,Süt Ürünleri,Peynir,Marka-F,False
2025-02-12,M03,U018,0,0,116.46,True,Süt Ürünleri,Peynir,Marka-F,False
2025-02-13,M03,U018,0,0,116.46,True,Süt Ürünleri,Peynir,Marka-F,False
2025-02-14,M03,U018,0,0,116.46,True,Süt Ürünleri,Peynir,Marka-F,False
2025-02-15,M03,U018,0,0,116.46,True,Süt Ürünleri,Peynir,Marka-F,False
2025-02-16,M03,U018,0,0,116.46,True,Süt Ürünleri,Peynir,Marka-F,False
2025-02-17,M03,U018,0,0,116.46,True,Süt Ürünleri,Peynir,Marka-F,False
2025-02-18,M03,U018,0,0,116.46,True,Süt Ürünleri,Peynir,Marka-F,False
2025-02-19,M03,U018,0,0,116.46,True,Süt Ürünleri,Peynir,Marka-F,False
2025-02-20,M03,U018,0,0,116.46,True,Süt Ürünleri,Peynir,Marka-F,False
2025-02-21,M03,U018,0,0,116.46,True,Süt Ürünleri,Peynir,Marka-F,False
2025-02-22,M03,U018,0,0,116.46,True,Süt Ürünleri,Peynir,Marka-F,False
2025-02-23,M03,U018,0,0,116.46,True,Süt Ürünleri,Peynir,Marka-F,False
2025-02-24,M03,U018,14,63,116.46,False,Süt Ürünleri,Peynir,Marka-F,False
2025-02-25,M03,U018,12,51,116.46,False,Süt Ürünleri,Peynir,Marka-F,False
2025-02-26,M03,U018,15,36,116.46,False,Süt Ürünleri,Peynir,Marka-F,False
2025-02-27,M03,U018,10,26,116.46,False,Süt Ürünleri,Peynir,Marka-F,False
2025-02-28,M03,U018,20,6,116.46,False,Süt Ürünleri,Peynir,Marka-F,False
2025-03-01,M03,U018,6,0,98.99,True,Süt Ürünleri,Peynir,Marka-F,True
2025-03-02,M03,U018,14,77,116.46,False,Süt Ürünleri,Peynir,Marka-F,False
2025-03-03,M03,U018,10,67,116.46,False,Süt Ürünleri,Peynir,Marka-F,False
2025-03-04,M03,U018,19,48,116.46,False,Süt Ürünleri,Peynir,Marka-F,False
2025-03-05,M03,U018,11,37,116.46,False,Süt Ürünleri,Peynir,Marka-F,False
2025-03-06,M03,U018,12,25,116.46,False,Süt Ürünleri,Peynir,Marka-F,False
2025-03-07,M03,U018,16,9,116.46,False,Süt Ürünleri,Peynir,Marka-F,False
2025-03-08,M03,U018,16,68,116.46,False,Süt Ürünleri,Peynir,Marka-F,False
2025-03-09,M03,U018,14,54,116.46,False,Süt Ürünleri,Peynir,Marka-F,False
2025-03-10,M03,U018,13,41,116.46,False,Süt Ürünleri,Peynir,Marka-F,False
2025-03-11,M03,U018,18,23,116.46,False,Süt Ürünleri,Peynir,Marka-F,False
2025-03-12,M03,U018,16,7,116.46,False,Süt Ürünleri,Peynir,Marka-F,False
2025-03-13,M03,U018,7,0,116.46,True,Süt Ürünleri,Peynir,Marka-F,False
2025-03-14,M03,U018,10,78,116.46,False,Süt Ürünleri,Peynir,Marka-F,False
2025-03-15,M03,U018,11,67,116.46,False,Süt Ürünleri,Peynir,Marka-F,False
2025-03-16,M03,U018,19,48,116.46,False,Süt Ürünleri,Peynir,Marka-F,False
2025-03-17,M03,U018,15,33,116.46,False,Süt Ürünleri,Peynir,Marka-F,False
2025-03-18,M03,U018,11,22,116.46,False,Süt Ürünleri,Peynir,Marka-F,False
2025-03-19,M03,U018,16,6,116.46,False,Süt Ürünleri,Peynir,Marka-F,False
2025-03-20,M03,U018,11,68,116.46,False,Süt Ürünleri,Peynir,Marka-F,False
2025-03-21,M03,U018,29,39,116.46,False,Süt Ürünleri,Peynir,Marka-F,False
2025-03-22,M03,U018,17,22,116.46,False,Süt Ürünleri,Peynir,Marka-F,False
2025-03-23,M03,U018,15,7,116.46,False,Süt Ürünleri,Peynir,Marka-F,False
2025-03-24,M03,U018,7,0,116.46,True,Süt Ürünleri,Peynir,Marka-F,False
2025-03-25,M03,U018,0,0,98.99,True,Süt Ürünleri,Peynir,Marka-F,True
2025-03-26,M03,U018,19,58,116.46,False,Süt Ürünleri,Peynir,Marka-F,False
2025-03-27,M03,U018,17,41,116.46,False,Süt Ürünleri,Peynir,Marka-F,False
2025-03-28,M03,U018,21,20,116.46,False,Süt Ürünleri,Peynir,Marka-F,False
2025-03-29,M03,U018,17,3,116.46,False,Süt Ürünleri,Peynir,Marka-F,False
2025-03-30,M03,U018,3,0,116.46,True,Süt Ürünleri,Peynir,Marka-F,False
2025-03-31,M03,U018,0,0,116.46,True,Süt Ürünleri,Peynir,Marka-F,False
2025-04-01,M03,U018,0,0,116.46,True,Süt Ürünleri,Peynir,Marka-F,False
2025-04-02,M03,U018,0,0,116.46,True,Süt Ürünleri,Peynir,Marka-F,False
2025-04-03,M03,U018,0,0,116.46,True,Süt Ürünleri,Peynir,Marka-F,False
2025-04-04,M03,U018,0,0,116.46,True,Süt Ürünleri,Peynir,Marka-F,False
2025-04-05,M03,U018,0,0,116.46,True,Süt Ürünleri,Peynir,Marka-F,False
2025-04-06,M03,U018,0,0,116.46,True,Süt Ürünleri,Peynir,Marka-F,False
2025-04-07,M03,U018,12,69,116.46,False,Süt Ürünleri,Peynir,Marka-F,False
2025-04-08,M03,U018,14,55,116.46,False,Süt Ürünleri,Peynir,Marka-F,False
2025-04-09,M03,U018,12,43,116.46,False,Süt Ürünleri,Peynir,Marka-F,False
2025-04-10,M03,U018,12,31,116.46,False,Süt Ürünleri,Peynir,Marka-F,False
2025-04-11,M03,U018,19,12,116.46,False,Süt Ürünleri,Peynir,Marka-F,False
2025-04-12,M03,U018,12,0,93.17,True,Süt Ürünleri,Peynir,Marka-F,True
2025-04-13,M03,U018,22,63,116.46,False,Süt Ürünleri,Peynir,Marka-F,False
2025-04-14,M03,U018,11,52,116.46,False,Süt Ürünleri,Peynir,Marka-F,False
2025-04-15,M03,U018,15,37,116.46,False,Süt Ürünleri,Peynir,Marka-F,False
2025-04-16,M03,U018,30,7,93.17,False,Süt Ürünleri,Peynir,Marka-F,True
2025-04-17,M03,U018,7,0,116.46,True,Süt Ürünleri,Peynir,Marka-F,False
2025-04-18,M03,U018,0,0,116.46,True,Süt Ürünleri,Peynir,Marka-F,False
2025-04-19,M03,U018,19,63,116.46,False,Süt Ürünleri,Peynir,Marka-F,False
2025-04-20,M03,U018,16,47,116.46,False,Süt Ürünleri,Peynir,Marka-F,False
2025-04-21,M03,U018,12,35,116.46,False,Süt Ürünleri,Peynir,Marka-F,False
2025-04-22,M03,U018,14,21,116.46,False,Süt Ürünleri,Peynir,Marka-F,False
2025-04-23,M03,U018,15,6,116.46,False,Süt Ürünleri,Peynir,Marka-F,False
2025-04-24,M03,U018,6,0,116.46,True,Süt Ürünleri,Peynir,Marka-F,False
2025-04-25,M03,U018,19,60,116.46,False,Süt Ürünleri,Peynir,Marka-F,False
2025-04-26,M03,U018,11,49,116.46,False,Süt Ürünleri,Peynir,Marka-F,False
2025-04-27,M03,U018,14,35,116.46,False,Süt Ürünleri,Peynir,Marka-F,False
2025-04-28,M03,U018,13,22,116.46,False,Süt Ürünleri,Peynir,Marka-F,False
2025-04-29,M03,U018,16,6,116.46,False,Süt Ürünleri,Peynir,Marka-F,False
2025-04-30,M03,U018,6,0,116.46,True,Süt Ürünleri,Peynir,Marka-F,False
2025-05-01,M03,U018,9,81,116.46,False,Süt Ürünleri,Peynir,Marka-F,False
2025-05-02,M03,U018,22,59,116.46,False,Süt Ürünleri,Peynir,Marka-F,False
2025-05-03,M03,U018,17,42,116.46,False,Süt Ürünleri,Peynir,Marka-F,False
2025-05-04,M03,U018,22,20,116.46,False,Süt Ürünleri,Peynir,Marka-F,False
2025-05-05,M03,U018,14,6,116.46,False,Süt Ürünleri,Peynir,Marka-F,False
2025-05-06,M03,U018,6,0,116.46,True,Süt Ürünleri,Peynir,Marka-F,False
2025-01-01,M04,U001,18,93,175.82,False,İçecek,Gazlı İçecek,Marka-A,False
2025-01-02,M04,U001,11,82,175.82,False,İçecek,Gazlı İçecek,Marka-A,False
2025-01-03,M04,U001,24,58,175.82,False,İçecek,Gazlı İçecek,Marka-A,False
2025-01-04,M04,U001,28,30,175.82,False,İçecek,Gazlı İçecek,Marka-A,False
2025-01-05,M04,U001,26,4,175.82,False,İçecek,Gazlı İçecek,Marka-A,False
2025-01-06,M04,U001,21,82,175.82,False,İçecek,Gazlı İçecek,Marka-A,False
2025-01-07,M04,U001,41,41,140.66,False,İçecek,Gazlı İçecek,Marka-A,True
2025-01-08,M04,U001,28,13,175.82,False,İçecek,Gazlı İçecek,Marka-A,False
2025-01-09,M04,U001,13,0,175.82,True,İçecek,Gazlı İçecek,Marka-A,False
2025-01-10,M04,U001,0,0,175.82,True,İçecek,Gazlı İçecek,Marka-A,False
2025-01-11,M04,U001,49,67,158.24,False,İçecek,Gazlı İçecek,Marka-A,True
2025-01-12,M04,U001,22,45,175.82,False,İçecek,Gazlı İçecek,Marka-A,False
2025-01-13,M04,U001,17,28,175.82,False,İçecek,Gazlı İçecek,Marka-A,False
2025-01-14,M04,U001,16,12,175.82,False,İçecek,Gazlı İçecek,Marka-A,False
2025-01-15,M04,U001,12,0,175.82,True,İçecek,Gazlı İçecek,Marka-A,False
2025-01-16,M04,U001,0,0,175.82,True,İçecek,Gazlı İçecek,Marka-A,False
2025-01-17,M04,U001,0,0,175.82,True,İçecek,Gazlı İçecek,Marka-A,False
2025-01-18,M04,U001,0,0,175.82,True,İçecek,Gazlı İçecek,Marka-A,False
2025-01-19,M04,U001,0,0,175.82,True,İçecek,Gazlı İçecek,Marka-A,False
2025-01-20,M04,U001,0,0,175.82,True,İçecek,Gazlı İçecek,Marka-A,False
2025-01-21,M04,U001,28,77,175.82,False,İçecek,Gazlı İçecek,Marka-A,False
2025-01-22,M04,U001,27,50,175.82,False,İçecek,Gazlı İçecek,Marka-A,False
2025-01-23,M04,U001,20,30,175.82,False,İçecek,Gazlı İçecek,Marka-A,False
2025-01-24,M04,U001,25,5,175.82,False,İçecek,Gazlı İçecek,Marka-A,False
2025-01-25,M04,U001,5,0,175.82,True,İçecek,Gazlı İçecek,Marka-A,False
2025-01-26,M04,U001,0,0,175.82,True,İçecek,Gazlı İçecek,Marka-A,False
2025-01-27,M04,U001,0,0,175.82,True,İçecek,Gazlı İçecek,Marka-A,False
2025-01-28,M04,U001,0,0,175.82,True,İçecek,Gazlı İçecek,Marka-A,False
2025-01-29,M04,U001,0,0,175.82,True,İçecek,Gazlı İçecek,Marka-A,False
2025-01-30,M04,U001,0,0,175.82,True,İçecek,Gazlı İçecek,Marka-A,False
2025-01-31,M04,U001,17,101,175.82,False,İçecek,Gazlı İçecek,Marka-A,False
2025-02-01,M04,U001,38,63,149.45,False,İçecek,Gazlı İçecek,Marka-A,True
2025-02-02,M04,U001,27,36,175.82,False,İçecek,Gazlı İçecek,Marka-A,False
2025-02-03,M04,U001,14,22,175.82,False,İçecek,Gazlı İçecek,Marka-A,False
2025-02-04,M04,U001,22,0,175.82,False,İçecek,Gazlı İçecek,Marka-A,False
2025-02-05,M04,U001,20,101,175.82,False,İçecek,Gazlı İçecek,Marka-A,False
2025-02-06,M04,U001,20,81,175.82,False,İçecek,Gazlı İçecek,Marka-A,False
2025-02-07,M04,U001,24,57,175.82,False,İçecek,Gazlı İçecek,Marka-A,False
2025-02-08,M04,U001,52,5,149.45,False,İçecek,Gazlı İçecek,Marka-A,True
2025-02-09,M04,U001,5,0,175.82,True,İçecek,Gazlı İçecek,Marka-A,False
2025-02-10,M04,U001,20,102,175.82,False,İçecek,Gazlı İçecek,Marka-A,False
2025-02-11,M04,U001,16,86,175.82,False,İçecek,Gazlı İçecek,Marka-A,False
2025-02-12,M04,U001,23,63,175.82,False,İçecek,Gazlı İçecek,Marka-A,False
2025-02-13,M04,U001,29,34,175.82,False,İçecek,Gazlı İçecek,Marka-A,False
2025-02-14,M04,U001,20,14,175.82,False,İçecek,Gazlı İçecek,Marka-A,False
2025-02-15,M04,U001,14,0,175.82,True,İçecek,Gazlı İçecek,Marka-A,False
2025-02-16,M04,U001,0,0,175.82,True,İçecek,Gazlı İçecek,Marka-A,False
2025-02-17,M04,U001,0,0,175.82,True,İçecek,Gazlı İçecek,Marka-A,False
2025-02-18,M04,U001,0,0,175.82,True,İçecek,Gazlı İçecek,Marka-A,False
2025-02-19,M04,U001,0,0,140.66,True,İçecek,Gazlı İçecek,Marka-A,True
2025-02-20,M04,U001,22,100,175.82,False,İçecek,Gazlı İçecek,Marka-A,False
2025-02-21,M04,U001,35,65,175.82,False,İçecek,Gazlı İçecek,Marka-A,False
2025-02-22,M04,U001,33,32,175.82,False,İçecek,Gazlı İçecek,Marka-A,False
2025-02-23,M04,U001,31,1,175.82,False,İçecek,Gazlı İçecek,Marka-A,False
2025-02-24,M04,U001,1,0,175.82,True,İçecek,Gazlı İçecek,Marka-A,False
2025-02-25,M04,U001,30,75,175.82,False,İçecek,Gazlı İçecek,Marka-A,False
2025-02-26,M04,U001,15,60,175.82,False,İçecek,Gazlı İçecek,Marka-A,False
2025-02-27,M04,U001,21,39,175.82,False,İçecek,Gazlı İçecek,Marka-A,False
2025-02-28,M04,U001,19,20,175.82,False,İçecek,Gazlı İçecek,Marka-A,False
2025-03-01,M04,U001,19,1,175.82,False,İçecek,Gazlı İçecek,Marka-A,False
2025-03-02,M04,U001,1,0,175.82,True,İçecek,Gazlı İçecek,Marka-A,False
2025-03-03,M04,U001,0,0,175.82,True,İçecek,Gazlı İçecek,Marka-A,False
2025-03-04,M04,U001,0,0,175.82,True,İçecek,Gazlı İçecek,Marka-A,False
2025-03-05,M04,U001,0,0,175.82,True,İçecek,Gazlı İçecek,Marka-A,False
2025-03-06,M04,U001,0,0,175.82,True,İçecek,Gazlı İçecek,Marka-A,False
2025-03-07,M04,U001,22,89,175.82,False,İçecek,Gazlı İçecek,Marka-A,False
2025-03-08,M04,U001,31,58,175.82,False,İçecek,Gazlı İçecek,Marka-A,False
2025-03-09,M04,U001,25,33,175.82,False,İçecek,Gazlı İçecek,Marka-A,False
2025-03-10,M04,U001,19,14,175.82,False,İçecek,Gazlı İçecek,Marka-A,False
2025-03-11,M04,U001,14,0,175.82,True,İçecek,Gazlı İçecek,Marka-A,False
2025-03-12,M04,U001,0,0,175.82,True,İçecek,Gazlı İçecek,Marka-A,False
2025-03-13,M04,U001,0,0,175.82,True,İçecek,Gazlı İçecek,Marka-A,False
2025-03-14,M04,U001,0,0,175.82,True,İçecek,Gazlı İçecek,Marka-A,False
2025-03-15,M04,U001,0,0,175.82,True,İçecek,Gazlı İçecek,Marka-A,False
2025-03-16,M04,U001,0,0,175.82,True,İçecek,Gazlı İçecek,Marka-A,False
2025-03-17,M04,U001,19,101,175.82,False,İçecek,Gazlı İçecek,Marka-A,False
2025-03-18,M04,U001,18,83,175.82,False,İçecek,Gazlı İçecek,Marka-A,False
2025-03-19,M04,U001,27,56,175.82,False,İçecek,Gazlı İçecek,Marka-A,False
2025-03-20,M04,U001,16,40,175.82,False,İçecek,Gazlı İçecek,Marka-A,False
2025-03-21,M04,U001,22,18,175.82,False,İçecek,Gazlı İçecek,Marka-A,False
2025-03-22,M04,U001,32,72,175.82,False,İçecek,Gazlı İçecek,Marka-A,False
2025-03-23,M04,U001,19,53,175.82,False,İçecek,Gazlı İçecek,Marka-A,False
2025-03-24,M04,U001,24,29,175.82,False,İçecek,Gazlı İçecek,Marka-A,False
2025-03-25,M04,U001,29,0,175.82,True,İçecek,Gazlı İçecek,Marka-A,False
2025-03-26,M04,U001,0,0,175.82,True,İçecek,Gazlı İçecek,Marka-A,False
2025-03-27,M04,U001,29,79,175.82,False,İçecek,Gazlı İçecek,Marka-A,False
2025-03-28,M04,U001,35,44,175.82,False,İçecek,Gazlı İçecek,Marka-A,False
2025-03-29,M04,U001,34,10,175.82,False,İçecek,Gazlı İçecek,Marka-A,False
2025-03-30,M04,U001,10,0,175.82,True,İçecek,Gazlı İçecek,Marka-A,False
2025-03-31,M04,U001,0,0,175.82,True,İçecek,Gazlı İçecek,Marka-A,False
2025-04-01,M04,U001,18,86,175.82,False,İçecek,Gazlı İçecek,Marka-A,False
2025-04-02,M04,U001,17,69,175.82,False,İçecek,Gazlı İçecek,Marka-A,False
2025-04-03,M04,U001,32,37,175.82,False,İçecek,Gazlı İçecek,Marka-A,False
2025-04-04,M04,U001,30,7,175.82,False,İçecek,Gazlı İçecek,Marka-A,False
2025-04-05,M04,U001,7,0,175.82,True,İçecek,Gazlı İçecek,Marka-A,False
2025-04-06,M04,U001,31,72,175.82,False,İçecek,Gazlı İçecek,Marka-A,False
2025-04-07,M04,U001,18,54,175.82,False,İçecek,Gazlı İçecek,Marka-A,False
2025-04-08,M04,U001,27,27,175.82,False,İçecek,Gazlı İçecek,Marka-A,False
2025-04-09,M04,U001,25,2,175.82,False,İçecek,Gazlı İçecek,Marka-A,False
2025-04-10,M04,U001,2,0,175.82,True,İçecek,Gazlı İçecek,Marka-A,False
2025-04-11,M04,U001,31,93,175.82,False,İçecek,Gazlı İçecek,Marka-A,False
2025-04-12,M04,U001,30,63,175.82,False,İçecek,Gazlı İçecek,Marka-A,False
2025-04-13,M04,U001,18,45,175.82,False,İçecek,Gazlı İçecek,Marka-A,False
2025-04-14,M04,U001,18,27,175.82,False,İçecek,Gazlı İçecek,Marka-A,False
2025-04-15,M04,U001,23,4,175.82,False,İçecek,Gazlı İçecek,Marka-A,False
2025-04-16,M04,U001,21,96,175.82,False,İçecek,Gazlı İçecek,Marka-A,False
2025-04-17,M04,U001,25,71,175.82,False,İçecek,Gazlı İçecek,Marka-A,False
2025-04-18,M04,U001,24,47,175.82,False,İçecek,Gazlı İçecek,Marka-A,False
2025-04-19,M04,U001,41,6,175.82,False,İçecek,Gazlı İçecek,Marka-A,False
2025-04-20,M04,U001,6,0,175.82,True,İçecek,Gazlı İçecek,Marka-A,False
2025-04-21,M04,U001,19,96,175.82,False,İçecek,Gazlı İçecek,Marka-A,False
2025-04-22,M04,U001,17,79,175.82,False,İçecek,Gazlı İçecek,Marka-A,False
2025-04-23,M04,U001,17,62,175.82,False,İçecek,Gazlı İçecek,Marka-A,False
2025-04-24,M04,U001,33,29,175.82,False,İçecek,Gazlı İçecek,Marka-A,False
2025-04-25,M04,U001,23,6,175.82,False,İçecek,Gazlı İçecek,Marka-A,False
2025-04-26,M04,U001,32,81,175.82,False,İçecek,Gazlı İçecek,Marka-A,False
2025-04-27,M04,U001,29,52,175.82,False,İçecek,Gazlı İçecek,Marka-A,False
2025-04-28,M04,U001,28,24,175.82,False,İçecek,Gazlı İçecek,Marka-A,False
2025-04-29,M04,U001,24,0,175.82,True,İçecek,Gazlı İçecek,Marka-A,False
2025-04-30,M04,U001,0,0,175.82,True,İçecek,Gazlı İçecek,Marka-A,False
2025-05-01,M04,U001,22,89,175.82,False,İçecek,Gazlı İçecek,Marka-A,False
2025-05-02,M04,U001,30,59,175.82,False,İçecek,Gazlı İçecek,Marka-A,False
2025-05-03,M04,U001,34,25,175.82,False,İçecek,Gazlı İçecek,Marka-A,False
2025-05-04,M04,U001,25,0,149.45,True,İçecek,Gazlı İçecek,Marka-A,True
2025-05-05,M04,U001,0,0,175.82,True,İçecek,Gazlı İçecek,Marka-A,False
2025-05-06,M04,U001,23,89,175.82,False,İçecek,Gazlı İçecek,Marka-A,False
2025-01-01,M04,U002,25,137,192.33,False,İçecek,Gazlı İçecek,Marka-B,False
2025-01-02,M04,U002,26,111,192.33,False,İçecek,Gazlı İçecek,Marka-B,False
2025-01-03,M04,U002,37,74,192.33,False,İçecek,Gazlı İçecek,Marka-B,False
2025-01-04,M04,U002,41,33,192.33,False,İçecek,Gazlı İçecek,Marka-B,False
2025-01-05,M04,U002,26,7,192.33,False,İçecek,Gazlı İçecek,Marka-B,False
2025-01-06,M04,U002,23,151,192.33,False,İçecek,Gazlı İçecek,Marka-B,False
2025-01-07,M04,U002,20,131,192.33,False,İçecek,Gazlı İçecek,Marka-B,False
2025-01-08,M04,U002,22,109,192.33,False,İçecek,Gazlı İçecek,Marka-B,False
2025-01-09,M04,U002,24,85,192.33,False,İçecek,Gazlı İçecek,Marka-B,False
2025-01-10,M04,U002,23,62,192.33,False,İçecek,Gazlı İçecek,Marka-B,False
2025-01-11,M04,U002,31,144,192.33,False,İçecek,Gazlı İçecek,Marka-B,False
2025-01-12,M04,U002,24,120,192.33,False,İçecek,Gazlı İçecek,Marka-B,False
2025-01-13,M04,U002,27,93,192.33,False,İçecek,Gazlı İçecek,Marka-B,False
2025-01-14,M04,U002,26,67,192.33,False,İçecek,Gazlı İçecek,Marka-B,False
2025-01-15,M04,U002,32,35,192.33,False,İçecek,Gazlı İçecek,Marka-B,False
2025-01-16,M04,U002,26,132,192.33,False,İçecek,Gazlı İçecek,Marka-B,False
2025-01-17,M04,U002,37,95,192.33,False,İçecek,Gazlı İçecek,Marka-B,False
2025-01-18,M04,U002,27,68,192.33,False,İçecek,Gazlı İçecek,Marka-B,False
2025-01-19,M04,U002,41,27,192.33,False,İçecek,Gazlı İçecek,Marka-B,False
2025-01-20,M04,U002,27,0,192.33,True,İçecek,Gazlı İçecek,Marka-B,False
2025-01-21,M04,U002,23,132,192.33,False,İçecek,Gazlı İçecek,Marka-B,False
2025-01-22,M04,U002,27,105,192.33,False,İçecek,Gazlı İçecek,Marka-B,False
2025-01-23,M04,U002,32,73,192.33,False,İçecek,Gazlı İçecek,Marka-B,False
2025-01-24,M04,U002,33,40,192.33,False,İçecek,Gazlı İçecek,Marka-B,False
2025-01-25,M04,U002,38,2,192.33,False,İçecek,Gazlı İçecek,Marka-B,False
2025-01-26,M04,U002,33,137,192.33,False,İçecek,Gazlı İçecek,Marka-B,False
2025-01-27,M04,U002,29,108,192.33,False,İçecek,Gazlı İçecek,Marka-B,False
2025-01-28,M04,U002,41,67,192.33,False,İçecek,Gazlı İçecek,Marka-B,False
2025-01-29,M04,U002,37,30,153.86,False,İçecek,Gazlı İçecek,Marka-B,True
2025-01-30,M04,U002,30,0,163.48,True,İçecek,Gazlı İçecek,Marka-B,True
2025-01-31,M04,U002,29,130,192.33,False,İçecek,Gazlı İçecek,Marka-B,False
2025-02-01,M04,U002,47,83,192.33,False,İçecek,Gazlı İçecek,Marka-B,False
2025-02-02,M04,U002,56,27,153.86,False,İçecek,Gazlı İçecek,Marka-B,True
2025-02-03,M04,U002,27,0,192.33,True,İçecek,Gazlı İçecek,Marka-B,False
2025-02-04,M04,U002,0,0,192.33,True,İçecek,Gazlı İçecek,Marka-B,False
2025-02-05,M04,U002,31,135,192.33,False,İçecek,Gazlı İçecek,Marka-B,False
2025-02-06,M04,U002,43,92,192.33,False,İçecek,Gazlı İçecek,Marka-B,False
2025-02-07,M04,U002,25,67,192.33,False,İçecek,Gazlı İçecek,Marka-B,False
2025-02-08,M04,U002,46,21,192.33,False,İçecek,Gazlı İçecek,Marka-B,False
2025-02-09,M04,U002,21,0,192.33,True,İçecek,Gazlı İçecek,Marka-B,False
2025-02-10,M04,U002,23,156,192.33,False,İçecek,Gazlı İçecek,Marka-B,False
2025-02-11,M04,U002,23,133,192.33,False,İçecek,Gazlı İçecek,Marka-B,False
2025-02-12,M04,U002,30,103,192.33,False,İçecek,Gazlı İçecek,Marka-B,False
2025-02-13,M04,U002,33,70,192.33,False,İçecek,Gazlı İçecek,Marka-B,False
2025-02-14,M04,U002,30,40,192.33,False,İçecek,Gazlı İçecek,Marka-B,False
2025-02-15,M04,U002,46,123,192.33,False,İçecek,Gazlı İçecek,Marka-B,False
2025-02-16,M04,U002,35,88,192.33,False,İçecek,Gazlı İçecek,Marka-B,False
2025-02-17,M04,U002,38,50,192.33,False,İçecek,Gazlı İçecek,Marka-B,False
2025-02-18,M04,U002,26,24,192.33,False,İçecek,Gazlı İçecek,Marka-B,False
2025-02-19,M04,U002,24,0,192.33,True,İçecek,Gazlı İçecek,Marka-B,False
2025-02-20,M04,U002,52,124,163.48,False,İçecek,Gazlı İçecek,Marka-B,True
2025-02-21,M04,U002,31,93,192.33,False,İçecek,Gazlı İçecek,Marka-B,False
2025-02-22,M04,U002,44,49,192.33,False,İçecek,Gazlı İçecek,Marka-B,False
2025-02-23,M04,U002,35,14,192.33,False,İçecek,Gazlı İçecek,Marka-B,False
2025-02-24,M04,U002,14,0,192.33,True,İçecek,Gazlı İçecek,Marka-B,False
2025-02-25,M04,U002,54,125,153.86,False,İçecek,Gazlı İçecek,Marka-B,True
2025-02-26,M04,U002,33,92,192.33,False,İçecek,Gazlı İçecek,Marka-B,False
2025-02-27,M04,U002,33,59,192.33,False,İçecek,Gazlı İçecek,Marka-B,False
2025-02-28,M04,U002,47,12,192.33,False,İçecek,Gazlı İçecek,Marka-B,False
2025-03-01,M04,U002,12,0,192.33,True,İçecek,Gazlı İçecek,Marka-B,False
2025-03-02,M04,U002,44,124,192.33,False,İçecek,Gazlı İçecek,Marka-B,False
2025-03-03,M04,U002,38,86,192.33,False,İçecek,Gazlı İçecek,Marka-B,False
2025-03-04,M04,U002,29,57,192.33,False,İçecek,Gazlı İçecek,Marka-B,False
2025-03-05,M04,U002,51,6,173.1,False,İçecek,Gazlı İçecek,Marka-B,True
2025-03-06,M04,U002,6,0,192.33,True,İçecek,Gazlı İçecek,Marka-B,False
2025-03-07,M04,U002,35,116,192.33,False,İçecek,Gazlı İçecek,Marka-B,False
2025-03-08,M04,U002,43,73,192.33,False,İçecek,Gazlı İçecek,Marka-B,False
2025-03-09,M04,U002,41,32,192.33,False,İçecek,Gazlı İçecek,Marka-B,False
2025-03-10,M04,U002,20,12,192.33,False,İçecek,Gazlı İçecek,Marka-B,False
2025-03-11,M04,U002,12,0,192.33,True,İçecek,Gazlı İçecek,Marka-B,False
2025-03-12,M04,U002,33,136,192.33,False,İçecek,Gazlı İçecek,Marka-B,False
2025-03-13,M04,U002,54,82,163.48,False,İçecek,Gazlı İçecek,Marka-B,True
2025-03-14,M04,U002,36,46,192.33,False,İçecek,Gazlı İçecek,Marka-B,False
2025-03-15,M04,U002,31,15,192.33,False,İçecek,Gazlı İçecek,Marka-B,False
2025-03-16,M04,U002,15,0,192.33,True,İçecek,Gazlı İçecek,Marka-B,False
2025-03-17,M04,U002,16,136,192.33,False,İçecek,Gazlı İçecek,Marka-B,False
2025-03-18,M04,U002,36,100,192.33,False,İçecek,Gazlı İçecek,Marka-B,False
2025-03-19,M04,U002,40,60,192.33,False,İçecek,Gazlı İçecek,Marka-B,False
2025-03-20,M04,U002,31,29,192.33,False,İçecek,Gazlı İçecek,Marka-B,False
2025-03-21,M04,U002,29,0,192.33,True,İçecek,Gazlı İçecek,Marka-B,False
2025-03-22,M04,U002,46,129,192.33,False,İçecek,Gazlı İçecek,Marka-B,False
2025-03-23,M04,U002,41,88,192.33,False,İçecek,Gazlı İçecek,Marka-B,False
2025-03-24,M04,U002,32,56,192.33,False,İçecek,Gazlı İçecek,Marka-B,False
2025-03-25,M04,U002,28,28,192.33,False,İçecek,Gazlı İçecek,Marka-B,False
2025-03-26,M04,U002,28,0,173.1,True,İçecek,Gazlı İçecek,Marka-B,True
2025-03-27,M04,U002,32,132,192.33,False,İçecek,Gazlı İçecek,Marka-B,False
2025-03-28,M04,U002,34,98,192.33,False,İçecek,Gazlı İçecek,Marka-B,False
2025-03-29,M04,U002,42,56,192.33,False,İçecek,Gazlı İçecek,Marka-B,False
2025-03-30,M04,U002,31,25,192.33,False,İçecek,Gazlı İçecek,Marka-B,False
2025-03-31,M04,U002,25,0,192.33,True,İçecek,Gazlı İçecek,Marka-B,False
2025-04-01,M04,U002,29,124,192.33,False,İçecek,Gazlı İçecek,Marka-B,False
2025-04-02,M04,U002,55,69,153.86,False,İçecek,Gazlı İçecek,Marka-B,True
2025-04-03,M04,U002,36,33,192.33,False,İçecek,Gazlı İçecek,Marka-B,False
2025-04-04,M04,U002,33,0,192.33,True,İçecek,Gazlı İçecek,Marka-B,False
2025-04-05,M04,U002,0,0,192.33,True,İçecek,Gazlı İçecek,Marka-B,False
2025-04-06,M04,U002,54,106,153.86,False,İçecek,Gazlı İçecek,Marka-B,True
2025-04-07,M04,U002,31,75,192.33,False,İçecek,Gazlı İçecek,Marka-B,False
2025-04-08,M04,U002,35,40,192.33,False,İçecek,Gazlı İçecek,Marka-B,False
2025-04-09,M04,U002,24,16,192.33,False,İçecek,Gazlı İçecek,Marka-B,False
2025-04-10,M04,U002,16,0,192.33,True,İçecek,Gazlı İçecek,Marka-B,False
2025-04-11,M04,U002,33,133,192.33,False,İçecek,Gazlı İçecek,Marka-B,False
2025-04-12,M04,U002,41,92,192.33,False,İçecek,Gazlı İçecek,Marka-B,False
2025-04-13,M04,U002,46,46,192.33,False,İçecek,Gazlı İçecek,Marka-B,False
2025-04-14,M04,U002,30,16,192.33,False,İçecek,Gazlı İçecek,Marka-B,False
2025-04-15,M04,U002,16,0,192.33,True,İçecek,Gazlı İçecek,Marka-B,False
2025-04-16,M04,U002,34,132,192.33,False,İçecek,Gazlı İçecek,Marka-B,False
2025-04-17,M04,U002,33,99,192.33,False,İçecek,Gazlı İçecek,Marka-B,False
2025-04-18,M04,U002,38,61,192.33,False,İçecek,Gazlı İçecek,Marka-B,False
2025-04-19,M04,U002,57,4,192.33,False,İçecek,Gazlı İçecek,Marka-B,False
2025-04-20,M04,U002,4,0,192.33,True,İçecek,Gazlı İçecek,Marka-B,False
2025-04-21,M04,U002,33,151,192.33,False,İçecek,Gazlı İçecek,Marka-B,False
2025-04-22,M04,U002,48,103,163.48,False,İçecek,Gazlı İçecek,Marka-B,True
2025-04-23,M04,U002,32,71,192.33,False,İçecek,Gazlı İçecek,Marka-B,False
2025-04-24,M04,U002,27,44,192.33,False,İçecek,Gazlı İçecek,Marka-B,False
2025-04-25,M04,U002,42,2,192.33,False,İçecek,Gazlı İçecek,Marka-B,False
2025-04-26,M04,U002,47,106,192.33,False,İçecek,Gazlı İçecek,Marka-B,False
2025-04-27,M04,U002,55,51,153.86,False,İçecek,Gazlı İçecek,Marka-B,True
2025-04-28,M04,U002,34,17,192.33,False,İçecek,Gazlı İçecek,Marka-B,False
2025-04-29,M04,U002,17,0,192.33,True,İçecek,Gazlı İçecek,Marka-B,False
2025-04-30,M04,U002,0,0,192.33,True,İçecek,Gazlı İçecek,Marka-B,False
2025-05-01,M04,U002,25,129,192.33,False,İçecek,Gazlı İçecek,Marka-B,False
2025-05-02,M04,U002,40,89,192.33,False,İçecek,Gazlı İçecek,Marka-B,False
2025-05-03,M04,U002,38,51,192.33,False,İçecek,Gazlı İçecek,Marka-B,False
2025-05-04,M04,U002,35,16,192.33,False,İçecek,Gazlı İçecek,Marka-B,False
2025-05-05,M04,U002,16,0,192.33,True,İçecek,Gazlı İçecek,Marka-B,False
2025-05-06,M04,U002,42,133,192.33,False,İçecek,Gazlı İçecek,Marka-B,False
2025-01-01,M04,U003,38,144,43.26,False,İçecek,Meyve Suyu,Marka-C,False
2025-01-02,M04,U003,33,111,43.26,False,İçecek,Meyve Suyu,Marka-C,False
2025-01-03,M04,U003,47,64,43.26,False,İçecek,Meyve Suyu,Marka-C,False
2025-01-04,M04,U003,47,17,43.26,False,İçecek,Meyve Suyu,Marka-C,False
2025-01-05,M04,U003,32,187,43.26,False,İçecek,Meyve Suyu,Marka-C,False
2025-01-06,M04,U003,25,162,43.26,False,İçecek,Meyve Suyu,Marka-C,False
2025-01-07,M04,U003,41,121,43.26,False,İçecek,Meyve Suyu,Marka-C,False
2025-01-08,M04,U003,39,82,43.26,False,İçecek,Meyve Suyu,Marka-C,False
2025-01-09,M04,U003,35,177,43.26,False,İçecek,Meyve Suyu,Marka-C,False
2025-01-10,M04,U003,44,133,43.26,False,İçecek,Meyve Suyu,Marka-C,False
2025-01-11,M04,U003,51,82,43.26,False,İçecek,Meyve Suyu,Marka-C,False
2025-01-12,M04,U003,49,33,43.26,False,İçecek,Meyve Suyu,Marka-C,False
2025-01-13,M04,U003,32,164,43.26,False,İçecek,Meyve Suyu,Marka-C,False
2025-01-14,M04,U003,48,116,38.93,False,İçecek,Meyve Suyu,Marka-C,True
2025-01-15,M04,U003,38,78,43.26,False,İçecek,Meyve Suyu,Marka-C,False
2025-01-16,M04,U003,39,39,43.26,False,İçecek,Meyve Suyu,Marka-C,False
2025-01-17,M04,U003,50,138,43.26,False,İçecek,Meyve Suyu,Marka-C,False
2025-01-18,M04,U003,82,56,38.93,False,İçecek,Meyve Suyu,Marka-C,True
2025-01-19,M04,U003,47,9,43.26,False,İçecek,Meyve Suyu,Marka-C,False
2025-01-20,M04,U003,9,0,43.26,True,İçecek,Meyve Suyu,Marka-C,False
2025-01-21,M04,U003,37,175,43.26,False,İçecek,Meyve Suyu,Marka-C,False
2025-01-22,M04,U003,28,147,43.26,False,İçecek,Meyve Suyu,Marka-C,False
2025-01-23,M04,U003,50,97,43.26,False,İçecek,Meyve Suyu,Marka-C,False
2025-01-24,M04,U003,73,24,38.93,False,İçecek,Meyve Suyu,Marka-C,True
2025-01-25,M04,U003,52,140,43.26,False,İçecek,Meyve Suyu,Marka-C,False
2025-01-26,M04,U003,41,99,43.26,False,İçecek,Meyve Suyu,Marka-C,False
2025-01-27,M04,U003,27,72,43.26,False,İçecek,Meyve Suyu,Marka-C,False
2025-01-28,M04,U003,41,31,43.26,False,İçecek,Meyve Suyu,Marka-C,False
2025-01-29,M04,U003,29,181,43.26,False,İçecek,Meyve Suyu,Marka-C,False
2025-01-30,M04,U003,35,146,43.26,False,İçecek,Meyve Suyu,Marka-C,False
2025-01-31,M04,U003,43,103,43.26,False,İçecek,Meyve Suyu,Marka-C,False
2025-02-01,M04,U003,46,57,43.26,False,İçecek,Meyve Suyu,Marka-C,False
2025-02-02,M04,U003,65,139,38.93,False,İçecek,Meyve Suyu,Marka-C,True
2025-02-03,M04,U003,37,102,43.26,False,İçecek,Meyve Suyu,Marka-C,False
2025-02-04,M04,U003,32,70,43.26,False,İçecek,Meyve Suyu,Marka-C,False
2025-02-05,M04,U003,24,46,43.26,False,İçecek,Meyve Suyu,Marka-C,False
2025-02-06,M04,U003,51,156,43.26,False,İçecek,Meyve Suyu,Marka-C,False
2025-02-07,M04,U003,36,120,43.26,False,İçecek,Meyve Suyu,Marka-C,False
2025-02-08,M04,U003,41,79,43.26,False,İçecek,Meyve Suyu,Marka-C,False
2025-02-09,M04,U003,75,4,38.93,False,İçecek,Meyve Suyu,Marka-C,True
2025-02-10,M04,U003,51,153,36.77,False,İçecek,Meyve Suyu,Marka-C,True
2025-02-11,M04,U003,68,85,38.93,False,İçecek,Meyve Suyu,Marka-C,True
2025-02-12,M04,U003,42,43,43.26,False,İçecek,Meyve Suyu,Marka-C,False
2025-02-13,M04,U003,43,0,34.61,True,İçecek,Meyve Suyu,Marka-C,True
2025-02-14,M04,U003,0,0,43.26,True,İçecek,Meyve Suyu,Marka-C,False
2025-02-15,M04,U003,0,0,34.61,True,İçecek,Meyve Suyu,Marka-C,True
2025-02-16,M04,U003,0,0,43.26,True,İçecek,Meyve Suyu,Marka-C,False
2025-02-17,M04,U003,0,0,43.26,True,İçecek,Meyve Suyu,Marka-C,False
2025-02-18,M04,U003,31,151,43.26,False,İçecek,Meyve Suyu,Marka-C,False
2025-02-19,M04,U003,30,121,43.26,False,İçecek,Meyve Suyu,Marka-C,False
2025-02-20,M04,U003,53,68,43.26,False,İçecek,Meyve Suyu,Marka-C,False
2025-02-21,M04,U003,46,22,43.26,False,İçecek,Meyve Suyu,Marka-C,False
2025-02-22,M04,U003,22,0,43.26,True,İçecek,Meyve Suyu,Marka-C,False
2025-02-23,M04,U003,0,0,43.26,True,İçecek,Meyve Suyu,Marka-C,False
2025-02-24,M04,U003,0,0,43.26,True,İçecek,Meyve Suyu,Marka-C,False
2025-02-25,M04,U003,0,0,43.26,True,İçecek,Meyve Suyu,Marka-C,False
2025-02-26,M04,U003,35,184,43.26,False,İçecek,Meyve Suyu,Marka-C,False
2025-02-27,M04,U003,50,134,43.26,False,İçecek,Meyve Suyu,Marka-C,False
2025-02-28,M04,U003,43,91,43.26,False,İçecek,Meyve Suyu,Marka-C,False
2025-03-01,M04,U003,45,46,43.26,False,İçecek,Meyve Suyu,Marka-C,False
2025-03-02,M04,U003,39,144,43.26,False,İçecek,Meyve Suyu,Marka-C,False
2025-03-03,M04,U003,41,103,43.26,False,İçecek,Meyve Suyu,Marka-C,False
2025-03-04,M04,U003,46,57,43.26,False,İçecek,Meyve Suyu,Marka-C,False
2025-03-05,M04,U003,50,7,43.26,False,İçecek,Meyve Suyu,Marka-C,False
2025-03-06,M04,U003,37,164,43.26,False,İçecek,Meyve Suyu,Marka-C,False
2025-03-07,M04,U003,44,120,43.26,False,İçecek,Meyve Suyu,Marka-C,False
2025-03-08,M04,U003,64,56,43.26,False,İçecek,Meyve Suyu,Marka-C,False
2025-03-09,M04,U003,49,7,43.26,False,İçecek,Meyve Suyu,Marka-C,False
2025-03-10,M04,U003,26,176,43.26,False,İçecek,Meyve Suyu,Marka-C,False
2025-03-11,M04,U003,33,143,43.26,False,İçecek,Meyve Suyu,Marka-C,False
2025-03-12,M04,U003,41,102,43.26,False,İçecek,Meyve Suyu,Marka-C,False
2025-03-13,M04,U003,60,42,43.26,False,İçecek,Meyve Suyu,Marka-C,False
2025-03-14,M04,U003,42,0,43.26,True,İçecek,Meyve Suyu,Marka-C,False
2025-03-15,M04,U003,0,0,43.26,True,İçecek,Meyve Suyu,Marka-C,False
2025-03-16,M04,U003,0,0,43.26,True,İçecek,Meyve Suyu,Marka-C,False
2025-03-17,M04,U003,0,0,43.26,True,İçecek,Meyve Suyu,Marka-C,False
2025-03-18,M04,U003,0,0,43.26,True,İçecek,Meyve Suyu,Marka-C,False
2025-03-19,M04,U003,0,0,43.26,True,İçecek,Meyve Suyu,Marka-C,False
2025-03-20,M04,U003,0,0,43.26,True,İçecek,Meyve Suyu,Marka-C,False
2025-03-21,M04,U003,0,0,43.26,True,İçecek,Meyve Suyu,Marka-C,False
2025-03-22,M04,U003,0,0,43.26,True,İçecek,Meyve Suyu,Marka-C,False
2025-03-23,M04,U003,0,0,36.77,True,İçecek,Meyve Suyu,Marka-C,True
2025-03-24,M04,U003,0,0,43.26,True,İçecek,Meyve Suyu,Marka-C,False
2025-03-25,M04,U003,0,0,43.26,True,İçecek,Meyve Suyu,Marka-C,False
2025-03-26,M04,U003,37,162,43.26,False,İçecek,Meyve Suyu,Marka-C,False
2025-03-27,M04,U003,39,123,43.26,False,İçecek,Meyve Suyu,Marka-C,False
2025-03-28,M04,U003,48,75,43.26,False,İçecek,Meyve Suyu,Marka-C,False
2025-03-29,M04,U003,59,16,43.26,False,İçecek,Meyve Suyu,Marka-C,False
2025-03-30,M04,U003,81,114,34.61,False,İçecek,Meyve Suyu,Marka-C,True
2025-03-31,M04,U003,36,78,43.26,False,İçecek,Meyve Suyu,Marka-C,False
2025-04-01,M04,U003,47,31,43.26,False,İçecek,Meyve Suyu,Marka-C,False
2025-04-02,M04,U003,31,0,43.26,True,İçecek,Meyve Suyu,Marka-C,False
2025-04-03,M04,U003,47,138,43.26,False,İçecek,Meyve Suyu,Marka-C,False
2025-04-04,M04,U003,52,86,43.26,False,İçecek,Meyve Suyu,Marka-C,False
2025-04-05,M04,U003,82,4,34.61,False,İçecek,Meyve Suyu,Marka-C,True
2025-04-06,M04,U003,4,0,43.26,True,İçecek,Meyve Suyu,Marka-C,False
2025-04-07,M04,U003,35,146,43.26,False,İçecek,Meyve Suyu,Marka-C,False
2025-04-08,M04,U003,37,109,43.26,False,İçecek,Meyve Suyu,Marka-C,False
2025-04-09,M04,U003,35,74,43.26,False,İçecek,Meyve Suyu,Marka-C,False
2025-04-10,M04,U003,35,39,43.26,False,İçecek,Meyve Suyu,Marka-C,False
2025-04-11,M04,U003,59,142,43.26,False,İçecek,Meyve Suyu,Marka-C,False
2025-04-12,M04,U003,49,93,43.26,False,İçecek,Meyve Suyu,Marka-C,False
2025-04-13,M04,U003,50,43,43.26,False,İçecek,Meyve Suyu,Marka-C,False
2025-04-14,M04,U003,33,10,43.26,False,İçecek,Meyve Suyu,Marka-C,False
2025-04-15,M04,U003,38,152,43.26,False,İçecek,Meyve Suyu,Marka-C,False
2025-04-16,M04,U003,45,107,43.26,False,İçecek,Meyve Suyu,Marka-C,False
2025-04-17,M04,U003,77,30,36.77,False,İçecek,Meyve Suyu,Marka-C,True
2025-04-18,M04,U003,30,0,43.26,True,İçecek,Meyve Suyu,Marka-C,False
2025-04-19,M04,U003,65,118,43.26,False,İçecek,Meyve Suyu,Marka-C,False
2025-04-20,M04,U003,50,68,43.26,False,İçecek,Meyve Suyu,Marka-C,False
2025-04-21,M04,U003,40,28,43.26,False,İçecek,Meyve Suyu,Marka-C,False
2025-04-22,M04,U003,28,0,43.26,True,İçecek,Meyve Suyu,Marka-C,False
2025-04-23,M04,U003,45,158,43.26,False,İçecek,Meyve Suyu,Marka-C,False
2025-04-24,M04,U003,43,115,43.26,False,İçecek,Meyve Suyu,Marka-C,False
2025-04-25,M04,U003,48,67,43.26,False,İçecek,Meyve Suyu,Marka-C,False
2025-04-26,M04,U003,51,16,43.26,False,İçecek,Meyve Suyu,Marka-C,False
2025-04-27,M04,U003,51,166,43.26,False,İçecek,Meyve Suyu,Marka-C,False
2025-04-28,M04,U003,37,129,43.26,False,İçecek,Meyve Suyu,Marka-C,False
2025-04-29,M04,U003,35,94,43.26,False,İçecek,Meyve Suyu,Marka-C,False
2025-04-30,M04,U003,47,47,43.26,False,İçecek,Meyve Suyu,Marka-C,False
2025-05-01,M04,U003,56,151,43.26,False,İçecek,Meyve Suyu,Marka-C,False
2025-05-02,M04,U003,36,115,43.26,False,İçecek,Meyve Suyu,Marka-C,False
2025-05-03,M04,U003,56,59,43.26,False,İçecek,Meyve Suyu,Marka-C,False
2025-05-04,M04,U003,56,3,43.26,False,İçecek,Meyve Suyu,Marka-C,False
2025-05-05,M04,U003,3,0,43.26,True,İçecek,Meyve Suyu,Marka-C,False
2025-05-06,M04,U003,0,0,43.26,True,İçecek,Meyve Suyu,Marka-C,False
2025-01-01,M04,U004,35,170,173.32,False,İçecek,Meyve Suyu,Marka-D,False
2025-01-02,M04,U004,31,139,173.32,False,İçecek,Meyve Suyu,Marka-D,False
2025-01-03,M04,U004,34,105,173.32,False,İçecek,Meyve Suyu,Marka-D,False
2025-01-04,M04,U004,50,55,173.32,False,İçecek,Meyve Suyu,Marka-D,False
2025-01-05,M04,U004,40,15,173.32,False,İçecek,Meyve Suyu,Marka-D,False
2025-01-06,M04,U004,15,0,173.32,True,İçecek,Meyve Suyu,Marka-D,False
2025-01-07,M04,U004,0,0,173.32,True,İçecek,Meyve Suyu,Marka-D,False
2025-01-08,M04,U004,32,170,173.32,False,İçecek,Meyve Suyu,Marka-D,False
2025-01-09,M04,U004,32,138,173.32,False,İçecek,Meyve Suyu,Marka-D,False
2025-01-10,M04,U004,25,113,173.32,False,İçecek,Meyve Suyu,Marka-D,False
2025-01-11,M04,U004,42,71,173.32,False,İçecek,Meyve Suyu,Marka-D,False
2025-01-12,M04,U004,35,36,173.32,False,İçecek,Meyve Suyu,Marka-D,False
2025-01-13,M04,U004,22,14,173.32,False,İçecek,Meyve Suyu,Marka-D,False
2025-01-14,M04,U004,14,0,173.32,True,İçecek,Meyve Suyu,Marka-D,False
2025-01-15,M04,U004,23,156,173.32,False,İçecek,Meyve Suyu,Marka-D,False
2025-01-16,M04,U004,29,127,173.32,False,İçecek,Meyve Suyu,Marka-D,False
2025-01-17,M04,U004,51,76,147.32,False,İçecek,Meyve Suyu,Marka-D,True
2025-01-18,M04,U004,40,36,173.32,False,İçecek,Meyve Suyu,Marka-D,False
2025-01-19,M04,U004,36,0,173.32,True,İçecek,Meyve Suyu,Marka-D,False
2025-01-20,M04,U004,0,0,147.32,True,İçecek,Meyve Suyu,Marka-D,True
2025-01-21,M04,U004,0,0,173.32,True,İçecek,Meyve Suyu,Marka-D,False
2025-01-22,M04,U004,50,152,147.32,False,İçecek,Meyve Suyu,Marka-D,True
2025-01-23,M04,U004,36,116,173.32,False,İçecek,Meyve Suyu,Marka-D,False
2025-01-24,M04,U004,36,80,173.32,False,İçecek,Meyve Suyu,Marka-D,False
2025-01-25,M04,U004,44,36,173.32,False,İçecek,Meyve Suyu,Marka-D,False
2025-01-26,M04,U004,36,0,173.32,True,İçecek,Meyve Suyu,Marka-D,False
2025-01-27,M04,U004,0,0,173.32,True,İçecek,Meyve Suyu,Marka-D,False
2025-01-28,M04,U004,0,0,173.32,True,İçecek,Meyve Suyu,Marka-D,False
2025-01-29,M04,U004,24,168,173.32,False,İçecek,Meyve Suyu,Marka-D,False
2025-01-30,M04,U004,35,133,173.32,False,İçecek,Meyve Suyu,Marka-D,False
2025-01-31,M04,U004,55,78,173.32,False,İçecek,Meyve Suyu,Marka-D,False
2025-02-01,M04,U004,42,36,173.32,False,İçecek,Meyve Suyu,Marka-D,False
2025-02-02,M04,U004,36,0,173.32,True,İçecek,Meyve Suyu,Marka-D,False
2025-02-03,M04,U004,0,0,173.32,True,İçecek,Meyve Suyu,Marka-D,False
2025-02-04,M04,U004,0,0,173.32,True,İçecek,Meyve Suyu,Marka-D,False
2025-02-05,M04,U004,26,157,173.32,False,İçecek,Meyve Suyu,Marka-D,False
2025-02-06,M04,U004,34,123,173.32,False,İçecek,Meyve Suyu,Marka-D,False
2025-02-07,M04,U004,45,78,147.32,False,İçecek,Meyve Suyu,Marka-D,True
2025-02-08,M04,U004,39,39,173.32,False,İçecek,Meyve Suyu,Marka-D,False
2025-02-09,M04,U004,39,0,147.32,True,İçecek,Meyve Suyu,Marka-D,True
2025-02-10,M04,U004,0,0,173.32,True,İçecek,Meyve Suyu,Marka-D,False
2025-02-11,M04,U004,0,0,173.32,True,İçecek,Meyve Suyu,Marka-D,False
2025-02-12,M04,U004,32,157,173.32,False,İçecek,Meyve Suyu,Marka-D,False
2025-02-13,M04,U004,37,120,173.32,False,İçecek,Meyve Suyu,Marka-D,False
2025-02-14,M04,U004,47,73,173.32,False,İçecek,Meyve Suyu,Marka-D,False
2025-02-15,M04,U004,41,32,173.32,False,İçecek,Meyve Suyu,Marka-D,False
2025-02-16,M04,U004,32,0,173.32,True,İçecek,Meyve Suyu,Marka-D,False
2025-02-17,M04,U004,0,0,173.32,True,İçecek,Meyve Suyu,Marka-D,False
2025-02-18,M04,U004,0,0,173.32,True,İçecek,Meyve Suyu,Marka-D,False
2025-02-19,M04,U004,40,160,173.32,False,İçecek,Meyve Suyu,Marka-D,False
2025-02-20,M04,U004,37,123,173.32,False,İçecek,Meyve Suyu,Marka-D,False
2025-02-21,M04,U004,70,53,138.66,False,İçecek,Meyve Suyu,Marka-D,True
2025-02-22,M04,U004,44,9,173.32,False,İçecek,Meyve Suyu,Marka-D,False
2025-02-23,M04,U004,9,0,173.32,True,İçecek,Meyve Suyu,Marka-D,False
2025-02-24,M04,U004,0,0,173.32,True,İçecek,Meyve Suyu,Marka-D,False
2025-02-25,M04,U004,0,0,173.32,True,İçecek,Meyve Suyu,Marka-D,False
2025-02-26,M04,U004,45,149,173.32,False,İçecek,Meyve Suyu,Marka-D,False
2025-02-27,M04,U004,29,120,173.32,False,İçecek,Meyve Suyu,Marka-D,False
2025-02-28,M04,U004,41,79,173.32,False,İçecek,Meyve Suyu,Marka-D,False
2025-03-01,M04,U004,33,46,173.32,False,İçecek,Meyve Suyu,Marka-D,False
2025-03-02,M04,U004,46,0,173.32,True,İçecek,Meyve Suyu,Marka-D,False
2025-03-03,M04,U004,0,0,173.32,True,İçecek,Meyve Suyu,Marka-D,False
2025-03-04,M04,U004,0,0,173.32,True,İçecek,Meyve Suyu,Marka-D,False
2025-03-05,M04,U004,36,145,173.32,False,İçecek,Meyve Suyu,Marka-D,False
2025-03-06,M04,U004,34,111,173.32,False,İçecek,Meyve Suyu,Marka-D,False
2025-03-07,M04,U004,42,69,173.32,False,İçecek,Meyve Suyu,Marka-D,False
2025-03-08,M04,U004,43,26,173.32,False,İçecek,Meyve Suyu,Marka-D,False
2025-03-09,M04,U004,26,0,173.32,True,İçecek,Meyve Suyu,Marka-D,False
2025-03-10,M04,U004,0,0,173.32,True,İçecek,Meyve Suyu,Marka-D,False
2025-03-11,M04,U004,0,0,173.32,True,İçecek,Meyve Suyu,Marka-D,False
2025-03-12,M04,U004,0,0,173.32,True,İçecek,Meyve Suyu,Marka-D,False
2025-03-13,M04,U004,0,0,173.32,True,İçecek,Meyve Suyu,Marka-D,False
2025-03-14,M04,U004,0,0,173.32,True,İçecek,Meyve Suyu,Marka-D,False
2025-03-15,M04,U004,0,0,173.32,True,İçecek,Meyve Suyu,Marka-D,False
2025-03-16,M04,U004,0,0,173.32,True,İçecek,Meyve Suyu,Marka-D,False
2025-03-17,M04,U004,0,0,173.32,True,İçecek,Meyve Suyu,Marka-D,False
2025-03-18,M04,U004,0,0,173.32,True,İçecek,Meyve Suyu,Marka-D,False
2025-03-19,M04,U004,31,166,173.32,False,İçecek,Meyve Suyu,Marka-D,False
2025-03-20,M04,U004,41,125,173.32,False,İçecek,Meyve Suyu,Marka-D,False
2025-03-21,M04,U004,44,81,173.32,False,İçecek,Meyve Suyu,Marka-D,False
2025-03-22,M04,U004,49,32,173.32,False,İçecek,Meyve Suyu,Marka-D,False
2025-03-23,M04,U004,32,0,173.32,True,İçecek,Meyve Suyu,Marka-D,False
2025-03-24,M04,U004,0,0,173.32,True,İçecek,Meyve Suyu,Marka-D,False
2025-03-25,M04,U004,0,0,173.32,True,İçecek,Meyve Suyu,Marka-D,False
2025-03-26,M04,U004,40,144,173.32,False,İçecek,Meyve Suyu,Marka-D,False
2025-03-27,M04,U004,44,100,173.32,False,İçecek,Meyve Suyu,Marka-D,False
2025-03-28,M04,U004,37,63,173.32,False,İçecek,Meyve Suyu,Marka-D,False
2025-03-29,M04,U004,62,1,138.66,False,İçecek,Meyve Suyu,Marka-D,True
2025-03-30,M04,U004,1,0,173.32,True,İçecek,Meyve Suyu,Marka-D,False
2025-03-31,M04,U004,0,0,173.32,True,İçecek,Meyve Suyu,Marka-D,False
2025-04-01,M04,U004,0,0,147.32,True,İçecek,Meyve Suyu,Marka-D,True
2025-04-02,M04,U004,26,168,173.32,False,İçecek,Meyve Suyu,Marka-D,False
2025-04-03,M04,U004,45,123,173.32,False,İçecek,Meyve Suyu,Marka-D,False
2025-04-04,M04,U004,44,79,173.32,False,İçecek,Meyve Suyu,Marka-D,False
2025-04-05,M04,U004,45,34,173.32,False,İçecek,Meyve Suyu,Marka-D,False
2025-04-06,M04,U004,34,0,173.32,True,İçecek,Meyve Suyu,Marka-D,False
2025-04-07,M04,U004,0,0,173.32,True,İçecek,Meyve Suyu,Marka-D,False
2025-04-08,M04,U004,0,0,173.32,True,İçecek,Meyve Suyu,Marka-D,False
2025-04-09,M04,U004,33,146,173.32,False,İçecek,Meyve Suyu,Marka-D,False
2025-04-10,M04,U004,34,112,173.32,False,İçecek,Meyve Suyu,Marka-D,False
2025-04-11,M04,U004,41,71,173.32,False,İçecek,Meyve Suyu,Marka-D,False
2025-04-12,M04,U004,58,13,173.32,False,İçecek,Meyve Suyu,Marka-D,False
2025-04-13,M04,U004,13,0,173.32,True,İçecek,Meyve Suyu,Marka-D,False
2025-04-14,M04,U004,0,0,173.32,True,İçecek,Meyve Suyu,Marka-D,False
2025-04-15,M04,U004,0,0,173.32,True,İçecek,Meyve Suyu,Marka-D,False
2025-04-16,M04,U004,55,135,155.99,False,İçecek,Meyve Suyu,Marka-D,True
2025-04-17,M04,U004,33,102,173.32,False,İçecek,Meyve Suyu,Marka-D,False
2025-04-18,M04,U004,43,59,173.32,False,İçecek,Meyve Suyu,Marka-D,False
2025-04-19,M04,U004,47,12,173.32,False,İçecek,Meyve Suyu,Marka-D,False
2025-04-20,M04,U004,12,0,173.32,True,İçecek,Meyve Suyu,Marka-D,False
2025-04-21,M04,U004,0,0,173.32,True,İçecek,Meyve Suyu,Marka-D,False
2025-04-22,M04,U004,0,0,173.32,True,İçecek,Meyve Suyu,Marka-D,False
2025-04-23,M04,U004,40,170,173.32,False,İçecek,Meyve Suyu,Marka-D,False
2025-04-24,M04,U004,44,126,173.32,False,İçecek,Meyve Suyu,Marka-D,False
2025-04-25,M04,U004,44,82,173.32,False,İçecek,Meyve Suyu,Marka-D,False
2025-04-26,M04,U004,43,39,173.32,False,İçecek,Meyve Suyu,Marka-D,False
2025-04-27,M04,U004,39,0,173.32,True,İçecek,Meyve Suyu,Marka-D,False
2025-04-28,M04,U004,0,0,147.32,True,İçecek,Meyve Suyu,Marka-D,True
2025-04-29,M04,U004,0,0,173.32,True,İçecek,Meyve Suyu,Marka-D,False
2025-04-30,M04,U004,34,157,173.32,False,İçecek,Meyve Suyu,Marka-D,False
2025-05-01,M04,U004,36,121,173.32,False,İçecek,Meyve Suyu,Marka-D,False
2025-05-02,M04,U004,42,79,173.32,False,İçecek,Meyve Suyu,Marka-D,False
2025-05-03,M04,U004,59,20,173.32,False,İçecek,Meyve Suyu,Marka-D,False
2025-05-04,M04,U004,20,0,173.32,True,İçecek,Meyve Suyu,Marka-D,False
2025-05-05,M04,U004,0,0,173.32,True,İçecek,Meyve Suyu,Marka-D,False
2025-05-06,M04,U004,0,0,173.32,True,İçecek,Meyve Suyu,Marka-D,False
2025-01-01,M04,U005,22,108,49.88,False,İçecek,Su,Marka-E,False
2025-01-02,M04,U005,21,87,49.88,False,İçecek,Su,Marka-E,False
2025-01-03,M04,U005,19,68,49.88,False,İçecek,Su,Marka-E,False
2025-01-04,M04,U005,31,37,49.88,False,İçecek,Su,Marka-E,False
2025-01-05,M04,U005,35,2,49.88,False,İçecek,Su,Marka-E,False
2025-01-06,M04,U005,2,0,49.88,True,İçecek,Su,Marka-E,False
2025-01-07,M04,U005,0,0,49.88,True,İçecek,Su,Marka-E,False
2025-01-08,M04,U005,26,107,49.88,False,İçecek,Su,Marka-E,False
2025-01-09,M04,U005,18,89,49.88,False,İçecek,Su,Marka-E,False
2025-01-10,M04,U005,17,72,49.88,False,İçecek,Su,Marka-E,False
2025-01-11,M04,U005,29,43,49.88,False,İçecek,Su,Marka-E,False
2025-01-12,M04,U005,22,21,49.88,False,İçecek,Su,Marka-E,False
2025-01-13,M04,U005,18,3,49.88,False,İçecek,Su,Marka-E,False
2025-01-14,M04,U005,3,0,39.9,True,İçecek,Su,Marka-E,True
2025-01-15,M04,U005,28,117,49.88,False,İçecek,Su,Marka-E,False
2025-01-16,M04,U005,17,100,49.88,False,İçecek,Su,Marka-E,False
2025-01-17,M04,U005,20,80,49.88,False,İçecek,Su,Marka-E,False
2025-01-18,M04,U005,32,48,49.88,False,İçecek,Su,Marka-E,False
2025-01-19,M04,U005,25,23,49.88,False,İçecek,Su,Marka-E,False
2025-01-20,M04,U005,15,8,49.88,False,İçecek,Su,Marka-E,False
2025-01-21,M04,U005,8,0,49.88,True,İçecek,Su,Marka-E,False
2025-01-22,M04,U005,18,111,49.88,False,İçecek,Su,Marka-E,False
2025-01-23,M04,U005,23,88,49.88,False,İçecek,Su,Marka-E,False
2025-01-24,M04,U005,17,71,49.88,False,İçecek,Su,Marka-E,False
2025-01-25,M04,U005,34,37,49.88,False,İçecek,Su,Marka-E,False
2025-01-26,M04,U005,21,16,49.88,False,İçecek,Su,Marka-E,False
2025-01-27,M04,U005,16,0,49.88,True,İçecek,Su,Marka-E,False
2025-01-28,M04,U005,0,0,49.88,True,İçecek,Su,Marka-E,False
2025-01-29,M04,U005,0,0,49.88,True,İçecek,Su,Marka-E,False
2025-01-30,M04,U005,0,0,49.88,True,İçecek,Su,Marka-E,False
2025-01-31,M04,U005,0,0,49.88,True,İçecek,Su,Marka-E,False
2025-02-01,M04,U005,0,0,49.88,True,İçecek,Su,Marka-E,False
2025-02-02,M04,U005,0,0,49.88,True,İçecek,Su,Marka-E,False
2025-02-03,M04,U005,0,0,49.88,True,İçecek,Su,Marka-E,False
2025-02-04,M04,U005,0,0,49.88,True,İçecek,Su,Marka-E,False
2025-02-05,M04,U005,30,113,49.88,False,İçecek,Su,Marka-E,False
2025-02-06,M04,U005,21,92,49.88,False,İçecek,Su,Marka-E,False
2025-02-07,M04,U005,22,70,49.88,False,İçecek,Su,Marka-E,False
2025-02-08,M04,U005,34,36,42.4,False,İçecek,Su,Marka-E,True
2025-02-09,M04,U005,23,13,49.88,False,İçecek,Su,Marka-E,False
2025-02-10,M04,U005,13,0,49.88,True,İçecek,Su,Marka-E,False
2025-02-11,M04,U005,0,0,49.88,True,İçecek,Su,Marka-E,False
2025-02-12,M04,U005,19,118,49.88,False,İçecek,Su,Marka-E,False
2025-02-13,M04,U005,23,95,49.88,False,İçecek,Su,Marka-E,False
2025-02-14,M04,U005,32,63,49.88,False,İçecek,Su,Marka-E,False
2025-02-15,M04,U005,29,34,49.88,False,İçecek,Su,Marka-E,False
2025-02-16,M04,U005,22,12,49.88,False,İçecek,Su,Marka-E,False
2025-02-17,M04,U005,12,0,49.88,True,İçecek,Su,Marka-E,False
2025-02-18,M04,U005,0,0,49.88,True,İçecek,Su,Marka-E,False
2025-02-19,M04,U005,24,116,49.88,False,İçecek,Su,Marka-E,False
2025-02-20,M04,U005,27,89,49.88,False,İçecek,Su,Marka-E,False
2025-02-21,M04,U005,27,62,49.88,False,İçecek,Su,Marka-E,False
2025-02-22,M04,U005,31,31,49.88,False,İçecek,Su,Marka-E,False
2025-02-23,M04,U005,16,15,49.88,False,İçecek,Su,Marka-E,False
2025-02-24,M04,U005,15,0,49.88,True,İçecek,Su,Marka-E,False
2025-02-25,M04,U005,0,0,49.88,True,İçecek,Su,Marka-E,False
2025-02-26,M04,U005,17,114,49.88,False,İçecek,Su,Marka-E,False
2025-02-27,M04,U005,17,97,49.88,False,İçecek,Su,Marka-E,False
2025-02-28,M04,U005,14,83,49.88,False,İçecek,Su,Marka-E,False
2025-03-01,M04,U005,32,51,49.88,False,İçecek,Su,Marka-E,False
2025-03-02,M04,U005,25,26,49.88,False,İçecek,Su,Marka-E,False
2025-03-03,M04,U005,23,3,49.88,False,İçecek,Su,Marka-E,False
2025-03-04,M04,U005,3,0,49.88,True,İçecek,Su,Marka-E,False
2025-03-05,M04,U005,16,127,49.88,False,İçecek,Su,Marka-E,False
2025-03-06,M04,U005,26,101,49.88,False,İçecek,Su,Marka-E,False
2025-03-07,M04,U005,19,82,49.88,False,İçecek,Su,Marka-E,False
2025-03-08,M04,U005,32,50,49.88,False,İçecek,Su,Marka-E,False
2025-03-09,M04,U005,31,19,49.88,False,İçecek,Su,Marka-E,False
2025-03-10,M04,U005,15,4,49.88,False,İçecek,Su,Marka-E,False
2025-03-11,M04,U005,4,0,49.88,True,İçecek,Su,Marka-E,False
2025-03-12,M04,U005,22,108,49.88,False,İçecek,Su,Marka-E,False
2025-03-13,M04,U005,29,79,49.88,False,İçecek,Su,Marka-E,False
2025-03-14,M04,U005,35,44,49.88,False,İçecek,Su,Marka-E,False
2025-03-15,M04,U005,31,13,49.88,False,İçecek,Su,Marka-E,False
2025-03-16,M04,U005,13,0,49.88,True,İçecek,Su,Marka-E,False
2025-03-17,M04,U005,0,0,49.88,True,İçecek,Su,Marka-E,False
2025-03-18,M04,U005,0,0,49.88,True,İçecek,Su,Marka-E,False
2025-03-19,M04,U005,0,0,49.88,True,İçecek,Su,Marka-E,False
2025-03-20,M04,U005,0,0,49.88,True,İçecek,Su,Marka-E,False
2025-03-21,M04,U005,0,0,44.89,True,İçecek,Su,Marka-E,True
2025-03-22,M04,U005,0,0,49.88,True,İçecek,Su,Marka-E,False
2025-03-23,M04,U005,0,0,49.88,True,İçecek,Su,Marka-E,False
2025-03-24,M04,U005,0,0,49.88,True,İçecek,Su,Marka-E,False
2025-03-25,M04,U005,0,0,49.88,True,İçecek,Su,Marka-E,False
2025-03-26,M04,U005,21,112,49.88,False,İçecek,Su,Marka-E,False
2025-03-27,M04,U005,24,88,49.88,False,İçecek,Su,Marka-E,False
2025-03-28,M04,U005,23,65,49.88,False,İçecek,Su,Marka-E,False
2025-03-29,M04,U005,31,34,49.88,False,İçecek,Su,Marka-E,False
2025-03-30,M04,U005,34,0,44.89,True,İçecek,Su,Marka-E,True
2025-03-31,M04,U005,0,0,49.88,True,İçecek,Su,Marka-E,False
2025-04-01,M04,U005,0,0,42.4,True,İçecek,Su,Marka-E,True
2025-04-02,M04,U005,18,120,49.88,False,İçecek,Su,Marka-E,False
2025-04-03,M04,U005,23,97,49.88,False,İçecek,Su,Marka-E,False
2025-04-04,M04,U005,27,70,49.88,False,İçecek,Su,Marka-E,False
2025-04-05,M04,U005,33,37,49.88,False,İçecek,Su,Marka-E,False
2025-04-06,M04,U005,30,7,49.88,False,İçecek,Su,Marka-E,False
2025-04-07,M04,U005,7,0,49.88,True,İçecek,Su,Marka-E,False
2025-04-08,M04,U005,0,0,49.88,True,İçecek,Su,Marka-E,False
2025-04-09,M04,U005,26,104,49.88,False,İçecek,Su,Marka-E,False
2025-04-10,M04,U005,39,65,42.4,False,İçecek,Su,Marka-E,True
2025-04-11,M04,U005,25,40,49.88,False,İçecek,Su,Marka-E,False
2025-04-12,M04,U005,40,0,42.4,True,İçecek,Su,Marka-E,True
2025-04-13,M04,U005,0,0,49.88,True,İçecek,Su,Marka-E,False
2025-04-14,M04,U005,0,0,49.88,True,İçecek,Su,Marka-E,False
2025-04-15,M04,U005,0,0,49.88,True,İçecek,Su,Marka-E,False
2025-04-16,M04,U005,0,0,49.88,True,İçecek,Su,Marka-E,False
2025-04-17,M04,U005,0,0,49.88,True,İçecek,Su,Marka-E,False
2025-04-18,M04,U005,0,0,49.88,True,İçecek,Su,Marka-E,False
2025-04-19,M04,U005,0,0,49.88,True,İçecek,Su,Marka-E,False
2025-04-20,M04,U005,0,0,49.88,True,İçecek,Su,Marka-E,False
2025-04-21,M04,U005,0,0,49.88,True,İçecek,Su,Marka-E,False
2025-04-22,M04,U005,0,0,49.88,True,İçecek,Su,Marka-E,False
2025-04-23,M04,U005,25,121,49.88,False,İçecek,Su,Marka-E,False
2025-04-24,M04,U005,52,69,39.9,False,İçecek,Su,Marka-E,True
2025-04-25,M04,U005,21,48,49.88,False,İçecek,Su,Marka-E,False
2025-04-26,M04,U005,48,0,42.4,True,İçecek,Su,Marka-E,True
2025-04-27,M04,U005,0,0,49.88,True,İçecek,Su,Marka-E,False
2025-04-28,M04,U005,0,0,49.88,True,İçecek,Su,Marka-E,False
2025-04-29,M04,U005,0,0,49.88,True,İçecek,Su,Marka-E,False
2025-04-30,M04,U005,29,100,49.88,False,İçecek,Su,Marka-E,False
2025-05-01,M04,U005,29,71,49.88,False,İçecek,Su,Marka-E,False
2025-05-02,M04,U005,28,43,49.88,False,İçecek,Su,Marka-E,False
2025-05-03,M04,U005,27,16,49.88,False,İçecek,Su,Marka-E,False
2025-05-04,M04,U005,16,0,49.88,True,İçecek,Su,Marka-E,False
2025-05-05,M04,U005,0,0,49.88,True,İçecek,Su,Marka-E,False
2025-05-06,M04,U005,0,0,49.88,True,İçecek,Su,Marka-E,False
2025-01-01,M04,U006,27,162,97.21,False,İçecek,Su,Marka-F,False
2025-01-02,M04,U006,39,123,97.21,False,İçecek,Su,Marka-F,False
2025-01-03,M04,U006,32,91,97.21,False,İçecek,Su,Marka-F,False
2025-01-04,M04,U006,43,48,97.21,False,İçecek,Su,Marka-F,False
2025-01-05,M04,U006,44,4,97.21,False,İçecek,Su,Marka-F,False
2025-01-06,M04,U006,34,135,97.21,False,İçecek,Su,Marka-F,False
2025-01-07,M04,U006,33,102,97.21,False,İçecek,Su,Marka-F,False
2025-01-08,M04,U006,38,64,97.21,False,İçecek,Su,Marka-F,False
2025-01-09,M04,U006,29,35,97.21,False,İçecek,Su,Marka-F,False
2025-01-10,M04,U006,35,0,97.21,True,İçecek,Su,Marka-F,False
2025-01-11,M04,U006,34,138,97.21,False,İçecek,Su,Marka-F,False
2025-01-12,M04,U006,54,84,97.21,False,İçecek,Su,Marka-F,False
2025-01-13,M04,U006,27,57,97.21,False,İçecek,Su,Marka-F,False
2025-01-14,M04,U006,30,27,97.21,False,İçecek,Su,Marka-F,False
2025-01-15,M04,U006,27,0,97.21,True,İçecek,Su,Marka-F,False
2025-01-16,M04,U006,48,151,97.21,False,İçecek,Su,Marka-F,False
2025-01-17,M04,U006,51,100,97.21,False,İçecek,Su,Marka-F,False
2025-01-18,M04,U006,47,53,97.21,False,İçecek,Su,Marka-F,False
2025-01-19,M04,U006,43,10,97.21,False,İçecek,Su,Marka-F,False
2025-01-20,M04,U006,10,0,97.21,True,İçecek,Su,Marka-F,False
2025-01-21,M04,U006,36,142,97.21,False,İçecek,Su,Marka-F,False
2025-01-22,M04,U006,38,104,97.21,False,İçecek,Su,Marka-F,False
2025-01-23,M04,U006,40,64,97.21,False,İçecek,Su,Marka-F,False
2025-01-24,M04,U006,39,25,97.21,False,İçecek,Su,Marka-F,False
2025-01-25,M04,U006,25,0,97.21,True,İçecek,Su,Marka-F,False
2025-01-26,M04,U006,36,141,97.21,False,İçecek,Su,Marka-F,False
2025-01-27,M04,U006,42,99,87.49,False,İçecek,Su,Marka-F,True
2025-01-28,M04,U006,56,43,87.49,False,İçecek,Su,Marka-F,True
2025-01-29,M04,U006,31,12,97.21,False,İçecek,Su,Marka-F,False
2025-01-30,M04,U006,12,0,97.21,True,İçecek,Su,Marka-F,False
2025-01-31,M04,U006,46,148,97.21,False,İçecek,Su,Marka-F,False
2025-02-01,M04,U006,38,110,97.21,False,İçecek,Su,Marka-F,False
2025-02-02,M04,U006,46,64,97.21,False,İçecek,Su,Marka-F,False
2025-02-03,M04,U006,41,23,82.63,False,İçecek,Su,Marka-F,True
2025-02-04,M04,U006,23,0,97.21,True,İçecek,Su,Marka-F,False
2025-02-05,M04,U006,35,140,97.21,False,İçecek,Su,Marka-F,False
2025-02-06,M04,U006,43,97,87.49,False,İçecek,Su,Marka-F,True
2025-02-07,M04,U006,33,64,97.21,False,İçecek,Su,Marka-F,False
2025-02-08,M04,U006,54,10,97.21,False,İçecek,Su,Marka-F,False
2025-02-09,M04,U006,10,0,97.21,True,İçecek,Su,Marka-F,False
2025-02-10,M04,U006,38,153,97.21,False,İçecek,Su,Marka-F,False
2025-02-11,M04,U006,30,123,97.21,False,İçecek,Su,Marka-F,False
2025-02-12,M04,U006,41,82,97.21,False,İçecek,Su,Marka-F,False
2025-02-13,M04,U006,28,54,97.21,False,İçecek,Su,Marka-F,False
2025-02-14,M04,U006,42,12,97.21,False,İçecek,Su,Marka-F,False
2025-02-15,M04,U006,50,135,97.21,False,İçecek,Su,Marka-F,False
2025-02-16,M04,U006,43,92,97.21,False,İçecek,Su,Marka-F,False
2025-02-17,M04,U006,34,58,97.21,False,İçecek,Su,Marka-F,False
2025-02-18,M04,U006,36,22,97.21,False,İçecek,Su,Marka-F,False
2025-02-19,M04,U006,22,0,97.21,True,İçecek,Su,Marka-F,False
2025-02-20,M04,U006,41,141,97.21,False,İçecek,Su,Marka-F,False
2025-02-21,M04,U006,32,109,97.21,False,İçecek,Su,Marka-F,False
2025-02-22,M04,U006,50,59,97.21,False,İçecek,Su,Marka-F,False
2025-02-23,M04,U006,33,26,97.21,False,İçecek,Su,Marka-F,False
2025-02-24,M04,U006,26,0,97.21,True,İçecek,Su,Marka-F,False
2025-02-25,M04,U006,41,130,97.21,False,İçecek,Su,Marka-F,False
2025-02-26,M04,U006,35,95,97.21,False,İçecek,Su,Marka-F,False
2025-02-27,M04,U006,45,50,97.21,False,İçecek,Su,Marka-F,False
2025-02-28,M04,U006,47,3,97.21,False,İçecek,Su,Marka-F,False
2025-03-01,M04,U006,3,0,97.21,True,İçecek,Su,Marka-F,False
2025-03-02,M04,U006,50,150,97.21,False,İçecek,Su,Marka-F,False
2025-03-03,M04,U006,31,119,97.21,False,İçecek,Su,Marka-F,False
2025-03-04,M04,U006,33,86,97.21,False,İçecek,Su,Marka-F,False
2025-03-05,M04,U006,44,42,97.21,False,İçecek,Su,Marka-F,False
2025-03-06,M04,U006,42,0,97.21,True,İçecek,Su,Marka-F,False
2025-03-07,M04,U006,44,132,97.21,False,İçecek,Su,Marka-F,False
2025-03-08,M04,U006,50,82,97.21,False,İçecek,Su,Marka-F,False
2025-03-09,M04,U006,36,46,97.21,False,İçecek,Su,Marka-F,False
2025-03-10,M04,U006,39,7,97.21,False,İçecek,Su,Marka-F,False
2025-03-11,M04,U006,7,0,97.21,True,İçecek,Su,Marka-F,False
2025-03-12,M04,U006,33,161,97.21,False,İçecek,Su,Marka-F,False
2025-03-13,M04,U006,57,104,87.49,False,İçecek,Su,Marka-F,True
2025-03-14,M04,U006,45,59,97.21,False,İçecek,Su,Marka-F,False
2025-03-15,M04,U006,59,0,97.21,False,İçecek,Su,Marka-F,False
2025-03-16,M04,U006,0,0,97.21,True,İçecek,Su,Marka-F,False
2025-03-17,M04,U006,0,0,97.21,True,İçecek,Su,Marka-F,False
2025-03-18,M04,U006,0,0,97.21,True,İçecek,Su,Marka-F,False
2025-03-19,M04,U006,0,0,97.21,True,İçecek,Su,Marka-F,False
2025-03-20,M04,U006,0,0,97.21,True,İçecek,Su,Marka-F,False
2025-03-21,M04,U006,0,0,97.21,True,İçecek,Su,Marka-F,False
2025-03-22,M04,U006,61,128,97.21,False,İçecek,Su,Marka-F,False
2025-03-23,M04,U006,47,81,97.21,False,İçecek,Su,Marka-F,False
2025-03-24,M04,U006,33,48,97.21,False,İçecek,Su,Marka-F,False
2025-03-25,M04,U006,40,8,97.21,False,İçecek,Su,Marka-F,False
2025-03-26,M04,U006,8,0,97.21,True,İçecek,Su,Marka-F,False
2025-03-27,M04,U006,52,125,97.21,False,İçecek,Su,Marka-F,False
2025-03-28,M04,U006,47,78,97.21,False,İçecek,Su,Marka-F,False
2025-03-29,M04,U006,57,21,97.21,False,İçecek,Su,Marka-F,False
2025-03-30,M04,U006,21,0,82.63,True,İçecek,Su,Marka-F,True
2025-03-31,M04,U006,0,0,97.21,True,İçecek,Su,Marka-F,False
2025-04-01,M04,U006,39,153,97.21,False,İçecek,Su,Marka-F,False
2025-04-02,M04,U006,45,108,97.21,False,İçecek,Su,Marka-F,False
2025-04-03,M04,U006,45,63,97.21,False,İçecek,Su,Marka-F,False
2025-04-04,M04,U006,41,22,97.21,False,İçecek,Su,Marka-F,False
2025-04-05,M04,U006,22,0,97.21,True,İçecek,Su,Marka-F,False
2025-04-06,M04,U006,47,151,97.21,False,İçecek,Su,Marka-F,False
2025-04-07,M04,U006,44,107,97.21,False,İçecek,Su,Marka-F,False
2025-04-08,M04,U006,43,64,97.21,False,İçecek,Su,Marka-F,False
2025-04-09,M04,U006,49,15,97.21,False,İçecek,Su,Marka-F,False
2025-04-10,M04,U006,15,0,97.21,True,İçecek,Su,Marka-F,False
2025-04-11,M04,U006,0,0,97.21,True,İçecek,Su,Marka-F,False
2025-04-12,M04,U006,0,0,97.21,True,İçecek,Su,Marka-F,False
2025-04-13,M04,U006,0,0,87.49,True,İçecek,Su,Marka-F,True
2025-04-14,M04,U006,0,0,97.21,True,İçecek,Su,Marka-F,False
2025-04-15,M04,U006,0,0,97.21,True,İçecek,Su,Marka-F,False
2025-04-16,M04,U006,40,151,97.21,False,İçecek,Su,Marka-F,False
2025-04-17,M04,U006,52,99,97.21,False,İçecek,Su,Marka-F,False
2025-04-18,M04,U006,50,49,97.21,False,İçecek,Su,Marka-F,False
2025-04-19,M04,U006,49,0,77.77,True,İçecek,Su,Marka-F,True
2025-04-20,M04,U006,0,0,97.21,True,İçecek,Su,Marka-F,False
2025-04-21,M04,U006,47,151,97.21,False,İçecek,Su,Marka-F,False
2025-04-22,M04,U006,41,110,97.21,False,İçecek,Su,Marka-F,False
2025-04-23,M04,U006,39,71,97.21,False,İçecek,Su,Marka-F,False
2025-04-24,M04,U006,38,33,97.21,False,İçecek,Su,Marka-F,False
2025-04-25,M04,U006,33,0,97.21,True,İçecek,Su,Marka-F,False
2025-04-26,M04,U006,71,131,97.21,False,İçecek,Su,Marka-F,False
2025-04-27,M04,U006,55,76,97.21,False,İçecek,Su,Marka-F,False
2025-04-28,M04,U006,71,5,77.77,False,İçecek,Su,Marka-F,True
2025-04-29,M04,U006,5,0,97.21,True,İçecek,Su,Marka-F,False
2025-04-30,M04,U006,0,0,97.21,True,İçecek,Su,Marka-F,False
2025-05-01,M04,U006,46,157,97.21,False,İçecek,Su,Marka-F,False
2025-05-02,M04,U006,49,108,97.21,False,İçecek,Su,Marka-F,False
2025-05-03,M04,U006,40,68,97.21,False,İçecek,Su,Marka-F,False
2025-05-04,M04,U006,46,22,97.21,False,İçecek,Su,Marka-F,False
2025-05-05,M04,U006,22,0,97.21,True,İçecek,Su,Marka-F,False
2025-05-06,M04,U006,46,152,97.21,False,İçecek,Su,Marka-F,False
2025-01-01,M04,U007,37,220,150.45,False,Atıştırmalık,Cips,Marka-A,False
2025-01-02,M04,U007,39,181,150.45,False,Atıştırmalık,Cips,Marka-A,False
2025-01-03,M04,U007,38,143,150.45,False,Atıştırmalık,Cips,Marka-A,False
2025-01-04,M04,U007,67,76,135.41,False,Atıştırmalık,Cips,Marka-A,True
2025-01-05,M04,U007,39,37,150.45,False,Atıştırmalık,Cips,Marka-A,False
2025-01-06,M04,U007,34,3,150.45,False,Atıştırmalık,Cips,Marka-A,False
2025-01-07,M04,U007,39,208,150.45,False,Atıştırmalık,Cips,Marka-A,False
2025-01-08,M04,U007,50,158,135.41,False,Atıştırmalık,Cips,Marka-A,True
2025-01-09,M04,U007,35,123,150.45,False,Atıştırmalık,Cips,Marka-A,False
2025-01-10,M04,U007,26,97,150.45,False,Atıştırmalık,Cips,Marka-A,False
2025-01-11,M04,U007,50,47,150.45,False,Atıştırmalık,Cips,Marka-A,False
2025-01-12,M04,U007,40,7,150.45,False,Atıştırmalık,Cips,Marka-A,False
2025-01-13,M04,U007,18,213,150.45,False,Atıştırmalık,Cips,Marka-A,False
2025-01-14,M04,U007,23,190,150.45,False,Atıştırmalık,Cips,Marka-A,False
2025-01-15,M04,U007,49,141,120.36,False,Atıştırmalık,Cips,Marka-A,True
2025-01-16,M04,U007,31,110,150.45,False,Atıştırmalık,Cips,Marka-A,False
2025-01-17,M04,U007,42,68,150.45,False,Atıştırmalık,Cips,Marka-A,False
2025-01-18,M04,U007,41,27,150.45,False,Atıştırmalık,Cips,Marka-A,False
2025-01-19,M04,U007,39,211,150.45,False,Atıştırmalık,Cips,Marka-A,False
2025-01-20,M04,U007,22,189,150.45,False,Atıştırmalık,Cips,Marka-A,False
2025-01-21,M04,U007,40,149,150.45,False,Atıştırmalık,Cips,Marka-A,False
2025-01-22,M04,U007,38,111,150.45,False,Atıştırmalık,Cips,Marka-A,False
2025-01-23,M04,U007,31,80,150.45,False,Atıştırmalık,Cips,Marka-A,False
2025-01-24,M04,U007,35,45,150.45,False,Atıştırmalık,Cips,Marka-A,False
2025-01-25,M04,U007,40,222,150.45,False,Atıştırmalık,Cips,Marka-A,False
2025-01-26,M04,U007,47,175,150.45,False,Atıştırmalık,Cips,Marka-A,False
2025-01-27,M04,U007,37,138,150.45,False,Atıştırmalık,Cips,Marka-A,False
2025-01-28,M04,U007,31,107,150.45,False,Atıştırmalık,Cips,Marka-A,False
2025-01-29,M04,U007,33,74,150.45,False,Atıştırmalık,Cips,Marka-A,False
2025-01-30,M04,U007,37,37,150.45,False,Atıştırmalık,Cips,Marka-A,False
2025-01-31,M04,U007,37,193,150.45,False,Atıştırmalık,Cips,Marka-A,False
2025-02-01,M04,U007,50,143,150.45,False,Atıştırmalık,Cips,Marka-A,False
2025-02-02,M04,U007,68,75,127.88,False,Atıştırmalık,Cips,Marka-A,True
2025-02-03,M04,U007,32,43,150.45,False,Atıştırmalık,Cips,Marka-A,False
2025-02-04,M04,U007,37,6,150.45,False,Atıştırmalık,Cips,Marka-A,False
2025-02-05,M04,U007,6,0,150.45,True,Atıştırmalık,Cips,Marka-A,False
2025-02-06,M04,U007,39,224,150.45,False,Atıştırmalık,Cips,Marka-A,False
2025-02-07,M04,U007,41,183,150.45,False,Atıştırmalık,Cips,Marka-A,False
2025-02-08,M04,U007,51,132,150.45,False,Atıştırmalık,Cips,Marka-A,False
2025-02-09,M04,U007,36,96,150.45,False,Atıştırmalık,Cips,Marka-A,False
2025-02-10,M04,U007,41,55,150.45,False,Atıştırmalık,Cips,Marka-A,False
2025-02-11,M04,U007,41,14,150.45,False,Atıştırmalık,Cips,Marka-A,False
2025-02-12,M04,U007,34,203,150.45,False,Atıştırmalık,Cips,Marka-A,False
2025-02-13,M04,U007,33,170,150.45,False,Atıştırmalık,Cips,Marka-A,False
2025-02-14,M04,U007,39,131,150.45,False,Atıştırmalık,Cips,Marka-A,False
2025-02-15,M04,U007,76,55,135.41,False,Atıştırmalık,Cips,Marka-A,True
2025-02-16,M04,U007,37,18,150.45,False,Atıştırmalık,Cips,Marka-A,False
2025-02-17,M04,U007,18,0,150.45,True,Atıştırmalık,Cips,Marka-A,False
2025-02-18,M04,U007,31,193,150.45,False,Atıştırmalık,Cips,Marka-A,False
2025-02-19,M04,U007,30,163,150.45,False,Atıştırmalık,Cips,Marka-A,False
2025-02-20,M04,U007,29,134,150.45,False,Atıştırmalık,Cips,Marka-A,False
2025-02-21,M04,U007,38,96,150.45,False,Atıştırmalık,Cips,Marka-A,False
2025-02-22,M04,U007,39,57,150.45,False,Atıştırmalık,Cips,Marka-A,False
2025-02-23,M04,U007,37,20,150.45,False,Atıştırmalık,Cips,Marka-A,False
2025-02-24,M04,U007,31,222,150.45,False,Atıştırmalık,Cips,Marka-A,False
2025-02-25,M04,U007,23,199,150.45,False,Atıştırmalık,Cips,Marka-A,False
2025-02-26,M04,U007,32,167,150.45,False,Atıştırmalık,Cips,Marka-A,False
2025-02-27,M04,U007,37,130,150.45,False,Atıştırmalık,Cips,Marka-A,False
2025-02-28,M04,U007,37,93,150.45,False,Atıştırmalık,Cips,Marka-A,False
2025-03-01,M04,U007,55,38,150.45,False,Atıştırmalık,Cips,Marka-A,False
2025-03-02,M04,U007,37,218,150.45,False,Atıştırmalık,Cips,Marka-A,False
2025-03-03,M04,U007,35,183,150.45,False,Atıştırmalık,Cips,Marka-A,False
2025-03-04,M04,U007,30,153,150.45,False,Atıştırmalık,Cips,Marka-A,False
2025-03-05,M04,U007,34,119,150.45,False,Atıştırmalık,Cips,Marka-A,False
2025-03-06,M04,U007,52,67,150.45,False,Atıştırmalık,Cips,Marka-A,False
2025-03-07,M04,U007,40,27,150.45,False,Atıştırmalık,Cips,Marka-A,False
2025-03-08,M04,U007,59,194,127.88,False,Atıştırmalık,Cips,Marka-A,True
2025-03-09,M04,U007,39,155,150.45,False,Atıştırmalık,Cips,Marka-A,False
2025-03-10,M04,U007,62,93,120.36,False,Atıştırmalık,Cips,Marka-A,True
2025-03-11,M04,U007,31,62,150.45,False,Atıştırmalık,Cips,Marka-A,False
2025-03-12,M04,U007,51,11,127.88,False,Atıştırmalık,Cips,Marka-A,True
2025-03-13,M04,U007,11,0,150.45,True,Atıştırmalık,Cips,Marka-A,False
2025-03-14,M04,U007,48,210,150.45,False,Atıştırmalık,Cips,Marka-A,False
2025-03-15,M04,U007,40,170,150.45,False,Atıştırmalık,Cips,Marka-A,False
2025-03-16,M04,U007,40,130,150.45,False,Atıştırmalık,Cips,Marka-A,False
2025-03-17,M04,U007,27,103,150.45,False,Atıştırmalık,Cips,Marka-A,False
2025-03-18,M04,U007,41,62,150.45,False,Atıştırmalık,Cips,Marka-A,False
2025-03-19,M04,U007,36,26,150.45,False,Atıştırmalık,Cips,Marka-A,False
2025-03-20,M04,U007,31,193,150.45,False,Atıştırmalık,Cips,Marka-A,False
2025-03-21,M04,U007,33,160,150.45,False,Atıştırmalık,Cips,Marka-A,False
2025-03-22,M04,U007,51,109,150.45,False,Atıştırmalık,Cips,Marka-A,False
2025-03-23,M04,U007,64,45,120.36,False,Atıştırmalık,Cips,Marka-A,True
2025-03-24,M04,U007,32,13,150.45,False,Atıştırmalık,Cips,Marka-A,False
2025-03-25,M04,U007,13,0,150.45,True,Atıştırmalık,Cips,Marka-A,False
2025-03-26,M04,U007,34,225,150.45,False,Atıştırmalık,Cips,Marka-A,False
2025-03-27,M04,U007,31,194,150.45,False,Atıştırmalık,Cips,Marka-A,False
2025-03-28,M04,U007,67,127,120.36,False,Atıştırmalık,Cips,Marka-A,True
2025-03-29,M04,U007,51,76,150.45,False,Atıştırmalık,Cips,Marka-A,False
2025-03-30,M04,U007,37,39,150.45,False,Atıştırmalık,Cips,Marka-A,False
2025-03-31,M04,U007,26,13,150.45,False,Atıştırmalık,Cips,Marka-A,False
2025-04-01,M04,U007,36,199,150.45,False,Atıştırmalık,Cips,Marka-A,False
2025-04-02,M04,U007,74,125,127.88,False,Atıştırmalık,Cips,Marka-A,True
2025-04-03,M04,U007,43,82,150.45,False,Atıştırmalık,Cips,Marka-A,False
2025-04-04,M04,U007,38,44,150.45,False,Atıştırmalık,Cips,Marka-A,False
2025-04-05,M04,U007,37,7,150.45,False,Atıştırmalık,Cips,Marka-A,False
2025-04-06,M04,U007,7,0,150.45,True,Atıştırmalık,Cips,Marka-A,False
2025-04-07,M04,U007,0,0,150.45,True,Atıştırmalık,Cips,Marka-A,False
2025-04-08,M04,U007,0,0,150.45,True,Atıştırmalık,Cips,Marka-A,False
2025-04-09,M04,U007,0,0,150.45,True,Atıştırmalık,Cips,Marka-A,False
2025-04-10,M04,U007,0,0,150.45,True,Atıştırmalık,Cips,Marka-A,False
2025-04-11,M04,U007,0,0,150.45,True,Atıştırmalık,Cips,Marka-A,False
2025-04-12,M04,U007,0,0,150.45,True,Atıştırmalık,Cips,Marka-A,False
2025-04-13,M04,U007,37,214,150.45,False,Atıştırmalık,Cips,Marka-A,False
2025-04-14,M04,U007,52,162,127.88,False,Atıştırmalık,Cips,Marka-A,True
2025-04-15,M04,U007,35,127,150.45,False,Atıştırmalık,Cips,Marka-A,False
2025-04-16,M04,U007,41,86,150.45,False,Atıştırmalık,Cips,Marka-A,False
2025-04-17,M04,U007,37,49,150.45,False,Atıştırmalık,Cips,Marka-A,False
2025-04-18,M04,U007,49,0,150.45,False,Atıştırmalık,Cips,Marka-A,False
2025-04-19,M04,U007,45,175,150.45,False,Atıştırmalık,Cips,Marka-A,False
2025-04-20,M04,U007,56,119,150.45,False,Atıştırmalık,Cips,Marka-A,False
2025-04-21,M04,U007,31,88,150.45,False,Atıştırmalık,Cips,Marka-A,False
2025-04-22,M04,U007,33,55,150.45,False,Atıştırmalık,Cips,Marka-A,False
2025-04-23,M04,U007,39,16,150.45,False,Atıştırmalık,Cips,Marka-A,False
2025-04-24,M04,U007,16,0,150.45,True,Atıştırmalık,Cips,Marka-A,False
2025-04-25,M04,U007,40,179,150.45,False,Atıştırmalık,Cips,Marka-A,False
2025-04-26,M04,U007,32,147,150.45,False,Atıştırmalık,Cips,Marka-A,False
2025-04-27,M04,U007,37,110,150.45,False,Atıştırmalık,Cips,Marka-A,False
2025-04-28,M04,U007,38,72,150.45,False,Atıştırmalık,Cips,Marka-A,False
2025-04-29,M04,U007,36,36,150.45,False,Atıştırmalık,Cips,Marka-A,False
2025-04-30,M04,U007,36,0,150.45,True,Atıştırmalık,Cips,Marka-A,False
2025-05-01,M04,U007,48,198,150.45,False,Atıştırmalık,Cips,Marka-A,False
2025-05-02,M04,U007,39,159,150.45,False,Atıştırmalık,Cips,Marka-A,False
2025-05-03,M04,U007,56,103,150.45,False,Atıştırmalık,Cips,Marka-A,False
2025-05-04,M04,U007,39,64,150.45,False,Atıştırmalık,Cips,Marka-A,False
2025-05-05,M04,U007,36,28,150.45,False,Atıştırmalık,Cips,Marka-A,False
2025-05-06,M04,U007,28,0,150.45,True,Atıştırmalık,Cips,Marka-A,False
2025-01-01,M04,U008,21,85,94.66,False,Atıştırmalık,Cips,Marka-B,True
2025-01-02,M04,U008,15,70,111.37,False,Atıştırmalık,Cips,Marka-B,False
2025-01-03,M04,U008,16,54,111.37,False,Atıştırmalık,Cips,Marka-B,False
2025-01-04,M04,U008,23,31,111.37,False,Atıştırmalık,Cips,Marka-B,False
2025-01-05,M04,U008,13,18,111.37,False,Atıştırmalık,Cips,Marka-B,False
2025-01-06,M04,U008,14,4,111.37,False,Atıştırmalık,Cips,Marka-B,False
2025-01-07,M04,U008,4,0,111.37,True,Atıştırmalık,Cips,Marka-B,False
2025-01-08,M04,U008,0,0,111.37,True,Atıştırmalık,Cips,Marka-B,False
2025-01-09,M04,U008,0,0,89.1,True,Atıştırmalık,Cips,Marka-B,True
2025-01-10,M04,U008,0,0,111.37,True,Atıştırmalık,Cips,Marka-B,False
2025-01-11,M04,U008,0,0,111.37,True,Atıştırmalık,Cips,Marka-B,False
2025-01-12,M04,U008,0,0,111.37,True,Atıştırmalık,Cips,Marka-B,False
2025-01-13,M04,U008,20,75,111.37,False,Atıştırmalık,Cips,Marka-B,False
2025-01-14,M04,U008,18,57,111.37,False,Atıştırmalık,Cips,Marka-B,False
2025-01-15,M04,U008,18,39,111.37,False,Atıştırmalık,Cips,Marka-B,False
2025-01-16,M04,U008,18,21,111.37,False,Atıştırmalık,Cips,Marka-B,False
2025-01-17,M04,U008,21,0,111.37,True,Atıştırmalık,Cips,Marka-B,False
2025-01-18,M04,U008,0,0,111.37,True,Atıştırmalık,Cips,Marka-B,False
2025-01-19,M04,U008,15,83,111.37,False,Atıştırmalık,Cips,Marka-B,False
2025-01-20,M04,U008,9,74,111.37,False,Atıştırmalık,Cips,Marka-B,False
2025-01-21,M04,U008,12,62,111.37,False,Atıştırmalık,Cips,Marka-B,False
2025-01-22,M04,U008,17,45,111.37,False,Atıştırmalık,Cips,Marka-B,False
2025-01-23,M04,U008,8,37,111.37,False,Atıştırmalık,Cips,Marka-B,False
2025-01-24,M04,U008,15,22,111.37,False,Atıştırmalık,Cips,Marka-B,False
2025-01-25,M04,U008,19,92,111.37,False,Atıştırmalık,Cips,Marka-B,False
2025-01-26,M04,U008,15,77,111.37,False,Atıştırmalık,Cips,Marka-B,False
2025-01-27,M04,U008,8,69,111.37,False,Atıştırmalık,Cips,Marka-B,False
2025-01-28,M04,U008,16,53,111.37,False,Atıştırmalık,Cips,Marka-B,False
2025-01-29,M04,U008,13,40,111.37,False,Atıştırmalık,Cips,Marka-B,False
2025-01-30,M04,U008,11,29,111.37,False,Atıştırmalık,Cips,Marka-B,False
2025-01-31,M04,U008,11,86,111.37,False,Atıştırmalık,Cips,Marka-B,False
2025-02-01,M04,U008,17,69,111.37,False,Atıştırmalık,Cips,Marka-B,False
2025-02-02,M04,U008,11,58,111.37,False,Atıştırmalık,Cips,Marka-B,False
2025-02-03,M04,U008,15,43,111.37,False,Atıştırmalık,Cips,Marka-B,False
2025-02-04,M04,U008,19,24,111.37,False,Atıştırmalık,Cips,Marka-B,False
2025-02-05,M04,U008,15,9,111.37,False,Atıştırmalık,Cips,Marka-B,False
2025-02-06,M04,U008,9,96,111.37,False,Atıştırmalık,Cips,Marka-B,False
2025-02-07,M04,U008,24,72,111.37,False,Atıştırmalık,Cips,Marka-B,False
2025-02-08,M04,U008,30,42,111.37,False,Atıştırmalık,Cips,Marka-B,False
2025-02-09,M04,U008,17,25,111.37,False,Atıştırmalık,Cips,Marka-B,False
2025-02-10,M04,U008,13,12,111.37,False,Atıştırmalık,Cips,Marka-B,False
2025-02-11,M04,U008,12,0,111.37,False,Atıştırmalık,Cips,Marka-B,False
2025-02-12,M04,U008,21,74,111.37,False,Atıştırmalık,Cips,Marka-B,False
2025-02-13,M04,U008,15,59,111.37,False,Atıştırmalık,Cips,Marka-B,False
2025-02-14,M04,U008,18,41,111.37,False,Atıştırmalık,Cips,Marka-B,False
2025-02-15,M04,U008,14,27,111.37,False,Atıştırmalık,Cips,Marka-B,False
2025-02-16,M04,U008,21,6,111.37,False,Atıştırmalık,Cips,Marka-B,False
2025-02-17,M04,U008,6,0,111.37,True,Atıştırmalık,Cips,Marka-B,False
2025-02-18,M04,U008,21,90,111.37,False,Atıştırmalık,Cips,Marka-B,False
2025-02-19,M04,U008,18,72,111.37,False,Atıştırmalık,Cips,Marka-B,False
2025-02-20,M04,U008,17,55,111.37,False,Atıştırmalık,Cips,Marka-B,False
2025-02-21,M04,U008,16,39,111.37,False,Atıştırmalık,Cips,Marka-B,False
2025-02-22,M04,U008,21,18,111.37,False,Atıştırmalık,Cips,Marka-B,False
2025-02-23,M04,U008,18,0,111.37,True,Atıştırmalık,Cips,Marka-B,False
2025-02-24,M04,U008,10,97,111.37,False,Atıştırmalık,Cips,Marka-B,False
2025-02-25,M04,U008,20,77,111.37,False,Atıştırmalık,Cips,Marka-B,False
2025-02-26,M04,U008,17,60,111.37,False,Atıştırmalık,Cips,Marka-B,False
2025-02-27,M04,U008,18,42,111.37,False,Atıştırmalık,Cips,Marka-B,False
2025-02-28,M04,U008,14,28,111.37,False,Atıştırmalık,Cips,Marka-B,False
2025-03-01,M04,U008,24,4,111.37,False,Atıştırmalık,Cips,Marka-B,False
2025-03-02,M04,U008,19,77,111.37,False,Atıştırmalık,Cips,Marka-B,False
2025-03-03,M04,U008,13,64,111.37,False,Atıştırmalık,Cips,Marka-B,False
2025-03-04,M04,U008,17,47,111.37,False,Atıştırmalık,Cips,Marka-B,False
2025-03-05,M04,U008,17,30,111.37,False,Atıştırmalık,Cips,Marka-B,False
2025-03-06,M04,U008,18,12,111.37,False,Atıştırmalık,Cips,Marka-B,False
2025-03-07,M04,U008,12,0,111.37,True,Atıştırmalık,Cips,Marka-B,False
2025-03-08,M04,U008,19,90,111.37,False,Atıştırmalık,Cips,Marka-B,False
2025-03-09,M04,U008,13,77,111.37,False,Atıştırmalık,Cips,Marka-B,False
2025-03-10,M04,U008,14,63,111.37,False,Atıştırmalık,Cips,Marka-B,False
2025-03-11,M04,U008,20,43,111.37,False,Atıştırmalık,Cips,Marka-B,False
2025-03-12,M04,U008,13,30,111.37,False,Atıştırmalık,Cips,Marka-B,False
2025-03-13,M04,U008,19,11,111.37,False,Atıştırmalık,Cips,Marka-B,False
2025-03-14,M04,U008,15,83,111.37,False,Atıştırmalık,Cips,Marka-B,False
2025-03-15,M04,U008,19,64,111.37,False,Atıştırmalık,Cips,Marka-B,False
2025-03-16,M04,U008,17,47,111.37,False,Atıştırmalık,Cips,Marka-B,False
2025-03-17,M04,U008,20,27,111.37,False,Atıştırmalık,Cips,Marka-B,False
2025-03-18,M04,U008,17,10,111.37,False,Atıştırmalık,Cips,Marka-B,False
2025-03-19,M04,U008,10,0,111.37,True,Atıştırmalık,Cips,Marka-B,False
2025-03-20,M04,U008,15,79,111.37,False,Atıştırmalık,Cips,Marka-B,False
2025-03-21,M04,U008,15,64,111.37,False,Atıştırmalık,Cips,Marka-B,False
2025-03-22,M04,U008,19,45,111.37,False,Atıştırmalık,Cips,Marka-B,False
2025-03-23,M04,U008,19,26,111.37,False,Atıştırmalık,Cips,Marka-B,False
2025-03-24,M04,U008,15,11,111.37,False,Atıştırmalık,Cips,Marka-B,False
2025-03-25,M04,U008,11,0,111.37,True,Atıştırmalık,Cips,Marka-B,False
2025-03-26,M04,U008,15,98,111.37,False,Atıştırmalık,Cips,Marka-B,False
2025-03-27,M04,U008,17,81,111.37,False,Atıştırmalık,Cips,Marka-B,False
2025-03-28,M04,U008,15,66,111.37,False,Atıştırmalık,Cips,Marka-B,False
2025-03-29,M04,U008,19,47,111.37,False,Atıştırmalık,Cips,Marka-B,False
2025-03-30,M04,U008,24,23,111.37,False,Atıştırmalık,Cips,Marka-B,False
2025-03-31,M04,U008,12,11,111.37,False,Atıştırmalık,Cips,Marka-B,False
2025-04-01,M04,U008,13,100,111.37,False,Atıştırmalık,Cips,Marka-B,False
2025-04-02,M04,U008,17,83,111.37,False,Atıştırmalık,Cips,Marka-B,False
2025-04-03,M04,U008,13,70,111.37,False,Atıştırmalık,Cips,Marka-B,False
2025-04-04,M04,U008,14,56,111.37,False,Atıştırmalık,Cips,Marka-B,False
2025-04-05,M04,U008,24,32,111.37,False,Atıştırmalık,Cips,Marka-B,False
2025-04-06,M04,U008,15,17,111.37,False,Atıştırmalık,Cips,Marka-B,False
2025-04-07,M04,U008,17,82,94.66,False,Atıştırmalık,Cips,Marka-B,True
2025-04-08,M04,U008,20,62,111.37,False,Atıştırmalık,Cips,Marka-B,False
2025-04-09,M04,U008,32,30,89.1,False,Atıştırmalık,Cips,Marka-B,True
2025-04-10,M04,U008,30,0,94.66,True,Atıştırmalık,Cips,Marka-B,True
2025-04-11,M04,U008,0,0,111.37,True,Atıştırmalık,Cips,Marka-B,False
2025-04-12,M04,U008,0,0,111.37,True,Atıştırmalık,Cips,Marka-B,False
2025-04-13,M04,U008,0,0,111.37,True,Atıştırmalık,Cips,Marka-B,False
2025-04-14,M04,U008,0,0,111.37,True,Atıştırmalık,Cips,Marka-B,False
2025-04-15,M04,U008,0,0,111.37,True,Atıştırmalık,Cips,Marka-B,False
2025-04-16,M04,U008,0,0,111.37,True,Atıştırmalık,Cips,Marka-B,False
2025-04-17,M04,U008,0,0,111.37,True,Atıştırmalık,Cips,Marka-B,False
2025-04-18,M04,U008,0,0,111.37,True,Atıştırmalık,Cips,Marka-B,False
2025-04-19,M04,U008,22,82,111.37,False,Atıştırmalık,Cips,Marka-B,False
2025-04-20,M04,U008,20,62,111.37,False,Atıştırmalık,Cips,Marka-B,False
2025-04-21,M04,U008,14,48,111.37,False,Atıştırmalık,Cips,Marka-B,False
2025-04-22,M04,U008,13,35,111.37,False,Atıştırmalık,Cips,Marka-B,False
2025-04-23,M04,U008,11,24,111.37,False,Atıştırmalık,Cips,Marka-B,False
2025-04-24,M04,U008,21,3,111.37,False,Atıştırmalık,Cips,Marka-B,False
2025-04-25,M04,U008,12,83,111.37,False,Atıştırmalık,Cips,Marka-B,False
2025-04-26,M04,U008,16,67,111.37,False,Atıştırmalık,Cips,Marka-B,False
2025-04-27,M04,U008,18,49,111.37,False,Atıştırmalık,Cips,Marka-B,False
2025-04-28,M04,U008,32,17,89.1,False,Atıştırmalık,Cips,Marka-B,True
2025-04-29,M04,U008,17,0,94.66,True,Atıştırmalık,Cips,Marka-B,True
2025-04-30,M04,U008,0,0,111.37,True,Atıştırmalık,Cips,Marka-B,False
2025-05-01,M04,U008,20,74,111.37,False,Atıştırmalık,Cips,Marka-B,False
2025-05-02,M04,U008,20,54,111.37,False,Atıştırmalık,Cips,Marka-B,False
2025-05-03,M04,U008,22,32,111.37,False,Atıştırmalık,Cips,Marka-B,False
2025-05-04,M04,U008,16,16,111.37,False,Atıştırmalık,Cips,Marka-B,False
2025-05-05,M04,U008,16,0,94.66,True,Atıştırmalık,Cips,Marka-B,True
2025-05-06,M04,U008,0,0,111.37,True,Atıştırmalık,Cips,Marka-B,False
2025-01-01,M04,U009,8,49,133.04,False,Atıştırmalık,Bisküvi,Marka-C,False
2025-01-02,M04,U009,8,41,133.04,False,Atıştırmalık,Bisküvi,Marka-C,False
2025-01-03,M04,U009,12,29,133.04,False,Atıştırmalık,Bisküvi,Marka-C,False
2025-01-04,M04,U009,8,21,133.04,False,Atıştırmalık,Bisküvi,Marka-C,False
2025-01-05,M04,U009,14,7,133.04,False,Atıştırmalık,Bisküvi,Marka-C,False
2025-01-06,M04,U009,7,0,133.04,True,Atıştırmalık,Bisküvi,Marka-C,False
2025-01-07,M04,U009,10,46,133.04,False,Atıştırmalık,Bisküvi,Marka-C,False
2025-01-08,M04,U009,11,35,133.04,False,Atıştırmalık,Bisküvi,Marka-C,False
2025-01-09,M04,U009,6,29,133.04,False,Atıştırmalık,Bisküvi,Marka-C,False
2025-01-10,M04,U009,9,20,133.04,False,Atıştırmalık,Bisküvi,Marka-C,False
2025-01-11,M04,U009,11,9,133.04,False,Atıştırmalık,Bisküvi,Marka-C,False
2025-01-12,M04,U009,9,0,133.04,True,Atıştırmalık,Bisküvi,Marka-C,False
2025-01-13,M04,U009,6,45,133.04,False,Atıştırmalık,Bisküvi,Marka-C,False
2025-01-14,M04,U009,9,36,133.04,False,Atıştırmalık,Bisküvi,Marka-C,False
2025-01-15,M04,U009,9,27,133.04,False,Atıştırmalık,Bisküvi,Marka-C,False
2025-01-16,M04,U009,20,7,119.74,False,Atıştırmalık,Bisküvi,Marka-C,True
2025-01-17,M04,U009,7,0,133.04,True,Atıştırmalık,Bisküvi,Marka-C,False
2025-01-18,M04,U009,0,0,133.04,True,Atıştırmalık,Bisküvi,Marka-C,False
2025-01-19,M04,U009,6,46,133.04,False,Atıştırmalık,Bisküvi,Marka-C,False
2025-01-20,M04,U009,8,38,133.04,False,Atıştırmalık,Bisküvi,Marka-C,False
2025-01-21,M04,U009,11,27,133.04,False,Atıştırmalık,Bisküvi,Marka-C,False
2025-01-22,M04,U009,9,18,133.04,False,Atıştırmalık,Bisküvi,Marka-C,False
2025-01-23,M04,U009,12,6,133.04,False,Atıştırmalık,Bisküvi,Marka-C,False
2025-01-24,M04,U009,6,0,133.04,True,Atıştırmalık,Bisküvi,Marka-C,False
2025-01-25,M04,U009,11,39,133.04,False,Atıştırmalık,Bisküvi,Marka-C,False
2025-01-26,M04,U009,8,31,133.04,False,Atıştırmalık,Bisküvi,Marka-C,False
2025-01-27,M04,U009,16,15,133.04,False,Atıştırmalık,Bisküvi,Marka-C,False
2025-01-28,M04,U009,12,3,133.04,False,Atıştırmalık,Bisküvi,Marka-C,False
2025-01-29,M04,U009,3,0,133.04,True,Atıştırmalık,Bisküvi,Marka-C,False
2025-01-30,M04,U009,0,0,113.08,True,Atıştırmalık,Bisküvi,Marka-C,True
2025-01-31,M04,U009,18,41,133.04,False,Atıştırmalık,Bisküvi,Marka-C,False
2025-02-01,M04,U009,20,21,133.04,False,Atıştırmalık,Bisküvi,Marka-C,False
2025-02-02,M04,U009,18,3,113.08,False,Atıştırmalık,Bisküvi,Marka-C,True
2025-02-03,M04,U009,3,0,133.04,True,Atıştırmalık,Bisküvi,Marka-C,False
2025-02-04,M04,U009,0,0,133.04,True,Atıştırmalık,Bisküvi,Marka-C,False
2025-02-05,M04,U009,0,0,133.04,True,Atıştırmalık,Bisküvi,Marka-C,False
2025-02-06,M04,U009,16,35,106.43,False,Atıştırmalık,Bisküvi,Marka-C,True
2025-02-07,M04,U009,15,20,133.04,False,Atıştırmalık,Bisküvi,Marka-C,False
2025-02-08,M04,U009,20,0,106.43,False,Atıştırmalık,Bisküvi,Marka-C,True
2025-02-09,M04,U009,0,0,133.04,True,Atıştırmalık,Bisküvi,Marka-C,False
2025-02-10,M04,U009,0,0,133.04,True,Atıştırmalık,Bisküvi,Marka-C,False
2025-02-11,M04,U009,0,0,133.04,True,Atıştırmalık,Bisküvi,Marka-C,False
2025-02-12,M04,U009,11,50,133.04,False,Atıştırmalık,Bisküvi,Marka-C,False
2025-02-13,M04,U009,8,42,133.04,False,Atıştırmalık,Bisküvi,Marka-C,False
2025-02-14,M04,U009,7,35,133.04,False,Atıştırmalık,Bisküvi,Marka-C,False
2025-02-15,M04,U009,13,22,133.04,False,Atıştırmalık,Bisküvi,Marka-C,False
2025-02-16,M04,U009,10,12,133.04,False,Atıştırmalık,Bisküvi,Marka-C,False
2025-02-17,M04,U009,12,0,106.43,True,Atıştırmalık,Bisküvi,Marka-C,True
2025-02-18,M04,U009,11,49,133.04,False,Atıştırmalık,Bisküvi,Marka-C,False
2025-02-19,M04,U009,9,40,133.04,False,Atıştırmalık,Bisküvi,Marka-C,False
2025-02-20,M04,U009,7,33,133.04,False,Atıştırmalık,Bisküvi,Marka-C,False
2025-02-21,M04,U009,12,21,133.04,False,Atıştırmalık,Bisküvi,Marka-C,False
2025-02-22,M04,U009,9,12,133.04,False,Atıştırmalık,Bisküvi,Marka-C,False
2025-02-23,M04,U009,12,0,113.08,True,Atıştırmalık,Bisküvi,Marka-C,True
2025-02-24,M04,U009,6,45,133.04,False,Atıştırmalık,Bisküvi,Marka-C,False
2025-02-25,M04,U009,10,35,133.04,False,Atıştırmalık,Bisküvi,Marka-C,False
2025-02-26,M04,U009,8,27,133.04,False,Atıştırmalık,Bisküvi,Marka-C,False
2025-02-27,M04,U009,7,20,133.04,False,Atıştırmalık,Bisküvi,Marka-C,False
2025-02-28,M04,U009,11,9,133.04,False,Atıştırmalık,Bisküvi,Marka-C,False
2025-03-01,M04,U009,9,0,133.04,True,Atıştırmalık,Bisküvi,Marka-C,False
2025-03-02,M04,U009,13,38,133.04,False,Atıştırmalık,Bisküvi,Marka-C,False
2025-03-03,M04,U009,15,23,133.04,False,Atıştırmalık,Bisküvi,Marka-C,False
2025-03-04,M04,U009,11,12,133.04,False,Atıştırmalık,Bisküvi,Marka-C,False
2025-03-05,M04,U009,10,2,133.04,False,Atıştırmalık,Bisküvi,Marka-C,False
2025-03-06,M04,U009,2,0,133.04,True,Atıştırmalık,Bisküvi,Marka-C,False
2025-03-07,M04,U009,0,0,133.04,True,Atıştırmalık,Bisküvi,Marka-C,False
2025-03-08,M04,U009,12,49,133.04,False,Atıştırmalık,Bisküvi,Marka-C,False
2025-03-09,M04,U009,16,33,133.04,False,Atıştırmalık,Bisküvi,Marka-C,False
2025-03-10,M04,U009,8,25,133.04,False,Atıştırmalık,Bisküvi,Marka-C,False
2025-03-11,M04,U009,10,15,133.04,False,Atıştırmalık,Bisküvi,Marka-C,False
2025-03-12,M04,U009,9,6,133.04,False,Atıştırmalık,Bisküvi,Marka-C,False
2025-03-13,M04,U009,6,0,133.04,True,Atıştırmalık,Bisküvi,Marka-C,False
2025-03-14,M04,U009,20,39,113.08,False,Atıştırmalık,Bisküvi,Marka-C,True
2025-03-15,M04,U009,12,27,133.04,False,Atıştırmalık,Bisküvi,Marka-C,False
2025-03-16,M04,U009,10,17,133.04,False,Atıştırmalık,Bisküvi,Marka-C,False
2025-03-17,M04,U009,8,9,133.04,False,Atıştırmalık,Bisküvi,Marka-C,False
2025-03-18,M04,U009,6,3,133.04,False,Atıştırmalık,Bisküvi,Marka-C,False
2025-03-19,M04,U009,3,0,133.04,True,Atıştırmalık,Bisküvi,Marka-C,False
2025-03-20,M04,U009,14,45,106.43,False,Atıştırmalık,Bisküvi,Marka-C,True
2025-03-21,M04,U009,15,30,133.04,False,Atıştırmalık,Bisküvi,Marka-C,False
2025-03-22,M04,U009,8,22,133.04,False,Atıştırmalık,Bisküvi,Marka-C,False
2025-03-23,M04,U009,11,11,133.04,False,Atıştırmalık,Bisküvi,Marka-C,False
2025-03-24,M04,U009,11,0,133.04,True,Atıştırmalık,Bisküvi,Marka-C,False
2025-03-25,M04,U009,0,0,133.04,True,Atıştırmalık,Bisküvi,Marka-C,False
2025-03-26,M04,U009,11,49,133.04,False,Atıştırmalık,Bisküvi,Marka-C,False
2025-03-27,M04,U009,14,35,133.04,False,Atıştırmalık,Bisküvi,Marka-C,False
2025-03-28,M04,U009,13,22,133.04,False,Atıştırmalık,Bisküvi,Marka-C,False
2025-03-29,M04,U009,15,7,133.04,False,Atıştırmalık,Bisküvi,Marka-C,False
2025-03-30,M04,U009,7,0,133.04,True,Atıştırmalık,Bisküvi,Marka-C,False
2025-03-31,M04,U009,0,0,133.04,True,Atıştırmalık,Bisküvi,Marka-C,False
2025-04-01,M04,U009,16,40,133.04,False,Atıştırmalık,Bisküvi,Marka-C,False
2025-04-02,M04,U009,11,29,133.04,False,Atıştırmalık,Bisküvi,Marka-C,False
2025-04-03,M04,U009,12,17,133.04,False,Atıştırmalık,Bisküvi,Marka-C,False
2025-04-04,M04,U009,12,5,133.04,False,Atıştırmalık,Bisküvi,Marka-C,False
2025-04-05,M04,U009,5,0,133.04,True,Atıştırmalık,Bisküvi,Marka-C,False
2025-04-06,M04,U009,0,0,133.04,True,Atıştırmalık,Bisküvi,Marka-C,False
2025-04-07,M04,U009,8,47,133.04,False,Atıştırmalık,Bisküvi,Marka-C,False
2025-04-08,M04,U009,18,29,133.04,False,Atıştırmalık,Bisküvi,Marka-C,False
2025-04-09,M04,U009,10,19,133.04,False,Atıştırmalık,Bisküvi,Marka-C,False
2025-04-10,M04,U009,12,7,133.04,False,Atıştırmalık,Bisküvi,Marka-C,False
2025-04-11,M04,U009,7,0,133.04,True,Atıştırmalık,Bisküvi,Marka-C,False
2025-04-12,M04,U009,0,0,133.04,True,Atıştırmalık,Bisküvi,Marka-C,False
2025-04-13,M04,U009,14,39,133.04,False,Atıştırmalık,Bisküvi,Marka-C,False
2025-04-14,M04,U009,7,32,133.04,False,Atıştırmalık,Bisküvi,Marka-C,False
2025-04-15,M04,U009,9,23,119.74,False,Atıştırmalık,Bisküvi,Marka-C,True
2025-04-16,M04,U009,15,8,133.04,False,Atıştırmalık,Bisküvi,Marka-C,False
2025-04-17,M04,U009,8,0,133.04,True,Atıştırmalık,Bisküvi,Marka-C,False
2025-04-18,M04,U009,0,0,113.08,True,Atıştırmalık,Bisküvi,Marka-C,True
2025-04-19,M04,U009,24,27,106.43,False,Atıştırmalık,Bisküvi,Marka-C,True
2025-04-20,M04,U009,14,13,133.04,False,Atıştırmalık,Bisküvi,Marka-C,False
2025-04-21,M04,U009,13,0,113.08,True,Atıştırmalık,Bisküvi,Marka-C,True
2025-04-22,M04,U009,0,0,133.04,True,Atıştırmalık,Bisküvi,Marka-C,False
2025-04-23,M04,U009,0,0,133.04,True,Atıştırmalık,Bisküvi,Marka-C,False
2025-04-24,M04,U009,0,0,133.04,True,Atıştırmalık,Bisküvi,Marka-C,False
2025-04-25,M04,U009,6,52,133.04,False,Atıştırmalık,Bisküvi,Marka-C,False
2025-04-26,M04,U009,15,37,133.04,False,Atıştırmalık,Bisküvi,Marka-C,False
2025-04-27,M04,U009,13,24,119.74,False,Atıştırmalık,Bisküvi,Marka-C,True
2025-04-28,M04,U009,12,12,133.04,False,Atıştırmalık,Bisküvi,Marka-C,False
2025-04-29,M04,U009,12,0,119.74,True,Atıştırmalık,Bisküvi,Marka-C,True
2025-04-30,M04,U009,0,0,133.04,True,Atıştırmalık,Bisküvi,Marka-C,False
2025-05-01,M04,U009,8,51,133.04,False,Atıştırmalık,Bisküvi,Marka-C,False
2025-05-02,M04,U009,8,43,133.04,False,Atıştırmalık,Bisküvi,Marka-C,False
2025-05-03,M04,U009,28,15,113.08,False,Atıştırmalık,Bisküvi,Marka-C,True
2025-05-04,M04,U009,15,0,133.04,False,Atıştırmalık,Bisküvi,Marka-C,False
2025-05-05,M04,U009,0,0,133.04,True,Atıştırmalık,Bisküvi,Marka-C,False
2025-05-06,M04,U009,0,0,133.04,True,Atıştırmalık,Bisküvi,Marka-C,False
2025-01-01,M04,U010,30,165,186.29,False,Atıştırmalık,Bisküvi,Marka-D,False
2025-01-02,M04,U010,36,129,186.29,False,Atıştırmalık,Bisküvi,Marka-D,False
2025-01-03,M04,U010,46,83,167.66,False,Atıştırmalık,Bisküvi,Marka-D,True
2025-01-04,M04,U010,26,57,186.29,False,Atıştırmalık,Bisküvi,Marka-D,False
2025-01-05,M04,U010,29,157,186.29,False,Atıştırmalık,Bisküvi,Marka-D,False
2025-01-06,M04,U010,22,135,186.29,False,Atıştırmalık,Bisküvi,Marka-D,False
2025-01-07,M04,U010,25,110,186.29,False,Atıştırmalık,Bisküvi,Marka-D,False
2025-01-08,M04,U010,30,80,186.29,False,Atıştırmalık,Bisküvi,Marka-D,False
2025-01-09,M04,U010,27,174,186.29,False,Atıştırmalık,Bisküvi,Marka-D,False
2025-01-10,M04,U010,28,146,186.29,False,Atıştırmalık,Bisküvi,Marka-D,False
2025-01-11,M04,U010,30,116,186.29,False,Atıştırmalık,Bisküvi,Marka-D,False
2025-01-12,M04,U010,27,89,186.29,False,Atıştırmalık,Bisküvi,Marka-D,False
2025-01-13,M04,U010,25,183,186.29,False,Atıştırmalık,Bisküvi,Marka-D,False
2025-01-14,M04,U010,18,165,186.29,False,Atıştırmalık,Bisküvi,Marka-D,False
2025-01-15,M04,U010,36,129,186.29,False,Atıştırmalık,Bisküvi,Marka-D,False
2025-01-16,M04,U010,25,104,186.29,False,Atıştırmalık,Bisküvi,Marka-D,False
2025-01-17,M04,U010,30,162,186.29,False,Atıştırmalık,Bisküvi,Marka-D,False
2025-01-18,M04,U010,29,133,186.29,False,Atıştırmalık,Bisküvi,Marka-D,False
2025-01-19,M04,U010,32,101,186.29,False,Atıştırmalık,Bisküvi,Marka-D,False
2025-01-20,M04,U010,29,72,186.29,False,Atıştırmalık,Bisküvi,Marka-D,False
2025-01-21,M04,U010,25,175,186.29,False,Atıştırmalık,Bisküvi,Marka-D,False
2025-01-22,M04,U010,29,146,186.29,False,Atıştırmalık,Bisküvi,Marka-D,False
2025-01-23,M04,U010,36,110,186.29,False,Atıştırmalık,Bisküvi,Marka-D,False
2025-01-24,M04,U010,33,77,186.29,False,Atıştırmalık,Bisküvi,Marka-D,False
2025-01-25,M04,U010,40,156,186.29,False,Atıştırmalık,Bisküvi,Marka-D,False
2025-01-26,M04,U010,31,125,186.29,False,Atıştırmalık,Bisküvi,Marka-D,False
2025-01-27,M04,U010,14,111,186.29,False,Atıştırmalık,Bisküvi,Marka-D,False
2025-01-28,M04,U010,39,72,158.35,False,Atıştırmalık,Bisküvi,Marka-D,True
2025-01-29,M04,U010,33,39,186.29,False,Atıştırmalık,Bisküvi,Marka-D,False
2025-01-30,M04,U010,28,11,186.29,False,Atıştırmalık,Bisküvi,Marka-D,False
2025-01-31,M04,U010,11,0,186.29,True,Atıştırmalık,Bisküvi,Marka-D,False
2025-02-01,M04,U010,0,0,186.29,True,Atıştırmalık,Bisküvi,Marka-D,False
2025-02-02,M04,U010,41,171,186.29,False,Atıştırmalık,Bisküvi,Marka-D,False
2025-02-03,M04,U010,20,151,186.29,False,Atıştırmalık,Bisküvi,Marka-D,False
2025-02-04,M04,U010,37,114,158.35,False,Atıştırmalık,Bisküvi,Marka-D,True
2025-02-05,M04,U010,30,84,186.29,False,Atıştırmalık,Bisküvi,Marka-D,False
2025-02-06,M04,U010,27,57,186.29,False,Atıştırmalık,Bisküvi,Marka-D,False
2025-02-07,M04,U010,28,29,186.29,False,Atıştırmalık,Bisküvi,Marka-D,False
2025-02-08,M04,U010,29,0,186.29,True,Atıştırmalık,Bisküvi,Marka-D,False
2025-02-09,M04,U010,0,0,186.29,True,Atıştırmalık,Bisküvi,Marka-D,False
2025-02-10,M04,U010,26,187,186.29,False,Atıştırmalık,Bisküvi,Marka-D,False
2025-02-11,M04,U010,36,151,186.29,False,Atıştırmalık,Bisküvi,Marka-D,False
2025-02-12,M04,U010,48,103,149.03,False,Atıştırmalık,Bisküvi,Marka-D,True
2025-02-13,M04,U010,23,80,186.29,False,Atıştırmalık,Bisküvi,Marka-D,False
2025-02-14,M04,U010,32,163,186.29,False,Atıştırmalık,Bisküvi,Marka-D,False
2025-02-15,M04,U010,34,129,186.29,False,Atıştırmalık,Bisküvi,Marka-D,False
2025-02-16,M04,U010,52,77,158.35,False,Atıştırmalık,Bisküvi,Marka-D,True
2025-02-17,M04,U010,22,55,186.29,False,Atıştırmalık,Bisküvi,Marka-D,False
2025-02-18,M04,U010,31,179,186.29,False,Atıştırmalık,Bisküvi,Marka-D,False
2025-02-19,M04,U010,27,152,186.29,False,Atıştırmalık,Bisküvi,Marka-D,False
2025-02-20,M04,U010,24,128,186.29,False,Atıştırmalık,Bisküvi,Marka-D,False
2025-02-21,M04,U010,34,94,186.29,False,Atıştırmalık,Bisküvi,Marka-D,False
2025-02-22,M04,U010,32,163,186.29,False,Atıştırmalık,Bisküvi,Marka-D,False
2025-02-23,M04,U010,26,137,186.29,False,Atıştırmalık,Bisküvi,Marka-D,False
2025-02-24,M04,U010,25,112,186.29,False,Atıştırmalık,Bisküvi,Marka-D,False
2025-02-25,M04,U010,18,94,186.29,False,Atıştırmalık,Bisküvi,Marka-D,False
2025-02-26,M04,U010,42,160,186.29,False,Atıştırmalık,Bisküvi,Marka-D,False
2025-02-27,M04,U010,27,133,186.29,False,Atıştırmalık,Bisküvi,Marka-D,False
2025-02-28,M04,U010,22,111,186.29,False,Atıştırmalık,Bisküvi,Marka-D,False
2025-03-01,M04,U010,43,68,186.29,False,Atıştırmalık,Bisküvi,Marka-D,False
2025-03-02,M04,U010,42,164,186.29,False,Atıştırmalık,Bisküvi,Marka-D,False
2025-03-03,M04,U010,33,131,186.29,False,Atıştırmalık,Bisküvi,Marka-D,False
2025-03-04,M04,U010,29,102,186.29,False,Atıştırmalık,Bisküvi,Marka-D,False
2025-03-05,M04,U010,31,71,186.29,False,Atıştırmalık,Bisküvi,Marka-D,False
2025-03-06,M04,U010,30,145,186.29,False,Atıştırmalık,Bisküvi,Marka-D,False
2025-03-07,M04,U010,24,121,186.29,False,Atıştırmalık,Bisküvi,Marka-D,False
2025-03-08,M04,U010,40,81,186.29,False,Atıştırmalık,Bisküvi,Marka-D,False
2025-03-09,M04,U010,31,50,186.29,False,Atıştırmalık,Bisküvi,Marka-D,False
2025-03-10,M04,U010,23,176,186.29,False,Atıştırmalık,Bisküvi,Marka-D,False
2025-03-11,M04,U010,29,147,186.29,False,Atıştırmalık,Bisküvi,Marka-D,False
2025-03-12,M04,U010,19,128,186.29,False,Atıştırmalık,Bisküvi,Marka-D,False
2025-03-13,M04,U010,25,103,186.29,False,Atıştırmalık,Bisküvi,Marka-D,False
2025-03-14,M04,U010,52,161,167.66,False,Atıştırmalık,Bisküvi,Marka-D,True
2025-03-15,M04,U010,32,129,186.29,False,Atıştırmalık,Bisküvi,Marka-D,False
2025-03-16,M04,U010,41,88,186.29,False,Atıştırmalık,Bisküvi,Marka-D,False
2025-03-17,M04,U010,27,61,186.29,False,Atıştırmalık,Bisküvi,Marka-D,False
2025-03-18,M04,U010,26,162,186.29,False,Atıştırmalık,Bisküvi,Marka-D,False
2025-03-19,M04,U010,31,131,186.29,False,Atıştırmalık,Bisküvi,Marka-D,False
2025-03-20,M04,U010,31,100,186.29,False,Atıştırmalık,Bisküvi,Marka-D,False
2025-03-21,M04,U010,35,65,186.29,False,Atıştırmalık,Bisküvi,Marka-D,False
2025-03-22,M04,U010,64,112,167.66,False,Atıştırmalık,Bisküvi,Marka-D,True
2025-03-23,M04,U010,29,83,186.29,False,Atıştırmalık,Bisküvi,Marka-D,False
2025-03-24,M04,U010,31,52,186.29,False,Atıştırmalık,Bisküvi,Marka-D,False
2025-03-25,M04,U010,27,25,186.29,False,Atıştırmalık,Bisküvi,Marka-D,False
2025-03-26,M04,U010,24,178,186.29,False,Atıştırmalık,Bisküvi,Marka-D,False
2025-03-27,M04,U010,35,143,186.29,False,Atıştırmalık,Bisküvi,Marka-D,False
2025-03-28,M04,U010,38,105,186.29,False,Atıştırmalık,Bisküvi,Marka-D,False
2025-03-29,M04,U010,42,63,186.29,False,Atıştırmalık,Bisküvi,Marka-D,False
2025-03-30,M04,U010,40,142,186.29,False,Atıştırmalık,Bisküvi,Marka-D,False
2025-03-31,M04,U010,28,114,186.29,False,Atıştırmalık,Bisküvi,Marka-D,False
2025-04-01,M04,U010,33,81,186.29,False,Atıştırmalık,Bisküvi,Marka-D,False
2025-04-02,M04,U010,38,43,186.29,False,Atıştırmalık,Bisküvi,Marka-D,False
2025-04-03,M04,U010,42,1,158.35,False,Atıştırmalık,Bisküvi,Marka-D,True
2025-04-04,M04,U010,1,0,186.29,True,Atıştırmalık,Bisküvi,Marka-D,False
2025-04-05,M04,U010,0,0,186.29,True,Atıştırmalık,Bisküvi,Marka-D,False
2025-04-06,M04,U010,0,0,186.29,True,Atıştırmalık,Bisküvi,Marka-D,False
2025-04-07,M04,U010,32,152,167.66,False,Atıştırmalık,Bisküvi,Marka-D,True
2025-04-08,M04,U010,23,129,186.29,False,Atıştırmalık,Bisküvi,Marka-D,False
2025-04-09,M04,U010,33,96,186.29,False,Atıştırmalık,Bisküvi,Marka-D,False
2025-04-10,M04,U010,35,61,186.29,False,Atıştırmalık,Bisküvi,Marka-D,False
2025-04-11,M04,U010,27,165,186.29,False,Atıştırmalık,Bisküvi,Marka-D,False
2025-04-12,M04,U010,40,125,186.29,False,Atıştırmalık,Bisküvi,Marka-D,False
2025-04-13,M04,U010,33,92,186.29,False,Atıştırmalık,Bisküvi,Marka-D,False
2025-04-14,M04,U010,30,62,186.29,False,Atıştırmalık,Bisküvi,Marka-D,False
2025-04-15,M04,U010,27,153,186.29,False,Atıştırmalık,Bisküvi,Marka-D,False
2025-04-16,M04,U010,31,122,186.29,False,Atıştırmalık,Bisküvi,Marka-D,False
2025-04-17,M04,U010,48,74,186.29,False,Atıştırmalık,Bisküvi,Marka-D,False
2025-04-18,M04,U010,43,31,186.29,False,Atıştırmalık,Bisküvi,Marka-D,False
2025-04-19,M04,U010,55,120,186.29,False,Atıştırmalık,Bisküvi,Marka-D,False
2025-04-20,M04,U010,31,89,186.29,False,Atıştırmalık,Bisküvi,Marka-D,False
2025-04-21,M04,U010,16,73,186.29,False,Atıştırmalık,Bisküvi,Marka-D,False
2025-04-22,M04,U010,33,40,186.29,False,Atıştırmalık,Bisküvi,Marka-D,False
2025-04-23,M04,U010,27,175,186.29,False,Atıştırmalık,Bisküvi,Marka-D,False
2025-04-24,M04,U010,31,144,186.29,False,Atıştırmalık,Bisküvi,Marka-D,False
2025-04-25,M04,U010,28,116,186.29,False,Atıştırmalık,Bisküvi,Marka-D,False
2025-04-26,M04,U010,43,73,186.29,False,Atıştırmalık,Bisküvi,Marka-D,False
2025-04-27,M04,U010,72,108,167.66,False,Atıştırmalık,Bisküvi,Marka-D,True
2025-04-28,M04,U010,31,77,186.29,False,Atıştırmalık,Bisküvi,Marka-D,False
2025-04-29,M04,U010,25,52,186.29,False,Atıştırmalık,Bisküvi,Marka-D,False
2025-04-30,M04,U010,36,16,186.29,False,Atıştırmalık,Bisküvi,Marka-D,False
2025-05-01,M04,U010,38,176,186.29,False,Atıştırmalık,Bisküvi,Marka-D,False
2025-05-02,M04,U010,32,144,186.29,False,Atıştırmalık,Bisküvi,Marka-D,False
2025-05-03,M04,U010,31,113,186.29,False,Atıştırmalık,Bisküvi,Marka-D,False
2025-05-04,M04,U010,36,77,186.29,False,Atıştırmalık,Bisküvi,Marka-D,False
2025-05-05,M04,U010,26,185,186.29,False,Atıştırmalık,Bisküvi,Marka-D,False
2025-05-06,M04,U010,30,155,186.29,False,Atıştırmalık,Bisküvi,Marka-D,False
2025-01-01,M04,U011,14,100,172.73,False,Atıştırmalık,Çikolata,Marka-E,False
2025-01-02,M04,U011,13,87,172.73,False,Atıştırmalık,Çikolata,Marka-E,False
2025-01-03,M04,U011,13,74,172.73,False,Atıştırmalık,Çikolata,Marka-E,False
2025-01-04,M04,U011,56,18,146.82,False,Atıştırmalık,Çikolata,Marka-E,True
2025-01-05,M04,U011,18,0,172.73,True,Atıştırmalık,Çikolata,Marka-E,False
2025-01-06,M04,U011,27,78,172.73,False,Atıştırmalık,Çikolata,Marka-E,False
2025-01-07,M04,U011,21,57,172.73,False,Atıştırmalık,Çikolata,Marka-E,False
2025-01-08,M04,U011,18,39,172.73,False,Atıştırmalık,Çikolata,Marka-E,False
2025-01-09,M04,U011,24,15,172.73,False,Atıştırmalık,Çikolata,Marka-E,False
2025-01-10,M04,U011,15,0,172.73,True,Atıştırmalık,Çikolata,Marka-E,False
2025-01-11,M04,U011,31,79,172.73,False,Atıştırmalık,Çikolata,Marka-E,False
2025-01-12,M04,U011,22,57,172.73,False,Atıştırmalık,Çikolata,Marka-E,False
2025-01-13,M04,U011,15,42,172.73,False,Atıştırmalık,Çikolata,Marka-E,False
2025-01-14,M04,U011,22,20,172.73,False,Atıştırmalık,Çikolata,Marka-E,False
2025-01-15,M04,U011,20,0,172.73,True,Atıştırmalık,Çikolata,Marka-E,False
2025-01-16,M04,U011,0,0,172.73,True,Atıştırmalık,Çikolata,Marka-E,False
2025-01-17,M04,U011,0,0,172.73,True,Atıştırmalık,Çikolata,Marka-E,False
2025-01-18,M04,U011,0,0,172.73,True,Atıştırmalık,Çikolata,Marka-E,False
2025-01-19,M04,U011,0,0,172.73,True,Atıştırmalık,Çikolata,Marka-E,False
2025-01-20,M04,U011,0,0,172.73,True,Atıştırmalık,Çikolata,Marka-E,False
2025-01-21,M04,U011,19,93,172.73,False,Atıştırmalık,Çikolata,Marka-E,False
2025-01-22,M04,U011,11,82,172.73,False,Atıştırmalık,Çikolata,Marka-E,False
2025-01-23,M04,U011,19,63,172.73,False,Atıştırmalık,Çikolata,Marka-E,False
2025-01-24,M04,U011,16,47,172.73,False,Atıştırmalık,Çikolata,Marka-E,False
2025-01-25,M04,U011,20,27,172.73,False,Atıştırmalık,Çikolata,Marka-E,False
2025-01-26,M04,U011,19,85,172.73,False,Atıştırmalık,Çikolata,Marka-E,False
2025-01-27,M04,U011,12,73,172.73,False,Atıştırmalık,Çikolata,Marka-E,False
2025-01-28,M04,U011,16,57,172.73,False,Atıştırmalık,Çikolata,Marka-E,False
2025-01-29,M04,U011,16,41,172.73,False,Atıştırmalık,Çikolata,Marka-E,False
2025-01-30,M04,U011,18,23,172.73,False,Atıştırmalık,Çikolata,Marka-E,False
2025-01-31,M04,U011,28,74,172.73,False,Atıştırmalık,Çikolata,Marka-E,False
2025-02-01,M04,U011,24,50,172.73,False,Atıştırmalık,Çikolata,Marka-E,False
2025-02-02,M04,U011,30,20,155.46,False,Atıştırmalık,Çikolata,Marka-E,True
2025-02-03,M04,U011,14,6,172.73,False,Atıştırmalık,Çikolata,Marka-E,False
2025-02-04,M04,U011,6,0,172.73,True,Atıştırmalık,Çikolata,Marka-E,False
2025-02-05,M04,U011,21,80,172.73,False,Atıştırmalık,Çikolata,Marka-E,False
2025-02-06,M04,U011,21,59,172.73,False,Atıştırmalık,Çikolata,Marka-E,False
2025-02-07,M04,U011,28,31,172.73,False,Atıştırmalık,Çikolata,Marka-E,False
2025-02-08,M04,U011,31,0,172.73,True,Atıştırmalık,Çikolata,Marka-E,False
2025-02-09,M04,U011,0,0,172.73,True,Atıştırmalık,Çikolata,Marka-E,False
2025-02-10,M04,U011,20,80,172.73,False,Atıştırmalık,Çikolata,Marka-E,False
2025-02-11,M04,U011,19,61,172.73,False,Atıştırmalık,Çikolata,Marka-E,False
2025-02-12,M04,U011,16,45,172.73,False,Atıştırmalık,Çikolata,Marka-E,False
2025-02-13,M04,U011,20,25,172.73,False,Atıştırmalık,Çikolata,Marka-E,False
2025-02-14,M04,U011,19,6,172.73,False,Atıştırmalık,Çikolata,Marka-E,False
2025-02-15,M04,U011,28,76,172.73,False,Atıştırmalık,Çikolata,Marka-E,False
2025-02-16,M04,U011,25,51,172.73,False,Atıştırmalık,Çikolata,Marka-E,False
2025-02-17,M04,U011,22,29,172.73,False,Atıştırmalık,Çikolata,Marka-E,False
2025-02-18,M04,U011,22,7,172.73,False,Atıştırmalık,Çikolata,Marka-E,False
2025-02-19,M04,U011,7,0,172.73,True,Atıştırmalık,Çikolata,Marka-E,False
2025-02-20,M04,U011,32,79,172.73,False,Atıştırmalık,Çikolata,Marka-E,False
2025-02-21,M04,U011,18,61,172.73,False,Atıştırmalık,Çikolata,Marka-E,False
2025-02-22,M04,U011,20,41,172.73,False,Atıştırmalık,Çikolata,Marka-E,False
2025-02-23,M04,U011,26,15,172.73,False,Atıştırmalık,Çikolata,Marka-E,False
2025-02-24,M04,U011,15,0,172.73,True,Atıştırmalık,Çikolata,Marka-E,False
2025-02-25,M04,U011,11,103,172.73,False,Atıştırmalık,Çikolata,Marka-E,False
2025-02-26,M04,U011,19,84,172.73,False,Atıştırmalık,Çikolata,Marka-E,False
2025-02-27,M04,U011,18,66,172.73,False,Atıştırmalık,Çikolata,Marka-E,False
2025-02-28,M04,U011,14,52,172.73,False,Atıştırmalık,Çikolata,Marka-E,False
2025-03-01,M04,U011,39,13,155.46,False,Atıştırmalık,Çikolata,Marka-E,True
2025-03-02,M04,U011,30,75,172.73,False,Atıştırmalık,Çikolata,Marka-E,False
2025-03-03,M04,U011,15,60,172.73,False,Atıştırmalık,Çikolata,Marka-E,False
2025-03-04,M04,U011,20,40,172.73,False,Atıştırmalık,Çikolata,Marka-E,False
2025-03-05,M04,U011,21,19,172.73,False,Atıştırmalık,Çikolata,Marka-E,False
2025-03-06,M04,U011,17,2,172.73,False,Atıştırmalık,Çikolata,Marka-E,False
2025-03-07,M04,U011,20,96,172.73,False,Atıştırmalık,Çikolata,Marka-E,False
2025-03-08,M04,U011,20,76,172.73,False,Atıştırmalık,Çikolata,Marka-E,False
2025-03-09,M04,U011,28,48,172.73,False,Atıştırmalık,Çikolata,Marka-E,False
2025-03-10,M04,U011,16,32,172.73,False,Atıştırmalık,Çikolata,Marka-E,False
2025-03-11,M04,U011,21,11,172.73,False,Atıştırmalık,Çikolata,Marka-E,False
2025-03-12,M04,U011,17,83,172.73,False,Atıştırmalık,Çikolata,Marka-E,False
2025-03-13,M04,U011,15,68,172.73,False,Atıştırmalık,Çikolata,Marka-E,False
2025-03-14,M04,U011,22,46,172.73,False,Atıştırmalık,Çikolata,Marka-E,False
2025-03-15,M04,U011,24,22,172.73,False,Atıştırmalık,Çikolata,Marka-E,False
2025-03-16,M04,U011,22,0,172.73,True,Atıştırmalık,Çikolata,Marka-E,False
2025-03-17,M04,U011,15,102,172.73,False,Atıştırmalık,Çikolata,Marka-E,False
2025-03-18,M04,U011,14,88,172.73,False,Atıştırmalık,Çikolata,Marka-E,False
2025-03-19,M04,U011,26,62,172.73,False,Atıştırmalık,Çikolata,Marka-E,False
2025-03-20,M04,U011,29,33,155.46,False,Atıştırmalık,Çikolata,Marka-E,True
2025-03-21,M04,U011,32,1,172.73,False,Atıştırmalık,Çikolata,Marka-E,False
2025-03-22,M04,U011,26,72,172.73,False,Atıştırmalık,Çikolata,Marka-E,False
2025-03-23,M04,U011,20,52,172.73,False,Atıştırmalık,Çikolata,Marka-E,False
2025-03-24,M04,U011,16,36,172.73,False,Atıştırmalık,Çikolata,Marka-E,False
2025-03-25,M04,U011,24,12,172.73,False,Atıştırmalık,Çikolata,Marka-E,False
2025-03-26,M04,U011,12,0,172.73,True,Atıştırmalık,Çikolata,Marka-E,False
2025-03-27,M04,U011,0,0,172.73,True,Atıştırmalık,Çikolata,Marka-E,False
2025-03-28,M04,U011,0,0,172.73,True,Atıştırmalık,Çikolata,Marka-E,False
2025-03-29,M04,U011,0,0,172.73,True,Atıştırmalık,Çikolata,Marka-E,False
2025-03-30,M04,U011,0,0,172.73,True,Atıştırmalık,Çikolata,Marka-E,False
2025-03-31,M04,U011,0,0,172.73,True,Atıştırmalık,Çikolata,Marka-E,False
2025-04-01,M04,U011,30,70,146.82,False,Atıştırmalık,Çikolata,Marka-E,True
2025-04-02,M04,U011,17,53,172.73,False,Atıştırmalık,Çikolata,Marka-E,False
2025-04-03,M04,U011,14,39,172.73,False,Atıştırmalık,Çikolata,Marka-E,False
2025-04-04,M04,U011,23,16,172.73,False,Atıştırmalık,Çikolata,Marka-E,False
2025-04-05,M04,U011,16,0,172.73,True,Atıştırmalık,Çikolata,Marka-E,False
2025-04-06,M04,U011,31,67,146.82,False,Atıştırmalık,Çikolata,Marka-E,True
2025-04-07,M04,U011,21,46,172.73,False,Atıştırmalık,Çikolata,Marka-E,False
2025-04-08,M04,U011,22,24,172.73,False,Atıştırmalık,Çikolata,Marka-E,False
2025-04-09,M04,U011,18,6,172.73,False,Atıştırmalık,Çikolata,Marka-E,False
2025-04-10,M04,U011,6,0,172.73,True,Atıştırmalık,Çikolata,Marka-E,False
2025-04-11,M04,U011,27,70,172.73,False,Atıştırmalık,Çikolata,Marka-E,False
2025-04-12,M04,U011,33,37,172.73,False,Atıştırmalık,Çikolata,Marka-E,False
2025-04-13,M04,U011,18,19,172.73,False,Atıştırmalık,Çikolata,Marka-E,False
2025-04-14,M04,U011,19,0,172.73,True,Atıştırmalık,Çikolata,Marka-E,False
2025-04-15,M04,U011,0,0,172.73,True,Atıştırmalık,Çikolata,Marka-E,False
2025-04-16,M04,U011,23,74,172.73,False,Atıştırmalık,Çikolata,Marka-E,False
2025-04-17,M04,U011,24,50,172.73,False,Atıştırmalık,Çikolata,Marka-E,False
2025-04-18,M04,U011,37,13,155.46,False,Atıştırmalık,Çikolata,Marka-E,True
2025-04-19,M04,U011,13,0,172.73,True,Atıştırmalık,Çikolata,Marka-E,False
2025-04-20,M04,U011,0,0,172.73,True,Atıştırmalık,Çikolata,Marka-E,False
2025-04-21,M04,U011,10,94,172.73,False,Atıştırmalık,Çikolata,Marka-E,False
2025-04-22,M04,U011,28,66,172.73,False,Atıştırmalık,Çikolata,Marka-E,False
2025-04-23,M04,U011,23,43,172.73,False,Atıştırmalık,Çikolata,Marka-E,False
2025-04-24,M04,U011,15,28,172.73,False,Atıştırmalık,Çikolata,Marka-E,False
2025-04-25,M04,U011,17,11,172.73,False,Atıştırmalık,Çikolata,Marka-E,False
2025-04-26,M04,U011,40,67,138.18,False,Atıştırmalık,Çikolata,Marka-E,True
2025-04-27,M04,U011,20,47,172.73,False,Atıştırmalık,Çikolata,Marka-E,False
2025-04-28,M04,U011,21,26,172.73,False,Atıştırmalık,Çikolata,Marka-E,False
2025-04-29,M04,U011,18,8,172.73,False,Atıştırmalık,Çikolata,Marka-E,False
2025-04-30,M04,U011,8,0,172.73,True,Atıştırmalık,Çikolata,Marka-E,False
2025-05-01,M04,U011,24,85,172.73,False,Atıştırmalık,Çikolata,Marka-E,False
2025-05-02,M04,U011,17,68,172.73,False,Atıştırmalık,Çikolata,Marka-E,False
2025-05-03,M04,U011,29,39,172.73,False,Atıştırmalık,Çikolata,Marka-E,False
2025-05-04,M04,U011,16,23,172.73,False,Atıştırmalık,Çikolata,Marka-E,False
2025-05-05,M04,U011,17,6,172.73,False,Atıştırmalık,Çikolata,Marka-E,False
2025-05-06,M04,U011,18,85,172.73,False,Atıştırmalık,Çikolata,Marka-E,False
2025-01-01,M04,U012,33,136,214.19,False,Atıştırmalık,Çikolata,Marka-F,False
2025-01-02,M04,U012,41,95,192.77,False,Atıştırmalık,Çikolata,Marka-F,True
2025-01-03,M04,U012,43,52,214.19,False,Atıştırmalık,Çikolata,Marka-F,False
2025-01-04,M04,U012,32,20,214.19,False,Atıştırmalık,Çikolata,Marka-F,False
2025-01-05,M04,U012,20,0,214.19,True,Atıştırmalık,Çikolata,Marka-F,False
2025-01-06,M04,U012,31,141,214.19,False,Atıştırmalık,Çikolata,Marka-F,False
2025-01-07,M04,U012,28,113,214.19,False,Atıştırmalık,Çikolata,Marka-F,False
2025-01-08,M04,U012,39,74,214.19,False,Atıştırmalık,Çikolata,Marka-F,False
2025-01-09,M04,U012,26,48,214.19,False,Atıştırmalık,Çikolata,Marka-F,False
2025-01-10,M04,U012,37,11,214.19,False,Atıştırmalık,Çikolata,Marka-F,False
2025-01-11,M04,U012,48,120,214.19,False,Atıştırmalık,Çikolata,Marka-F,False
2025-01-12,M04,U012,48,72,214.19,False,Atıştırmalık,Çikolata,Marka-F,False
2025-01-13,M04,U012,35,37,214.19,False,Atıştırmalık,Çikolata,Marka-F,False
2025-01-14,M04,U012,37,0,214.19,False,Atıştırmalık,Çikolata,Marka-F,False
2025-01-15,M04,U012,0,0,214.19,True,Atıştırmalık,Çikolata,Marka-F,False
2025-01-16,M04,U012,39,115,214.19,False,Atıştırmalık,Çikolata,Marka-F,False
2025-01-17,M04,U012,43,72,214.19,False,Atıştırmalık,Çikolata,Marka-F,False
2025-01-18,M04,U012,72,0,192.77,True,Atıştırmalık,Çikolata,Marka-F,True
2025-01-19,M04,U012,0,0,171.35,True,Atıştırmalık,Çikolata,Marka-F,True
2025-01-20,M04,U012,0,0,214.19,True,Atıştırmalık,Çikolata,Marka-F,False
2025-01-21,M04,U012,35,117,214.19,False,Atıştırmalık,Çikolata,Marka-F,False
2025-01-22,M04,U012,31,86,214.19,False,Atıştırmalık,Çikolata,Marka-F,False
2025-01-23,M04,U012,35,51,214.19,False,Atıştırmalık,Çikolata,Marka-F,False
2025-01-24,M04,U012,50,1,214.19,False,Atıştırmalık,Çikolata,Marka-F,False
2025-01-25,M04,U012,1,0,214.19,True,Atıştırmalık,Çikolata,Marka-F,False
2025-01-26,M04,U012,49,121,214.19,False,Atıştırmalık,Çikolata,Marka-F,False
2025-01-27,M04,U012,37,84,214.19,False,Atıştırmalık,Çikolata,Marka-F,False
2025-01-28,M04,U012,35,49,214.19,False,Atıştırmalık,Çikolata,Marka-F,False
2025-01-29,M04,U012,29,20,214.19,False,Atıştırmalık,Çikolata,Marka-F,False
2025-01-30,M04,U012,20,0,214.19,True,Atıştırmalık,Çikolata,Marka-F,False
2025-01-31,M04,U012,31,118,214.19,False,Atıştırmalık,Çikolata,Marka-F,False
2025-02-01,M04,U012,38,80,214.19,False,Atıştırmalık,Çikolata,Marka-F,False
2025-02-02,M04,U012,39,41,214.19,False,Atıştırmalık,Çikolata,Marka-F,False
2025-02-03,M04,U012,40,1,214.19,False,Atıştırmalık,Çikolata,Marka-F,False
2025-02-04,M04,U012,1,0,214.19,True,Atıştırmalık,Çikolata,Marka-F,False
2025-02-05,M04,U012,36,117,214.19,False,Atıştırmalık,Çikolata,Marka-F,False
2025-02-06,M04,U012,45,72,214.19,False,Atıştırmalık,Çikolata,Marka-F,False
2025-02-07,M04,U012,44,28,214.19,False,Atıştırmalık,Çikolata,Marka-F,False
2025-02-08,M04,U012,28,0,182.06,True,Atıştırmalık,Çikolata,Marka-F,True
2025-02-09,M04,U012,0,0,214.19,True,Atıştırmalık,Çikolata,Marka-F,False
2025-02-10,M04,U012,27,132,214.19,False,Atıştırmalık,Çikolata,Marka-F,False
2025-02-11,M04,U012,47,85,214.19,False,Atıştırmalık,Çikolata,Marka-F,False
2025-02-12,M04,U012,53,32,171.35,False,Atıştırmalık,Çikolata,Marka-F,True
2025-02-13,M04,U012,32,0,192.77,True,Atıştırmalık,Çikolata,Marka-F,True
2025-02-14,M04,U012,0,0,214.19,True,Atıştırmalık,Çikolata,Marka-F,False
2025-02-15,M04,U012,49,102,214.19,False,Atıştırmalık,Çikolata,Marka-F,False
2025-02-16,M04,U012,28,74,214.19,False,Atıştırmalık,Çikolata,Marka-F,False
2025-02-17,M04,U012,40,34,214.19,False,Atıştırmalık,Çikolata,Marka-F,False
2025-02-18,M04,U012,34,0,214.19,True,Atıştırmalık,Çikolata,Marka-F,False
2025-02-19,M04,U012,0,0,214.19,True,Atıştırmalık,Çikolata,Marka-F,False
2025-02-20,M04,U012,50,96,214.19,False,Atıştırmalık,Çikolata,Marka-F,False
2025-02-21,M04,U012,41,55,214.19,False,Atıştırmalık,Çikolata,Marka-F,False
2025-02-22,M04,U012,55,0,171.35,True,Atıştırmalık,Çikolata,Marka-F,True
2025-02-23,M04,U012,0,0,214.19,True,Atıştırmalık,Çikolata,Marka-F,False
2025-02-24,M04,U012,0,0,214.19,True,Atıştırmalık,Çikolata,Marka-F,False
2025-02-25,M04,U012,40,125,214.19,False,Atıştırmalık,Çikolata,Marka-F,False
2025-02-26,M04,U012,27,98,214.19,False,Atıştırmalık,Çikolata,Marka-F,False
2025-02-27,M04,U012,41,57,214.19,False,Atıştırmalık,Çikolata,Marka-F,False
2025-02-28,M04,U012,57,0,171.35,True,Atıştırmalık,Çikolata,Marka-F,True
2025-03-01,M04,U012,0,0,214.19,True,Atıştırmalık,Çikolata,Marka-F,False
2025-03-02,M04,U012,41,120,214.19,False,Atıştırmalık,Çikolata,Marka-F,False
2025-03-03,M04,U012,29,91,214.19,False,Atıştırmalık,Çikolata,Marka-F,False
2025-03-04,M04,U012,40,51,214.19,False,Atıştırmalık,Çikolata,Marka-F,False
2025-03-05,M04,U012,38,13,214.19,False,Atıştırmalık,Çikolata,Marka-F,False
2025-03-06,M04,U012,13,0,214.19,True,Atıştırmalık,Çikolata,Marka-F,False
2025-03-07,M04,U012,43,122,214.19,False,Atıştırmalık,Çikolata,Marka-F,False
2025-03-08,M04,U012,53,69,214.19,False,Atıştırmalık,Çikolata,Marka-F,False
2025-03-09,M04,U012,33,36,214.19,False,Atıştırmalık,Çikolata,Marka-F,False
2025-03-10,M04,U012,36,0,214.19,True,Atıştırmalık,Çikolata,Marka-F,False
2025-03-11,M04,U012,0,0,214.19,True,Atıştırmalık,Çikolata,Marka-F,False
2025-03-12,M04,U012,38,131,214.19,False,Atıştırmalık,Çikolata,Marka-F,False
2025-03-13,M04,U012,38,93,214.19,False,Atıştırmalık,Çikolata,Marka-F,False
2025-03-14,M04,U012,47,46,214.19,False,Atıştırmalık,Çikolata,Marka-F,False
2025-03-15,M04,U012,46,0,214.19,True,Atıştırmalık,Çikolata,Marka-F,False
2025-03-16,M04,U012,0,0,214.19,True,Atıştırmalık,Çikolata,Marka-F,False
2025-03-17,M04,U012,40,113,214.19,False,Atıştırmalık,Çikolata,Marka-F,False
2025-03-18,M04,U012,34,79,214.19,False,Atıştırmalık,Çikolata,Marka-F,False
2025-03-19,M04,U012,53,26,214.19,False,Atıştırmalık,Çikolata,Marka-F,False
2025-03-20,M04,U012,26,0,214.19,True,Atıştırmalık,Çikolata,Marka-F,False
2025-03-21,M04,U012,0,0,214.19,True,Atıştırmalık,Çikolata,Marka-F,False
2025-03-22,M04,U012,57,106,214.19,False,Atıştırmalık,Çikolata,Marka-F,False
2025-03-23,M04,U012,51,55,214.19,False,Atıştırmalık,Çikolata,Marka-F,False
2025-03-24,M04,U012,33,22,214.19,False,Atıştırmalık,Çikolata,Marka-F,False
2025-03-25,M04,U012,22,0,214.19,True,Atıştırmalık,Çikolata,Marka-F,False
2025-03-26,M04,U012,0,0,214.19,True,Atıştırmalık,Çikolata,Marka-F,False
2025-03-27,M04,U012,28,116,214.19,False,Atıştırmalık,Çikolata,Marka-F,False
2025-03-28,M04,U012,49,67,214.19,False,Atıştırmalık,Çikolata,Marka-F,False
2025-03-29,M04,U012,47,20,214.19,False,Atıştırmalık,Çikolata,Marka-F,False
2025-03-30,M04,U012,20,0,214.19,True,Atıştırmalık,Çikolata,Marka-F,False
2025-03-31,M04,U012,0,0,214.19,True,Atıştırmalık,Çikolata,Marka-F,False
2025-04-01,M04,U012,37,114,214.19,False,Atıştırmalık,Çikolata,Marka-F,False
2025-04-02,M04,U012,30,84,214.19,False,Atıştırmalık,Çikolata,Marka-F,False
2025-04-03,M04,U012,51,33,214.19,False,Atıştırmalık,Çikolata,Marka-F,False
2025-04-04,M04,U012,33,0,214.19,True,Atıştırmalık,Çikolata,Marka-F,False
2025-04-05,M04,U012,0,0,214.19,True,Atıştırmalık,Çikolata,Marka-F,False
2025-04-06,M04,U012,50,96,214.19,False,Atıştırmalık,Çikolata,Marka-F,False
2025-04-07,M04,U012,31,65,214.19,False,Atıştırmalık,Çikolata,Marka-F,False
2025-04-08,M04,U012,30,35,214.19,False,Atıştırmalık,Çikolata,Marka-F,False
2025-04-09,M04,U012,35,0,171.35,True,Atıştırmalık,Çikolata,Marka-F,True
2025-04-10,M04,U012,0,0,214.19,True,Atıştırmalık,Çikolata,Marka-F,False
2025-04-11,M04,U012,0,0,214.19,True,Atıştırmalık,Çikolata,Marka-F,False
2025-04-12,M04,U012,0,0,214.19,True,Atıştırmalık,Çikolata,Marka-F,False
2025-04-13,M04,U012,0,0,214.19,True,Atıştırmalık,Çikolata,Marka-F,False
2025-04-14,M04,U012,0,0,182.06,True,Atıştırmalık,Çikolata,Marka-F,True
2025-04-15,M04,U012,0,0,214.19,True,Atıştırmalık,Çikolata,Marka-F,False
2025-04-16,M04,U012,35,139,214.19,False,Atıştırmalık,Çikolata,Marka-F,False
2025-04-17,M04,U012,32,107,214.19,False,Atıştırmalık,Çikolata,Marka-F,False
2025-04-18,M04,U012,47,60,214.19,False,Atıştırmalık,Çikolata,Marka-F,False
2025-04-19,M04,U012,49,11,214.19,False,Atıştırmalık,Çikolata,Marka-F,False
2025-04-20,M04,U012,11,0,182.06,True,Atıştırmalık,Çikolata,Marka-F,True
2025-04-21,M04,U012,41,113,214.19,False,Atıştırmalık,Çikolata,Marka-F,False
2025-04-22,M04,U012,46,67,192.77,False,Atıştırmalık,Çikolata,Marka-F,True
2025-04-23,M04,U012,42,25,214.19,False,Atıştırmalık,Çikolata,Marka-F,False
2025-04-24,M04,U012,25,0,214.19,True,Atıştırmalık,Çikolata,Marka-F,False
2025-04-25,M04,U012,0,0,214.19,True,Atıştırmalık,Çikolata,Marka-F,False
2025-04-26,M04,U012,55,112,214.19,False,Atıştırmalık,Çikolata,Marka-F,False
2025-04-27,M04,U012,45,67,214.19,False,Atıştırmalık,Çikolata,Marka-F,False
2025-04-28,M04,U012,41,26,214.19,False,Atıştırmalık,Çikolata,Marka-F,False
2025-04-29,M04,U012,26,0,214.19,True,Atıştırmalık,Çikolata,Marka-F,False
2025-04-30,M04,U012,0,0,214.19,True,Atıştırmalık,Çikolata,Marka-F,False
2025-05-01,M04,U012,50,111,214.19,False,Atıştırmalık,Çikolata,Marka-F,False
2025-05-02,M04,U012,47,64,214.19,False,Atıştırmalık,Çikolata,Marka-F,False
2025-05-03,M04,U012,49,15,214.19,False,Atıştırmalık,Çikolata,Marka-F,False
2025-05-04,M04,U012,15,0,214.19,True,Atıştırmalık,Çikolata,Marka-F,False
2025-05-05,M04,U012,0,0,214.19,True,Atıştırmalık,Çikolata,Marka-F,False
2025-05-06,M04,U012,30,126,214.19,False,Atıştırmalık,Çikolata,Marka-F,False
2025-01-01,M04,U013,10,57,176.68,False,Süt Ürünleri,Süt,Marka-A,False
2025-01-02,M04,U013,6,51,176.68,False,Süt Ürünleri,Süt,Marka-A,False
2025-01-03,M04,U013,10,41,176.68,False,Süt Ürünleri,Süt,Marka-A,False
2025-01-04,M04,U013,21,20,176.68,False,Süt Ürünleri,Süt,Marka-A,False
2025-01-05,M04,U013,16,4,176.68,False,Süt Ürünleri,Süt,Marka-A,False
2025-01-06,M04,U013,4,0,176.68,True,Süt Ürünleri,Süt,Marka-A,False
2025-01-07,M04,U013,0,0,176.68,True,Süt Ürünleri,Süt,Marka-A,False
2025-01-08,M04,U013,22,54,141.34,False,Süt Ürünleri,Süt,Marka-A,True
2025-01-09,M04,U013,25,29,159.01,False,Süt Ürünleri,Süt,Marka-A,True
2025-01-10,M04,U013,21,8,159.01,False,Süt Ürünleri,Süt,Marka-A,True
2025-01-11,M04,U013,8,0,176.68,True,Süt Ürünleri,Süt,Marka-A,False
2025-01-12,M04,U013,0,0,176.68,True,Süt Ürünleri,Süt,Marka-A,False
2025-01-13,M04,U013,0,0,176.68,True,Süt Ürünleri,Süt,Marka-A,False
2025-01-14,M04,U013,0,0,176.68,True,Süt Ürünleri,Süt,Marka-A,False
2025-01-15,M04,U013,13,55,176.68,False,Süt Ürünleri,Süt,Marka-A,False
2025-01-16,M04,U013,17,38,176.68,False,Süt Ürünleri,Süt,Marka-A,False
2025-01-17,M04,U013,17,21,176.68,False,Süt Ürünleri,Süt,Marka-A,False
2025-01-18,M04,U013,19,2,176.68,False,Süt Ürünleri,Süt,Marka-A,False
2025-01-19,M04,U013,2,0,176.68,True,Süt Ürünleri,Süt,Marka-A,False
2025-01-20,M04,U013,0,0,176.68,True,Süt Ürünleri,Süt,Marka-A,False
2025-01-21,M04,U013,0,0,176.68,True,Süt Ürünleri,Süt,Marka-A,False
2025-01-22,M04,U013,15,66,176.68,False,Süt Ürünleri,Süt,Marka-A,False
2025-01-23,M04,U013,13,53,176.68,False,Süt Ürünleri,Süt,Marka-A,False
2025-01-24,M04,U013,10,43,176.68,False,Süt Ürünleri,Süt,Marka-A,False
2025-01-25,M04,U013,35,8,141.34,False,Süt Ürünleri,Süt,Marka-A,True
2025-01-26,M04,U013,8,0,176.68,True,Süt Ürünleri,Süt,Marka-A,False
2025-01-27,M04,U013,0,0,176.68,True,Süt Ürünleri,Süt,Marka-A,False
2025-01-28,M04,U013,0,0,176.68,True,Süt Ürünleri,Süt,Marka-A,False
2025-01-29,M04,U013,12,55,176.68,False,Süt Ürünleri,Süt,Marka-A,False
2025-01-30,M04,U013,17,38,150.18,False,Süt Ürünleri,Süt,Marka-A,True
2025-01-31,M04,U013,15,23,176.68,False,Süt Ürünleri,Süt,Marka-A,False
2025-02-01,M04,U013,19,4,176.68,False,Süt Ürünleri,Süt,Marka-A,False
2025-02-02,M04,U013,4,0,176.68,True,Süt Ürünleri,Süt,Marka-A,False
2025-02-03,M04,U013,0,0,176.68,True,Süt Ürünleri,Süt,Marka-A,False
2025-02-04,M04,U013,0,0,176.68,True,Süt Ürünleri,Süt,Marka-A,False
2025-02-05,M04,U013,12,69,176.68,False,Süt Ürünleri,Süt,Marka-A,False
2025-02-06,M04,U013,25,44,176.68,False,Süt Ürünleri,Süt,Marka-A,False
2025-02-07,M04,U013,14,30,176.68,False,Süt Ürünleri,Süt,Marka-A,False
2025-02-08,M04,U013,12,18,176.68,False,Süt Ürünleri,Süt,Marka-A,False
2025-02-09,M04,U013,18,0,176.68,True,Süt Ürünleri,Süt,Marka-A,False
2025-02-10,M04,U013,0,0,176.68,True,Süt Ürünleri,Süt,Marka-A,False
2025-02-11,M04,U013,0,0,176.68,True,Süt Ürünleri,Süt,Marka-A,False
2025-02-12,M04,U013,0,0,176.68,True,Süt Ürünleri,Süt,Marka-A,False
2025-02-13,M04,U013,0,0,176.68,True,Süt Ürünleri,Süt,Marka-A,False
2025-02-14,M04,U013,0,0,176.68,True,Süt Ürünleri,Süt,Marka-A,False
2025-02-15,M04,U013,0,0,159.01,True,Süt Ürünleri,Süt,Marka-A,True
2025-02-16,M04,U013,0,0,176.68,True,Süt Ürünleri,Süt,Marka-A,False
2025-02-17,M04,U013,0,0,176.68,True,Süt Ürünleri,Süt,Marka-A,False
2025-02-18,M04,U013,0,0,176.68,True,Süt Ürünleri,Süt,Marka-A,False
2025-02-19,M04,U013,12,60,176.68,False,Süt Ürünleri,Süt,Marka-A,False
2025-02-20,M04,U013,19,41,141.34,False,Süt Ürünleri,Süt,Marka-A,True
2025-02-21,M04,U013,11,30,176.68,False,Süt Ürünleri,Süt,Marka-A,False
2025-02-22,M04,U013,13,17,176.68,False,Süt Ürünleri,Süt,Marka-A,False
2025-02-23,M04,U013,17,0,176.68,False,Süt Ürünleri,Süt,Marka-A,False
2025-02-24,M04,U013,0,0,176.68,True,Süt Ürünleri,Süt,Marka-A,False
2025-02-25,M04,U013,0,0,176.68,True,Süt Ürünleri,Süt,Marka-A,False
2025-02-26,M04,U013,11,65,176.68,False,Süt Ürünleri,Süt,Marka-A,False
2025-02-27,M04,U013,17,48,176.68,False,Süt Ürünleri,Süt,Marka-A,False
2025-02-28,M04,U013,14,34,176.68,False,Süt Ürünleri,Süt,Marka-A,False
2025-03-01,M04,U013,15,19,176.68,False,Süt Ürünleri,Süt,Marka-A,False
2025-03-02,M04,U013,19,0,141.34,True,Süt Ürünleri,Süt,Marka-A,True
2025-03-03,M04,U013,0,0,176.68,True,Süt Ürünleri,Süt,Marka-A,False
2025-03-04,M04,U013,0,0,176.68,True,Süt Ürünleri,Süt,Marka-A,False
2025-03-05,M04,U013,18,51,176.68,False,Süt Ürünleri,Süt,Marka-A,False
2025-03-06,M04,U013,16,35,176.68,False,Süt Ürünleri,Süt,Marka-A,False
2025-03-07,M04,U013,23,12,176.68,False,Süt Ürünleri,Süt,Marka-A,False
2025-03-08,M04,U013,12,0,176.68,True,Süt Ürünleri,Süt,Marka-A,False
2025-03-09,M04,U013,0,0,176.68,True,Süt Ürünleri,Süt,Marka-A,False
2025-03-10,M04,U013,0,0,176.68,True,Süt Ürünleri,Süt,Marka-A,False
2025-03-11,M04,U013,0,0,159.01,True,Süt Ürünleri,Süt,Marka-A,True
2025-03-12,M04,U013,18,59,176.68,False,Süt Ürünleri,Süt,Marka-A,False
2025-03-13,M04,U013,16,43,176.68,False,Süt Ürünleri,Süt,Marka-A,False
2025-03-14,M04,U013,20,23,176.68,False,Süt Ürünleri,Süt,Marka-A,False
2025-03-15,M04,U013,23,0,159.01,True,Süt Ürünleri,Süt,Marka-A,True
2025-03-16,M04,U013,0,0,176.68,True,Süt Ürünleri,Süt,Marka-A,False
2025-03-17,M04,U013,0,0,176.68,True,Süt Ürünleri,Süt,Marka-A,False
2025-03-18,M04,U013,0,0,176.68,True,Süt Ürünleri,Süt,Marka-A,False
2025-03-19,M04,U013,0,0,159.01,True,Süt Ürünleri,Süt,Marka-A,True
2025-03-20,M04,U013,0,0,176.68,True,Süt Ürünleri,Süt,Marka-A,False
2025-03-21,M04,U013,0,0,176.68,True,Süt Ürünleri,Süt,Marka-A,False
2025-03-22,M04,U013,0,0,176.68,True,Süt Ürünleri,Süt,Marka-A,False
2025-03-23,M04,U013,0,0,176.68,True,Süt Ürünleri,Süt,Marka-A,False
2025-03-24,M04,U013,0,0,176.68,True,Süt Ürünleri,Süt,Marka-A,False
2025-03-25,M04,U013,0,0,176.68,True,Süt Ürünleri,Süt,Marka-A,False
2025-03-26,M04,U013,9,72,176.68,False,Süt Ürünleri,Süt,Marka-A,False
2025-03-27,M04,U013,19,53,176.68,False,Süt Ürünleri,Süt,Marka-A,False
2025-03-28,M04,U013,16,37,176.68,False,Süt Ürünleri,Süt,Marka-A,False
2025-03-29,M04,U013,28,9,176.68,False,Süt Ürünleri,Süt,Marka-A,False
2025-03-30,M04,U013,9,0,176.68,True,Süt Ürünleri,Süt,Marka-A,False
2025-03-31,M04,U013,0,0,176.68,True,Süt Ürünleri,Süt,Marka-A,False
2025-04-01,M04,U013,0,0,176.68,True,Süt Ürünleri,Süt,Marka-A,False
2025-04-02,M04,U013,20,59,176.68,False,Süt Ürünleri,Süt,Marka-A,False
2025-04-03,M04,U013,12,47,176.68,False,Süt Ürünleri,Süt,Marka-A,False
2025-04-04,M04,U013,14,33,176.68,False,Süt Ürünleri,Süt,Marka-A,False
2025-04-05,M04,U013,21,12,159.01,False,Süt Ürünleri,Süt,Marka-A,True
2025-04-06,M04,U013,12,0,176.68,True,Süt Ürünleri,Süt,Marka-A,False
2025-04-07,M04,U013,0,0,176.68,True,Süt Ürünleri,Süt,Marka-A,False
2025-04-08,M04,U013,0,0,176.68,True,Süt Ürünleri,Süt,Marka-A,False
2025-04-09,M04,U013,10,59,176.68,False,Süt Ürünleri,Süt,Marka-A,False
2025-04-10,M04,U013,10,49,176.68,False,Süt Ürünleri,Süt,Marka-A,False
2025-04-11,M04,U013,36,13,159.01,False,Süt Ürünleri,Süt,Marka-A,True
2025-04-12,M04,U013,13,0,176.68,True,Süt Ürünleri,Süt,Marka-A,False
2025-04-13,M04,U013,0,0,176.68,True,Süt Ürünleri,Süt,Marka-A,False
2025-04-14,M04,U013,0,0,176.68,True,Süt Ürünleri,Süt,Marka-A,False
2025-04-15,M04,U013,0,0,176.68,True,Süt Ürünleri,Süt,Marka-A,False
2025-04-16,M04,U013,19,51,176.68,False,Süt Ürünleri,Süt,Marka-A,False
2025-04-17,M04,U013,10,41,176.68,False,Süt Ürünleri,Süt,Marka-A,False
2025-04-18,M04,U013,29,12,141.34,False,Süt Ürünleri,Süt,Marka-A,True
2025-04-19,M04,U013,12,0,159.01,True,Süt Ürünleri,Süt,Marka-A,True
2025-04-20,M04,U013,0,0,176.68,True,Süt Ürünleri,Süt,Marka-A,False
2025-04-21,M04,U013,0,0,176.68,True,Süt Ürünleri,Süt,Marka-A,False
2025-04-22,M04,U013,0,0,176.68,True,Süt Ürünleri,Süt,Marka-A,False
2025-04-23,M04,U013,0,0,176.68,True,Süt Ürünleri,Süt,Marka-A,False
2025-04-24,M04,U013,0,0,176.68,True,Süt Ürünleri,Süt,Marka-A,False
2025-04-25,M04,U013,0,0,176.68,True,Süt Ürünleri,Süt,Marka-A,False
2025-04-26,M04,U013,0,0,176.68,True,Süt Ürünleri,Süt,Marka-A,False
2025-04-27,M04,U013,0,0,141.34,True,Süt Ürünleri,Süt,Marka-A,True
2025-04-28,M04,U013,0,0,176.68,True,Süt Ürünleri,Süt,Marka-A,False
2025-04-29,M04,U013,0,0,176.68,True,Süt Ürünleri,Süt,Marka-A,False
2025-04-30,M04,U013,16,52,176.68,False,Süt Ürünleri,Süt,Marka-A,False
2025-05-01,M04,U013,16,36,176.68,False,Süt Ürünleri,Süt,Marka-A,False
2025-05-02,M04,U013,16,20,176.68,False,Süt Ürünleri,Süt,Marka-A,False
2025-05-03,M04,U013,20,0,176.68,True,Süt Ürünleri,Süt,Marka-A,False
2025-05-04,M04,U013,0,0,176.68,True,Süt Ürünleri,Süt,Marka-A,False
2025-05-05,M04,U013,0,0,176.68,True,Süt Ürünleri,Süt,Marka-A,False
2025-05-06,M04,U013,0,0,176.68,True,Süt Ürünleri,Süt,Marka-A,False
2025-01-01,M04,U014,4,39,115.91,False,Süt Ürünleri,Süt,Marka-B,False
2025-01-02,M04,U014,15,24,115.91,False,Süt Ürünleri,Süt,Marka-B,False
2025-01-03,M04,U014,10,14,115.91,False,Süt Ürünleri,Süt,Marka-B,False
2025-01-04,M04,U014,9,5,115.91,False,Süt Ürünleri,Süt,Marka-B,False
2025-01-05,M04,U014,5,0,115.91,True,Süt Ürünleri,Süt,Marka-B,False
2025-01-06,M04,U014,0,0,115.91,True,Süt Ürünleri,Süt,Marka-B,False
2025-01-07,M04,U014,5,32,115.91,False,Süt Ürünleri,Süt,Marka-B,False
2025-01-08,M04,U014,10,22,115.91,False,Süt Ürünleri,Süt,Marka-B,False
2025-01-09,M04,U014,17,5,115.91,False,Süt Ürünleri,Süt,Marka-B,False
2025-01-10,M04,U014,5,0,115.91,True,Süt Ürünleri,Süt,Marka-B,False
2025-01-11,M04,U014,0,0,115.91,True,Süt Ürünleri,Süt,Marka-B,False
2025-01-12,M04,U014,0,0,115.91,True,Süt Ürünleri,Süt,Marka-B,False
2025-01-13,M04,U014,0,0,115.91,True,Süt Ürünleri,Süt,Marka-B,False
2025-01-14,M04,U014,0,0,115.91,True,Süt Ürünleri,Süt,Marka-B,False
2025-01-15,M04,U014,0,0,115.91,True,Süt Ürünleri,Süt,Marka-B,False
2025-01-16,M04,U014,0,0,115.91,True,Süt Ürünleri,Süt,Marka-B,False
2025-01-17,M04,U014,0,0,115.91,True,Süt Ürünleri,Süt,Marka-B,False
2025-01-18,M04,U014,0,0,115.91,True,Süt Ürünleri,Süt,Marka-B,False
2025-01-19,M04,U014,6,31,115.91,False,Süt Ürünleri,Süt,Marka-B,False
2025-01-20,M04,U014,4,27,115.91,False,Süt Ürünleri,Süt,Marka-B,False
2025-01-21,M04,U014,7,20,115.91,False,Süt Ürünleri,Süt,Marka-B,False
2025-01-22,M04,U014,20,0,104.32,True,Süt Ürünleri,Süt,Marka-B,True
2025-01-23,M04,U014,0,0,115.91,True,Süt Ürünleri,Süt,Marka-B,False
2025-01-24,M04,U014,0,0,115.91,True,Süt Ürünleri,Süt,Marka-B,False
2025-01-25,M04,U014,0,0,115.91,True,Süt Ürünleri,Süt,Marka-B,False
2025-01-26,M04,U014,0,0,115.91,True,Süt Ürünleri,Süt,Marka-B,False
2025-01-27,M04,U014,0,0,115.91,True,Süt Ürünleri,Süt,Marka-B,False
2025-01-28,M04,U014,0,0,115.91,True,Süt Ürünleri,Süt,Marka-B,False
2025-01-29,M04,U014,0,0,115.91,True,Süt Ürünleri,Süt,Marka-B,False
2025-01-30,M04,U014,0,0,115.91,True,Süt Ürünleri,Süt,Marka-B,False
2025-01-31,M04,U014,11,33,115.91,False,Süt Ürünleri,Süt,Marka-B,False
2025-02-01,M04,U014,11,22,115.91,False,Süt Ürünleri,Süt,Marka-B,False
2025-02-02,M04,U014,11,11,115.91,False,Süt Ürünleri,Süt,Marka-B,False
2025-02-03,M04,U014,6,5,115.91,False,Süt Ürünleri,Süt,Marka-B,False
2025-02-04,M04,U014,5,0,115.91,True,Süt Ürünleri,Süt,Marka-B,False
2025-02-05,M04,U014,0,0,115.91,True,Süt Ürünleri,Süt,Marka-B,False
2025-02-06,M04,U014,12,30,115.91,False,Süt Ürünleri,Süt,Marka-B,False
2025-02-07,M04,U014,5,25,115.91,False,Süt Ürünleri,Süt,Marka-B,False
2025-02-08,M04,U014,16,9,115.91,False,Süt Ürünleri,Süt,Marka-B,False
2025-02-09,M04,U014,9,0,115.91,True,Süt Ürünleri,Süt,Marka-B,False
2025-02-10,M04,U014,0,0,115.91,True,Süt Ürünleri,Süt,Marka-B,False
2025-02-11,M04,U014,0,0,115.91,True,Süt Ürünleri,Süt,Marka-B,False
2025-02-12,M04,U014,0,0,115.91,True,Süt Ürünleri,Süt,Marka-B,False
2025-02-13,M04,U014,0,0,115.91,True,Süt Ürünleri,Süt,Marka-B,False
2025-02-14,M04,U014,0,0,115.91,True,Süt Ürünleri,Süt,Marka-B,False
2025-02-15,M04,U014,0,0,115.91,True,Süt Ürünleri,Süt,Marka-B,False
2025-02-16,M04,U014,0,0,115.91,True,Süt Ürünleri,Süt,Marka-B,False
2025-02-17,M04,U014,0,0,115.91,True,Süt Ürünleri,Süt,Marka-B,False
2025-02-18,M04,U014,15,22,115.91,False,Süt Ürünleri,Süt,Marka-B,False
2025-02-19,M04,U014,8,14,115.91,False,Süt Ürünleri,Süt,Marka-B,False
2025-02-20,M04,U014,10,4,115.91,False,Süt Ürünleri,Süt,Marka-B,False
2025-02-21,M04,U014,4,0,115.91,True,Süt Ürünleri,Süt,Marka-B,False
2025-02-22,M04,U014,0,0,115.91,True,Süt Ürünleri,Süt,Marka-B,False
2025-02-23,M04,U014,0,0,115.91,True,Süt Ürünleri,Süt,Marka-B,False
2025-02-24,M04,U014,7,34,115.91,False,Süt Ürünleri,Süt,Marka-B,False
2025-02-25,M04,U014,7,27,115.91,False,Süt Ürünleri,Süt,Marka-B,False
2025-02-26,M04,U014,10,17,115.91,False,Süt Ürünleri,Süt,Marka-B,False
2025-02-27,M04,U014,7,10,115.91,False,Süt Ürünleri,Süt,Marka-B,False
2025-02-28,M04,U014,10,0,115.91,True,Süt Ürünleri,Süt,Marka-B,False
2025-03-01,M04,U014,0,0,104.32,True,Süt Ürünleri,Süt,Marka-B,True
2025-03-02,M04,U014,0,0,115.91,True,Süt Ürünleri,Süt,Marka-B,False
2025-03-03,M04,U014,0,0,115.91,True,Süt Ürünleri,Süt,Marka-B,False
2025-03-04,M04,U014,0,0,115.91,True,Süt Ürünleri,Süt,Marka-B,False
2025-03-05,M04,U014,0,0,115.91,True,Süt Ürünleri,Süt,Marka-B,False
2025-03-06,M04,U014,0,0,115.91,True,Süt Ürünleri,Süt,Marka-B,False
2025-03-07,M04,U014,0,0,115.91,True,Süt Ürünleri,Süt,Marka-B,False
2025-03-08,M04,U014,0,0,115.91,True,Süt Ürünleri,Süt,Marka-B,False
2025-03-09,M04,U014,0,0,115.91,True,Süt Ürünleri,Süt,Marka-B,False
2025-03-10,M04,U014,0,0,115.91,True,Süt Ürünleri,Süt,Marka-B,False
2025-03-11,M04,U014,0,0,115.91,True,Süt Ürünleri,Süt,Marka-B,False
2025-03-12,M04,U014,0,0,115.91,True,Süt Ürünleri,Süt,Marka-B,False
2025-03-13,M04,U014,0,0,115.91,True,Süt Ürünleri,Süt,Marka-B,False
2025-03-14,M04,U014,10,31,115.91,False,Süt Ürünleri,Süt,Marka-B,False
2025-03-15,M04,U014,5,26,115.91,False,Süt Ürünleri,Süt,Marka-B,False
2025-03-16,M04,U014,12,14,115.91,False,Süt Ürünleri,Süt,Marka-B,False
2025-03-17,M04,U014,10,4,115.91,False,Süt Ürünleri,Süt,Marka-B,False
2025-03-18,M04,U014,4,0,115.91,True,Süt Ürünleri,Süt,Marka-B,False
2025-03-19,M04,U014,0,0,115.91,True,Süt Ürünleri,Süt,Marka-B,False
2025-03-20,M04,U014,12,30,115.91,False,Süt Ürünleri,Süt,Marka-B,False
2025-03-21,M04,U014,17,13,115.91,False,Süt Ürünleri,Süt,Marka-B,False
2025-03-22,M04,U014,13,0,115.91,False,Süt Ürünleri,Süt,Marka-B,False
2025-03-23,M04,U014,0,0,115.91,True,Süt Ürünleri,Süt,Marka-B,False
2025-03-24,M04,U014,0,0,115.91,True,Süt Ürünleri,Süt,Marka-B,False
2025-03-25,M04,U014,0,0,98.52,True,Süt Ürünleri,Süt,Marka-B,True
2025-03-26,M04,U014,15,24,98.52,False,Süt Ürünleri,Süt,Marka-B,True
2025-03-27,M04,U014,15,9,115.91,False,Süt Ürünleri,Süt,Marka-B,False
2025-03-28,M04,U014,9,0,115.91,True,Süt Ürünleri,Süt,Marka-B,False
2025-03-29,M04,U014,0,0,115.91,True,Süt Ürünleri,Süt,Marka-B,False
2025-03-30,M04,U014,0,0,115.91,True,Süt Ürünleri,Süt,Marka-B,False
2025-03-31,M04,U014,0,0,115.91,True,Süt Ürünleri,Süt,Marka-B,False
2025-04-01,M04,U014,8,30,115.91,False,Süt Ürünleri,Süt,Marka-B,False
2025-04-02,M04,U014,7,23,115.91,False,Süt Ürünleri,Süt,Marka-B,False
2025-04-03,M04,U014,6,17,115.91,False,Süt Ürünleri,Süt,Marka-B,False
2025-04-04,M04,U014,6,11,115.91,False,Süt Ürünleri,Süt,Marka-B,False
2025-04-05,M04,U014,11,0,115.91,True,Süt Ürünleri,Süt,Marka-B,False
2025-04-06,M04,U014,0,0,115.91,True,Süt Ürünleri,Süt,Marka-B,False
2025-04-07,M04,U014,9,33,115.91,False,Süt Ürünleri,Süt,Marka-B,False
2025-04-08,M04,U014,9,24,115.91,False,Süt Ürünleri,Süt,Marka-B,False
2025-04-09,M04,U014,12,12,115.91,False,Süt Ürünleri,Süt,Marka-B,False
2025-04-10,M04,U014,9,3,115.91,False,Süt Ürünleri,Süt,Marka-B,False
2025-04-11,M04,U014,3,0,115.91,True,Süt Ürünleri,Süt,Marka-B,False
2025-04-12,M04,U014,0,0,115.91,True,Süt Ürünleri,Süt,Marka-B,False
2025-04-13,M04,U014,0,0,115.91,True,Süt Ürünleri,Süt,Marka-B,False
2025-04-14,M04,U014,0,0,115.91,True,Süt Ürünleri,Süt,Marka-B,False
2025-04-15,M04,U014,0,0,115.91,True,Süt Ürünleri,Süt,Marka-B,False
2025-04-16,M04,U014,0,0,115.91,True,Süt Ürünleri,Süt,Marka-B,False
2025-04-17,M04,U014,0,0,115.91,True,Süt Ürünleri,Süt,Marka-B,False
2025-04-18,M04,U014,0,0,115.91,True,Süt Ürünleri,Süt,Marka-B,False
2025-04-19,M04,U014,19,19,115.91,False,Süt Ürünleri,Süt,Marka-B,False
2025-04-20,M04,U014,13,6,115.91,False,Süt Ürünleri,Süt,Marka-B,False
2025-04-21,M04,U014,6,0,115.91,True,Süt Ürünleri,Süt,Marka-B,False
2025-04-22,M04,U014,0,0,115.91,True,Süt Ürünleri,Süt,Marka-B,False
2025-04-23,M04,U014,0,0,115.91,True,Süt Ürünleri,Süt,Marka-B,False
2025-04-24,M04,U014,0,0,115.91,True,Süt Ürünleri,Süt,Marka-B,False
2025-04-25,M04,U014,13,28,115.91,False,Süt Ürünleri,Süt,Marka-B,False
2025-04-26,M04,U014,21,7,115.91,False,Süt Ürünleri,Süt,Marka-B,False
2025-04-27,M04,U014,7,0,115.91,True,Süt Ürünleri,Süt,Marka-B,False
2025-04-28,M04,U014,0,0,115.91,True,Süt Ürünleri,Süt,Marka-B,False
2025-04-29,M04,U014,0,0,115.91,True,Süt Ürünleri,Süt,Marka-B,False
2025-04-30,M04,U014,0,0,115.91,True,Süt Ürünleri,Süt,Marka-B,False
2025-05-01,M04,U014,15,21,115.91,False,Süt Ürünleri,Süt,Marka-B,False
2025-05-02,M04,U014,13,8,115.91,False,Süt Ürünleri,Süt,Marka-B,False
2025-05-03,M04,U014,8,0,115.91,True,Süt Ürünleri,Süt,Marka-B,False
2025-05-04,M04,U014,0,0,115.91,True,Süt Ürünleri,Süt,Marka-B,False
2025-05-05,M04,U014,0,0,115.91,True,Süt Ürünleri,Süt,Marka-B,False
2025-05-06,M04,U014,0,0,115.91,True,Süt Ürünleri,Süt,Marka-B,False
2025-01-01,M04,U015,23,147,54.99,False,Süt Ürünleri,Yoğurt,Marka-C,False
2025-01-02,M04,U015,34,113,54.99,False,Süt Ürünleri,Yoğurt,Marka-C,False
2025-01-03,M04,U015,29,84,54.99,False,Süt Ürünleri,Yoğurt,Marka-C,False
2025-01-04,M04,U015,39,45,54.99,False,Süt Ürünleri,Yoğurt,Marka-C,False
2025-01-05,M04,U015,45,0,43.99,True,Süt Ürünleri,Yoğurt,Marka-C,True
2025-01-06,M04,U015,14,153,54.99,False,Süt Ürünleri,Yoğurt,Marka-C,False
2025-01-07,M04,U015,31,122,54.99,False,Süt Ürünleri,Yoğurt,Marka-C,False
2025-01-08,M04,U015,37,85,54.99,False,Süt Ürünleri,Yoğurt,Marka-C,False
2025-01-09,M04,U015,32,53,54.99,False,Süt Ürünleri,Yoğurt,Marka-C,False
2025-01-10,M04,U015,29,24,54.99,False,Süt Ürünleri,Yoğurt,Marka-C,False
2025-01-11,M04,U015,37,145,54.99,False,Süt Ürünleri,Yoğurt,Marka-C,False
2025-01-12,M04,U015,42,103,54.99,False,Süt Ürünleri,Yoğurt,Marka-C,False
2025-01-13,M04,U015,22,81,54.99,False,Süt Ürünleri,Yoğurt,Marka-C,False
2025-01-14,M04,U015,32,49,54.99,False,Süt Ürünleri,Yoğurt,Marka-C,False
2025-01-15,M04,U015,33,16,54.99,False,Süt Ürünleri,Yoğurt,Marka-C,False
2025-01-16,M04,U015,22,141,54.99,False,Süt Ürünleri,Yoğurt,Marka-C,False
2025-01-17,M04,U015,32,109,54.99,False,Süt Ürünleri,Yoğurt,Marka-C,False
2025-01-18,M04,U015,46,63,54.99,False,Süt Ürünleri,Yoğurt,Marka-C,False
2025-01-19,M04,U015,29,34,54.99,False,Süt Ürünleri,Yoğurt,Marka-C,False
2025-01-20,M04,U015,26,8,54.99,False,Süt Ürünleri,Yoğurt,Marka-C,False
2025-01-21,M04,U015,33,152,54.99,False,Süt Ürünleri,Yoğurt,Marka-C,False
2025-01-22,M04,U015,35,117,46.74,False,Süt Ürünleri,Yoğurt,Marka-C,True
2025-01-23,M04,U015,35,82,49.49,False,Süt Ürünleri,Yoğurt,Marka-C,True
2025-01-24,M04,U015,29,53,54.99,False,Süt Ürünleri,Yoğurt,Marka-C,False
2025-01-25,M04,U015,38,15,54.99,False,Süt Ürünleri,Yoğurt,Marka-C,False
2025-01-26,M04,U015,35,119,54.99,False,Süt Ürünleri,Yoğurt,Marka-C,False
2025-01-27,M04,U015,31,88,54.99,False,Süt Ürünleri,Yoğurt,Marka-C,False
2025-01-28,M04,U015,28,60,54.99,False,Süt Ürünleri,Yoğurt,Marka-C,False
2025-01-29,M04,U015,40,20,49.49,False,Süt Ürünleri,Yoğurt,Marka-C,True
2025-01-30,M04,U015,20,0,54.99,True,Süt Ürünleri,Yoğurt,Marka-C,False
2025-01-31,M04,U015,34,139,54.99,False,Süt Ürünleri,Yoğurt,Marka-C,False
2025-02-01,M04,U015,53,86,49.49,False,Süt Ürünleri,Yoğurt,Marka-C,True
2025-02-02,M04,U015,23,63,54.99,False,Süt Ürünleri,Yoğurt,Marka-C,False
2025-02-03,M04,U015,26,37,54.99,False,Süt Ürünleri,Yoğurt,Marka-C,False
2025-02-04,M04,U015,29,8,54.99,False,Süt Ürünleri,Yoğurt,Marka-C,False
2025-02-05,M04,U015,38,134,54.99,False,Süt Ürünleri,Yoğurt,Marka-C,False
2025-02-06,M04,U015,25,109,54.99,False,Süt Ürünleri,Yoğurt,Marka-C,False
2025-02-07,M04,U015,23,86,54.99,False,Süt Ürünleri,Yoğurt,Marka-C,False
2025-02-08,M04,U015,37,49,54.99,False,Süt Ürünleri,Yoğurt,Marka-C,False
2025-02-09,M04,U015,30,19,54.99,False,Süt Ürünleri,Yoğurt,Marka-C,False
2025-02-10,M04,U015,35,139,54.99,False,Süt Ürünleri,Yoğurt,Marka-C,False
2025-02-11,M04,U015,19,120,54.99,False,Süt Ürünleri,Yoğurt,Marka-C,False
2025-02-12,M04,U015,21,99,54.99,False,Süt Ürünleri,Yoğurt,Marka-C,False
2025-02-13,M04,U015,31,68,54.99,False,Süt Ürünleri,Yoğurt,Marka-C,False
2025-02-14,M04,U015,29,39,54.99,False,Süt Ürünleri,Yoğurt,Marka-C,False
2025-02-15,M04,U015,38,147,54.99,False,Süt Ürünleri,Yoğurt,Marka-C,False
2025-02-16,M04,U015,42,105,54.99,False,Süt Ürünleri,Yoğurt,Marka-C,False
2025-02-17,M04,U015,33,72,54.99,False,Süt Ürünleri,Yoğurt,Marka-C,False
2025-02-18,M04,U015,31,41,54.99,False,Süt Ürünleri,Yoğurt,Marka-C,False
2025-02-19,M04,U015,24,17,54.99,False,Süt Ürünleri,Yoğurt,Marka-C,False
2025-02-20,M04,U015,35,149,54.99,False,Süt Ürünleri,Yoğurt,Marka-C,False
2025-02-21,M04,U015,34,115,54.99,False,Süt Ürünleri,Yoğurt,Marka-C,False
2025-02-22,M04,U015,43,72,54.99,False,Süt Ürünleri,Yoğurt,Marka-C,False
2025-02-23,M04,U015,32,40,54.99,False,Süt Ürünleri,Yoğurt,Marka-C,False
2025-02-24,M04,U015,23,17,54.99,False,Süt Ürünleri,Yoğurt,Marka-C,False
2025-02-25,M04,U015,31,143,49.49,False,Süt Ürünleri,Yoğurt,Marka-C,True
2025-02-26,M04,U015,56,87,46.74,False,Süt Ürünleri,Yoğurt,Marka-C,True
2025-02-27,M04,U015,35,52,54.99,False,Süt Ürünleri,Yoğurt,Marka-C,False
2025-02-28,M04,U015,35,17,54.99,False,Süt Ürünleri,Yoğurt,Marka-C,False
2025-03-01,M04,U015,17,0,54.99,True,Süt Ürünleri,Yoğurt,Marka-C,False
2025-03-02,M04,U015,35,151,54.99,False,Süt Ürünleri,Yoğurt,Marka-C,False
2025-03-03,M04,U015,20,131,54.99,False,Süt Ürünleri,Yoğurt,Marka-C,False
2025-03-04,M04,U015,32,99,54.99,False,Süt Ürünleri,Yoğurt,Marka-C,False
2025-03-05,M04,U015,30,69,54.99,False,Süt Ürünleri,Yoğurt,Marka-C,False
2025-03-06,M04,U015,50,19,43.99,False,Süt Ürünleri,Yoğurt,Marka-C,True
2025-03-07,M04,U015,25,160,54.99,False,Süt Ürünleri,Yoğurt,Marka-C,False
2025-03-08,M04,U015,45,115,54.99,False,Süt Ürünleri,Yoğurt,Marka-C,False
2025-03-09,M04,U015,44,71,54.99,False,Süt Ürünleri,Yoğurt,Marka-C,False
2025-03-10,M04,U015,29,42,54.99,False,Süt Ürünleri,Yoğurt,Marka-C,False
2025-03-11,M04,U015,33,9,54.99,False,Süt Ürünleri,Yoğurt,Marka-C,False
2025-03-12,M04,U015,33,136,54.99,False,Süt Ürünleri,Yoğurt,Marka-C,False
2025-03-13,M04,U015,50,86,49.49,False,Süt Ürünleri,Yoğurt,Marka-C,True
2025-03-14,M04,U015,34,52,54.99,False,Süt Ürünleri,Yoğurt,Marka-C,False
2025-03-15,M04,U015,47,5,54.99,False,Süt Ürünleri,Yoğurt,Marka-C,False
2025-03-16,M04,U015,5,0,54.99,True,Süt Ürünleri,Yoğurt,Marka-C,False
2025-03-17,M04,U015,21,138,54.99,False,Süt Ürünleri,Yoğurt,Marka-C,False
2025-03-18,M04,U015,18,120,54.99,False,Süt Ürünleri,Yoğurt,Marka-C,False
2025-03-19,M04,U015,34,86,54.99,False,Süt Ürünleri,Yoğurt,Marka-C,False
2025-03-20,M04,U015,36,50,54.99,False,Süt Ürünleri,Yoğurt,Marka-C,False
2025-03-21,M04,U015,50,0,43.99,True,Süt Ürünleri,Yoğurt,Marka-C,True
2025-03-22,M04,U015,44,126,54.99,False,Süt Ürünleri,Yoğurt,Marka-C,False
2025-03-23,M04,U015,36,90,54.99,False,Süt Ürünleri,Yoğurt,Marka-C,False
2025-03-24,M04,U015,33,57,54.99,False,Süt Ürünleri,Yoğurt,Marka-C,False
2025-03-25,M04,U015,31,26,54.99,False,Süt Ürünleri,Yoğurt,Marka-C,False
2025-03-26,M04,U015,26,0,54.99,True,Süt Ürünleri,Yoğurt,Marka-C,False
2025-03-27,M04,U015,35,132,54.99,False,Süt Ürünleri,Yoğurt,Marka-C,False
2025-03-28,M04,U015,41,91,54.99,False,Süt Ürünleri,Yoğurt,Marka-C,False
2025-03-29,M04,U015,35,56,54.99,False,Süt Ürünleri,Yoğurt,Marka-C,False
2025-03-30,M04,U015,34,22,54.99,False,Süt Ürünleri,Yoğurt,Marka-C,False
2025-03-31,M04,U015,22,0,54.99,False,Süt Ürünleri,Yoğurt,Marka-C,False
2025-04-01,M04,U015,28,135,54.99,False,Süt Ürünleri,Yoğurt,Marka-C,False
2025-04-02,M04,U015,39,96,54.99,False,Süt Ürünleri,Yoğurt,Marka-C,False
2025-04-03,M04,U015,34,62,54.99,False,Süt Ürünleri,Yoğurt,Marka-C,False
2025-04-04,M04,U015,32,30,54.99,False,Süt Ürünleri,Yoğurt,Marka-C,False
2025-04-05,M04,U015,30,0,54.99,True,Süt Ürünleri,Yoğurt,Marka-C,False
2025-04-06,M04,U015,45,122,54.99,False,Süt Ürünleri,Yoğurt,Marka-C,False
2025-04-07,M04,U015,38,84,54.99,False,Süt Ürünleri,Yoğurt,Marka-C,False
2025-04-08,M04,U015,27,57,54.99,False,Süt Ürünleri,Yoğurt,Marka-C,False
2025-04-09,M04,U015,42,15,54.99,False,Süt Ürünleri,Yoğurt,Marka-C,False
2025-04-10,M04,U015,15,0,54.99,True,Süt Ürünleri,Yoğurt,Marka-C,False
2025-04-11,M04,U015,30,155,54.99,False,Süt Ürünleri,Yoğurt,Marka-C,False
2025-04-12,M04,U015,51,104,49.49,False,Süt Ürünleri,Yoğurt,Marka-C,True
2025-04-13,M04,U015,47,57,54.99,False,Süt Ürünleri,Yoğurt,Marka-C,False
2025-04-14,M04,U015,28,29,54.99,False,Süt Ürünleri,Yoğurt,Marka-C,False
2025-04-15,M04,U015,25,4,54.99,False,Süt Ürünleri,Yoğurt,Marka-C,False
2025-04-16,M04,U015,38,129,54.99,False,Süt Ürünleri,Yoğurt,Marka-C,False
2025-04-17,M04,U015,32,97,54.99,False,Süt Ürünleri,Yoğurt,Marka-C,False
2025-04-18,M04,U015,27,70,54.99,False,Süt Ürünleri,Yoğurt,Marka-C,False
2025-04-19,M04,U015,33,37,54.99,False,Süt Ürünleri,Yoğurt,Marka-C,False
2025-04-20,M04,U015,37,0,54.99,True,Süt Ürünleri,Yoğurt,Marka-C,False
2025-04-21,M04,U015,26,160,54.99,False,Süt Ürünleri,Yoğurt,Marka-C,False
2025-04-22,M04,U015,40,120,54.99,False,Süt Ürünleri,Yoğurt,Marka-C,False
2025-04-23,M04,U015,38,82,54.99,False,Süt Ürünleri,Yoğurt,Marka-C,False
2025-04-24,M04,U015,35,47,54.99,False,Süt Ürünleri,Yoğurt,Marka-C,False
2025-04-25,M04,U015,33,14,54.99,False,Süt Ürünleri,Yoğurt,Marka-C,False
2025-04-26,M04,U015,14,0,54.99,True,Süt Ürünleri,Yoğurt,Marka-C,False
2025-04-27,M04,U015,0,0,54.99,True,Süt Ürünleri,Yoğurt,Marka-C,False
2025-04-28,M04,U015,0,0,54.99,True,Süt Ürünleri,Yoğurt,Marka-C,False
2025-04-29,M04,U015,0,0,54.99,True,Süt Ürünleri,Yoğurt,Marka-C,False
2025-04-30,M04,U015,0,0,54.99,True,Süt Ürünleri,Yoğurt,Marka-C,False
2025-05-01,M04,U015,38,136,54.99,False,Süt Ürünleri,Yoğurt,Marka-C,False
2025-05-02,M04,U015,45,91,54.99,False,Süt Ürünleri,Yoğurt,Marka-C,False
2025-05-03,M04,U015,40,51,54.99,False,Süt Ürünleri,Yoğurt,Marka-C,False
2025-05-04,M04,U015,50,1,54.99,False,Süt Ürünleri,Yoğurt,Marka-C,False
2025-05-05,M04,U015,1,0,46.74,True,Süt Ürünleri,Yoğurt,Marka-C,True
2025-05-06,M04,U015,0,0,43.99,True,Süt Ürünleri,Yoğurt,Marka-C,True
2025-01-01,M04,U016,52,168,170.13,False,Süt Ürünleri,Yoğurt,Marka-D,False
2025-01-02,M04,U016,38,130,170.13,False,Süt Ürünleri,Yoğurt,Marka-D,False
2025-01-03,M04,U016,37,93,170.13,False,Süt Ürünleri,Yoğurt,Marka-D,False
2025-01-04,M04,U016,47,46,170.13,False,Süt Ürünleri,Yoğurt,Marka-D,False
2025-01-05,M04,U016,33,176,170.13,False,Süt Ürünleri,Yoğurt,Marka-D,False
2025-01-06,M04,U016,57,119,170.13,False,Süt Ürünleri,Yoğurt,Marka-D,False
2025-01-07,M04,U016,56,63,136.1,False,Süt Ürünleri,Yoğurt,Marka-D,True
2025-01-08,M04,U016,46,17,170.13,False,Süt Ürünleri,Yoğurt,Marka-D,False
2025-01-09,M04,U016,29,209,170.13,False,Süt Ürünleri,Yoğurt,Marka-D,False
2025-01-10,M04,U016,45,164,170.13,False,Süt Ürünleri,Yoğurt,Marka-D,False
2025-01-11,M04,U016,42,122,170.13,False,Süt Ürünleri,Yoğurt,Marka-D,False
2025-01-12,M04,U016,36,86,170.13,False,Süt Ürünleri,Yoğurt,Marka-D,False
2025-01-13,M04,U016,40,168,170.13,False,Süt Ürünleri,Yoğurt,Marka-D,False
2025-01-14,M04,U016,41,127,170.13,False,Süt Ürünleri,Yoğurt,Marka-D,False
2025-01-15,M04,U016,33,94,170.13,False,Süt Ürünleri,Yoğurt,Marka-D,False
2025-01-16,M04,U016,45,49,170.13,False,Süt Ürünleri,Yoğurt,Marka-D,False
2025-01-17,M04,U016,41,179,170.13,False,Süt Ürünleri,Yoğurt,Marka-D,False
2025-01-18,M04,U016,50,129,170.13,False,Süt Ürünleri,Yoğurt,Marka-D,False
2025-01-19,M04,U016,44,85,170.13,False,Süt Ürünleri,Yoğurt,Marka-D,False
2025-01-20,M04,U016,35,50,170.13,False,Süt Ürünleri,Yoğurt,Marka-D,False
2025-01-21,M04,U016,33,193,170.13,False,Süt Ürünleri,Yoğurt,Marka-D,False
2025-01-22,M04,U016,56,137,136.1,False,Süt Ürünleri,Yoğurt,Marka-D,True
2025-01-23,M04,U016,41,96,170.13,False,Süt Ürünleri,Yoğurt,Marka-D,False
2025-01-24,M04,U016,42,54,170.13,False,Süt Ürünleri,Yoğurt,Marka-D,False
2025-01-25,M04,U016,72,169,153.12,False,Süt Ürünleri,Yoğurt,Marka-D,True
2025-01-26,M04,U016,50,119,170.13,False,Süt Ürünleri,Yoğurt,Marka-D,False
2025-01-27,M04,U016,55,64,136.1,False,Süt Ürünleri,Yoğurt,Marka-D,True
2025-01-28,M04,U016,53,11,153.12,False,Süt Ürünleri,Yoğurt,Marka-D,True
2025-01-29,M04,U016,29,204,170.13,False,Süt Ürünleri,Yoğurt,Marka-D,False
2025-01-30,M04,U016,48,156,170.13,False,Süt Ürünleri,Yoğurt,Marka-D,False
2025-01-31,M04,U016,47,109,170.13,False,Süt Ürünleri,Yoğurt,Marka-D,False
2025-02-01,M04,U016,38,71,170.13,False,Süt Ürünleri,Yoğurt,Marka-D,False
2025-02-02,M04,U016,40,195,170.13,False,Süt Ürünleri,Yoğurt,Marka-D,False
2025-02-03,M04,U016,28,167,170.13,False,Süt Ürünleri,Yoğurt,Marka-D,False
2025-02-04,M04,U016,35,132,170.13,False,Süt Ürünleri,Yoğurt,Marka-D,False
2025-02-05,M04,U016,39,93,170.13,False,Süt Ürünleri,Yoğurt,Marka-D,False
2025-02-06,M04,U016,45,182,170.13,False,Süt Ürünleri,Yoğurt,Marka-D,False
2025-02-07,M04,U016,36,146,170.13,False,Süt Ürünleri,Yoğurt,Marka-D,False
2025-02-08,M04,U016,33,113,170.13,False,Süt Ürünleri,Yoğurt,Marka-D,False
2025-02-09,M04,U016,50,63,170.13,False,Süt Ürünleri,Yoğurt,Marka-D,False
2025-02-10,M04,U016,45,18,170.13,False,Süt Ürünleri,Yoğurt,Marka-D,False
2025-02-11,M04,U016,18,0,153.12,True,Süt Ürünleri,Yoğurt,Marka-D,True
2025-02-12,M04,U016,0,0,170.13,True,Süt Ürünleri,Yoğurt,Marka-D,False
2025-02-13,M04,U016,0,0,170.13,True,Süt Ürünleri,Yoğurt,Marka-D,False
2025-02-14,M04,U016,55,166,170.13,False,Süt Ürünleri,Yoğurt,Marka-D,False
2025-02-15,M04,U016,37,129,170.13,False,Süt Ürünleri,Yoğurt,Marka-D,False
2025-02-16,M04,U016,64,65,170.13,False,Süt Ürünleri,Yoğurt,Marka-D,False
2025-02-17,M04,U016,23,42,170.13,False,Süt Ürünleri,Yoğurt,Marka-D,False
2025-02-18,M04,U016,34,179,170.13,False,Süt Ürünleri,Yoğurt,Marka-D,False
2025-02-19,M04,U016,45,134,170.13,False,Süt Ürünleri,Yoğurt,Marka-D,False
2025-02-20,M04,U016,37,97,170.13,False,Süt Ürünleri,Yoğurt,Marka-D,False
2025-02-21,M04,U016,48,49,170.13,False,Süt Ürünleri,Yoğurt,Marka-D,False
2025-02-22,M04,U016,50,168,170.13,False,Süt Ürünleri,Yoğurt,Marka-D,False
2025-02-23,M04,U016,39,129,170.13,False,Süt Ürünleri,Yoğurt,Marka-D,False
2025-02-24,M04,U016,38,91,170.13,False,Süt Ürünleri,Yoğurt,Marka-D,False
2025-02-25,M04,U016,36,55,170.13,False,Süt Ürünleri,Yoğurt,Marka-D,False
2025-02-26,M04,U016,44,198,170.13,False,Süt Ürünleri,Yoğurt,Marka-D,False
2025-02-27,M04,U016,47,151,170.13,False,Süt Ürünleri,Yoğurt,Marka-D,False
2025-02-28,M04,U016,47,104,170.13,False,Süt Ürünleri,Yoğurt,Marka-D,False
2025-03-01,M04,U016,39,65,170.13,False,Süt Ürünleri,Yoğurt,Marka-D,False
2025-03-02,M04,U016,50,174,170.13,False,Süt Ürünleri,Yoğurt,Marka-D,False
2025-03-03,M04,U016,32,142,170.13,False,Süt Ürünleri,Yoğurt,Marka-D,False
2025-03-04,M04,U016,28,114,170.13,False,Süt Ürünleri,Yoğurt,Marka-D,False
2025-03-05,M04,U016,34,80,170.13,False,Süt Ürünleri,Yoğurt,Marka-D,False
2025-03-06,M04,U016,38,168,170.13,False,Süt Ürünleri,Yoğurt,Marka-D,False
2025-03-07,M04,U016,34,134,170.13,False,Süt Ürünleri,Yoğurt,Marka-D,False
2025-03-08,M04,U016,65,69,170.13,False,Süt Ürünleri,Yoğurt,Marka-D,False
2025-03-09,M04,U016,31,38,170.13,False,Süt Ürünleri,Yoğurt,Marka-D,False
2025-03-10,M04,U016,39,192,170.13,False,Süt Ürünleri,Yoğurt,Marka-D,False
2025-03-11,M04,U016,35,157,170.13,False,Süt Ürünleri,Yoğurt,Marka-D,False
2025-03-12,M04,U016,43,114,170.13,False,Süt Ürünleri,Yoğurt,Marka-D,False
2025-03-13,M04,U016,44,70,170.13,False,Süt Ürünleri,Yoğurt,Marka-D,False
2025-03-14,M04,U016,49,156,170.13,False,Süt Ürünleri,Yoğurt,Marka-D,False
2025-03-15,M04,U016,82,74,153.12,False,Süt Ürünleri,Yoğurt,Marka-D,True
2025-03-16,M04,U016,53,21,170.13,False,Süt Ürünleri,Yoğurt,Marka-D,False
2025-03-17,M04,U016,21,0,170.13,True,Süt Ürünleri,Yoğurt,Marka-D,False
2025-03-18,M04,U016,40,203,170.13,False,Süt Ürünleri,Yoğurt,Marka-D,False
2025-03-19,M04,U016,36,167,170.13,False,Süt Ürünleri,Yoğurt,Marka-D,False
2025-03-20,M04,U016,38,129,170.13,False,Süt Ürünleri,Yoğurt,Marka-D,False
2025-03-21,M04,U016,44,85,170.13,False,Süt Ürünleri,Yoğurt,Marka-D,False
2025-03-22,M04,U016,57,188,170.13,False,Süt Ürünleri,Yoğurt,Marka-D,False
2025-03-23,M04,U016,45,143,170.13,False,Süt Ürünleri,Yoğurt,Marka-D,False
2025-03-24,M04,U016,33,110,170.13,False,Süt Ürünleri,Yoğurt,Marka-D,False
2025-03-25,M04,U016,36,74,170.13,False,Süt Ürünleri,Yoğurt,Marka-D,False
2025-03-26,M04,U016,45,187,170.13,False,Süt Ürünleri,Yoğurt,Marka-D,False
2025-03-27,M04,U016,41,146,170.13,False,Süt Ürünleri,Yoğurt,Marka-D,False
2025-03-28,M04,U016,59,87,170.13,False,Süt Ürünleri,Yoğurt,Marka-D,False
2025-03-29,M04,U016,58,29,170.13,False,Süt Ürünleri,Yoğurt,Marka-D,False
2025-03-30,M04,U016,29,0,170.13,True,Süt Ürünleri,Yoğurt,Marka-D,False
2025-03-31,M04,U016,0,0,170.13,True,Süt Ürünleri,Yoğurt,Marka-D,False
2025-04-01,M04,U016,0,0,170.13,True,Süt Ürünleri,Yoğurt,Marka-D,False
2025-04-02,M04,U016,0,0,170.13,True,Süt Ürünleri,Yoğurt,Marka-D,False
2025-04-03,M04,U016,39,171,170.13,False,Süt Ürünleri,Yoğurt,Marka-D,False
2025-04-04,M04,U016,46,125,170.13,False,Süt Ürünleri,Yoğurt,Marka-D,False
2025-04-05,M04,U016,50,75,170.13,False,Süt Ürünleri,Yoğurt,Marka-D,False
2025-04-06,M04,U016,42,33,170.13,False,Süt Ürünleri,Yoğurt,Marka-D,False
2025-04-07,M04,U016,44,158,170.13,False,Süt Ürünleri,Yoğurt,Marka-D,False
2025-04-08,M04,U016,43,115,170.13,False,Süt Ürünleri,Yoğurt,Marka-D,False
2025-04-09,M04,U016,41,74,170.13,False,Süt Ürünleri,Yoğurt,Marka-D,False
2025-04-10,M04,U016,40,34,170.13,False,Süt Ürünleri,Yoğurt,Marka-D,False
2025-04-11,M04,U016,46,198,170.13,False,Süt Ürünleri,Yoğurt,Marka-D,False
2025-04-12,M04,U016,42,156,170.13,False,Süt Ürünleri,Yoğurt,Marka-D,False
2025-04-13,M04,U016,73,83,136.1,False,Süt Ürünleri,Yoğurt,Marka-D,True
2025-04-14,M04,U016,34,49,170.13,False,Süt Ürünleri,Yoğurt,Marka-D,False
2025-04-15,M04,U016,51,162,170.13,False,Süt Ürünleri,Yoğurt,Marka-D,False
2025-04-16,M04,U016,37,125,170.13,False,Süt Ürünleri,Yoğurt,Marka-D,False
2025-04-17,M04,U016,49,76,170.13,False,Süt Ürünleri,Yoğurt,Marka-D,False
2025-04-18,M04,U016,44,32,170.13,False,Süt Ürünleri,Yoğurt,Marka-D,False
2025-04-19,M04,U016,56,181,170.13,False,Süt Ürünleri,Yoğurt,Marka-D,False
2025-04-20,M04,U016,52,129,170.13,False,Süt Ürünleri,Yoğurt,Marka-D,False
2025-04-21,M04,U016,33,96,170.13,False,Süt Ürünleri,Yoğurt,Marka-D,False
2025-04-22,M04,U016,38,58,170.13,False,Süt Ürünleri,Yoğurt,Marka-D,False
2025-04-23,M04,U016,43,178,170.13,False,Süt Ürünleri,Yoğurt,Marka-D,False
2025-04-24,M04,U016,30,148,170.13,False,Süt Ürünleri,Yoğurt,Marka-D,False
2025-04-25,M04,U016,44,104,170.13,False,Süt Ürünleri,Yoğurt,Marka-D,False
2025-04-26,M04,U016,91,13,153.12,False,Süt Ürünleri,Yoğurt,Marka-D,True
2025-04-27,M04,U016,61,166,170.13,False,Süt Ürünleri,Yoğurt,Marka-D,False
2025-04-28,M04,U016,32,134,170.13,False,Süt Ürünleri,Yoğurt,Marka-D,False
2025-04-29,M04,U016,39,95,170.13,False,Süt Ürünleri,Yoğurt,Marka-D,False
2025-04-30,M04,U016,45,50,170.13,False,Süt Ürünleri,Yoğurt,Marka-D,False
2025-05-01,M04,U016,39,181,170.13,False,Süt Ürünleri,Yoğurt,Marka-D,False
2025-05-02,M04,U016,53,128,170.13,False,Süt Ürünleri,Yoğurt,Marka-D,False
2025-05-03,M04,U016,69,59,170.13,False,Süt Ürünleri,Yoğurt,Marka-D,False
2025-05-04,M04,U016,59,0,170.13,True,Süt Ürünleri,Yoğurt,Marka-D,False
2025-05-05,M04,U016,39,205,170.13,False,Süt Ürünleri,Yoğurt,Marka-D,False
2025-05-06,M04,U016,29,176,170.13,False,Süt Ürünleri,Yoğurt,Marka-D,False
2025-01-01,M04,U017,21,105,88.44,False,Süt Ürünleri,Peynir,Marka-E,False
2025-01-02,M04,U017,17,88,88.44,False,Süt Ürünleri,Peynir,Marka-E,False
2025-01-03,M04,U017,27,61,88.44,False,Süt Ürünleri,Peynir,Marka-E,False
2025-01-04,M04,U017,22,39,88.44,False,Süt Ürünleri,Peynir,Marka-E,False
2025-01-05,M04,U017,23,16,88.44,False,Süt Ürünleri,Peynir,Marka-E,False
2025-01-06,M04,U017,16,0,88.44,False,Süt Ürünleri,Peynir,Marka-E,False
2025-01-07,M04,U017,0,0,88.44,True,Süt Ürünleri,Peynir,Marka-E,False
2025-01-08,M04,U017,20,104,88.44,False,Süt Ürünleri,Peynir,Marka-E,False
2025-01-09,M04,U017,22,82,88.44,False,Süt Ürünleri,Peynir,Marka-E,False
2025-01-10,M04,U017,27,55,88.44,False,Süt Ürünleri,Peynir,Marka-E,False
2025-01-11,M04,U017,15,40,88.44,False,Süt Ürünleri,Peynir,Marka-E,False
2025-01-12,M04,U017,16,24,88.44,False,Süt Ürünleri,Peynir,Marka-E,False
2025-01-13,M04,U017,14,10,88.44,False,Süt Ürünleri,Peynir,Marka-E,False
2025-01-14,M04,U017,10,0,88.44,True,Süt Ürünleri,Peynir,Marka-E,False
2025-01-15,M04,U017,31,82,79.6,False,Süt Ürünleri,Peynir,Marka-E,True
2025-01-16,M04,U017,19,63,88.44,False,Süt Ürünleri,Peynir,Marka-E,False
2025-01-17,M04,U017,14,49,88.44,False,Süt Ürünleri,Peynir,Marka-E,False
2025-01-18,M04,U017,20,29,88.44,False,Süt Ürünleri,Peynir,Marka-E,False
2025-01-19,M04,U017,25,4,88.44,False,Süt Ürünleri,Peynir,Marka-E,False
2025-01-20,M04,U017,4,0,88.44,True,Süt Ürünleri,Peynir,Marka-E,False
2025-01-21,M04,U017,0,0,88.44,True,Süt Ürünleri,Peynir,Marka-E,False
2025-01-22,M04,U017,27,105,88.44,False,Süt Ürünleri,Peynir,Marka-E,False
2025-01-23,M04,U017,27,78,88.44,False,Süt Ürünleri,Peynir,Marka-E,False
2025-01-24,M04,U017,23,55,88.44,False,Süt Ürünleri,Peynir,Marka-E,False
2025-01-25,M04,U017,19,36,88.44,False,Süt Ürünleri,Peynir,Marka-E,False
2025-01-26,M04,U017,29,7,88.44,False,Süt Ürünleri,Peynir,Marka-E,False
2025-01-27,M04,U017,7,0,88.44,True,Süt Ürünleri,Peynir,Marka-E,False
2025-01-28,M04,U017,0,0,88.44,True,Süt Ürünleri,Peynir,Marka-E,False
2025-01-29,M04,U017,20,104,88.44,False,Süt Ürünleri,Peynir,Marka-E,False
2025-01-30,M04,U017,19,85,88.44,False,Süt Ürünleri,Peynir,Marka-E,False
2025-01-31,M04,U017,31,54,88.44,False,Süt Ürünleri,Peynir,Marka-E,False
2025-02-01,M04,U017,17,37,88.44,False,Süt Ürünleri,Peynir,Marka-E,False
2025-02-02,M04,U017,26,11,88.44,False,Süt Ürünleri,Peynir,Marka-E,False
2025-02-03,M04,U017,11,0,88.44,True,Süt Ürünleri,Peynir,Marka-E,False
2025-02-04,M04,U017,0,0,88.44,True,Süt Ürünleri,Peynir,Marka-E,False
2025-02-05,M04,U017,37,100,79.6,False,Süt Ürünleri,Peynir,Marka-E,True
2025-02-06,M04,U017,29,71,88.44,False,Süt Ürünleri,Peynir,Marka-E,False
2025-02-07,M04,U017,17,54,88.44,False,Süt Ürünleri,Peynir,Marka-E,False
2025-02-08,M04,U017,23,31,88.44,False,Süt Ürünleri,Peynir,Marka-E,False
2025-02-09,M04,U017,17,14,88.44,False,Süt Ürünleri,Peynir,Marka-E,False
2025-02-10,M04,U017,14,0,88.44,False,Süt Ürünleri,Peynir,Marka-E,False
2025-02-11,M04,U017,0,0,88.44,True,Süt Ürünleri,Peynir,Marka-E,False
2025-02-12,M04,U017,0,0,88.44,True,Süt Ürünleri,Peynir,Marka-E,False
2025-02-13,M04,U017,0,0,88.44,True,Süt Ürünleri,Peynir,Marka-E,False
2025-02-14,M04,U017,0,0,70.75,True,Süt Ürünleri,Peynir,Marka-E,True
2025-02-15,M04,U017,0,0,88.44,True,Süt Ürünleri,Peynir,Marka-E,False
2025-02-16,M04,U017,0,0,88.44,True,Süt Ürünleri,Peynir,Marka-E,False
2025-02-17,M04,U017,0,0,88.44,True,Süt Ürünleri,Peynir,Marka-E,False
2025-02-18,M04,U017,0,0,88.44,True,Süt Ürünleri,Peynir,Marka-E,False
2025-02-19,M04,U017,32,103,70.75,False,Süt Ürünleri,Peynir,Marka-E,True
2025-02-20,M04,U017,36,67,79.6,False,Süt Ürünleri,Peynir,Marka-E,True
2025-02-21,M04,U017,19,48,88.44,False,Süt Ürünleri,Peynir,Marka-E,False
2025-02-22,M04,U017,28,20,88.44,False,Süt Ürünleri,Peynir,Marka-E,False
2025-02-23,M04,U017,20,0,88.44,True,Süt Ürünleri,Peynir,Marka-E,False
2025-02-24,M04,U017,0,0,88.44,True,Süt Ürünleri,Peynir,Marka-E,False
2025-02-25,M04,U017,0,0,88.44,True,Süt Ürünleri,Peynir,Marka-E,False
2025-02-26,M04,U017,12,101,88.44,False,Süt Ürünleri,Peynir,Marka-E,False
2025-02-27,M04,U017,19,82,88.44,False,Süt Ürünleri,Peynir,Marka-E,False
2025-02-28,M04,U017,25,57,88.44,False,Süt Ürünleri,Peynir,Marka-E,False
2025-03-01,M04,U017,22,35,88.44,False,Süt Ürünleri,Peynir,Marka-E,False
2025-03-02,M04,U017,18,17,88.44,False,Süt Ürünleri,Peynir,Marka-E,False
2025-03-03,M04,U017,17,0,88.44,True,Süt Ürünleri,Peynir,Marka-E,False
2025-03-04,M04,U017,0,0,88.44,True,Süt Ürünleri,Peynir,Marka-E,False
2025-03-05,M04,U017,25,97,88.44,False,Süt Ürünleri,Peynir,Marka-E,False
2025-03-06,M04,U017,21,76,88.44,False,Süt Ürünleri,Peynir,Marka-E,False
2025-03-07,M04,U017,21,55,88.44,False,Süt Ürünleri,Peynir,Marka-E,False
2025-03-08,M04,U017,37,18,79.6,False,Süt Ürünleri,Peynir,Marka-E,True
2025-03-09,M04,U017,18,0,88.44,True,Süt Ürünleri,Peynir,Marka-E,False
2025-03-10,M04,U017,0,0,88.44,True,Süt Ürünleri,Peynir,Marka-E,False
2025-03-11,M04,U017,0,0,88.44,True,Süt Ürünleri,Peynir,Marka-E,False
2025-03-12,M04,U017,20,93,88.44,False,Süt Ürünleri,Peynir,Marka-E,False
2025-03-13,M04,U017,30,63,75.17,False,Süt Ürünleri,Peynir,Marka-E,True
2025-03-14,M04,U017,20,43,88.44,False,Süt Ürünleri,Peynir,Marka-E,False
2025-03-15,M04,U017,29,14,88.44,False,Süt Ürünleri,Peynir,Marka-E,False
2025-03-16,M04,U017,14,0,88.44,True,Süt Ürünleri,Peynir,Marka-E,False
2025-03-17,M04,U017,0,0,88.44,True,Süt Ürünleri,Peynir,Marka-E,False
2025-03-18,M04,U017,0,0,88.44,True,Süt Ürünleri,Peynir,Marka-E,False
2025-03-19,M04,U017,24,114,88.44,False,Süt Ürünleri,Peynir,Marka-E,False
2025-03-20,M04,U017,14,100,88.44,False,Süt Ürünleri,Peynir,Marka-E,False
2025-03-21,M04,U017,25,75,88.44,False,Süt Ürünleri,Peynir,Marka-E,False
2025-03-22,M04,U017,31,44,88.44,False,Süt Ürünleri,Peynir,Marka-E,False
2025-03-23,M04,U017,29,15,70.75,False,Süt Ürünleri,Peynir,Marka-E,True
2025-03-24,M04,U017,14,1,88.44,False,Süt Ürünleri,Peynir,Marka-E,False
2025-03-25,M04,U017,1,0,88.44,True,Süt Ürünleri,Peynir,Marka-E,False
2025-03-26,M04,U017,16,119,88.44,False,Süt Ürünleri,Peynir,Marka-E,False
2025-03-27,M04,U017,21,98,88.44,False,Süt Ürünleri,Peynir,Marka-E,False
2025-03-28,M04,U017,25,73,88.44,False,Süt Ürünleri,Peynir,Marka-E,False
2025-03-29,M04,U017,23,50,88.44,False,Süt Ürünleri,Peynir,Marka-E,False
2025-03-30,M04,U017,26,24,88.44,False,Süt Ürünleri,Peynir,Marka-E,False
2025-03-31,M04,U017,17,7,88.44,False,Süt Ürünleri,Peynir,Marka-E,False
2025-04-01,M04,U017,7,0,88.44,True,Süt Ürünleri,Peynir,Marka-E,False
2025-04-02,M04,U017,15,110,88.44,False,Süt Ürünleri,Peynir,Marka-E,False
2025-04-03,M04,U017,27,83,88.44,False,Süt Ürünleri,Peynir,Marka-E,False
2025-04-04,M04,U017,28,55,88.44,False,Süt Ürünleri,Peynir,Marka-E,False
2025-04-05,M04,U017,28,27,88.44,False,Süt Ürünleri,Peynir,Marka-E,False
2025-04-06,M04,U017,21,6,88.44,False,Süt Ürünleri,Peynir,Marka-E,False
2025-04-07,M04,U017,6,0,88.44,True,Süt Ürünleri,Peynir,Marka-E,False
2025-04-08,M04,U017,0,0,88.44,True,Süt Ürünleri,Peynir,Marka-E,False
2025-04-09,M04,U017,21,101,88.44,False,Süt Ürünleri,Peynir,Marka-E,False
2025-04-10,M04,U017,27,74,70.75,False,Süt Ürünleri,Peynir,Marka-E,True
2025-04-11,M04,U017,33,41,88.44,False,Süt Ürünleri,Peynir,Marka-E,False
2025-04-12,M04,U017,28,13,88.44,False,Süt Ürünleri,Peynir,Marka-E,False
2025-04-13,M04,U017,13,0,88.44,True,Süt Ürünleri,Peynir,Marka-E,False
2025-04-14,M04,U017,0,0,88.44,True,Süt Ürünleri,Peynir,Marka-E,False
2025-04-15,M04,U017,0,0,88.44,True,Süt Ürünleri,Peynir,Marka-E,False
2025-04-16,M04,U017,18,107,88.44,False,Süt Ürünleri,Peynir,Marka-E,False
2025-04-17,M04,U017,19,88,88.44,False,Süt Ürünleri,Peynir,Marka-E,False
2025-04-18,M04,U017,25,63,88.44,False,Süt Ürünleri,Peynir,Marka-E,False
2025-04-19,M04,U017,22,41,88.44,False,Süt Ürünleri,Peynir,Marka-E,False
2025-04-20,M04,U017,25,16,88.44,False,Süt Ürünleri,Peynir,Marka-E,False
2025-04-21,M04,U017,16,0,88.44,True,Süt Ürünleri,Peynir,Marka-E,False
2025-04-22,M04,U017,0,0,88.44,True,Süt Ürünleri,Peynir,Marka-E,False
2025-04-23,M04,U017,22,114,88.44,False,Süt Ürünleri,Peynir,Marka-E,False
2025-04-24,M04,U017,19,95,88.44,False,Süt Ürünleri,Peynir,Marka-E,False
2025-04-25,M04,U017,27,68,88.44,False,Süt Ürünleri,Peynir,Marka-E,False
2025-04-26,M04,U017,28,40,88.44,False,Süt Ürünleri,Peynir,Marka-E,False
2025-04-27,M04,U017,17,23,88.44,False,Süt Ürünleri,Peynir,Marka-E,False
2025-04-28,M04,U017,23,0,88.44,True,Süt Ürünleri,Peynir,Marka-E,False
2025-04-29,M04,U017,0,0,88.44,True,Süt Ürünleri,Peynir,Marka-E,False
2025-04-30,M04,U017,17,107,88.44,False,Süt Ürünleri,Peynir,Marka-E,False
2025-05-01,M04,U017,23,84,88.44,False,Süt Ürünleri,Peynir,Marka-E,False
2025-05-02,M04,U017,23,61,88.44,False,Süt Ürünleri,Peynir,Marka-E,False
2025-05-03,M04,U017,25,36,88.44,False,Süt Ürünleri,Peynir,Marka-E,False
2025-05-04,M04,U017,27,9,88.44,False,Süt Ürünleri,Peynir,Marka-E,False
2025-05-05,M04,U017,9,0,88.44,True,Süt Ürünleri,Peynir,Marka-E,False
2025-05-06,M04,U017,0,0,88.44,True,Süt Ürünleri,Peynir,Marka-E,False
2025-01-01,M04,U018,15,84,116.46,False,Süt Ürünleri,Peynir,Marka-F,False
2025-01-02,M04,U018,11,73,116.46,False,Süt Ürünleri,Peynir,Marka-F,False
2025-01-03,M04,U018,19,54,116.46,False,Süt Ürünleri,Peynir,Marka-F,False
2025-01-04,M04,U018,10,44,116.46,False,Süt Ürünleri,Peynir,Marka-F,False
2025-01-05,M04,U018,14,30,116.46,False,Süt Ürünleri,Peynir,Marka-F,False
2025-01-06,M04,U018,17,13,116.46,False,Süt Ürünleri,Peynir,Marka-F,False
2025-01-07,M04,U018,13,79,116.46,False,Süt Ürünleri,Peynir,Marka-F,False
2025-01-08,M04,U018,20,59,116.46,False,Süt Ürünleri,Peynir,Marka-F,False
2025-01-09,M04,U018,21,38,104.81,False,Süt Ürünleri,Peynir,Marka-F,True
2025-01-10,M04,U018,12,26,116.46,False,Süt Ürünleri,Peynir,Marka-F,False
2025-01-11,M04,U018,18,8,116.46,False,Süt Ürünleri,Peynir,Marka-F,False
2025-01-12,M04,U018,8,0,116.46,True,Süt Ürünleri,Peynir,Marka-F,False
2025-01-13,M04,U018,0,0,116.46,True,Süt Ürünleri,Peynir,Marka-F,False
2025-01-14,M04,U018,0,0,116.46,True,Süt Ürünleri,Peynir,Marka-F,False
2025-01-15,M04,U018,0,0,116.46,True,Süt Ürünleri,Peynir,Marka-F,False
2025-01-16,M04,U018,0,0,116.46,True,Süt Ürünleri,Peynir,Marka-F,False
2025-01-17,M04,U018,0,0,116.46,True,Süt Ürünleri,Peynir,Marka-F,False
2025-01-18,M04,U018,0,0,116.46,True,Süt Ürünleri,Peynir,Marka-F,False
2025-01-19,M04,U018,14,71,116.46,False,Süt Ürünleri,Peynir,Marka-F,False
2025-01-20,M04,U018,20,51,104.81,False,Süt Ürünleri,Peynir,Marka-F,True
2025-01-21,M04,U018,6,45,116.46,False,Süt Ürünleri,Peynir,Marka-F,False
2025-01-22,M04,U018,13,32,116.46,False,Süt Ürünleri,Peynir,Marka-F,False
2025-01-23,M04,U018,18,14,104.81,False,Süt Ürünleri,Peynir,Marka-F,True
2025-01-24,M04,U018,11,3,116.46,False,Süt Ürünleri,Peynir,Marka-F,False
2025-01-25,M04,U018,21,72,116.46,False,Süt Ürünleri,Peynir,Marka-F,False
2025-01-26,M04,U018,19,53,116.46,False,Süt Ürünleri,Peynir,Marka-F,False
2025-01-27,M04,U018,15,38,116.46,False,Süt Ürünleri,Peynir,Marka-F,False
2025-01-28,M04,U018,16,22,116.46,False,Süt Ürünleri,Peynir,Marka-F,False
2025-01-29,M04,U018,22,0,98.99,True,Süt Ürünleri,Peynir,Marka-F,True
2025-01-30,M04,U018,0,0,116.46,True,Süt Ürünleri,Peynir,Marka-F,False
2025-01-31,M04,U018,15,71,116.46,False,Süt Ürünleri,Peynir,Marka-F,False
2025-02-01,M04,U018,16,55,116.46,False,Süt Ürünleri,Peynir,Marka-F,False
2025-02-02,M04,U018,22,33,116.46,False,Süt Ürünleri,Peynir,Marka-F,False
2025-02-03,M04,U018,18,15,116.46,False,Süt Ürünleri,Peynir,Marka-F,False
2025-02-04,M04,U018,14,1,116.46,False,Süt Ürünleri,Peynir,Marka-F,False
2025-02-05,M04,U018,1,0,116.46,True,Süt Ürünleri,Peynir,Marka-F,False
2025-02-06,M04,U018,9,78,116.46,False,Süt Ürünleri,Peynir,Marka-F,False
2025-02-07,M04,U018,14,64,116.46,False,Süt Ürünleri,Peynir,Marka-F,False
2025-02-08,M04,U018,16,48,116.46,False,Süt Ürünleri,Peynir,Marka-F,False
2025-02-09,M04,U018,9,39,116.46,False,Süt Ürünleri,Peynir,Marka-F,False
2025-02-10,M04,U018,13,26,116.46,False,Süt Ürünleri,Peynir,Marka-F,False
2025-02-11,M04,U018,17,9,116.46,False,Süt Ürünleri,Peynir,Marka-F,False
2025-02-12,M04,U018,9,0,116.46,False,Süt Ürünleri,Peynir,Marka-F,False
2025-02-13,M04,U018,0,0,116.46,True,Süt Ürünleri,Peynir,Marka-F,False
2025-02-14,M04,U018,0,0,116.46,True,Süt Ürünleri,Peynir,Marka-F,False
2025-02-15,M04,U018,0,0,116.46,True,Süt Ürünleri,Peynir,Marka-F,False
2025-02-16,M04,U018,0,0,116.46,True,Süt Ürünleri,Peynir,Marka-F,False
2025-02-17,M04,U018,0,0,116.46,True,Süt Ürünleri,Peynir,Marka-F,False
2025-02-18,M04,U018,16,70,116.46,False,Süt Ürünleri,Peynir,Marka-F,False
2025-02-19,M04,U018,12,58,116.46,False,Süt Ürünleri,Peynir,Marka-F,False
2025-02-20,M04,U018,14,44,116.46,False,Süt Ürünleri,Peynir,Marka-F,False
2025-02-21,M04,U018,12,32,116.46,False,Süt Ürünleri,Peynir,Marka-F,False
2025-02-22,M04,U018,32,0,93.17,False,Süt Ürünleri,Peynir,Marka-F,True
2025-02-23,M04,U018,0,0,116.46,True,Süt Ürünleri,Peynir,Marka-F,False
2025-02-24,M04,U018,15,71,116.46,False,Süt Ürünleri,Peynir,Marka-F,False
2025-02-25,M04,U018,17,54,116.46,False,Süt Ürünleri,Peynir,Marka-F,False
2025-02-26,M04,U018,14,40,116.46,False,Süt Ürünleri,Peynir,Marka-F,False
2025-02-27,M04,U018,12,28,116.46,False,Süt Ürünleri,Peynir,Marka-F,False
2025-02-28,M04,U018,17,11,116.46,False,Süt Ürünleri,Peynir,Marka-F,False
2025-03-01,M04,U018,11,0,98.99,True,Süt Ürünleri,Peynir,Marka-F,True
2025-03-02,M04,U018,12,82,116.46,False,Süt Ürünleri,Peynir,Marka-F,False
2025-03-03,M04,U018,13,69,116.46,False,Süt Ürünleri,Peynir,Marka-F,False
2025-03-04,M04,U018,22,47,104.81,False,Süt Ürünleri,Peynir,Marka-F,True
2025-03-05,M04,U018,16,31,116.46,False,Süt Ürünleri,Peynir,Marka-F,False
2025-03-06,M04,U018,11,20,116.46,False,Süt Ürünleri,Peynir,Marka-F,False
2025-03-07,M04,U018,18,2,116.46,False,Süt Ürünleri,Peynir,Marka-F,False
2025-03-08,M04,U018,19,79,116.46,False,Süt Ürünleri,Peynir,Marka-F,False
2025-03-09,M04,U018,18,61,116.46,False,Süt Ürünleri,Peynir,Marka-F,False
2025-03-10,M04,U018,12,49,116.46,False,Süt Ürünleri,Peynir,Marka-F,False
2025-03-11,M04,U018,6,43,116.46,False,Süt Ürünleri,Peynir,Marka-F,False
2025-03-12,M04,U018,18,25,116.46,False,Süt Ürünleri,Peynir,Marka-F,False
2025-03-13,M04,U018,11,14,116.46,False,Süt Ürünleri,Peynir,Marka-F,False
2025-03-14,M04,U018,14,75,116.46,False,Süt Ürünleri,Peynir,Marka-F,False
2025-03-15,M04,U018,25,50,116.46,False,Süt Ürünleri,Peynir,Marka-F,False
2025-03-16,M04,U018,18,32,116.46,False,Süt Ürünleri,Peynir,Marka-F,False
2025-03-17,M04,U018,19,13,116.46,False,Süt Ürünleri,Peynir,Marka-F,False
2025-03-18,M04,U018,13,0,116.46,True,Süt Ürünleri,Peynir,Marka-F,False
2025-03-19,M04,U018,0,0,116.46,True,Süt Ürünleri,Peynir,Marka-F,False
2025-03-20,M04,U018,11,83,116.46,False,Süt Ürünleri,Peynir,Marka-F,False
2025-03-21,M04,U018,16,67,116.46,False,Süt Ürünleri,Peynir,Marka-F,False
2025-03-22,M04,U018,14,53,116.46,False,Süt Ürünleri,Peynir,Marka-F,False
2025-03-23,M04,U018,20,33,116.46,False,Süt Ürünleri,Peynir,Marka-F,False
2025-03-24,M04,U018,10,23,116.46,False,Süt Ürünleri,Peynir,Marka-F,False
2025-03-25,M04,U018,16,7,116.46,False,Süt Ürünleri,Peynir,Marka-F,False
2025-03-26,M04,U018,14,77,104.81,False,Süt Ürünleri,Peynir,Marka-F,True
2025-03-27,M04,U018,11,66,116.46,False,Süt Ürünleri,Peynir,Marka-F,False
2025-03-28,M04,U018,9,57,116.46,False,Süt Ürünleri,Peynir,Marka-F,False
2025-03-29,M04,U018,19,38,116.46,False,Süt Ürünleri,Peynir,Marka-F,False
2025-03-30,M04,U018,23,15,116.46,False,Süt Ürünleri,Peynir,Marka-F,False
2025-03-31,M04,U018,12,3,116.46,False,Süt Ürünleri,Peynir,Marka-F,False
2025-04-01,M04,U018,8,77,116.46,False,Süt Ürünleri,Peynir,Marka-F,False
2025-04-02,M04,U018,13,64,116.46,False,Süt Ürünleri,Peynir,Marka-F,False
2025-04-03,M04,U018,15,49,116.46,False,Süt Ürünleri,Peynir,Marka-F,False
2025-04-04,M04,U018,11,38,116.46,False,Süt Ürünleri,Peynir,Marka-F,False
2025-04-05,M04,U018,21,17,116.46,False,Süt Ürünleri,Peynir,Marka-F,False
2025-04-06,M04,U018,13,4,116.46,False,Süt Ürünleri,Peynir,Marka-F,False
2025-04-07,M04,U018,9,81,116.46,False,Süt Ürünleri,Peynir,Marka-F,False
2025-04-08,M04,U018,24,57,93.17,False,Süt Ürünleri,Peynir,Marka-F,True
2025-04-09,M04,U018,8,49,116.46,False,Süt Ürünleri,Peynir,Marka-F,False
2025-04-10,M04,U018,20,29,116.46,False,Süt Ürünleri,Peynir,Marka-F,False
2025-04-11,M04,U018,15,14,116.46,False,Süt Ürünleri,Peynir,Marka-F,False
2025-04-12,M04,U018,14,0,116.46,True,Süt Ürünleri,Peynir,Marka-F,False
2025-04-13,M04,U018,21,79,116.46,False,Süt Ürünleri,Peynir,Marka-F,False
2025-04-14,M04,U018,13,66,116.46,False,Süt Ürünleri,Peynir,Marka-F,False
2025-04-15,M04,U018,17,49,116.46,False,Süt Ürünleri,Peynir,Marka-F,False
2025-04-16,M04,U018,16,33,98.99,False,Süt Ürünleri,Peynir,Marka-F,True
2025-04-17,M04,U018,17,16,116.46,False,Süt Ürünleri,Peynir,Marka-F,False
2025-04-18,M04,U018,16,0,93.17,True,Süt Ürünleri,Peynir,Marka-F,True
2025-04-19,M04,U018,16,78,116.46,False,Süt Ürünleri,Peynir,Marka-F,False
2025-04-20,M04,U018,19,59,116.46,False,Süt Ürünleri,Peynir,Marka-F,False
2025-04-21,M04,U018,15,44,116.46,False,Süt Ürünleri,Peynir,Marka-F,False
2025-04-22,M04,U018,13,31,116.46,False,Süt Ürünleri,Peynir,Marka-F,False
2025-04-23,M04,U018,13,18,116.46,False,Süt Ürünleri,Peynir,Marka-F,False
2025-04-24,M04,U018,13,5,116.46,False,Süt Ürünleri,Peynir,Marka-F,False
2025-04-25,M04,U018,18,74,116.46,False,Süt Ürünleri,Peynir,Marka-F,False
2025-04-26,M04,U018,21,53,116.46,False,Süt Ürünleri,Peynir,Marka-F,False
2025-04-27,M04,U018,17,36,116.46,False,Süt Ürünleri,Peynir,Marka-F,False
2025-04-28,M04,U018,14,22,116.46,False,Süt Ürünleri,Peynir,Marka-F,False
2025-04-29,M04,U018,16,6,116.46,False,Süt Ürünleri,Peynir,Marka-F,False
2025-04-30,M04,U018,6,0,104.81,True,Süt Ürünleri,Peynir,Marka-F,True
2025-05-01,M04,U018,15,85,116.46,False,Süt Ürünleri,Peynir,Marka-F,False
2025-05-02,M04,U018,18,67,116.46,False,Süt Ürünleri,Peynir,Marka-F,False
2025-05-03,M04,U018,12,55,116.46,False,Süt Ürünleri,Peynir,Marka-F,False
2025-05-04,M04,U018,19,36,116.46,False,Süt Ürünleri,Peynir,Marka-F,False
2025-05-05,M04,U018,12,24,116.46,False,Süt Ürünleri,Peynir,Marka-F,False
2025-05-06,M04,U018,10,14,116.46,False,Süt Ürünleri,Peynir,Marka-F,False
2025-01-01,M05,U001,17,150,175.82,False,İçecek,Gazlı İçecek,Marka-A,False
2025-01-02,M05,U001,26,124,175.82,False,İçecek,Gazlı İçecek,Marka-A,False
2025-01-03,M05,U001,22,102,175.82,False,İçecek,Gazlı İçecek,Marka-A,False
2025-01-04,M05,U001,25,77,175.82,False,İçecek,Gazlı İçecek,Marka-A,False
2025-01-05,M05,U001,24,144,175.82,False,İçecek,Gazlı İçecek,Marka-A,False
2025-01-06,M05,U001,29,115,175.82,False,İçecek,Gazlı İçecek,Marka-A,False
2025-01-07,M05,U001,25,90,175.82,False,İçecek,Gazlı İçecek,Marka-A,False
2025-01-08,M05,U001,22,68,175.82,False,İçecek,Gazlı İçecek,Marka-A,False
2025-01-09,M05,U001,28,112,175.82,False,İçecek,Gazlı İçecek,Marka-A,False
2025-01-10,M05,U001,27,85,175.82,False,İçecek,Gazlı İçecek,Marka-A,False
2025-01-11,M05,U001,37,48,175.82,False,İçecek,Gazlı İçecek,Marka-A,False
2025-01-12,M05,U001,25,23,175.82,False,İçecek,Gazlı İçecek,Marka-A,False
2025-01-13,M05,U001,23,0,175.82,False,İçecek,Gazlı İçecek,Marka-A,False
2025-01-14,M05,U001,0,0,175.82,True,İçecek,Gazlı İçecek,Marka-A,False
2025-01-15,M05,U001,0,0,175.82,True,İçecek,Gazlı İçecek,Marka-A,False
2025-01-16,M05,U001,0,0,175.82,True,İçecek,Gazlı İçecek,Marka-A,False
2025-01-17,M05,U001,24,136,175.82,False,İçecek,Gazlı İçecek,Marka-A,False
2025-01-18,M05,U001,38,98,175.82,False,İçecek,Gazlı İçecek,Marka-A,False
2025-01-19,M05,U001,29,69,175.82,False,İçecek,Gazlı İçecek,Marka-A,False
2025-01-20,M05,U001,22,47,175.82,False,İçecek,Gazlı İçecek,Marka-A,False
2025-01-21,M05,U001,20,131,175.82,False,İçecek,Gazlı İçecek,Marka-A,False
2025-01-22,M05,U001,27,104,175.82,False,İçecek,Gazlı İçecek,Marka-A,False
2025-01-23,M05,U001,24,80,175.82,False,İçecek,Gazlı İçecek,Marka-A,False
2025-01-24,M05,U001,25,55,175.82,False,İçecek,Gazlı İçecek,Marka-A,False
2025-01-25,M05,U001,29,139,175.82,False,İçecek,Gazlı İçecek,Marka-A,False
2025-01-26,M05,U001,23,116,175.82,False,İçecek,Gazlı İçecek,Marka-A,False
2025-01-27,M05,U001,25,91,175.82,False,İçecek,Gazlı İçecek,Marka-A,False
2025-01-28,M05,U001,17,74,175.82,False,İçecek,Gazlı İçecek,Marka-A,False
2025-01-29,M05,U001,23,131,175.82,False,İçecek,Gazlı İçecek,Marka-A,False
2025-01-30,M05,U001,17,114,175.82,False,İçecek,Gazlı İçecek,Marka-A,False
2025-01-31,M05,U001,18,96,175.82,False,İçecek,Gazlı İçecek,Marka-A,False
2025-02-01,M05,U001,30,66,175.82,False,İçecek,Gazlı İçecek,Marka-A,False
2025-02-02,M05,U001,24,42,175.82,False,İçecek,Gazlı İçecek,Marka-A,False
2025-02-03,M05,U001,18,24,175.82,False,İçecek,Gazlı İçecek,Marka-A,False
2025-02-04,M05,U001,24,0,175.82,True,İçecek,Gazlı İçecek,Marka-A,False
2025-02-05,M05,U001,0,0,175.82,True,İçecek,Gazlı İçecek,Marka-A,False
2025-02-06,M05,U001,51,115,140.66,False,İçecek,Gazlı İçecek,Marka-A,True
2025-02-07,M05,U001,27,88,175.82,False,İçecek,Gazlı İçecek,Marka-A,False
2025-02-08,M05,U001,32,56,175.82,False,İçecek,Gazlı İçecek,Marka-A,False
2025-02-09,M05,U001,21,35,175.82,False,İçecek,Gazlı İçecek,Marka-A,False
2025-02-10,M05,U001,29,112,175.82,False,İçecek,Gazlı İçecek,Marka-A,False
2025-02-11,M05,U001,29,83,175.82,False,İçecek,Gazlı İçecek,Marka-A,False
2025-02-12,M05,U001,25,58,175.82,False,İçecek,Gazlı İçecek,Marka-A,False
2025-02-13,M05,U001,29,29,175.82,False,İçecek,Gazlı İçecek,Marka-A,False
2025-02-14,M05,U001,21,130,175.82,False,İçecek,Gazlı İçecek,Marka-A,False
2025-02-15,M05,U001,26,104,175.82,False,İçecek,Gazlı İçecek,Marka-A,False
2025-02-16,M05,U001,46,58,158.24,False,İçecek,Gazlı İçecek,Marka-A,True
2025-02-17,M05,U001,26,32,149.45,False,İçecek,Gazlı İçecek,Marka-A,True
2025-02-18,M05,U001,26,120,175.82,False,İçecek,Gazlı İçecek,Marka-A,False
2025-02-19,M05,U001,20,100,175.82,False,İçecek,Gazlı İçecek,Marka-A,False
2025-02-20,M05,U001,20,80,175.82,False,İçecek,Gazlı İçecek,Marka-A,False
2025-02-21,M05,U001,30,50,175.82,False,İçecek,Gazlı İçecek,Marka-A,False
2025-02-22,M05,U001,37,107,175.82,False,İçecek,Gazlı İçecek,Marka-A,False
2025-02-23,M05,U001,36,71,175.82,False,İçecek,Gazlı İçecek,Marka-A,False
2025-02-24,M05,U001,23,48,175.82,False,İçecek,Gazlı İçecek,Marka-A,False
2025-02-25,M05,U001,32,16,175.82,False,İçecek,Gazlı İçecek,Marka-A,False
2025-02-26,M05,U001,16,136,175.82,False,İçecek,Gazlı İçecek,Marka-A,False
2025-02-27,M05,U001,17,119,175.82,False,İçecek,Gazlı İçecek,Marka-A,False
2025-02-28,M05,U001,28,91,175.82,False,İçecek,Gazlı İçecek,Marka-A,False
2025-03-01,M05,U001,37,54,175.82,False,İçecek,Gazlı İçecek,Marka-A,False
2025-03-02,M05,U001,32,121,175.82,False,İçecek,Gazlı İçecek,Marka-A,False
2025-03-03,M05,U001,26,95,175.82,False,İçecek,Gazlı İçecek,Marka-A,False
2025-03-04,M05,U001,17,78,175.82,False,İçecek,Gazlı İçecek,Marka-A,False
2025-03-05,M05,U001,32,46,175.82,False,İçecek,Gazlı İçecek,Marka-A,False
2025-03-06,M05,U001,25,117,175.82,False,İçecek,Gazlı İçecek,Marka-A,False
2025-03-07,M05,U001,29,88,175.82,False,İçecek,Gazlı İçecek,Marka-A,False
2025-03-08,M05,U001,32,56,175.82,False,İçecek,Gazlı İçecek,Marka-A,False
2025-03-09,M05,U001,29,27,175.82,False,İçecek,Gazlı İçecek,Marka-A,False
2025-03-10,M05,U001,16,11,175.82,False,İçecek,Gazlı İçecek,Marka-A,False
2025-03-11,M05,U001,11,0,175.82,True,İçecek,Gazlı İçecek,Marka-A,False
2025-03-12,M05,U001,0,0,175.82,True,İçecek,Gazlı İçecek,Marka-A,False
2025-03-13,M05,U001,0,0,175.82,True,İçecek,Gazlı İçecek,Marka-A,False
2025-03-14,M05,U001,28,133,175.82,False,İçecek,Gazlı İçecek,Marka-A,False
2025-03-15,M05,U001,25,108,175.82,False,İçecek,Gazlı İçecek,Marka-A,False
2025-03-16,M05,U001,27,81,175.82,False,İçecek,Gazlı İçecek,Marka-A,False
2025-03-17,M05,U001,21,60,175.82,False,İçecek,Gazlı İçecek,Marka-A,False
2025-03-18,M05,U001,18,142,175.82,False,İçecek,Gazlı İçecek,Marka-A,False
2025-03-19,M05,U001,27,115,175.82,False,İçecek,Gazlı İçecek,Marka-A,False
2025-03-20,M05,U001,25,90,175.82,False,İçecek,Gazlı İçecek,Marka-A,False
2025-03-21,M05,U001,47,43,158.24,False,İçecek,Gazlı İçecek,Marka-A,True
2025-03-22,M05,U001,25,138,175.82,False,İçecek,Gazlı İçecek,Marka-A,False
2025-03-23,M05,U001,21,117,175.82,False,İçecek,Gazlı İçecek,Marka-A,False
2025-03-24,M05,U001,29,88,175.82,False,İçecek,Gazlı İçecek,Marka-A,False
2025-03-25,M05,U001,21,67,175.82,False,İçecek,Gazlı İçecek,Marka-A,False
2025-03-26,M05,U001,32,118,175.82,False,İçecek,Gazlı İçecek,Marka-A,False
2025-03-27,M05,U001,34,84,175.82,False,İçecek,Gazlı İçecek,Marka-A,False
2025-03-28,M05,U001,52,32,140.66,False,İçecek,Gazlı İçecek,Marka-A,True
2025-03-29,M05,U001,27,5,175.82,False,İçecek,Gazlı İçecek,Marka-A,False
2025-03-30,M05,U001,35,131,175.82,False,İçecek,Gazlı İçecek,Marka-A,False
2025-03-31,M05,U001,22,109,175.82,False,İçecek,Gazlı İçecek,Marka-A,False
2025-04-01,M05,U001,25,84,175.82,False,İçecek,Gazlı İçecek,Marka-A,False
2025-04-02,M05,U001,25,59,175.82,False,İçecek,Gazlı İçecek,Marka-A,False
2025-04-03,M05,U001,31,133,175.82,False,İçecek,Gazlı İçecek,Marka-A,False
2025-04-04,M05,U001,26,107,175.82,False,İçecek,Gazlı İçecek,Marka-A,False
2025-04-05,M05,U001,38,69,175.82,False,İçecek,Gazlı İçecek,Marka-A,False
2025-04-06,M05,U001,22,47,175.82,False,İçecek,Gazlı İçecek,Marka-A,False
2025-04-07,M05,U001,22,132,175.82,False,İçecek,Gazlı İçecek,Marka-A,False
2025-04-08,M05,U001,25,107,175.82,False,İçecek,Gazlı İçecek,Marka-A,False
2025-04-09,M05,U001,26,81,175.82,False,İçecek,Gazlı İçecek,Marka-A,False
2025-04-10,M05,U001,31,50,175.82,False,İçecek,Gazlı İçecek,Marka-A,False
2025-04-11,M05,U001,24,138,175.82,False,İçecek,Gazlı İçecek,Marka-A,False
2025-04-12,M05,U001,24,114,175.82,False,İçecek,Gazlı İçecek,Marka-A,False
2025-04-13,M05,U001,29,85,175.82,False,İçecek,Gazlı İçecek,Marka-A,False
2025-04-14,M05,U001,26,59,175.82,False,İçecek,Gazlı İçecek,Marka-A,False
2025-04-15,M05,U001,29,117,175.82,False,İçecek,Gazlı İçecek,Marka-A,False
2025-04-16,M05,U001,31,86,175.82,False,İçecek,Gazlı İçecek,Marka-A,False
2025-04-17,M05,U001,25,61,175.82,False,İçecek,Gazlı İçecek,Marka-A,False
2025-04-18,M05,U001,21,40,175.82,False,İçecek,Gazlı İçecek,Marka-A,False
2025-04-19,M05,U001,40,104,175.82,False,İçecek,Gazlı İçecek,Marka-A,False
2025-04-20,M05,U001,51,53,158.24,False,İçecek,Gazlı İçecek,Marka-A,True
2025-04-21,M05,U001,18,35,175.82,False,İçecek,Gazlı İçecek,Marka-A,False
2025-04-22,M05,U001,27,8,175.82,False,İçecek,Gazlı İçecek,Marka-A,False
2025-04-23,M05,U001,35,128,175.82,False,İçecek,Gazlı İçecek,Marka-A,False
2025-04-24,M05,U001,24,104,175.82,False,İçecek,Gazlı İçecek,Marka-A,False
2025-04-25,M05,U001,41,63,175.82,False,İçecek,Gazlı İçecek,Marka-A,False
2025-04-26,M05,U001,34,29,175.82,False,İçecek,Gazlı İçecek,Marka-A,False
2025-04-27,M05,U001,30,130,175.82,False,İçecek,Gazlı İçecek,Marka-A,False
2025-04-28,M05,U001,28,102,175.82,False,İçecek,Gazlı İçecek,Marka-A,False
2025-04-29,M05,U001,30,72,175.82,False,İçecek,Gazlı İçecek,Marka-A,False
2025-04-30,M05,U001,32,40,175.82,False,İçecek,Gazlı İçecek,Marka-A,False
2025-05-01,M05,U001,41,103,140.66,False,İçecek,Gazlı İçecek,Marka-A,True
2025-05-02,M05,U001,34,69,175.82,False,İçecek,Gazlı İçecek,Marka-A,False
2025-05-03,M05,U001,34,35,175.82,False,İçecek,Gazlı İçecek,Marka-A,False
2025-05-04,M05,U001,35,0,175.82,True,İçecek,Gazlı İçecek,Marka-A,False
2025-05-05,M05,U001,13,149,175.82,False,İçecek,Gazlı İçecek,Marka-A,False
2025-05-06,M05,U001,27,122,175.82,False,İçecek,Gazlı İçecek,Marka-A,False
2025-01-01,M05,U002,38,224,192.33,False,İçecek,Gazlı İçecek,Marka-B,False
2025-01-02,M05,U002,30,194,192.33,False,İçecek,Gazlı İçecek,Marka-B,False
2025-01-03,M05,U002,32,162,192.33,False,İçecek,Gazlı İçecek,Marka-B,False
2025-01-04,M05,U002,36,126,192.33,False,İçecek,Gazlı İçecek,Marka-B,False
2025-01-05,M05,U002,39,87,192.33,False,İçecek,Gazlı İçecek,Marka-B,False
2025-01-06,M05,U002,23,64,192.33,False,İçecek,Gazlı İçecek,Marka-B,False
2025-01-07,M05,U002,36,213,192.33,False,İçecek,Gazlı İçecek,Marka-B,False
2025-01-08,M05,U002,30,183,192.33,False,İçecek,Gazlı İçecek,Marka-B,False
2025-01-09,M05,U002,35,148,192.33,False,İçecek,Gazlı İçecek,Marka-B,False
2025-01-10,M05,U002,36,112,192.33,False,İçecek,Gazlı İçecek,Marka-B,False
2025-01-11,M05,U002,45,67,192.33,False,İçecek,Gazlı İçecek,Marka-B,False
2025-01-12,M05,U002,41,26,192.33,False,İçecek,Gazlı İçecek,Marka-B,False
2025-01-13,M05,U002,28,217,192.33,False,İçecek,Gazlı İçecek,Marka-B,False
2025-01-14,M05,U002,28,189,192.33,False,İçecek,Gazlı İçecek,Marka-B,False
2025-01-15,M05,U002,45,144,153.86,False,İçecek,Gazlı İçecek,Marka-B,True
2025-01-16,M05,U002,31,113,192.33,False,İçecek,Gazlı İçecek,Marka-B,False
2025-01-17,M05,U002,27,86,192.33,False,İçecek,Gazlı İçecek,Marka-B,False
2025-01-18,M05,U002,47,39,192.33,False,İçecek,Gazlı İçecek,Marka-B,False
2025-01-19,M05,U002,31,226,192.33,False,İçecek,Gazlı İçecek,Marka-B,False
2025-01-20,M05,U002,31,195,192.33,False,İçecek,Gazlı İçecek,Marka-B,False
2025-01-21,M05,U002,37,158,192.33,False,İçecek,Gazlı İçecek,Marka-B,False
2025-01-22,M05,U002,19,139,192.33,False,İçecek,Gazlı İçecek,Marka-B,False
2025-01-23,M05,U002,27,112,192.33,False,İçecek,Gazlı İçecek,Marka-B,False
2025-01-24,M05,U002,35,77,192.33,False,İçecek,Gazlı İçecek,Marka-B,False
2025-01-25,M05,U002,43,185,192.33,False,İçecek,Gazlı İçecek,Marka-B,False
2025-01-26,M05,U002,24,161,192.33,False,İçecek,Gazlı İçecek,Marka-B,False
2025-01-27,M05,U002,36,125,192.33,False,İçecek,Gazlı İçecek,Marka-B,False
2025-01-28,M05,U002,29,96,192.33,False,İçecek,Gazlı İçecek,Marka-B,False
2025-01-29,M05,U002,38,58,192.33,False,İçecek,Gazlı İçecek,Marka-B,False
2025-01-30,M05,U002,21,37,192.33,False,İçecek,Gazlı İçecek,Marka-B,False
2025-01-31,M05,U002,33,218,192.33,False,İçecek,Gazlı İçecek,Marka-B,False
2025-02-01,M05,U002,35,183,192.33,False,İçecek,Gazlı İçecek,Marka-B,False
2025-02-02,M05,U002,42,141,192.33,False,İçecek,Gazlı İçecek,Marka-B,False
2025-02-03,M05,U002,34,107,192.33,False,İçecek,Gazlı İçecek,Marka-B,False
2025-02-04,M05,U002,29,78,192.33,False,İçecek,Gazlı İçecek,Marka-B,False
2025-02-05,M05,U002,25,53,192.33,False,İçecek,Gazlı İçecek,Marka-B,False
2025-02-06,M05,U002,32,226,192.33,False,İçecek,Gazlı İçecek,Marka-B,False
2025-02-07,M05,U002,43,183,163.48,False,İçecek,Gazlı İçecek,Marka-B,True
2025-02-08,M05,U002,40,143,192.33,False,İçecek,Gazlı İçecek,Marka-B,False
2025-02-09,M05,U002,31,112,192.33,False,İçecek,Gazlı İçecek,Marka-B,False
2025-02-10,M05,U002,50,62,153.86,False,İçecek,Gazlı İçecek,Marka-B,True
2025-02-11,M05,U002,27,35,192.33,False,İçecek,Gazlı İçecek,Marka-B,False
2025-02-12,M05,U002,27,226,192.33,False,İçecek,Gazlı İçecek,Marka-B,False
2025-02-13,M05,U002,47,179,192.33,False,İçecek,Gazlı İçecek,Marka-B,False
2025-02-14,M05,U002,34,145,192.33,False,İçecek,Gazlı İçecek,Marka-B,False
2025-02-15,M05,U002,46,99,192.33,False,İçecek,Gazlı İçecek,Marka-B,False
2025-02-16,M05,U002,34,65,192.33,False,İçecek,Gazlı İçecek,Marka-B,False
2025-02-17,M05,U002,40,25,192.33,False,İçecek,Gazlı İçecek,Marka-B,False
2025-02-18,M05,U002,27,226,192.33,False,İçecek,Gazlı İçecek,Marka-B,False
2025-02-19,M05,U002,37,189,192.33,False,İçecek,Gazlı İçecek,Marka-B,False
2025-02-20,M05,U002,34,155,192.33,False,İçecek,Gazlı İçecek,Marka-B,False
2025-02-21,M05,U002,63,92,153.86,False,İçecek,Gazlı İçecek,Marka-B,True
2025-02-22,M05,U002,38,54,192.33,False,İçecek,Gazlı İçecek,Marka-B,False
2025-02-23,M05,U002,44,10,192.33,False,İçecek,Gazlı İçecek,Marka-B,False
2025-02-24,M05,U002,21,243,192.33,False,İçecek,Gazlı İçecek,Marka-B,False
2025-02-25,M05,U002,38,205,192.33,False,İçecek,Gazlı İçecek,Marka-B,False
2025-02-26,M05,U002,34,171,192.33,False,İçecek,Gazlı İçecek,Marka-B,False
2025-02-27,M05,U002,39,132,192.33,False,İçecek,Gazlı İçecek,Marka-B,False
2025-02-28,M05,U002,42,90,192.33,False,İçecek,Gazlı İçecek,Marka-B,False
2025-03-01,M05,U002,46,44,192.33,False,İçecek,Gazlı İçecek,Marka-B,False
2025-03-02,M05,U002,35,187,192.33,False,İçecek,Gazlı İçecek,Marka-B,False
2025-03-03,M05,U002,30,157,192.33,False,İçecek,Gazlı İçecek,Marka-B,False
2025-03-04,M05,U002,36,121,192.33,False,İçecek,Gazlı İçecek,Marka-B,False
2025-03-05,M05,U002,36,85,192.33,False,İçecek,Gazlı İçecek,Marka-B,False
2025-03-06,M05,U002,60,25,153.86,False,İçecek,Gazlı İçecek,Marka-B,True
2025-03-07,M05,U002,25,0,192.33,True,İçecek,Gazlı İçecek,Marka-B,False
2025-03-08,M05,U002,51,180,192.33,False,İçecek,Gazlı İçecek,Marka-B,False
2025-03-09,M05,U002,41,139,192.33,False,İçecek,Gazlı İçecek,Marka-B,False
2025-03-10,M05,U002,43,96,192.33,False,İçecek,Gazlı İçecek,Marka-B,False
2025-03-11,M05,U002,34,62,192.33,False,İçecek,Gazlı İçecek,Marka-B,False
2025-03-12,M05,U002,28,34,192.33,False,İçecek,Gazlı İçecek,Marka-B,False
2025-03-13,M05,U002,29,5,192.33,False,İçecek,Gazlı İçecek,Marka-B,False
2025-03-14,M05,U002,39,182,192.33,False,İçecek,Gazlı İçecek,Marka-B,False
2025-03-15,M05,U002,41,141,192.33,False,İçecek,Gazlı İçecek,Marka-B,False
2025-03-16,M05,U002,53,88,192.33,False,İçecek,Gazlı İçecek,Marka-B,False
2025-03-17,M05,U002,35,53,192.33,False,İçecek,Gazlı İçecek,Marka-B,False
2025-03-18,M05,U002,32,21,192.33,False,İçecek,Gazlı İçecek,Marka-B,False
2025-03-19,M05,U002,21,0,173.1,True,İçecek,Gazlı İçecek,Marka-B,True
2025-03-20,M05,U002,36,210,192.33,False,İçecek,Gazlı İçecek,Marka-B,False
2025-03-21,M05,U002,36,174,192.33,False,İçecek,Gazlı İçecek,Marka-B,False
2025-03-22,M05,U002,44,130,192.33,False,İçecek,Gazlı İçecek,Marka-B,False
2025-03-23,M05,U002,32,98,192.33,False,İçecek,Gazlı İçecek,Marka-B,False
2025-03-24,M05,U002,34,64,192.33,False,İçecek,Gazlı İçecek,Marka-B,False
2025-03-25,M05,U002,47,17,163.48,False,İçecek,Gazlı İçecek,Marka-B,True
2025-03-26,M05,U002,32,233,192.33,False,İçecek,Gazlı İçecek,Marka-B,False
2025-03-27,M05,U002,30,203,192.33,False,İçecek,Gazlı İçecek,Marka-B,False
2025-03-28,M05,U002,69,134,173.1,False,İçecek,Gazlı İçecek,Marka-B,True
2025-03-29,M05,U002,33,101,192.33,False,İçecek,Gazlı İçecek,Marka-B,False
2025-03-30,M05,U002,62,39,163.48,False,İçecek,Gazlı İçecek,Marka-B,True
2025-03-31,M05,U002,33,6,192.33,False,İçecek,Gazlı İçecek,Marka-B,False
2025-04-01,M05,U002,32,198,192.33,False,İçecek,Gazlı İçecek,Marka-B,False
2025-04-02,M05,U002,43,155,192.33,False,İçecek,Gazlı İçecek,Marka-B,False
2025-04-03,M05,U002,38,117,192.33,False,İçecek,Gazlı İçecek,Marka-B,False
2025-04-04,M05,U002,27,90,192.33,False,İçecek,Gazlı İçecek,Marka-B,False
2025-04-05,M05,U002,38,52,192.33,False,İçecek,Gazlı İçecek,Marka-B,False
2025-04-06,M05,U002,47,5,192.33,False,İçecek,Gazlı İçecek,Marka-B,False
2025-04-07,M05,U002,31,228,192.33,False,İçecek,Gazlı İçecek,Marka-B,False
2025-04-08,M05,U002,32,196,192.33,False,İçecek,Gazlı İçecek,Marka-B,False
2025-04-09,M05,U002,45,151,192.33,False,İçecek,Gazlı İçecek,Marka-B,False
2025-04-10,M05,U002,30,121,192.33,False,İçecek,Gazlı İçecek,Marka-B,False
2025-04-11,M05,U002,36,85,192.33,False,İçecek,Gazlı İçecek,Marka-B,False
2025-04-12,M05,U002,76,9,153.86,False,İçecek,Gazlı İçecek,Marka-B,True
2025-04-13,M05,U002,48,203,192.33,False,İçecek,Gazlı İçecek,Marka-B,False
2025-04-14,M05,U002,37,166,192.33,False,İçecek,Gazlı İçecek,Marka-B,False
2025-04-15,M05,U002,37,129,192.33,False,İçecek,Gazlı İçecek,Marka-B,False
2025-04-16,M05,U002,36,93,192.33,False,İçecek,Gazlı İçecek,Marka-B,False
2025-04-17,M05,U002,34,59,192.33,False,İçecek,Gazlı İçecek,Marka-B,False
2025-04-18,M05,U002,44,15,192.33,False,İçecek,Gazlı İçecek,Marka-B,False
2025-04-19,M05,U002,48,183,192.33,False,İçecek,Gazlı İçecek,Marka-B,False
2025-04-20,M05,U002,42,141,192.33,False,İçecek,Gazlı İçecek,Marka-B,False
2025-04-21,M05,U002,28,113,192.33,False,İçecek,Gazlı İçecek,Marka-B,False
2025-04-22,M05,U002,26,87,192.33,False,İçecek,Gazlı İçecek,Marka-B,False
2025-04-23,M05,U002,37,50,153.86,False,İçecek,Gazlı İçecek,Marka-B,True
2025-04-24,M05,U002,31,19,192.33,False,İçecek,Gazlı İçecek,Marka-B,False
2025-04-25,M05,U002,35,231,192.33,False,İçecek,Gazlı İçecek,Marka-B,False
2025-04-26,M05,U002,42,189,192.33,False,İçecek,Gazlı İçecek,Marka-B,False
2025-04-27,M05,U002,38,151,192.33,False,İçecek,Gazlı İçecek,Marka-B,False
2025-04-28,M05,U002,36,115,192.33,False,İçecek,Gazlı İçecek,Marka-B,False
2025-04-29,M05,U002,39,76,192.33,False,İçecek,Gazlı İçecek,Marka-B,False
2025-04-30,M05,U002,38,38,192.33,False,İçecek,Gazlı İçecek,Marka-B,False
2025-05-01,M05,U002,64,188,163.48,False,İçecek,Gazlı İçecek,Marka-B,True
2025-05-02,M05,U002,43,145,192.33,False,İçecek,Gazlı İçecek,Marka-B,False
2025-05-03,M05,U002,46,99,192.33,False,İçecek,Gazlı İçecek,Marka-B,False
2025-05-04,M05,U002,47,52,192.33,False,İçecek,Gazlı İçecek,Marka-B,False
2025-05-05,M05,U002,35,17,192.33,False,İçecek,Gazlı İçecek,Marka-B,False
2025-05-06,M05,U002,17,0,192.33,True,İçecek,Gazlı İçecek,Marka-B,False
2025-01-01,M05,U003,41,174,43.26,False,İçecek,Meyve Suyu,Marka-C,False
2025-01-02,M05,U003,49,125,43.26,False,İçecek,Meyve Suyu,Marka-C,False
2025-01-03,M05,U003,38,87,43.26,False,İçecek,Meyve Suyu,Marka-C,False
2025-01-04,M05,U003,79,8,34.61,False,İçecek,Meyve Suyu,Marka-C,True
2025-01-05,M05,U003,8,0,38.93,True,İçecek,Meyve Suyu,Marka-C,True
2025-01-06,M05,U003,0,0,43.26,True,İçecek,Meyve Suyu,Marka-C,False
2025-01-07,M05,U003,0,0,43.26,True,İçecek,Meyve Suyu,Marka-C,False
2025-01-08,M05,U003,63,149,36.77,False,İçecek,Meyve Suyu,Marka-C,True
2025-01-09,M05,U003,39,110,43.26,False,İçecek,Meyve Suyu,Marka-C,False
2025-01-10,M05,U003,77,33,36.77,False,İçecek,Meyve Suyu,Marka-C,True
2025-01-11,M05,U003,33,0,43.26,True,İçecek,Meyve Suyu,Marka-C,False
2025-01-12,M05,U003,0,0,43.26,True,İçecek,Meyve Suyu,Marka-C,False
2025-01-13,M05,U003,0,0,43.26,True,İçecek,Meyve Suyu,Marka-C,False
2025-01-14,M05,U003,0,0,43.26,True,İçecek,Meyve Suyu,Marka-C,False
2025-01-15,M05,U003,41,174,43.26,False,İçecek,Meyve Suyu,Marka-C,False
2025-01-16,M05,U003,46,128,43.26,False,İçecek,Meyve Suyu,Marka-C,False
2025-01-17,M05,U003,32,96,43.26,False,İçecek,Meyve Suyu,Marka-C,False
2025-01-18,M05,U003,50,46,43.26,False,İçecek,Meyve Suyu,Marka-C,False
2025-01-19,M05,U003,37,9,43.26,False,İçecek,Meyve Suyu,Marka-C,False
2025-01-20,M05,U003,9,0,43.26,True,İçecek,Meyve Suyu,Marka-C,False
2025-01-21,M05,U003,0,0,43.26,True,İçecek,Meyve Suyu,Marka-C,False
2025-01-22,M05,U003,47,173,43.26,False,İçecek,Meyve Suyu,Marka-C,False
2025-01-23,M05,U003,47,126,43.26,False,İçecek,Meyve Suyu,Marka-C,False
2025-01-24,M05,U003,41,85,43.26,False,İçecek,Meyve Suyu,Marka-C,False
2025-01-25,M05,U003,47,38,43.26,False,İçecek,Meyve Suyu,Marka-C,False
2025-01-26,M05,U003,38,0,43.26,True,İçecek,Meyve Suyu,Marka-C,False
2025-01-27,M05,U003,0,0,38.93,True,İçecek,Meyve Suyu,Marka-C,True
2025-01-28,M05,U003,0,0,43.26,True,İçecek,Meyve Suyu,Marka-C,False
2025-01-29,M05,U003,38,156,43.26,False,İçecek,Meyve Suyu,Marka-C,False
2025-01-30,M05,U003,55,101,43.26,False,İçecek,Meyve Suyu,Marka-C,False
2025-01-31,M05,U003,50,51,43.26,False,İçecek,Meyve Suyu,Marka-C,False
2025-02-01,M05,U003,46,5,43.26,False,İçecek,Meyve Suyu,Marka-C,False
2025-02-02,M05,U003,5,0,43.26,True,İçecek,Meyve Suyu,Marka-C,False
2025-02-03,M05,U003,0,0,43.26,True,İçecek,Meyve Suyu,Marka-C,False
2025-02-04,M05,U003,0,0,43.26,True,İçecek,Meyve Suyu,Marka-C,False
2025-02-05,M05,U003,43,150,43.26,False,İçecek,Meyve Suyu,Marka-C,False
2025-02-06,M05,U003,48,102,43.26,False,İçecek,Meyve Suyu,Marka-C,False
2025-02-07,M05,U003,32,70,43.26,False,İçecek,Meyve Suyu,Marka-C,False
2025-02-08,M05,U003,53,17,43.26,False,İçecek,Meyve Suyu,Marka-C,False
2025-02-09,M05,U003,17,0,36.77,True,İçecek,Meyve Suyu,Marka-C,True
2025-02-10,M05,U003,0,0,43.26,True,İçecek,Meyve Suyu,Marka-C,False
2025-02-11,M05,U003,0,0,43.26,True,İçecek,Meyve Suyu,Marka-C,False
2025-02-12,M05,U003,42,174,43.26,False,İçecek,Meyve Suyu,Marka-C,False
2025-02-13,M05,U003,52,122,43.26,False,İçecek,Meyve Suyu,Marka-C,False
2025-02-14,M05,U003,77,45,36.77,False,İçecek,Meyve Suyu,Marka-C,True
2025-02-15,M05,U003,45,0,43.26,True,İçecek,Meyve Suyu,Marka-C,False
2025-02-16,M05,U003,0,0,43.26,True,İçecek,Meyve Suyu,Marka-C,False
2025-02-17,M05,U003,0,0,43.26,True,İçecek,Meyve Suyu,Marka-C,False
2025-02-18,M05,U003,0,0,43.26,True,İçecek,Meyve Suyu,Marka-C,False
2025-02-19,M05,U003,0,0,43.26,True,İçecek,Meyve Suyu,Marka-C,False
2025-02-20,M05,U003,0,0,43.26,True,İçecek,Meyve Suyu,Marka-C,False
2025-02-21,M05,U003,0,0,43.26,True,İçecek,Meyve Suyu,Marka-C,False
2025-02-22,M05,U003,0,0,43.26,True,İçecek,Meyve Suyu,Marka-C,False
2025-02-23,M05,U003,0,0,43.26,True,İçecek,Meyve Suyu,Marka-C,False
2025-02-24,M05,U003,0,0,43.26,True,İçecek,Meyve Suyu,Marka-C,False
2025-02-25,M05,U003,0,0,43.26,True,İçecek,Meyve Suyu,Marka-C,False
2025-02-26,M05,U003,35,188,43.26,False,İçecek,Meyve Suyu,Marka-C,False
2025-02-27,M05,U003,49,139,43.26,False,İçecek,Meyve Suyu,Marka-C,False
2025-02-28,M05,U003,48,91,43.26,False,İçecek,Meyve Suyu,Marka-C,False
2025-03-01,M05,U003,51,40,43.26,False,İçecek,Meyve Suyu,Marka-C,False
2025-03-02,M05,U003,40,0,43.26,True,İçecek,Meyve Suyu,Marka-C,False
2025-03-03,M05,U003,0,0,43.26,True,İçecek,Meyve Suyu,Marka-C,False
2025-03-04,M05,U003,0,0,43.26,True,İçecek,Meyve Suyu,Marka-C,False
2025-03-05,M05,U003,32,186,43.26,False,İçecek,Meyve Suyu,Marka-C,False
2025-03-06,M05,U003,49,137,43.26,False,İçecek,Meyve Suyu,Marka-C,False
2025-03-07,M05,U003,48,89,43.26,False,İçecek,Meyve Suyu,Marka-C,False
2025-03-08,M05,U003,51,38,43.26,False,İçecek,Meyve Suyu,Marka-C,False
2025-03-09,M05,U003,38,0,43.26,True,İçecek,Meyve Suyu,Marka-C,False
2025-03-10,M05,U003,0,0,43.26,True,İçecek,Meyve Suyu,Marka-C,False
2025-03-11,M05,U003,0,0,43.26,True,İçecek,Meyve Suyu,Marka-C,False
2025-03-12,M05,U003,43,172,43.26,False,İçecek,Meyve Suyu,Marka-C,False
2025-03-13,M05,U003,42,130,43.26,False,İçecek,Meyve Suyu,Marka-C,False
2025-03-14,M05,U003,64,66,43.26,False,İçecek,Meyve Suyu,Marka-C,False
2025-03-15,M05,U003,52,14,43.26,False,İçecek,Meyve Suyu,Marka-C,False
2025-03-16,M05,U003,14,0,43.26,True,İçecek,Meyve Suyu,Marka-C,False
2025-03-17,M05,U003,0,0,43.26,True,İçecek,Meyve Suyu,Marka-C,False
2025-03-18,M05,U003,0,0,43.26,True,İçecek,Meyve Suyu,Marka-C,False
2025-03-19,M05,U003,52,144,43.26,False,İçecek,Meyve Suyu,Marka-C,False
2025-03-20,M05,U003,41,103,43.26,False,İçecek,Meyve Suyu,Marka-C,False
2025-03-21,M05,U003,57,46,43.26,False,İçecek,Meyve Suyu,Marka-C,False
2025-03-22,M05,U003,46,0,43.26,False,İçecek,Meyve Suyu,Marka-C,False
2025-03-23,M05,U003,0,0,43.26,True,İçecek,Meyve Suyu,Marka-C,False
2025-03-24,M05,U003,0,0,43.26,True,İçecek,Meyve Suyu,Marka-C,False
2025-03-25,M05,U003,0,0,43.26,True,İçecek,Meyve Suyu,Marka-C,False
2025-03-26,M05,U003,40,172,43.26,False,İçecek,Meyve Suyu,Marka-C,False
2025-03-27,M05,U003,52,120,43.26,False,İçecek,Meyve Suyu,Marka-C,False
2025-03-28,M05,U003,48,72,43.26,False,İçecek,Meyve Suyu,Marka-C,False
2025-03-29,M05,U003,50,22,43.26,False,İçecek,Meyve Suyu,Marka-C,False
2025-03-30,M05,U003,22,0,43.26,True,İçecek,Meyve Suyu,Marka-C,False
2025-03-31,M05,U003,0,0,43.26,True,İçecek,Meyve Suyu,Marka-C,False
2025-04-01,M05,U003,0,0,43.26,True,İçecek,Meyve Suyu,Marka-C,False
2025-04-02,M05,U003,46,178,43.26,False,İçecek,Meyve Suyu,Marka-C,False
2025-04-03,M05,U003,45,133,43.26,False,İçecek,Meyve Suyu,Marka-C,False
2025-04-04,M05,U003,61,72,43.26,False,İçecek,Meyve Suyu,Marka-C,False
2025-04-05,M05,U003,51,21,43.26,False,İçecek,Meyve Suyu,Marka-C,False
2025-04-06,M05,U003,21,0,43.26,True,İçecek,Meyve Suyu,Marka-C,False
2025-04-07,M05,U003,0,0,43.26,True,İçecek,Meyve Suyu,Marka-C,False
2025-04-08,M05,U003,0,0,43.26,True,İçecek,Meyve Suyu,Marka-C,False
2025-04-09,M05,U003,55,169,43.26,False,İçecek,Meyve Suyu,Marka-C,False
2025-04-10,M05,U003,42,127,43.26,False,İçecek,Meyve Suyu,Marka-C,False
2025-04-11,M05,U003,36,91,43.26,False,İçecek,Meyve Suyu,Marka-C,False
2025-04-12,M05,U003,66,25,43.26,False,İçecek,Meyve Suyu,Marka-C,False
2025-04-13,M05,U003,25,0,43.26,True,İçecek,Meyve Suyu,Marka-C,False
2025-04-14,M05,U003,0,0,43.26,True,İçecek,Meyve Suyu,Marka-C,False
2025-04-15,M05,U003,0,0,34.61,True,İçecek,Meyve Suyu,Marka-C,True
2025-04-16,M05,U003,54,141,43.26,False,İçecek,Meyve Suyu,Marka-C,False
2025-04-17,M05,U003,54,87,43.26,False,İçecek,Meyve Suyu,Marka-C,False
2025-04-18,M05,U003,48,39,43.26,False,İçecek,Meyve Suyu,Marka-C,False
2025-04-19,M05,U003,39,0,43.26,True,İçecek,Meyve Suyu,Marka-C,False
2025-04-20,M05,U003,0,0,43.26,True,İçecek,Meyve Suyu,Marka-C,False
2025-04-21,M05,U003,0,0,43.26,True,İçecek,Meyve Suyu,Marka-C,False
2025-04-22,M05,U003,0,0,43.26,True,İçecek,Meyve Suyu,Marka-C,False
2025-04-23,M05,U003,53,166,43.26,False,İçecek,Meyve Suyu,Marka-C,False
2025-04-24,M05,U003,53,113,43.26,False,İçecek,Meyve Suyu,Marka-C,False
2025-04-25,M05,U003,52,61,43.26,False,İçecek,Meyve Suyu,Marka-C,False
2025-04-26,M05,U003,61,0,43.26,True,İçecek,Meyve Suyu,Marka-C,False
2025-04-27,M05,U003,0,0,36.77,True,İçecek,Meyve Suyu,Marka-C,True
2025-04-28,M05,U003,0,0,43.26,True,İçecek,Meyve Suyu,Marka-C,False
2025-04-29,M05,U003,0,0,43.26,True,İçecek,Meyve Suyu,Marka-C,False
2025-04-30,M05,U003,0,0,43.26,True,İçecek,Meyve Suyu,Marka-C,False
2025-05-01,M05,U003,0,0,43.26,True,İçecek,Meyve Suyu,Marka-C,False
2025-05-02,M05,U003,0,0,43.26,True,İçecek,Meyve Suyu,Marka-C,False
2025-05-03,M05,U003,0,0,34.61,True,İçecek,Meyve Suyu,Marka-C,True
2025-05-04,M05,U003,0,0,43.26,True,İçecek,Meyve Suyu,Marka-C,False
2025-05-05,M05,U003,0,0,43.26,True,İçecek,Meyve Suyu,Marka-C,False
2025-05-06,M05,U003,0,0,43.26,True,İçecek,Meyve Suyu,Marka-C,False
2025-01-01,M05,U004,41,207,173.32,False,İçecek,Meyve Suyu,Marka-D,False
2025-01-02,M05,U004,31,176,173.32,False,İçecek,Meyve Suyu,Marka-D,False
2025-01-03,M05,U004,39,137,173.32,False,İçecek,Meyve Suyu,Marka-D,False
2025-01-04,M05,U004,37,100,173.32,False,İçecek,Meyve Suyu,Marka-D,False
2025-01-05,M05,U004,37,63,173.32,False,İçecek,Meyve Suyu,Marka-D,False
2025-01-06,M05,U004,26,213,173.32,False,İçecek,Meyve Suyu,Marka-D,False
2025-01-07,M05,U004,36,177,173.32,False,İçecek,Meyve Suyu,Marka-D,False
2025-01-08,M05,U004,35,142,173.32,False,İçecek,Meyve Suyu,Marka-D,False
2025-01-09,M05,U004,30,112,173.32,False,İçecek,Meyve Suyu,Marka-D,False
2025-01-10,M05,U004,34,78,173.32,False,İçecek,Meyve Suyu,Marka-D,False
2025-01-11,M05,U004,50,28,173.32,False,İçecek,Meyve Suyu,Marka-D,False
2025-01-12,M05,U004,28,0,173.32,True,İçecek,Meyve Suyu,Marka-D,False
2025-01-13,M05,U004,0,0,173.32,True,İçecek,Meyve Suyu,Marka-D,False
2025-01-14,M05,U004,0,0,173.32,True,İçecek,Meyve Suyu,Marka-D,False
2025-01-15,M05,U004,0,0,173.32,True,İçecek,Meyve Suyu,Marka-D,False
2025-01-16,M05,U004,36,222,173.32,False,İçecek,Meyve Suyu,Marka-D,False
2025-01-17,M05,U004,41,181,173.32,False,İçecek,Meyve Suyu,Marka-D,False
2025-01-18,M05,U004,46,135,173.32,False,İçecek,Meyve Suyu,Marka-D,False
2025-01-19,M05,U004,37,98,173.32,False,İçecek,Meyve Suyu,Marka-D,False
2025-01-20,M05,U004,35,63,173.32,False,İçecek,Meyve Suyu,Marka-D,False
2025-01-21,M05,U004,34,215,173.32,False,İçecek,Meyve Suyu,Marka-D,False
2025-01-22,M05,U004,28,187,173.32,False,İçecek,Meyve Suyu,Marka-D,False
2025-01-23,M05,U004,44,143,173.32,False,İçecek,Meyve Suyu,Marka-D,False
2025-01-24,M05,U004,32,111,173.32,False,İçecek,Meyve Suyu,Marka-D,False
2025-01-25,M05,U004,43,68,173.32,False,İçecek,Meyve Suyu,Marka-D,False
2025-01-26,M05,U004,44,230,173.32,False,İçecek,Meyve Suyu,Marka-D,False
2025-01-27,M05,U004,34,196,173.32,False,İçecek,Meyve Suyu,Marka-D,False
2025-01-28,M05,U004,33,163,173.32,False,İçecek,Meyve Suyu,Marka-D,False
2025-01-29,M05,U004,34,129,173.32,False,İçecek,Meyve Suyu,Marka-D,False
2025-01-30,M05,U004,36,93,173.32,False,İçecek,Meyve Suyu,Marka-D,False
2025-01-31,M05,U004,59,189,155.99,False,İçecek,Meyve Suyu,Marka-D,True
2025-02-01,M05,U004,33,156,173.32,False,İçecek,Meyve Suyu,Marka-D,False
2025-02-02,M05,U004,58,98,147.32,False,İçecek,Meyve Suyu,Marka-D,True
2025-02-03,M05,U004,36,62,173.32,False,İçecek,Meyve Suyu,Marka-D,False
2025-02-04,M05,U004,29,33,173.32,False,İçecek,Meyve Suyu,Marka-D,False
2025-02-05,M05,U004,27,217,173.32,False,İçecek,Meyve Suyu,Marka-D,False
2025-02-06,M05,U004,35,182,173.32,False,İçecek,Meyve Suyu,Marka-D,False
2025-02-07,M05,U004,42,140,173.32,False,İçecek,Meyve Suyu,Marka-D,False
2025-02-08,M05,U004,47,93,173.32,False,İçecek,Meyve Suyu,Marka-D,False
2025-02-09,M05,U004,34,59,173.32,False,İçecek,Meyve Suyu,Marka-D,False
2025-02-10,M05,U004,33,211,173.32,False,İçecek,Meyve Suyu,Marka-D,False
2025-02-11,M05,U004,31,180,173.32,False,İçecek,Meyve Suyu,Marka-D,False
2025-02-12,M05,U004,33,147,173.32,False,İçecek,Meyve Suyu,Marka-D,False
2025-02-13,M05,U004,32,115,173.32,False,İçecek,Meyve Suyu,Marka-D,False
2025-02-14,M05,U004,42,73,173.32,False,İçecek,Meyve Suyu,Marka-D,False
2025-02-15,M05,U004,48,207,173.32,False,İçecek,Meyve Suyu,Marka-D,False
2025-02-16,M05,U004,34,173,173.32,False,İçecek,Meyve Suyu,Marka-D,False
2025-02-17,M05,U004,36,137,173.32,False,İçecek,Meyve Suyu,Marka-D,False
2025-02-18,M05,U004,34,103,173.32,False,İçecek,Meyve Suyu,Marka-D,False
2025-02-19,M05,U004,38,65,173.32,False,İçecek,Meyve Suyu,Marka-D,False
2025-02-20,M05,U004,42,212,173.32,False,İçecek,Meyve Suyu,Marka-D,False
2025-02-21,M05,U004,76,136,155.99,False,İçecek,Meyve Suyu,Marka-D,True
2025-02-22,M05,U004,47,89,173.32,False,İçecek,Meyve Suyu,Marka-D,False
2025-02-23,M05,U004,38,51,173.32,False,İçecek,Meyve Suyu,Marka-D,False
2025-02-24,M05,U004,29,22,173.32,False,İçecek,Meyve Suyu,Marka-D,False
2025-02-25,M05,U004,35,217,173.32,False,İçecek,Meyve Suyu,Marka-D,False
2025-02-26,M05,U004,36,181,173.32,False,İçecek,Meyve Suyu,Marka-D,False
2025-02-27,M05,U004,27,154,173.32,False,İçecek,Meyve Suyu,Marka-D,False
2025-02-28,M05,U004,49,105,173.32,False,İçecek,Meyve Suyu,Marka-D,False
2025-03-01,M05,U004,44,61,173.32,False,İçecek,Meyve Suyu,Marka-D,False
2025-03-02,M05,U004,43,197,173.32,False,İçecek,Meyve Suyu,Marka-D,False
2025-03-03,M05,U004,47,150,173.32,False,İçecek,Meyve Suyu,Marka-D,False
2025-03-04,M05,U004,50,100,173.32,False,İçecek,Meyve Suyu,Marka-D,False
2025-03-05,M05,U004,36,64,173.32,False,İçecek,Meyve Suyu,Marka-D,False
2025-03-06,M05,U004,35,29,173.32,False,İçecek,Meyve Suyu,Marka-D,False
2025-03-07,M05,U004,29,0,173.32,True,İçecek,Meyve Suyu,Marka-D,False
2025-03-08,M05,U004,0,0,173.32,True,İçecek,Meyve Suyu,Marka-D,False
2025-03-09,M05,U004,0,0,173.32,True,İçecek,Meyve Suyu,Marka-D,False
2025-03-10,M05,U004,0,0,173.32,True,İçecek,Meyve Suyu,Marka-D,False
2025-03-11,M05,U004,0,0,173.32,True,İçecek,Meyve Suyu,Marka-D,False
2025-03-12,M05,U004,41,191,173.32,False,İçecek,Meyve Suyu,Marka-D,False
2025-03-13,M05,U004,35,156,173.32,False,İçecek,Meyve Suyu,Marka-D,False
2025-03-14,M05,U004,40,116,173.32,False,İçecek,Meyve Suyu,Marka-D,False
2025-03-15,M05,U004,43,73,173.32,False,İçecek,Meyve Suyu,Marka-D,False
2025-03-16,M05,U004,45,28,173.32,False,İçecek,Meyve Suyu,Marka-D,False
2025-03-17,M05,U004,34,227,173.32,False,İçecek,Meyve Suyu,Marka-D,False
2025-03-18,M05,U004,30,197,173.32,False,İçecek,Meyve Suyu,Marka-D,False
2025-03-19,M05,U004,36,161,173.32,False,İçecek,Meyve Suyu,Marka-D,False
2025-03-20,M05,U004,36,125,173.32,False,İçecek,Meyve Suyu,Marka-D,False
2025-03-21,M05,U004,57,68,173.32,False,İçecek,Meyve Suyu,Marka-D,False
2025-03-22,M05,U004,54,204,173.32,False,İçecek,Meyve Suyu,Marka-D,False
2025-03-23,M05,U004,45,159,173.32,False,İçecek,Meyve Suyu,Marka-D,False
2025-03-24,M05,U004,60,99,155.99,False,İçecek,Meyve Suyu,Marka-D,True
2025-03-25,M05,U004,43,56,173.32,False,İçecek,Meyve Suyu,Marka-D,False
2025-03-26,M05,U004,44,12,173.32,False,İçecek,Meyve Suyu,Marka-D,False
2025-03-27,M05,U004,36,201,173.32,False,İçecek,Meyve Suyu,Marka-D,False
2025-03-28,M05,U004,41,160,173.32,False,İçecek,Meyve Suyu,Marka-D,False
2025-03-29,M05,U004,47,113,173.32,False,İçecek,Meyve Suyu,Marka-D,False
2025-03-30,M05,U004,51,62,173.32,False,İçecek,Meyve Suyu,Marka-D,False
2025-03-31,M05,U004,32,30,173.32,False,İçecek,Meyve Suyu,Marka-D,False
2025-04-01,M05,U004,44,212,173.32,False,İçecek,Meyve Suyu,Marka-D,False
2025-04-02,M05,U004,40,172,173.32,False,İçecek,Meyve Suyu,Marka-D,False
2025-04-03,M05,U004,35,137,173.32,False,İçecek,Meyve Suyu,Marka-D,False
2025-04-04,M05,U004,50,87,173.32,False,İçecek,Meyve Suyu,Marka-D,False
2025-04-05,M05,U004,48,39,173.32,False,İçecek,Meyve Suyu,Marka-D,False
2025-04-06,M05,U004,38,231,173.32,False,İçecek,Meyve Suyu,Marka-D,False
2025-04-07,M05,U004,31,200,173.32,False,İçecek,Meyve Suyu,Marka-D,False
2025-04-08,M05,U004,36,164,173.32,False,İçecek,Meyve Suyu,Marka-D,False
2025-04-09,M05,U004,32,132,173.32,False,İçecek,Meyve Suyu,Marka-D,False
2025-04-10,M05,U004,32,100,173.32,False,İçecek,Meyve Suyu,Marka-D,False
2025-04-11,M05,U004,38,207,173.32,False,İçecek,Meyve Suyu,Marka-D,False
2025-04-12,M05,U004,56,151,173.32,False,İçecek,Meyve Suyu,Marka-D,False
2025-04-13,M05,U004,52,99,173.32,False,İçecek,Meyve Suyu,Marka-D,False
2025-04-14,M05,U004,32,67,173.32,False,İçecek,Meyve Suyu,Marka-D,False
2025-04-15,M05,U004,38,29,173.32,False,İçecek,Meyve Suyu,Marka-D,False
2025-04-16,M05,U004,35,243,173.32,False,İçecek,Meyve Suyu,Marka-D,False
2025-04-17,M05,U004,45,198,173.32,False,İçecek,Meyve Suyu,Marka-D,False
2025-04-18,M05,U004,41,157,173.32,False,İçecek,Meyve Suyu,Marka-D,False
2025-04-19,M05,U004,52,105,173.32,False,İçecek,Meyve Suyu,Marka-D,False
2025-04-20,M05,U004,40,65,173.32,False,İçecek,Meyve Suyu,Marka-D,False
2025-04-21,M05,U004,39,193,173.32,False,İçecek,Meyve Suyu,Marka-D,False
2025-04-22,M05,U004,36,157,173.32,False,İçecek,Meyve Suyu,Marka-D,False
2025-04-23,M05,U004,34,123,173.32,False,İçecek,Meyve Suyu,Marka-D,False
2025-04-24,M05,U004,46,77,173.32,False,İçecek,Meyve Suyu,Marka-D,False
2025-04-25,M05,U004,39,38,173.32,False,İçecek,Meyve Suyu,Marka-D,False
2025-04-26,M05,U004,72,209,173.32,False,İçecek,Meyve Suyu,Marka-D,False
2025-04-27,M05,U004,70,139,138.66,False,İçecek,Meyve Suyu,Marka-D,True
2025-04-28,M05,U004,31,108,173.32,False,İçecek,Meyve Suyu,Marka-D,False
2025-04-29,M05,U004,33,75,173.32,False,İçecek,Meyve Suyu,Marka-D,False
2025-04-30,M05,U004,30,45,173.32,False,İçecek,Meyve Suyu,Marka-D,False
2025-05-01,M05,U004,44,234,173.32,False,İçecek,Meyve Suyu,Marka-D,False
2025-05-02,M05,U004,49,185,173.32,False,İçecek,Meyve Suyu,Marka-D,False
2025-05-03,M05,U004,53,132,173.32,False,İçecek,Meyve Suyu,Marka-D,False
2025-05-04,M05,U004,60,72,173.32,False,İçecek,Meyve Suyu,Marka-D,False
2025-05-05,M05,U004,38,34,173.32,False,İçecek,Meyve Suyu,Marka-D,False
2025-05-06,M05,U004,39,195,173.32,False,İçecek,Meyve Suyu,Marka-D,False
2025-01-01,M05,U005,18,102,49.88,False,İçecek,Su,Marka-E,False
2025-01-02,M05,U005,40,62,39.9,False,İçecek,Su,Marka-E,True
2025-01-03,M05,U005,24,38,49.88,False,İçecek,Su,Marka-E,False
2025-01-04,M05,U005,33,5,49.88,False,İçecek,Su,Marka-E,False
2025-01-05,M05,U005,5,0,49.88,True,İçecek,Su,Marka-E,False
2025-01-06,M05,U005,0,0,49.88,True,İçecek,Su,Marka-E,False
2025-01-07,M05,U005,26,110,49.88,False,İçecek,Su,Marka-E,False
2025-01-08,M05,U005,22,88,49.88,False,İçecek,Su,Marka-E,False
2025-01-09,M05,U005,42,46,42.4,False,İçecek,Su,Marka-E,True
2025-01-10,M05,U005,26,20,49.88,False,İçecek,Su,Marka-E,False
2025-01-11,M05,U005,20,0,49.88,True,İçecek,Su,Marka-E,False
2025-01-12,M05,U005,0,0,49.88,True,İçecek,Su,Marka-E,False
2025-01-13,M05,U005,42,86,42.4,False,İçecek,Su,Marka-E,True
2025-01-14,M05,U005,21,65,49.88,False,İçecek,Su,Marka-E,False
2025-01-15,M05,U005,34,31,49.88,False,İçecek,Su,Marka-E,False
2025-01-16,M05,U005,26,5,49.88,False,İçecek,Su,Marka-E,False
2025-01-17,M05,U005,5,0,49.88,True,İçecek,Su,Marka-E,False
2025-01-18,M05,U005,0,0,49.88,True,İçecek,Su,Marka-E,False
2025-01-19,M05,U005,22,113,49.88,False,İçecek,Su,Marka-E,False
2025-01-20,M05,U005,13,100,49.88,False,İçecek,Su,Marka-E,False
2025-01-21,M05,U005,27,73,49.88,False,İçecek,Su,Marka-E,False
2025-01-22,M05,U005,15,58,49.88,False,İçecek,Su,Marka-E,False
2025-01-23,M05,U005,29,29,49.88,False,İçecek,Su,Marka-E,False
2025-01-24,M05,U005,27,2,49.88,False,İçecek,Su,Marka-E,False
2025-01-25,M05,U005,37,105,49.88,False,İçecek,Su,Marka-E,False
2025-01-26,M05,U005,36,69,49.88,False,İçecek,Su,Marka-E,False
2025-01-27,M05,U005,10,59,49.88,False,İçecek,Su,Marka-E,False
2025-01-28,M05,U005,16,43,49.88,False,İçecek,Su,Marka-E,False
2025-01-29,M05,U005,16,27,49.88,False,İçecek,Su,Marka-E,False
2025-01-30,M05,U005,26,1,49.88,False,İçecek,Su,Marka-E,False
2025-01-31,M05,U005,24,112,49.88,False,İçecek,Su,Marka-E,False
2025-02-01,M05,U005,40,72,49.88,False,İçecek,Su,Marka-E,False
2025-02-02,M05,U005,29,43,49.88,False,İçecek,Su,Marka-E,False
2025-02-03,M05,U005,32,11,49.88,False,İçecek,Su,Marka-E,False
2025-02-04,M05,U005,11,0,49.88,True,İçecek,Su,Marka-E,False
2025-02-05,M05,U005,0,0,49.88,True,İçecek,Su,Marka-E,False
2025-02-06,M05,U005,20,114,49.88,False,İçecek,Su,Marka-E,False
2025-02-07,M05,U005,47,67,39.9,False,İçecek,Su,Marka-E,True
2025-02-08,M05,U005,34,33,49.88,False,İçecek,Su,Marka-E,False
2025-02-09,M05,U005,28,5,49.88,False,İçecek,Su,Marka-E,False
2025-02-10,M05,U005,5,0,49.88,True,İçecek,Su,Marka-E,False
2025-02-11,M05,U005,0,0,39.9,True,İçecek,Su,Marka-E,True
2025-02-12,M05,U005,24,94,49.88,False,İçecek,Su,Marka-E,False
2025-02-13,M05,U005,27,67,49.88,False,İçecek,Su,Marka-E,False
2025-02-14,M05,U005,31,36,49.88,False,İçecek,Su,Marka-E,False
2025-02-15,M05,U005,24,12,49.88,False,İçecek,Su,Marka-E,False
2025-02-16,M05,U005,12,0,49.88,True,İçecek,Su,Marka-E,False
2025-02-17,M05,U005,0,0,49.88,True,İçecek,Su,Marka-E,False
2025-02-18,M05,U005,23,117,49.88,False,İçecek,Su,Marka-E,False
2025-02-19,M05,U005,33,84,49.88,False,İçecek,Su,Marka-E,False
2025-02-20,M05,U005,26,58,49.88,False,İçecek,Su,Marka-E,False
2025-02-21,M05,U005,36,22,49.88,False,İçecek,Su,Marka-E,False
2025-02-22,M05,U005,22,0,49.88,True,İçecek,Su,Marka-E,False
2025-02-23,M05,U005,0,0,49.88,True,İçecek,Su,Marka-E,False
2025-02-24,M05,U005,20,99,49.88,False,İçecek,Su,Marka-E,False
2025-02-25,M05,U005,24,75,49.88,False,İçecek,Su,Marka-E,False
2025-02-26,M05,U005,46,29,42.4,False,İçecek,Su,Marka-E,True
2025-02-27,M05,U005,29,0,49.88,True,İçecek,Su,Marka-E,False
2025-02-28,M05,U005,0,0,49.88,True,İçecek,Su,Marka-E,False
2025-03-01,M05,U005,0,0,49.88,True,İçecek,Su,Marka-E,False
2025-03-02,M05,U005,33,87,49.88,False,İçecek,Su,Marka-E,False
2025-03-03,M05,U005,25,62,49.88,False,İçecek,Su,Marka-E,False
2025-03-04,M05,U005,18,44,49.88,False,İçecek,Su,Marka-E,False
2025-03-05,M05,U005,31,13,49.88,False,İçecek,Su,Marka-E,False
2025-03-06,M05,U005,13,0,49.88,True,İçecek,Su,Marka-E,False
2025-03-07,M05,U005,0,0,49.88,True,İçecek,Su,Marka-E,False
2025-03-08,M05,U005,32,94,49.88,False,İçecek,Su,Marka-E,False
2025-03-09,M05,U005,25,69,49.88,False,İçecek,Su,Marka-E,False
2025-03-10,M05,U005,21,48,49.88,False,İçecek,Su,Marka-E,False
2025-03-11,M05,U005,19,29,49.88,False,İçecek,Su,Marka-E,False
2025-03-12,M05,U005,22,7,49.88,False,İçecek,Su,Marka-E,False
2025-03-13,M05,U005,7,0,39.9,True,İçecek,Su,Marka-E,True
2025-03-14,M05,U005,26,113,49.88,False,İçecek,Su,Marka-E,False
2025-03-15,M05,U005,31,82,49.88,False,İçecek,Su,Marka-E,False
2025-03-16,M05,U005,19,63,49.88,False,İçecek,Su,Marka-E,False
2025-03-17,M05,U005,29,34,49.88,False,İçecek,Su,Marka-E,False
2025-03-18,M05,U005,33,1,49.88,False,İçecek,Su,Marka-E,False
2025-03-19,M05,U005,1,0,49.88,True,İçecek,Su,Marka-E,False
2025-03-20,M05,U005,28,96,49.88,False,İçecek,Su,Marka-E,False
2025-03-21,M05,U005,30,66,49.88,False,İçecek,Su,Marka-E,False
2025-03-22,M05,U005,33,33,49.88,False,İçecek,Su,Marka-E,False
2025-03-23,M05,U005,33,0,49.88,True,İçecek,Su,Marka-E,False
2025-03-24,M05,U005,0,0,49.88,True,İçecek,Su,Marka-E,False
2025-03-25,M05,U005,0,0,49.88,True,İçecek,Su,Marka-E,False
2025-03-26,M05,U005,34,87,49.88,False,İçecek,Su,Marka-E,False
2025-03-27,M05,U005,31,56,42.4,False,İçecek,Su,Marka-E,True
2025-03-28,M05,U005,29,27,49.88,False,İçecek,Su,Marka-E,False
2025-03-29,M05,U005,27,0,49.88,True,İçecek,Su,Marka-E,False
2025-03-30,M05,U005,0,0,49.88,True,İçecek,Su,Marka-E,False
2025-03-31,M05,U005,0,0,49.88,True,İçecek,Su,Marka-E,False
2025-04-01,M05,U005,19,116,49.88,False,İçecek,Su,Marka-E,False
2025-04-02,M05,U005,23,93,49.88,False,İçecek,Su,Marka-E,False
2025-04-03,M05,U005,26,67,49.88,False,İçecek,Su,Marka-E,False
2025-04-04,M05,U005,32,35,49.88,False,İçecek,Su,Marka-E,False
2025-04-05,M05,U005,33,2,49.88,False,İçecek,Su,Marka-E,False
2025-04-06,M05,U005,2,0,49.88,True,İçecek,Su,Marka-E,False
2025-04-07,M05,U005,18,101,49.88,False,İçecek,Su,Marka-E,False
2025-04-08,M05,U005,25,76,49.88,False,İçecek,Su,Marka-E,False
2025-04-09,M05,U005,16,60,49.88,False,İçecek,Su,Marka-E,False
2025-04-10,M05,U005,27,33,49.88,False,İçecek,Su,Marka-E,False
2025-04-11,M05,U005,33,0,44.89,True,İçecek,Su,Marka-E,True
2025-04-12,M05,U005,0,0,49.88,True,İçecek,Su,Marka-E,False
2025-04-13,M05,U005,24,115,49.88,False,İçecek,Su,Marka-E,False
2025-04-14,M05,U005,38,77,39.9,False,İçecek,Su,Marka-E,True
2025-04-15,M05,U005,32,45,49.88,False,İçecek,Su,Marka-E,False
2025-04-16,M05,U005,17,28,49.88,False,İçecek,Su,Marka-E,False
2025-04-17,M05,U005,23,5,49.88,False,İçecek,Su,Marka-E,False
2025-04-18,M05,U005,5,0,49.88,True,İçecek,Su,Marka-E,False
2025-04-19,M05,U005,0,0,44.89,True,İçecek,Su,Marka-E,True
2025-04-20,M05,U005,0,0,49.88,True,İçecek,Su,Marka-E,False
2025-04-21,M05,U005,0,0,49.88,True,İçecek,Su,Marka-E,False
2025-04-22,M05,U005,0,0,49.88,True,İçecek,Su,Marka-E,False
2025-04-23,M05,U005,0,0,49.88,True,İçecek,Su,Marka-E,False
2025-04-24,M05,U005,0,0,49.88,True,İçecek,Su,Marka-E,False
2025-04-25,M05,U005,25,110,49.88,False,İçecek,Su,Marka-E,False
2025-04-26,M05,U005,43,67,49.88,False,İçecek,Su,Marka-E,False
2025-04-27,M05,U005,29,38,49.88,False,İçecek,Su,Marka-E,False
2025-04-28,M05,U005,24,14,49.88,False,İçecek,Su,Marka-E,False
2025-04-29,M05,U005,14,0,49.88,True,İçecek,Su,Marka-E,False
2025-04-30,M05,U005,0,0,49.88,True,İçecek,Su,Marka-E,False
2025-05-01,M05,U005,31,88,49.88,False,İçecek,Su,Marka-E,False
2025-05-02,M05,U005,32,56,49.88,False,İçecek,Su,Marka-E,False
2025-05-03,M05,U005,41,15,49.88,False,İçecek,Su,Marka-E,False
2025-05-04,M05,U005,15,0,49.88,True,İçecek,Su,Marka-E,False
2025-05-05,M05,U005,0,0,49.88,True,İçecek,Su,Marka-E,False
2025-05-06,M05,U005,0,0,49.88,True,İçecek,Su,Marka-E,False
2025-01-01,M05,U006,44,223,97.21,False,İçecek,Su,Marka-F,False
2025-01-02,M05,U006,54,169,87.49,False,İçecek,Su,Marka-F,True
2025-01-03,M05,U006,40,129,97.21,False,İçecek,Su,Marka-F,False
2025-01-04,M05,U006,45,84,97.21,False,İçecek,Su,Marka-F,False
2025-01-05,M05,U006,68,16,77.77,False,İçecek,Su,Marka-F,True
2025-01-06,M05,U006,16,0,97.21,True,İçecek,Su,Marka-F,False
2025-01-07,M05,U006,0,0,77.77,True,İçecek,Su,Marka-F,True
2025-01-08,M05,U006,42,186,97.21,False,İçecek,Su,Marka-F,False
2025-01-09,M05,U006,34,152,97.21,False,İçecek,Su,Marka-F,False
2025-01-10,M05,U006,39,113,97.21,False,İçecek,Su,Marka-F,False
2025-01-11,M05,U006,47,66,97.21,False,İçecek,Su,Marka-F,False
2025-01-12,M05,U006,46,20,97.21,False,İçecek,Su,Marka-F,False
2025-01-13,M05,U006,20,0,97.21,True,İçecek,Su,Marka-F,False
2025-01-14,M05,U006,0,0,97.21,True,İçecek,Su,Marka-F,False
2025-01-15,M05,U006,36,237,97.21,False,İçecek,Su,Marka-F,False
2025-01-16,M05,U006,62,175,82.63,False,İçecek,Su,Marka-F,True
2025-01-17,M05,U006,40,135,97.21,False,İçecek,Su,Marka-F,False
2025-01-18,M05,U006,52,83,97.21,False,İçecek,Su,Marka-F,False
2025-01-19,M05,U006,42,41,97.21,False,İçecek,Su,Marka-F,False
2025-01-20,M05,U006,41,0,77.77,True,İçecek,Su,Marka-F,True
2025-01-21,M05,U006,0,0,97.21,True,İçecek,Su,Marka-F,False
2025-01-22,M05,U006,29,229,97.21,False,İçecek,Su,Marka-F,False
2025-01-23,M05,U006,40,189,97.21,False,İçecek,Su,Marka-F,False
2025-01-24,M05,U006,44,145,97.21,False,İçecek,Su,Marka-F,False
2025-01-25,M05,U006,47,98,97.21,False,İçecek,Su,Marka-F,False
2025-01-26,M05,U006,49,49,97.21,False,İçecek,Su,Marka-F,False
2025-01-27,M05,U006,32,17,97.21,False,İçecek,Su,Marka-F,False
2025-01-28,M05,U006,17,0,97.21,True,İçecek,Su,Marka-F,False
2025-01-29,M05,U006,48,189,97.21,False,İçecek,Su,Marka-F,False
2025-01-30,M05,U006,41,148,97.21,False,İçecek,Su,Marka-F,False
2025-01-31,M05,U006,42,106,97.21,False,İçecek,Su,Marka-F,False
2025-02-01,M05,U006,50,56,97.21,False,İçecek,Su,Marka-F,False
2025-02-02,M05,U006,43,13,97.21,False,İçecek,Su,Marka-F,False
2025-02-03,M05,U006,13,0,97.21,True,İçecek,Su,Marka-F,False
2025-02-04,M05,U006,0,0,97.21,True,İçecek,Su,Marka-F,False
2025-02-05,M05,U006,47,216,97.21,False,İçecek,Su,Marka-F,False
2025-02-06,M05,U006,38,178,97.21,False,İçecek,Su,Marka-F,False
2025-02-07,M05,U006,50,128,97.21,False,İçecek,Su,Marka-F,False
2025-02-08,M05,U006,48,80,97.21,False,İçecek,Su,Marka-F,False
2025-02-09,M05,U006,40,40,97.21,False,İçecek,Su,Marka-F,False
2025-02-10,M05,U006,40,0,87.49,True,İçecek,Su,Marka-F,True
2025-02-11,M05,U006,0,0,97.21,True,İçecek,Su,Marka-F,False
2025-02-12,M05,U006,38,220,97.21,False,İçecek,Su,Marka-F,False
2025-02-13,M05,U006,42,178,97.21,False,İçecek,Su,Marka-F,False
2025-02-14,M05,U006,53,125,97.21,False,İçecek,Su,Marka-F,False
2025-02-15,M05,U006,37,88,97.21,False,İçecek,Su,Marka-F,False
2025-02-16,M05,U006,43,45,97.21,False,İçecek,Su,Marka-F,False
2025-02-17,M05,U006,40,5,97.21,False,İçecek,Su,Marka-F,False
2025-02-18,M05,U006,5,0,97.21,True,İçecek,Su,Marka-F,False
2025-02-19,M05,U006,48,229,97.21,False,İçecek,Su,Marka-F,False
2025-02-20,M05,U006,42,187,97.21,False,İçecek,Su,Marka-F,False
2025-02-21,M05,U006,54,133,97.21,False,İçecek,Su,Marka-F,False
2025-02-22,M05,U006,62,71,97.21,False,İçecek,Su,Marka-F,False
2025-02-23,M05,U006,45,26,97.21,False,İçecek,Su,Marka-F,False
2025-02-24,M05,U006,26,0,97.21,True,İçecek,Su,Marka-F,False
2025-02-25,M05,U006,0,0,87.49,True,İçecek,Su,Marka-F,True
2025-02-26,M05,U006,39,225,97.21,False,İçecek,Su,Marka-F,False
2025-02-27,M05,U006,40,185,97.21,False,İçecek,Su,Marka-F,False
2025-02-28,M05,U006,44,141,97.21,False,İçecek,Su,Marka-F,False
2025-03-01,M05,U006,57,84,97.21,False,İçecek,Su,Marka-F,False
2025-03-02,M05,U006,66,18,82.63,False,İçecek,Su,Marka-F,True
2025-03-03,M05,U006,18,0,97.21,True,İçecek,Su,Marka-F,False
2025-03-04,M05,U006,0,0,97.21,True,İçecek,Su,Marka-F,False
2025-03-05,M05,U006,0,0,97.21,True,İçecek,Su,Marka-F,False
2025-03-06,M05,U006,0,0,97.21,True,İçecek,Su,Marka-F,False
2025-03-07,M05,U006,0,0,97.21,True,İçecek,Su,Marka-F,False
2025-03-08,M05,U006,0,0,97.21,True,İçecek,Su,Marka-F,False
2025-03-09,M05,U006,0,0,97.21,True,İçecek,Su,Marka-F,False
2025-03-10,M05,U006,0,0,97.21,True,İçecek,Su,Marka-F,False
2025-03-11,M05,U006,0,0,97.21,True,İçecek,Su,Marka-F,False
2025-03-12,M05,U006,57,211,77.77,False,İçecek,Su,Marka-F,True
2025-03-13,M05,U006,42,169,97.21,False,İçecek,Su,Marka-F,False
2025-03-14,M05,U006,42,127,97.21,False,İçecek,Su,Marka-F,False
2025-03-15,M05,U006,44,83,97.21,False,İçecek,Su,Marka-F,False
2025-03-16,M05,U006,83,0,82.63,True,İçecek,Su,Marka-F,True
2025-03-17,M05,U006,0,0,97.21,True,İçecek,Su,Marka-F,False
2025-03-18,M05,U006,0,0,97.21,True,İçecek,Su,Marka-F,False
2025-03-19,M05,U006,49,180,97.21,False,İçecek,Su,Marka-F,False
2025-03-20,M05,U006,34,146,97.21,False,İçecek,Su,Marka-F,False
2025-03-21,M05,U006,47,99,97.21,False,İçecek,Su,Marka-F,False
2025-03-22,M05,U006,50,49,97.21,False,İçecek,Su,Marka-F,False
2025-03-23,M05,U006,49,0,97.21,True,İçecek,Su,Marka-F,False
2025-03-24,M05,U006,0,0,97.21,True,İçecek,Su,Marka-F,False
2025-03-25,M05,U006,0,0,97.21,True,İçecek,Su,Marka-F,False
2025-03-26,M05,U006,39,223,97.21,False,İçecek,Su,Marka-F,False
2025-03-27,M05,U006,47,176,97.21,False,İçecek,Su,Marka-F,False
2025-03-28,M05,U006,60,116,97.21,False,İçecek,Su,Marka-F,False
2025-03-29,M05,U006,58,58,97.21,False,İçecek,Su,Marka-F,False
2025-03-30,M05,U006,57,1,97.21,False,İçecek,Su,Marka-F,False
2025-03-31,M05,U006,1,0,97.21,True,İçecek,Su,Marka-F,False
2025-04-01,M05,U006,0,0,97.21,True,İçecek,Su,Marka-F,False
2025-04-02,M05,U006,51,216,87.49,False,İçecek,Su,Marka-F,True
2025-04-03,M05,U006,44,172,97.21,False,İçecek,Su,Marka-F,False
2025-04-04,M05,U006,75,97,87.49,False,İçecek,Su,Marka-F,True
2025-04-05,M05,U006,67,30,97.21,False,İçecek,Su,Marka-F,False
2025-04-06,M05,U006,30,0,97.21,True,İçecek,Su,Marka-F,False
2025-04-07,M05,U006,0,0,97.21,True,İçecek,Su,Marka-F,False
2025-04-08,M05,U006,0,0,97.21,True,İçecek,Su,Marka-F,False
2025-04-09,M05,U006,45,184,97.21,False,İçecek,Su,Marka-F,False
2025-04-10,M05,U006,32,152,97.21,False,İçecek,Su,Marka-F,False
2025-04-11,M05,U006,53,99,97.21,False,İçecek,Su,Marka-F,False
2025-04-12,M05,U006,69,30,97.21,False,İçecek,Su,Marka-F,False
2025-04-13,M05,U006,30,0,97.21,True,İçecek,Su,Marka-F,False
2025-04-14,M05,U006,0,0,97.21,True,İçecek,Su,Marka-F,False
2025-04-15,M05,U006,0,0,97.21,True,İçecek,Su,Marka-F,False
2025-04-16,M05,U006,62,169,77.77,False,İçecek,Su,Marka-F,True
2025-04-17,M05,U006,33,136,97.21,False,İçecek,Su,Marka-F,False
2025-04-18,M05,U006,55,81,97.21,False,İçecek,Su,Marka-F,False
2025-04-19,M05,U006,58,23,97.21,False,İçecek,Su,Marka-F,False
2025-04-20,M05,U006,23,0,97.21,True,İçecek,Su,Marka-F,False
2025-04-21,M05,U006,0,0,97.21,True,İçecek,Su,Marka-F,False
2025-04-22,M05,U006,0,0,97.21,True,İçecek,Su,Marka-F,False
2025-04-23,M05,U006,46,197,97.21,False,İçecek,Su,Marka-F,False
2025-04-24,M05,U006,33,164,97.21,False,İçecek,Su,Marka-F,False
2025-04-25,M05,U006,62,102,97.21,False,İçecek,Su,Marka-F,False
2025-04-26,M05,U006,76,26,87.49,False,İçecek,Su,Marka-F,True
2025-04-27,M05,U006,26,0,97.21,True,İçecek,Su,Marka-F,False
2025-04-28,M05,U006,0,0,97.21,True,İçecek,Su,Marka-F,False
2025-04-29,M05,U006,0,0,97.21,True,İçecek,Su,Marka-F,False
2025-04-30,M05,U006,34,232,97.21,False,İçecek,Su,Marka-F,False
2025-05-01,M05,U006,47,185,97.21,False,İçecek,Su,Marka-F,False
2025-05-02,M05,U006,51,134,97.21,False,İçecek,Su,Marka-F,False
2025-05-03,M05,U006,70,64,97.21,False,İçecek,Su,Marka-F,False
2025-05-04,M05,U006,50,14,97.21,False,İçecek,Su,Marka-F,False
2025-05-05,M05,U006,14,0,97.21,True,İçecek,Su,Marka-F,False
2025-05-06,M05,U006,0,0,97.21,True,İçecek,Su,Marka-F,False
2025-01-01,M05,U007,34,150,150.45,False,Atıştırmalık,Cips,Marka-A,False
2025-01-02,M05,U007,22,128,150.45,False,Atıştırmalık,Cips,Marka-A,False
2025-01-03,M05,U007,41,87,150.45,False,Atıştırmalık,Cips,Marka-A,False
2025-01-04,M05,U007,46,41,150.45,False,Atıştırmalık,Cips,Marka-A,False
2025-01-05,M05,U007,41,0,127.88,True,Atıştırmalık,Cips,Marka-A,True
2025-01-06,M05,U007,0,0,150.45,True,Atıştırmalık,Cips,Marka-A,False
2025-01-07,M05,U007,31,171,150.45,False,Atıştırmalık,Cips,Marka-A,False
2025-01-08,M05,U007,21,150,150.45,False,Atıştırmalık,Cips,Marka-A,False
2025-01-09,M05,U007,35,115,150.45,False,Atıştırmalık,Cips,Marka-A,False
2025-01-10,M05,U007,44,71,120.36,False,Atıştırmalık,Cips,Marka-A,True
2025-01-11,M05,U007,48,23,150.45,False,Atıştırmalık,Cips,Marka-A,False
2025-01-12,M05,U007,23,0,150.45,True,Atıştırmalık,Cips,Marka-A,False
2025-01-13,M05,U007,37,146,150.45,False,Atıştırmalık,Cips,Marka-A,False
2025-01-14,M05,U007,28,118,150.45,False,Atıştırmalık,Cips,Marka-A,False
2025-01-15,M05,U007,37,81,150.45,False,Atıştırmalık,Cips,Marka-A,False
2025-01-16,M05,U007,33,48,150.45,False,Atıştırmalık,Cips,Marka-A,False
2025-01-17,M05,U007,41,7,150.45,False,Atıştırmalık,Cips,Marka-A,False
2025-01-18,M05,U007,7,0,127.88,True,Atıştırmalık,Cips,Marka-A,True
2025-01-19,M05,U007,64,147,120.36,False,Atıştırmalık,Cips,Marka-A,True
2025-01-20,M05,U007,30,117,150.45,False,Atıştırmalık,Cips,Marka-A,False
2025-01-21,M05,U007,21,96,150.45,False,Atıştırmalık,Cips,Marka-A,False
2025-01-22,M05,U007,36,60,150.45,False,Atıştırmalık,Cips,Marka-A,False
2025-01-23,M05,U007,42,18,150.45,False,Atıştırmalık,Cips,Marka-A,False
2025-01-24,M05,U007,18,0,150.45,True,Atıştırmalık,Cips,Marka-A,False
2025-01-25,M05,U007,39,160,150.45,False,Atıştırmalık,Cips,Marka-A,False
2025-01-26,M05,U007,40,120,150.45,False,Atıştırmalık,Cips,Marka-A,False
2025-01-27,M05,U007,23,97,150.45,False,Atıştırmalık,Cips,Marka-A,False
2025-01-28,M05,U007,26,71,150.45,False,Atıştırmalık,Cips,Marka-A,False
2025-01-29,M05,U007,30,41,150.45,False,Atıştırmalık,Cips,Marka-A,False
2025-01-30,M05,U007,41,0,135.41,True,Atıştırmalık,Cips,Marka-A,True
2025-01-31,M05,U007,42,169,150.45,False,Atıştırmalık,Cips,Marka-A,False
2025-02-01,M05,U007,41,128,150.45,False,Atıştırmalık,Cips,Marka-A,False
2025-02-02,M05,U007,45,83,150.45,False,Atıştırmalık,Cips,Marka-A,False
2025-02-03,M05,U007,25,58,150.45,False,Atıştırmalık,Cips,Marka-A,False
2025-02-04,M05,U007,58,0,120.36,True,Atıştırmalık,Cips,Marka-A,True
2025-02-05,M05,U007,0,0,150.45,True,Atıştırmalık,Cips,Marka-A,False
2025-02-06,M05,U007,37,170,150.45,False,Atıştırmalık,Cips,Marka-A,False
2025-02-07,M05,U007,42,128,150.45,False,Atıştırmalık,Cips,Marka-A,False
2025-02-08,M05,U007,43,85,150.45,False,Atıştırmalık,Cips,Marka-A,False
2025-02-09,M05,U007,47,38,150.45,False,Atıştırmalık,Cips,Marka-A,False
2025-02-10,M05,U007,30,8,150.45,False,Atıştırmalık,Cips,Marka-A,False
2025-02-11,M05,U007,8,0,150.45,True,Atıştırmalık,Cips,Marka-A,False
2025-02-12,M05,U007,41,155,150.45,False,Atıştırmalık,Cips,Marka-A,False
2025-02-13,M05,U007,32,123,150.45,False,Atıştırmalık,Cips,Marka-A,False
2025-02-14,M05,U007,43,80,150.45,False,Atıştırmalık,Cips,Marka-A,False
2025-02-15,M05,U007,58,22,150.45,False,Atıştırmalık,Cips,Marka-A,False
2025-02-16,M05,U007,22,0,150.45,True,Atıştırmalık,Cips,Marka-A,False
2025-02-17,M05,U007,0,0,150.45,True,Atıştırmalık,Cips,Marka-A,False
2025-02-18,M05,U007,40,148,150.45,False,Atıştırmalık,Cips,Marka-A,False
2025-02-19,M05,U007,47,101,150.45,False,Atıştırmalık,Cips,Marka-A,False
2025-02-20,M05,U007,33,68,150.45,False,Atıştırmalık,Cips,Marka-A,False
2025-02-21,M05,U007,41,27,150.45,False,Atıştırmalık,Cips,Marka-A,False
2025-02-22,M05,U007,27,0,150.45,True,Atıştırmalık,Cips,Marka-A,False
2025-02-23,M05,U007,0,0,150.45,True,Atıştırmalık,Cips,Marka-A,False
2025-02-24,M05,U007,40,147,150.45,False,Atıştırmalık,Cips,Marka-A,False
2025-02-25,M05,U007,33,114,150.45,False,Atıştırmalık,Cips,Marka-A,False
2025-02-26,M05,U007,29,85,150.45,False,Atıştırmalık,Cips,Marka-A,False
2025-02-27,M05,U007,36,49,150.45,False,Atıştırmalık,Cips,Marka-A,False
2025-02-28,M05,U007,36,13,150.45,False,Atıştırmalık,Cips,Marka-A,False
2025-03-01,M05,U007,13,0,150.45,True,Atıştırmalık,Cips,Marka-A,False
2025-03-02,M05,U007,47,136,150.45,False,Atıştırmalık,Cips,Marka-A,False
2025-03-03,M05,U007,28,108,150.45,False,Atıştırmalık,Cips,Marka-A,False
2025-03-04,M05,U007,31,77,150.45,False,Atıştırmalık,Cips,Marka-A,False
2025-03-05,M05,U007,46,31,150.45,False,Atıştırmalık,Cips,Marka-A,False
2025-03-06,M05,U007,31,0,150.45,True,Atıştırmalık,Cips,Marka-A,False
2025-03-07,M05,U007,0,0,150.45,True,Atıştırmalık,Cips,Marka-A,False
2025-03-08,M05,U007,0,0,150.45,True,Atıştırmalık,Cips,Marka-A,False
2025-03-09,M05,U007,0,0,150.45,True,Atıştırmalık,Cips,Marka-A,False
2025-03-10,M05,U007,0,0,150.45,True,Atıştırmalık,Cips,Marka-A,False
2025-03-11,M05,U007,0,0,150.45,True,Atıştırmalık,Cips,Marka-A,False
2025-03-12,M05,U007,0,0,150.45,True,Atıştırmalık,Cips,Marka-A,False
2025-03-13,M05,U007,0,0,150.45,True,Atıştırmalık,Cips,Marka-A,False
2025-03-14,M05,U007,28,167,150.45,False,Atıştırmalık,Cips,Marka-A,False
2025-03-15,M05,U007,52,115,150.45,False,Atıştırmalık,Cips,Marka-A,False
2025-03-16,M05,U007,33,82,150.45,False,Atıştırmalık,Cips,Marka-A,False
2025-03-17,M05,U007,42,40,150.45,False,Atıştırmalık,Cips,Marka-A,False
2025-03-18,M05,U007,40,0,150.45,True,Atıştırmalık,Cips,Marka-A,False
2025-03-19,M05,U007,0,0,150.45,True,Atıştırmalık,Cips,Marka-A,False
2025-03-20,M05,U007,0,0,150.45,True,Atıştırmalık,Cips,Marka-A,False
2025-03-21,M05,U007,0,0,150.45,True,Atıştırmalık,Cips,Marka-A,False
2025-03-22,M05,U007,0,0,150.45,True,Atıştırmalık,Cips,Marka-A,False
2025-03-23,M05,U007,0,0,150.45,True,Atıştırmalık,Cips,Marka-A,False
2025-03-24,M05,U007,0,0,150.45,True,Atıştırmalık,Cips,Marka-A,False
2025-03-25,M05,U007,0,0,150.45,True,Atıştırmalık,Cips,Marka-A,False
2025-03-26,M05,U007,24,173,150.45,False,Atıştırmalık,Cips,Marka-A,False
2025-03-27,M05,U007,59,114,120.36,False,Atıştırmalık,Cips,Marka-A,True
2025-03-28,M05,U007,38,76,150.45,False,Atıştırmalık,Cips,Marka-A,False
2025-03-29,M05,U007,55,21,150.45,False,Atıştırmalık,Cips,Marka-A,False
2025-03-30,M05,U007,21,0,150.45,True,Atıştırmalık,Cips,Marka-A,False
2025-03-31,M05,U007,0,0,150.45,True,Atıştırmalık,Cips,Marka-A,False
2025-04-01,M05,U007,38,172,150.45,False,Atıştırmalık,Cips,Marka-A,False
2025-04-02,M05,U007,43,129,150.45,False,Atıştırmalık,Cips,Marka-A,False
2025-04-03,M05,U007,37,92,150.45,False,Atıştırmalık,Cips,Marka-A,False
2025-04-04,M05,U007,53,39,150.45,False,Atıştırmalık,Cips,Marka-A,False
2025-04-05,M05,U007,39,0,150.45,True,Atıştırmalık,Cips,Marka-A,False
2025-04-06,M05,U007,0,0,150.45,True,Atıştırmalık,Cips,Marka-A,False
2025-04-07,M05,U007,38,172,150.45,False,Atıştırmalık,Cips,Marka-A,False
2025-04-08,M05,U007,49,123,120.36,False,Atıştırmalık,Cips,Marka-A,True
2025-04-09,M05,U007,42,81,150.45,False,Atıştırmalık,Cips,Marka-A,False
2025-04-10,M05,U007,47,34,150.45,False,Atıştırmalık,Cips,Marka-A,False
2025-04-11,M05,U007,34,0,150.45,True,Atıştırmalık,Cips,Marka-A,False
2025-04-12,M05,U007,0,0,150.45,True,Atıştırmalık,Cips,Marka-A,False
2025-04-13,M05,U007,46,138,150.45,False,Atıştırmalık,Cips,Marka-A,False
2025-04-14,M05,U007,42,96,150.45,False,Atıştırmalık,Cips,Marka-A,False
2025-04-15,M05,U007,32,64,150.45,False,Atıştırmalık,Cips,Marka-A,False
2025-04-16,M05,U007,39,25,150.45,False,Atıştırmalık,Cips,Marka-A,False
2025-04-17,M05,U007,25,0,150.45,True,Atıştırmalık,Cips,Marka-A,False
2025-04-18,M05,U007,0,0,150.45,True,Atıştırmalık,Cips,Marka-A,False
2025-04-19,M05,U007,44,168,150.45,False,Atıştırmalık,Cips,Marka-A,False
2025-04-20,M05,U007,48,120,150.45,False,Atıştırmalık,Cips,Marka-A,False
2025-04-21,M05,U007,36,84,150.45,False,Atıştırmalık,Cips,Marka-A,False
2025-04-22,M05,U007,45,39,150.45,False,Atıştırmalık,Cips,Marka-A,False
2025-04-23,M05,U007,31,8,150.45,False,Atıştırmalık,Cips,Marka-A,False
2025-04-24,M05,U007,8,0,150.45,True,Atıştırmalık,Cips,Marka-A,False
2025-04-25,M05,U007,40,136,150.45,False,Atıştırmalık,Cips,Marka-A,False
2025-04-26,M05,U007,80,56,135.41,False,Atıştırmalık,Cips,Marka-A,True
2025-04-27,M05,U007,56,0,150.45,True,Atıştırmalık,Cips,Marka-A,False
2025-04-28,M05,U007,0,0,150.45,True,Atıştırmalık,Cips,Marka-A,False
2025-04-29,M05,U007,0,0,150.45,True,Atıştırmalık,Cips,Marka-A,False
2025-04-30,M05,U007,0,0,150.45,True,Atıştırmalık,Cips,Marka-A,False
2025-05-01,M05,U007,45,158,150.45,False,Atıştırmalık,Cips,Marka-A,False
2025-05-02,M05,U007,40,118,150.45,False,Atıştırmalık,Cips,Marka-A,False
2025-05-03,M05,U007,46,72,150.45,False,Atıştırmalık,Cips,Marka-A,False
2025-05-04,M05,U007,47,25,150.45,False,Atıştırmalık,Cips,Marka-A,False
2025-05-05,M05,U007,25,0,150.45,True,Atıştırmalık,Cips,Marka-A,False
2025-05-06,M05,U007,0,0,150.45,True,Atıştırmalık,Cips,Marka-A,False
2025-01-01,M05,U008,15,102,111.37,False,Atıştırmalık,Cips,Marka-B,False
2025-01-02,M05,U008,14,88,111.37,False,Atıştırmalık,Cips,Marka-B,False
2025-01-03,M05,U008,17,71,111.37,False,Atıştırmalık,Cips,Marka-B,False
2025-01-04,M05,U008,22,49,111.37,False,Atıştırmalık,Cips,Marka-B,False
2025-01-05,M05,U008,19,116,111.37,False,Atıştırmalık,Cips,Marka-B,False
2025-01-06,M05,U008,12,104,111.37,False,Atıştırmalık,Cips,Marka-B,False
2025-01-07,M05,U008,14,90,111.37,False,Atıştırmalık,Cips,Marka-B,False
2025-01-08,M05,U008,20,70,94.66,False,Atıştırmalık,Cips,Marka-B,True
2025-01-09,M05,U008,20,111,111.37,False,Atıştırmalık,Cips,Marka-B,False
2025-01-10,M05,U008,17,94,111.37,False,Atıştırmalık,Cips,Marka-B,False
2025-01-11,M05,U008,20,74,111.37,False,Atıştırmalık,Cips,Marka-B,False
2025-01-12,M05,U008,14,60,111.37,False,Atıştırmalık,Cips,Marka-B,False
2025-01-13,M05,U008,10,115,111.37,False,Atıştırmalık,Cips,Marka-B,False
2025-01-14,M05,U008,19,96,111.37,False,Atıştırmalık,Cips,Marka-B,False
2025-01-15,M05,U008,17,79,111.37,False,Atıştırmalık,Cips,Marka-B,False
2025-01-16,M05,U008,19,60,111.37,False,Atıştırmalık,Cips,Marka-B,False
2025-01-17,M05,U008,20,105,111.37,False,Atıştırmalık,Cips,Marka-B,False
2025-01-18,M05,U008,15,90,111.37,False,Atıştırmalık,Cips,Marka-B,False
2025-01-19,M05,U008,27,63,100.23,False,Atıştırmalık,Cips,Marka-B,True
2025-01-20,M05,U008,16,47,89.1,False,Atıştırmalık,Cips,Marka-B,True
2025-01-21,M05,U008,15,120,111.37,False,Atıştırmalık,Cips,Marka-B,False
2025-01-22,M05,U008,21,99,94.66,False,Atıştırmalık,Cips,Marka-B,True
2025-01-23,M05,U008,26,73,94.66,False,Atıştırmalık,Cips,Marka-B,True
2025-01-24,M05,U008,20,53,111.37,False,Atıştırmalık,Cips,Marka-B,False
2025-01-25,M05,U008,23,30,111.37,False,Atıştırmalık,Cips,Marka-B,False
2025-01-26,M05,U008,28,2,111.37,False,Atıştırmalık,Cips,Marka-B,False
2025-01-27,M05,U008,2,0,100.23,True,Atıştırmalık,Cips,Marka-B,True
2025-01-28,M05,U008,0,0,111.37,True,Atıştırmalık,Cips,Marka-B,False
2025-01-29,M05,U008,14,112,111.37,False,Atıştırmalık,Cips,Marka-B,False
2025-01-30,M05,U008,18,94,111.37,False,Atıştırmalık,Cips,Marka-B,False
2025-01-31,M05,U008,22,72,100.23,False,Atıştırmalık,Cips,Marka-B,True
2025-02-01,M05,U008,20,52,111.37,False,Atıştırmalık,Cips,Marka-B,False
2025-02-02,M05,U008,24,101,111.37,False,Atıştırmalık,Cips,Marka-B,False
2025-02-03,M05,U008,20,81,111.37,False,Atıştırmalık,Cips,Marka-B,False
2025-02-04,M05,U008,17,64,111.37,False,Atıştırmalık,Cips,Marka-B,False
2025-02-05,M05,U008,15,49,111.37,False,Atıştırmalık,Cips,Marka-B,False
2025-02-06,M05,U008,25,95,100.23,False,Atıştırmalık,Cips,Marka-B,True
2025-02-07,M05,U008,27,68,111.37,False,Atıştırmalık,Cips,Marka-B,False
2025-02-08,M05,U008,30,38,111.37,False,Atıştırmalık,Cips,Marka-B,False
2025-02-09,M05,U008,12,26,111.37,False,Atıştırmalık,Cips,Marka-B,False
2025-02-10,M05,U008,20,108,100.23,False,Atıştırmalık,Cips,Marka-B,True
2025-02-11,M05,U008,12,96,111.37,False,Atıştırmalık,Cips,Marka-B,False
2025-02-12,M05,U008,22,74,111.37,False,Atıştırmalık,Cips,Marka-B,False
2025-02-13,M05,U008,14,60,111.37,False,Atıştırmalık,Cips,Marka-B,False
2025-02-14,M05,U008,17,95,111.37,False,Atıştırmalık,Cips,Marka-B,False
2025-02-15,M05,U008,22,73,111.37,False,Atıştırmalık,Cips,Marka-B,False
2025-02-16,M05,U008,23,50,111.37,False,Atıştırmalık,Cips,Marka-B,False
2025-02-17,M05,U008,17,33,111.37,False,Atıştırmalık,Cips,Marka-B,False
2025-02-18,M05,U008,18,98,111.37,False,Atıştırmalık,Cips,Marka-B,False
2025-02-19,M05,U008,12,86,111.37,False,Atıştırmalık,Cips,Marka-B,False
2025-02-20,M05,U008,16,70,111.37,False,Atıştırmalık,Cips,Marka-B,False
2025-02-21,M05,U008,10,60,111.37,False,Atıştırmalık,Cips,Marka-B,False
2025-02-22,M05,U008,15,106,111.37,False,Atıştırmalık,Cips,Marka-B,False
2025-02-23,M05,U008,18,88,111.37,False,Atıştırmalık,Cips,Marka-B,False
2025-02-24,M05,U008,14,74,111.37,False,Atıştırmalık,Cips,Marka-B,False
2025-02-25,M05,U008,15,59,111.37,False,Atıştırmalık,Cips,Marka-B,False
2025-02-26,M05,U008,32,94,94.66,False,Atıştırmalık,Cips,Marka-B,True
2025-02-27,M05,U008,13,81,111.37,False,Atıştırmalık,Cips,Marka-B,False
2025-02-28,M05,U008,23,58,111.37,False,Atıştırmalık,Cips,Marka-B,False
2025-03-01,M05,U008,22,36,111.37,False,Atıştırmalık,Cips,Marka-B,False
2025-03-02,M05,U008,25,101,111.37,False,Atıştırmalık,Cips,Marka-B,False
2025-03-03,M05,U008,11,90,111.37,False,Atıştırmalık,Cips,Marka-B,False
2025-03-04,M05,U008,8,82,111.37,False,Atıştırmalık,Cips,Marka-B,False
2025-03-05,M05,U008,20,62,111.37,False,Atıştırmalık,Cips,Marka-B,False
2025-03-06,M05,U008,18,95,111.37,False,Atıştırmalık,Cips,Marka-B,False
2025-03-07,M05,U008,20,75,111.37,False,Atıştırmalık,Cips,Marka-B,False
2025-03-08,M05,U008,26,49,111.37,False,Atıştırmalık,Cips,Marka-B,False
2025-03-09,M05,U008,19,30,111.37,False,Atıştırmalık,Cips,Marka-B,False
2025-03-10,M05,U008,17,96,111.37,False,Atıştırmalık,Cips,Marka-B,False
2025-03-11,M05,U008,18,78,111.37,False,Atıştırmalık,Cips,Marka-B,False
2025-03-12,M05,U008,21,57,111.37,False,Atıştırmalık,Cips,Marka-B,False
2025-03-13,M05,U008,32,25,89.1,False,Atıştırmalık,Cips,Marka-B,True
2025-03-14,M05,U008,13,119,111.37,False,Atıştırmalık,Cips,Marka-B,False
2025-03-15,M05,U008,27,92,111.37,False,Atıştırmalık,Cips,Marka-B,False
2025-03-16,M05,U008,26,66,111.37,False,Atıştırmalık,Cips,Marka-B,False
2025-03-17,M05,U008,38,28,94.66,False,Atıştırmalık,Cips,Marka-B,True
2025-03-18,M05,U008,16,115,111.37,False,Atıştırmalık,Cips,Marka-B,False
2025-03-19,M05,U008,25,90,111.37,False,Atıştırmalık,Cips,Marka-B,False
2025-03-20,M05,U008,23,67,111.37,False,Atıştırmalık,Cips,Marka-B,False
2025-03-21,M05,U008,16,51,111.37,False,Atıştırmalık,Cips,Marka-B,False
2025-03-22,M05,U008,37,14,94.66,False,Atıştırmalık,Cips,Marka-B,True
2025-03-23,M05,U008,14,0,94.66,True,Atıştırmalık,Cips,Marka-B,True
2025-03-24,M05,U008,0,0,111.37,True,Atıştırmalık,Cips,Marka-B,False
2025-03-25,M05,U008,0,0,111.37,True,Atıştırmalık,Cips,Marka-B,False
2025-03-26,M05,U008,29,99,94.66,False,Atıştırmalık,Cips,Marka-B,True
2025-03-27,M05,U008,16,83,111.37,False,Atıştırmalık,Cips,Marka-B,False
2025-03-28,M05,U008,21,62,111.37,False,Atıştırmalık,Cips,Marka-B,False
2025-03-29,M05,U008,28,34,111.37,False,Atıştırmalık,Cips,Marka-B,False
2025-03-30,M05,U008,19,97,111.37,False,Atıştırmalık,Cips,Marka-B,False
2025-03-31,M05,U008,15,82,111.37,False,Atıştırmalık,Cips,Marka-B,False
2025-04-01,M05,U008,17,65,111.37,False,Atıştırmalık,Cips,Marka-B,False
2025-04-02,M05,U008,14,51,111.37,False,Atıştırmalık,Cips,Marka-B,False
2025-04-03,M05,U008,18,115,111.37,False,Atıştırmalık,Cips,Marka-B,False
2025-04-04,M05,U008,23,92,100.23,False,Atıştırmalık,Cips,Marka-B,True
2025-04-05,M05,U008,24,68,111.37,False,Atıştırmalık,Cips,Marka-B,False
2025-04-06,M05,U008,21,47,111.37,False,Atıştırmalık,Cips,Marka-B,False
2025-04-07,M05,U008,22,93,111.37,False,Atıştırmalık,Cips,Marka-B,False
2025-04-08,M05,U008,13,80,111.37,False,Atıştırmalık,Cips,Marka-B,False
2025-04-09,M05,U008,25,55,94.66,False,Atıştırmalık,Cips,Marka-B,True
2025-04-10,M05,U008,17,38,111.37,False,Atıştırmalık,Cips,Marka-B,False
2025-04-11,M05,U008,26,93,111.37,False,Atıştırmalık,Cips,Marka-B,False
2025-04-12,M05,U008,20,73,111.37,False,Atıştırmalık,Cips,Marka-B,False
2025-04-13,M05,U008,17,56,111.37,False,Atıştırmalık,Cips,Marka-B,False
2025-04-14,M05,U008,23,33,89.1,False,Atıştırmalık,Cips,Marka-B,True
2025-04-15,M05,U008,31,85,94.66,False,Atıştırmalık,Cips,Marka-B,True
2025-04-16,M05,U008,21,64,89.1,False,Atıştırmalık,Cips,Marka-B,True
2025-04-17,M05,U008,14,50,111.37,False,Atıştırmalık,Cips,Marka-B,False
2025-04-18,M05,U008,20,30,111.37,False,Atıştırmalık,Cips,Marka-B,False
2025-04-19,M05,U008,23,93,111.37,False,Atıştırmalık,Cips,Marka-B,False
2025-04-20,M05,U008,16,77,111.37,False,Atıştırmalık,Cips,Marka-B,False
2025-04-21,M05,U008,15,62,111.37,False,Atıştırmalık,Cips,Marka-B,False
2025-04-22,M05,U008,16,46,111.37,False,Atıştırmalık,Cips,Marka-B,False
2025-04-23,M05,U008,10,120,111.37,False,Atıştırmalık,Cips,Marka-B,False
2025-04-24,M05,U008,14,106,111.37,False,Atıştırmalık,Cips,Marka-B,False
2025-04-25,M05,U008,18,88,111.37,False,Atıştırmalık,Cips,Marka-B,False
2025-04-26,M05,U008,20,68,111.37,False,Atıştırmalık,Cips,Marka-B,False
2025-04-27,M05,U008,32,92,94.66,False,Atıştırmalık,Cips,Marka-B,True
2025-04-28,M05,U008,13,79,111.37,False,Atıştırmalık,Cips,Marka-B,False
2025-04-29,M05,U008,26,53,111.37,False,Atıştırmalık,Cips,Marka-B,False
2025-04-30,M05,U008,19,34,111.37,False,Atıştırmalık,Cips,Marka-B,False
2025-05-01,M05,U008,19,95,111.37,False,Atıştırmalık,Cips,Marka-B,False
2025-05-02,M05,U008,21,74,111.37,False,Atıştırmalık,Cips,Marka-B,False
2025-05-03,M05,U008,26,48,111.37,False,Atıştırmalık,Cips,Marka-B,False
2025-05-04,M05,U008,19,29,111.37,False,Atıştırmalık,Cips,Marka-B,False
2025-05-05,M05,U008,18,95,111.37,False,Atıştırmalık,Cips,Marka-B,False
2025-05-06,M05,U008,29,66,111.37,False,Atıştırmalık,Cips,Marka-B,False
2025-01-01,M05,U009,8,47,133.04,False,Atıştırmalık,Bisküvi,Marka-C,False
2025-01-02,M05,U009,15,32,119.74,False,Atıştırmalık,Bisküvi,Marka-C,True
2025-01-03,M05,U009,17,15,133.04,False,Atıştırmalık,Bisküvi,Marka-C,False
2025-01-04,M05,U009,14,1,133.04,False,Atıştırmalık,Bisküvi,Marka-C,False
2025-01-05,M05,U009,1,0,133.04,True,Atıştırmalık,Bisküvi,Marka-C,False
2025-01-06,M05,U009,0,0,133.04,True,Atıştırmalık,Bisküvi,Marka-C,False
2025-01-07,M05,U009,10,50,133.04,False,Atıştırmalık,Bisküvi,Marka-C,False
2025-01-08,M05,U009,12,38,133.04,False,Atıştırmalık,Bisküvi,Marka-C,False
2025-01-09,M05,U009,10,28,133.04,False,Atıştırmalık,Bisküvi,Marka-C,False
2025-01-10,M05,U009,8,20,133.04,False,Atıştırmalık,Bisküvi,Marka-C,False
2025-01-11,M05,U009,11,9,133.04,False,Atıştırmalık,Bisküvi,Marka-C,False
2025-01-12,M05,U009,9,0,133.04,True,Atıştırmalık,Bisküvi,Marka-C,False
2025-01-13,M05,U009,12,38,133.04,False,Atıştırmalık,Bisküvi,Marka-C,False
2025-01-14,M05,U009,10,28,133.04,False,Atıştırmalık,Bisküvi,Marka-C,False
2025-01-15,M05,U009,13,15,133.04,False,Atıştırmalık,Bisküvi,Marka-C,False
2025-01-16,M05,U009,5,10,133.04,False,Atıştırmalık,Bisküvi,Marka-C,False
2025-01-17,M05,U009,10,0,133.04,True,Atıştırmalık,Bisküvi,Marka-C,False
2025-01-18,M05,U009,0,0,133.04,True,Atıştırmalık,Bisküvi,Marka-C,False
2025-01-19,M05,U009,8,43,133.04,False,Atıştırmalık,Bisküvi,Marka-C,False
2025-01-20,M05,U009,7,36,133.04,False,Atıştırmalık,Bisküvi,Marka-C,False
2025-01-21,M05,U009,12,24,133.04,False,Atıştırmalık,Bisküvi,Marka-C,False
2025-01-22,M05,U009,10,14,133.04,False,Atıştırmalık,Bisküvi,Marka-C,False
2025-01-23,M05,U009,12,2,133.04,False,Atıştırmalık,Bisküvi,Marka-C,False
2025-01-24,M05,U009,2,0,133.04,True,Atıştırmalık,Bisküvi,Marka-C,False
2025-01-25,M05,U009,26,24,133.04,False,Atıştırmalık,Bisküvi,Marka-C,False
2025-01-26,M05,U009,13,11,133.04,False,Atıştırmalık,Bisküvi,Marka-C,False
2025-01-27,M05,U009,3,8,133.04,False,Atıştırmalık,Bisküvi,Marka-C,False
2025-01-28,M05,U009,8,0,133.04,True,Atıştırmalık,Bisküvi,Marka-C,False
2025-01-29,M05,U009,0,0,133.04,True,Atıştırmalık,Bisküvi,Marka-C,False
2025-01-30,M05,U009,0,0,133.04,True,Atıştırmalık,Bisküvi,Marka-C,False
2025-01-31,M05,U009,10,49,133.04,False,Atıştırmalık,Bisküvi,Marka-C,False
2025-02-01,M05,U009,16,33,133.04,False,Atıştırmalık,Bisküvi,Marka-C,False
2025-02-02,M05,U009,14,19,133.04,False,Atıştırmalık,Bisküvi,Marka-C,False
2025-02-03,M05,U009,5,14,133.04,False,Atıştırmalık,Bisküvi,Marka-C,False
2025-02-04,M05,U009,13,1,133.04,False,Atıştırmalık,Bisküvi,Marka-C,False
2025-02-05,M05,U009,1,0,133.04,True,Atıştırmalık,Bisküvi,Marka-C,False
2025-02-06,M05,U009,13,44,133.04,False,Atıştırmalık,Bisküvi,Marka-C,False
2025-02-07,M05,U009,11,33,133.04,False,Atıştırmalık,Bisküvi,Marka-C,False
2025-02-08,M05,U009,18,15,133.04,False,Atıştırmalık,Bisküvi,Marka-C,False
2025-02-09,M05,U009,15,0,133.04,True,Atıştırmalık,Bisküvi,Marka-C,False
2025-02-10,M05,U009,0,0,133.04,True,Atıştırmalık,Bisküvi,Marka-C,False
2025-02-11,M05,U009,0,0,133.04,True,Atıştırmalık,Bisküvi,Marka-C,False
2025-02-12,M05,U009,10,50,133.04,False,Atıştırmalık,Bisküvi,Marka-C,False
2025-02-13,M05,U009,21,29,119.74,False,Atıştırmalık,Bisküvi,Marka-C,True
2025-02-14,M05,U009,5,24,133.04,False,Atıştırmalık,Bisküvi,Marka-C,False
2025-02-15,M05,U009,14,10,133.04,False,Atıştırmalık,Bisküvi,Marka-C,False
2025-02-16,M05,U009,10,0,119.74,True,Atıştırmalık,Bisküvi,Marka-C,True
2025-02-17,M05,U009,0,0,133.04,True,Atıştırmalık,Bisküvi,Marka-C,False
2025-02-18,M05,U009,15,40,133.04,False,Atıştırmalık,Bisküvi,Marka-C,False
2025-02-19,M05,U009,12,28,133.04,False,Atıştırmalık,Bisküvi,Marka-C,False
2025-02-20,M05,U009,11,17,133.04,False,Atıştırmalık,Bisküvi,Marka-C,False
2025-02-21,M05,U009,8,9,133.04,False,Atıştırmalık,Bisküvi,Marka-C,False
2025-02-22,M05,U009,9,0,106.43,True,Atıştırmalık,Bisküvi,Marka-C,True
2025-02-23,M05,U009,0,0,133.04,True,Atıştırmalık,Bisküvi,Marka-C,False
2025-02-24,M05,U009,10,42,133.04,False,Atıştırmalık,Bisküvi,Marka-C,False
2025-02-25,M05,U009,16,26,133.04,False,Atıştırmalık,Bisküvi,Marka-C,False
2025-02-26,M05,U009,12,14,133.04,False,Atıştırmalık,Bisküvi,Marka-C,False
2025-02-27,M05,U009,12,2,133.04,False,Atıştırmalık,Bisküvi,Marka-C,False
2025-02-28,M05,U009,2,0,133.04,True,Atıştırmalık,Bisküvi,Marka-C,False
2025-03-01,M05,U009,0,0,133.04,True,Atıştırmalık,Bisküvi,Marka-C,False
2025-03-02,M05,U009,17,40,133.04,False,Atıştırmalık,Bisküvi,Marka-C,False
2025-03-03,M05,U009,12,28,133.04,False,Atıştırmalık,Bisküvi,Marka-C,False
2025-03-04,M05,U009,9,19,133.04,False,Atıştırmalık,Bisküvi,Marka-C,False
2025-03-05,M05,U009,17,2,133.04,False,Atıştırmalık,Bisküvi,Marka-C,False
2025-03-06,M05,U009,2,0,133.04,True,Atıştırmalık,Bisküvi,Marka-C,False
2025-03-07,M05,U009,0,0,133.04,True,Atıştırmalık,Bisküvi,Marka-C,False
2025-03-08,M05,U009,10,48,133.04,False,Atıştırmalık,Bisküvi,Marka-C,False
2025-03-09,M05,U009,17,31,133.04,False,Atıştırmalık,Bisküvi,Marka-C,False
2025-03-10,M05,U009,18,13,133.04,False,Atıştırmalık,Bisküvi,Marka-C,False
2025-03-11,M05,U009,13,0,106.43,True,Atıştırmalık,Bisküvi,Marka-C,True
2025-03-12,M05,U009,0,0,133.04,True,Atıştırmalık,Bisküvi,Marka-C,False
2025-03-13,M05,U009,0,0,133.04,True,Atıştırmalık,Bisküvi,Marka-C,False
2025-03-14,M05,U009,21,30,133.04,False,Atıştırmalık,Bisküvi,Marka-C,False
2025-03-15,M05,U009,13,17,133.04,False,Atıştırmalık,Bisküvi,Marka-C,False
2025-03-16,M05,U009,11,6,133.04,False,Atıştırmalık,Bisküvi,Marka-C,False
2025-03-17,M05,U009,6,0,133.04,True,Atıştırmalık,Bisküvi,Marka-C,False
2025-03-18,M05,U009,0,0,133.04,True,Atıştırmalık,Bisküvi,Marka-C,False
2025-03-19,M05,U009,0,0,133.04,True,Atıştırmalık,Bisküvi,Marka-C,False
2025-03-20,M05,U009,12,46,133.04,False,Atıştırmalık,Bisküvi,Marka-C,False
2025-03-21,M05,U009,10,36,133.04,False,Atıştırmalık,Bisküvi,Marka-C,False
2025-03-22,M05,U009,19,17,133.04,False,Atıştırmalık,Bisküvi,Marka-C,False
2025-03-23,M05,U009,10,7,133.04,False,Atıştırmalık,Bisküvi,Marka-C,False
2025-03-24,M05,U009,7,0,133.04,True,Atıştırmalık,Bisküvi,Marka-C,False
2025-03-25,M05,U009,0,0,133.04,True,Atıştırmalık,Bisküvi,Marka-C,False
2025-03-26,M05,U009,0,0,133.04,True,Atıştırmalık,Bisküvi,Marka-C,False
2025-03-27,M05,U009,0,0,133.04,True,Atıştırmalık,Bisküvi,Marka-C,False
2025-03-28,M05,U009,0,0,133.04,True,Atıştırmalık,Bisküvi,Marka-C,False
2025-03-29,M05,U009,0,0,106.43,True,Atıştırmalık,Bisküvi,Marka-C,True
2025-03-30,M05,U009,0,0,113.08,True,Atıştırmalık,Bisküvi,Marka-C,True
2025-03-31,M05,U009,0,0,133.04,True,Atıştırmalık,Bisküvi,Marka-C,False
2025-04-01,M05,U009,15,42,113.08,False,Atıştırmalık,Bisküvi,Marka-C,True
2025-04-02,M05,U009,23,19,113.08,False,Atıştırmalık,Bisküvi,Marka-C,True
2025-04-03,M05,U009,9,10,133.04,False,Atıştırmalık,Bisküvi,Marka-C,False
2025-04-04,M05,U009,10,0,133.04,True,Atıştırmalık,Bisküvi,Marka-C,False
2025-04-05,M05,U009,0,0,133.04,True,Atıştırmalık,Bisküvi,Marka-C,False
2025-04-06,M05,U009,0,0,133.04,True,Atıştırmalık,Bisküvi,Marka-C,False
2025-04-07,M05,U009,6,45,133.04,False,Atıştırmalık,Bisküvi,Marka-C,False
2025-04-08,M05,U009,16,29,133.04,False,Atıştırmalık,Bisküvi,Marka-C,False
2025-04-09,M05,U009,7,22,133.04,False,Atıştırmalık,Bisküvi,Marka-C,False
2025-04-10,M05,U009,14,8,133.04,False,Atıştırmalık,Bisküvi,Marka-C,False
2025-04-11,M05,U009,6,2,133.04,False,Atıştırmalık,Bisküvi,Marka-C,False
2025-04-12,M05,U009,2,0,133.04,True,Atıştırmalık,Bisküvi,Marka-C,False
2025-04-13,M05,U009,0,0,133.04,True,Atıştırmalık,Bisküvi,Marka-C,False
2025-04-14,M05,U009,0,0,133.04,True,Atıştırmalık,Bisküvi,Marka-C,False
2025-04-15,M05,U009,0,0,133.04,True,Atıştırmalık,Bisküvi,Marka-C,False
2025-04-16,M05,U009,0,0,133.04,True,Atıştırmalık,Bisküvi,Marka-C,False
2025-04-17,M05,U009,0,0,133.04,True,Atıştırmalık,Bisküvi,Marka-C,False
2025-04-18,M05,U009,0,0,133.04,True,Atıştırmalık,Bisküvi,Marka-C,False
2025-04-19,M05,U009,11,49,133.04,False,Atıştırmalık,Bisküvi,Marka-C,False
2025-04-20,M05,U009,14,35,133.04,False,Atıştırmalık,Bisküvi,Marka-C,False
2025-04-21,M05,U009,10,25,133.04,False,Atıştırmalık,Bisküvi,Marka-C,False
2025-04-22,M05,U009,8,17,133.04,False,Atıştırmalık,Bisküvi,Marka-C,False
2025-04-23,M05,U009,11,6,133.04,False,Atıştırmalık,Bisküvi,Marka-C,False
2025-04-24,M05,U009,6,0,119.74,True,Atıştırmalık,Bisküvi,Marka-C,True
2025-04-25,M05,U009,11,40,133.04,False,Atıştırmalık,Bisküvi,Marka-C,False
2025-04-26,M05,U009,19,21,133.04,False,Atıştırmalık,Bisküvi,Marka-C,False
2025-04-27,M05,U009,10,11,133.04,False,Atıştırmalık,Bisküvi,Marka-C,False
2025-04-28,M05,U009,11,0,133.04,False,Atıştırmalık,Bisküvi,Marka-C,False
2025-04-29,M05,U009,0,0,133.04,True,Atıştırmalık,Bisküvi,Marka-C,False
2025-04-30,M05,U009,0,0,133.04,True,Atıştırmalık,Bisküvi,Marka-C,False
2025-05-01,M05,U009,9,42,133.04,False,Atıştırmalık,Bisküvi,Marka-C,False
2025-05-02,M05,U009,15,27,133.04,False,Atıştırmalık,Bisküvi,Marka-C,False
2025-05-03,M05,U009,15,12,133.04,False,Atıştırmalık,Bisküvi,Marka-C,False
2025-05-04,M05,U009,12,0,133.04,True,Atıştırmalık,Bisküvi,Marka-C,False
2025-05-05,M05,U009,0,0,133.04,True,Atıştırmalık,Bisküvi,Marka-C,False
2025-05-06,M05,U009,0,0,133.04,True,Atıştırmalık,Bisküvi,Marka-C,False
2025-01-01,M05,U010,26,120,186.29,False,Atıştırmalık,Bisküvi,Marka-D,False
2025-01-02,M05,U010,32,88,186.29,False,Atıştırmalık,Bisküvi,Marka-D,False
2025-01-03,M05,U010,41,47,186.29,False,Atıştırmalık,Bisküvi,Marka-D,False
2025-01-04,M05,U010,46,1,186.29,False,Atıştırmalık,Bisküvi,Marka-D,False
2025-01-05,M05,U010,1,0,186.29,True,Atıştırmalık,Bisküvi,Marka-D,False
2025-01-06,M05,U010,33,87,186.29,False,Atıştırmalık,Bisküvi,Marka-D,False
2025-01-07,M05,U010,31,56,186.29,False,Atıştırmalık,Bisküvi,Marka-D,False
2025-01-08,M05,U010,27,29,186.29,False,Atıştırmalık,Bisküvi,Marka-D,False
2025-01-09,M05,U010,29,0,149.03,True,Atıştırmalık,Bisküvi,Marka-D,True
2025-01-10,M05,U010,0,0,186.29,True,Atıştırmalık,Bisküvi,Marka-D,False
2025-01-11,M05,U010,0,0,186.29,True,Atıştırmalık,Bisküvi,Marka-D,False
2025-01-12,M05,U010,0,0,167.66,True,Atıştırmalık,Bisküvi,Marka-D,True
2025-01-13,M05,U010,0,0,186.29,True,Atıştırmalık,Bisküvi,Marka-D,False
2025-01-14,M05,U010,0,0,186.29,True,Atıştırmalık,Bisküvi,Marka-D,False
2025-01-15,M05,U010,0,0,186.29,True,Atıştırmalık,Bisküvi,Marka-D,False
2025-01-16,M05,U010,29,99,186.29,False,Atıştırmalık,Bisküvi,Marka-D,False
2025-01-17,M05,U010,34,65,186.29,False,Atıştırmalık,Bisküvi,Marka-D,False
2025-01-18,M05,U010,41,24,186.29,False,Atıştırmalık,Bisküvi,Marka-D,False
2025-01-19,M05,U010,24,0,186.29,True,Atıştırmalık,Bisküvi,Marka-D,False
2025-01-20,M05,U010,0,0,186.29,True,Atıştırmalık,Bisküvi,Marka-D,False
2025-01-21,M05,U010,29,115,186.29,False,Atıştırmalık,Bisküvi,Marka-D,False
2025-01-22,M05,U010,33,82,186.29,False,Atıştırmalık,Bisküvi,Marka-D,False
2025-01-23,M05,U010,26,56,186.29,False,Atıştırmalık,Bisküvi,Marka-D,False
2025-01-24,M05,U010,43,13,186.29,False,Atıştırmalık,Bisküvi,Marka-D,False
2025-01-25,M05,U010,13,0,186.29,True,Atıştırmalık,Bisküvi,Marka-D,False
2025-01-26,M05,U010,30,107,186.29,False,Atıştırmalık,Bisküvi,Marka-D,False
2025-01-27,M05,U010,28,79,186.29,False,Atıştırmalık,Bisküvi,Marka-D,False
2025-01-28,M05,U010,31,48,186.29,False,Atıştırmalık,Bisküvi,Marka-D,False
2025-01-29,M05,U010,32,16,186.29,False,Atıştırmalık,Bisküvi,Marka-D,False
2025-01-30,M05,U010,16,0,167.66,True,Atıştırmalık,Bisküvi,Marka-D,True
2025-01-31,M05,U010,39,84,186.29,False,Atıştırmalık,Bisküvi,Marka-D,False
2025-02-01,M05,U010,34,50,186.29,False,Atıştırmalık,Bisküvi,Marka-D,False
2025-02-02,M05,U010,35,15,186.29,False,Atıştırmalık,Bisküvi,Marka-D,False
2025-02-03,M05,U010,15,0,186.29,True,Atıştırmalık,Bisküvi,Marka-D,False
2025-02-04,M05,U010,0,0,186.29,True,Atıştırmalık,Bisküvi,Marka-D,False
2025-02-05,M05,U010,0,0,186.29,True,Atıştırmalık,Bisküvi,Marka-D,False
2025-02-06,M05,U010,0,0,186.29,True,Atıştırmalık,Bisküvi,Marka-D,False
2025-02-07,M05,U010,0,0,186.29,True,Atıştırmalık,Bisküvi,Marka-D,False
2025-02-08,M05,U010,0,0,167.66,True,Atıştırmalık,Bisküvi,Marka-D,True
2025-02-09,M05,U010,0,0,186.29,True,Atıştırmalık,Bisküvi,Marka-D,False
2025-02-10,M05,U010,28,99,186.29,False,Atıştırmalık,Bisküvi,Marka-D,False
2025-02-11,M05,U010,37,62,186.29,False,Atıştırmalık,Bisküvi,Marka-D,False
2025-02-12,M05,U010,35,27,186.29,False,Atıştırmalık,Bisküvi,Marka-D,False
2025-02-13,M05,U010,27,0,186.29,True,Atıştırmalık,Bisküvi,Marka-D,False
2025-02-14,M05,U010,0,0,186.29,True,Atıştırmalık,Bisküvi,Marka-D,False
2025-02-15,M05,U010,45,81,186.29,False,Atıştırmalık,Bisküvi,Marka-D,False
2025-02-16,M05,U010,40,41,186.29,False,Atıştırmalık,Bisküvi,Marka-D,False
2025-02-17,M05,U010,29,12,186.29,False,Atıştırmalık,Bisküvi,Marka-D,False
2025-02-18,M05,U010,12,0,186.29,True,Atıştırmalık,Bisküvi,Marka-D,False
2025-02-19,M05,U010,0,0,186.29,True,Atıştırmalık,Bisküvi,Marka-D,False
2025-02-20,M05,U010,28,109,186.29,False,Atıştırmalık,Bisküvi,Marka-D,False
2025-02-21,M05,U010,27,82,186.29,False,Atıştırmalık,Bisküvi,Marka-D,False
2025-02-22,M05,U010,40,42,186.29,False,Atıştırmalık,Bisküvi,Marka-D,False
2025-02-23,M05,U010,37,5,186.29,False,Atıştırmalık,Bisküvi,Marka-D,False
2025-02-24,M05,U010,5,0,186.29,True,Atıştırmalık,Bisküvi,Marka-D,False
2025-02-25,M05,U010,31,100,186.29,False,Atıştırmalık,Bisküvi,Marka-D,False
2025-02-26,M05,U010,36,64,186.29,False,Atıştırmalık,Bisküvi,Marka-D,False
2025-02-27,M05,U010,33,31,186.29,False,Atıştırmalık,Bisküvi,Marka-D,False
2025-02-28,M05,U010,31,0,186.29,True,Atıştırmalık,Bisküvi,Marka-D,False
2025-03-01,M05,U010,0,0,158.35,True,Atıştırmalık,Bisküvi,Marka-D,True
2025-03-02,M05,U010,43,99,186.29,False,Atıştırmalık,Bisküvi,Marka-D,False
2025-03-03,M05,U010,29,70,186.29,False,Atıştırmalık,Bisküvi,Marka-D,False
2025-03-04,M05,U010,24,46,186.29,False,Atıştırmalık,Bisküvi,Marka-D,False
2025-03-05,M05,U010,27,19,186.29,False,Atıştırmalık,Bisküvi,Marka-D,False
2025-03-06,M05,U010,19,0,186.29,True,Atıştırmalık,Bisküvi,Marka-D,False
2025-03-07,M05,U010,55,86,158.35,False,Atıştırmalık,Bisküvi,Marka-D,True
2025-03-08,M05,U010,39,47,186.29,False,Atıştırmalık,Bisküvi,Marka-D,False
2025-03-09,M05,U010,44,3,186.29,False,Atıştırmalık,Bisküvi,Marka-D,False
2025-03-10,M05,U010,3,0,186.29,True,Atıştırmalık,Bisküvi,Marka-D,False
2025-03-11,M05,U010,0,0,186.29,True,Atıştırmalık,Bisküvi,Marka-D,False
2025-03-12,M05,U010,36,110,186.29,False,Atıştırmalık,Bisküvi,Marka-D,False
2025-03-13,M05,U010,38,72,186.29,False,Atıştırmalık,Bisküvi,Marka-D,False
2025-03-14,M05,U010,44,28,186.29,False,Atıştırmalık,Bisküvi,Marka-D,False
2025-03-15,M05,U010,28,0,186.29,True,Atıştırmalık,Bisküvi,Marka-D,False
2025-03-16,M05,U010,0,0,186.29,True,Atıştırmalık,Bisküvi,Marka-D,False
2025-03-17,M05,U010,42,80,186.29,False,Atıştırmalık,Bisküvi,Marka-D,False
2025-03-18,M05,U010,25,55,186.29,False,Atıştırmalık,Bisküvi,Marka-D,False
2025-03-19,M05,U010,32,23,186.29,False,Atıştırmalık,Bisküvi,Marka-D,False
2025-03-20,M05,U010,23,0,186.29,True,Atıştırmalık,Bisküvi,Marka-D,False
2025-03-21,M05,U010,0,0,186.29,True,Atıştırmalık,Bisküvi,Marka-D,False
2025-03-22,M05,U010,38,98,186.29,False,Atıştırmalık,Bisküvi,Marka-D,False
2025-03-23,M05,U010,55,43,167.66,False,Atıştırmalık,Bisküvi,Marka-D,True
2025-03-24,M05,U010,37,6,186.29,False,Atıştırmalık,Bisküvi,Marka-D,False
2025-03-25,M05,U010,6,0,186.29,True,Atıştırmalık,Bisküvi,Marka-D,False
2025-03-26,M05,U010,0,0,149.03,True,Atıştırmalık,Bisküvi,Marka-D,True
2025-03-27,M05,U010,40,99,186.29,False,Atıştırmalık,Bisküvi,Marka-D,False
2025-03-28,M05,U010,30,69,186.29,False,Atıştırmalık,Bisküvi,Marka-D,False
2025-03-29,M05,U010,33,36,186.29,False,Atıştırmalık,Bisküvi,Marka-D,False
2025-03-30,M05,U010,30,6,186.29,False,Atıştırmalık,Bisküvi,Marka-D,False
2025-03-31,M05,U010,6,0,186.29,True,Atıştırmalık,Bisküvi,Marka-D,False
2025-04-01,M05,U010,35,107,186.29,False,Atıştırmalık,Bisküvi,Marka-D,False
2025-04-02,M05,U010,28,79,186.29,False,Atıştırmalık,Bisküvi,Marka-D,False
2025-04-03,M05,U010,62,17,149.03,False,Atıştırmalık,Bisküvi,Marka-D,True
2025-04-04,M05,U010,17,0,186.29,True,Atıştırmalık,Bisküvi,Marka-D,False
2025-04-05,M05,U010,0,0,186.29,True,Atıştırmalık,Bisküvi,Marka-D,False
2025-04-06,M05,U010,43,90,186.29,False,Atıştırmalık,Bisküvi,Marka-D,False
2025-04-07,M05,U010,24,66,186.29,False,Atıştırmalık,Bisküvi,Marka-D,False
2025-04-08,M05,U010,23,43,186.29,False,Atıştırmalık,Bisküvi,Marka-D,False
2025-04-09,M05,U010,26,17,186.29,False,Atıştırmalık,Bisküvi,Marka-D,False
2025-04-10,M05,U010,17,0,186.29,True,Atıştırmalık,Bisküvi,Marka-D,False
2025-04-11,M05,U010,41,82,186.29,False,Atıştırmalık,Bisküvi,Marka-D,False
2025-04-12,M05,U010,63,19,158.35,False,Atıştırmalık,Bisküvi,Marka-D,True
2025-04-13,M05,U010,19,0,186.29,True,Atıştırmalık,Bisküvi,Marka-D,False
2025-04-14,M05,U010,0,0,186.29,True,Atıştırmalık,Bisküvi,Marka-D,False
2025-04-15,M05,U010,0,0,186.29,True,Atıştırmalık,Bisküvi,Marka-D,False
2025-04-16,M05,U010,33,102,186.29,False,Atıştırmalık,Bisküvi,Marka-D,False
2025-04-17,M05,U010,37,65,186.29,False,Atıştırmalık,Bisküvi,Marka-D,False
2025-04-18,M05,U010,63,2,167.66,False,Atıştırmalık,Bisküvi,Marka-D,True
2025-04-19,M05,U010,2,0,186.29,True,Atıştırmalık,Bisküvi,Marka-D,False
2025-04-20,M05,U010,0,0,186.29,True,Atıştırmalık,Bisküvi,Marka-D,False
2025-04-21,M05,U010,40,80,186.29,False,Atıştırmalık,Bisküvi,Marka-D,False
2025-04-22,M05,U010,25,55,186.29,False,Atıştırmalık,Bisküvi,Marka-D,False
2025-04-23,M05,U010,26,29,186.29,False,Atıştırmalık,Bisküvi,Marka-D,False
2025-04-24,M05,U010,29,0,186.29,True,Atıştırmalık,Bisküvi,Marka-D,False
2025-04-25,M05,U010,0,0,186.29,True,Atıştırmalık,Bisküvi,Marka-D,False
2025-04-26,M05,U010,44,82,186.29,False,Atıştırmalık,Bisküvi,Marka-D,False
2025-04-27,M05,U010,42,40,186.29,False,Atıştırmalık,Bisküvi,Marka-D,False
2025-04-28,M05,U010,25,15,186.29,False,Atıştırmalık,Bisküvi,Marka-D,False
2025-04-29,M05,U010,15,0,186.29,True,Atıştırmalık,Bisküvi,Marka-D,False
2025-04-30,M05,U010,0,0,186.29,True,Atıştırmalık,Bisküvi,Marka-D,False
2025-05-01,M05,U010,36,92,186.29,False,Atıştırmalık,Bisküvi,Marka-D,False
2025-05-02,M05,U010,44,48,186.29,False,Atıştırmalık,Bisküvi,Marka-D,False
2025-05-03,M05,U010,28,20,186.29,False,Atıştırmalık,Bisküvi,Marka-D,False
2025-05-04,M05,U010,20,0,186.29,True,Atıştırmalık,Bisküvi,Marka-D,False
2025-05-05,M05,U010,0,0,186.29,True,Atıştırmalık,Bisküvi,Marka-D,False
2025-05-06,M05,U010,39,101,186.29,False,Atıştırmalık,Bisküvi,Marka-D,False
2025-01-01,M05,U011,28,88,172.73,False,Atıştırmalık,Çikolata,Marka-E,False
2025-01-02,M05,U011,22,66,172.73,False,Atıştırmalık,Çikolata,Marka-E,False
2025-01-03,M05,U011,21,45,172.73,False,Atıştırmalık,Çikolata,Marka-E,False
2025-01-04,M05,U011,32,13,172.73,False,Atıştırmalık,Çikolata,Marka-E,False
2025-01-05,M05,U011,13,0,172.73,True,Atıştırmalık,Çikolata,Marka-E,False
2025-01-06,M05,U011,0,0,172.73,True,Atıştırmalık,Çikolata,Marka-E,False
2025-01-07,M05,U011,0,0,172.73,True,Atıştırmalık,Çikolata,Marka-E,False
2025-01-08,M05,U011,23,87,172.73,False,Atıştırmalık,Çikolata,Marka-E,False
2025-01-09,M05,U011,20,67,172.73,False,Atıştırmalık,Çikolata,Marka-E,False
2025-01-10,M05,U011,15,52,172.73,False,Atıştırmalık,Çikolata,Marka-E,False
2025-01-11,M05,U011,22,30,172.73,False,Atıştırmalık,Çikolata,Marka-E,False
2025-01-12,M05,U011,23,7,172.73,False,Atıştırmalık,Çikolata,Marka-E,False
2025-01-13,M05,U011,7,0,172.73,True,Atıştırmalık,Çikolata,Marka-E,False
2025-01-14,M05,U011,0,0,172.73,True,Atıştırmalık,Çikolata,Marka-E,False
2025-01-15,M05,U011,21,98,172.73,False,Atıştırmalık,Çikolata,Marka-E,False
2025-01-16,M05,U011,18,80,172.73,False,Atıştırmalık,Çikolata,Marka-E,False
2025-01-17,M05,U011,21,59,172.73,False,Atıştırmalık,Çikolata,Marka-E,False
2025-01-18,M05,U011,18,41,172.73,False,Atıştırmalık,Çikolata,Marka-E,False
2025-01-19,M05,U011,37,4,146.82,False,Atıştırmalık,Çikolata,Marka-E,True
2025-01-20,M05,U011,4,0,172.73,True,Atıştırmalık,Çikolata,Marka-E,False
2025-01-21,M05,U011,0,0,138.18,True,Atıştırmalık,Çikolata,Marka-E,True
2025-01-22,M05,U011,29,86,155.46,False,Atıştırmalık,Çikolata,Marka-E,True
2025-01-23,M05,U011,23,63,172.73,False,Atıştırmalık,Çikolata,Marka-E,False
2025-01-24,M05,U011,23,40,172.73,False,Atıştırmalık,Çikolata,Marka-E,False
2025-01-25,M05,U011,26,14,172.73,False,Atıştırmalık,Çikolata,Marka-E,False
2025-01-26,M05,U011,14,0,172.73,True,Atıştırmalık,Çikolata,Marka-E,False
2025-01-27,M05,U011,0,0,172.73,True,Atıştırmalık,Çikolata,Marka-E,False
2025-01-28,M05,U011,0,0,155.46,True,Atıştırmalık,Çikolata,Marka-E,True
2025-01-29,M05,U011,21,95,172.73,False,Atıştırmalık,Çikolata,Marka-E,False
2025-01-30,M05,U011,14,81,172.73,False,Atıştırmalık,Çikolata,Marka-E,False
2025-01-31,M05,U011,19,62,172.73,False,Atıştırmalık,Çikolata,Marka-E,False
2025-02-01,M05,U011,22,40,172.73,False,Atıştırmalık,Çikolata,Marka-E,False
2025-02-02,M05,U011,36,4,172.73,False,Atıştırmalık,Çikolata,Marka-E,False
2025-02-03,M05,U011,4,0,172.73,True,Atıştırmalık,Çikolata,Marka-E,False
2025-02-04,M05,U011,0,0,172.73,True,Atıştırmalık,Çikolata,Marka-E,False
2025-02-05,M05,U011,17,110,172.73,False,Atıştırmalık,Çikolata,Marka-E,False
2025-02-06,M05,U011,31,79,172.73,False,Atıştırmalık,Çikolata,Marka-E,False
2025-02-07,M05,U011,22,57,172.73,False,Atıştırmalık,Çikolata,Marka-E,False
2025-02-08,M05,U011,23,34,172.73,False,Atıştırmalık,Çikolata,Marka-E,False
2025-02-09,M05,U011,27,7,172.73,False,Atıştırmalık,Çikolata,Marka-E,False
2025-02-10,M05,U011,7,0,172.73,True,Atıştırmalık,Çikolata,Marka-E,False
2025-02-11,M05,U011,0,0,172.73,True,Atıştırmalık,Çikolata,Marka-E,False
2025-02-12,M05,U011,34,88,138.18,False,Atıştırmalık,Çikolata,Marka-E,True
2025-02-13,M05,U011,30,58,172.73,False,Atıştırmalık,Çikolata,Marka-E,False
2025-02-14,M05,U011,23,35,172.73,False,Atıştırmalık,Çikolata,Marka-E,False
2025-02-15,M05,U011,22,13,172.73,False,Atıştırmalık,Çikolata,Marka-E,False
2025-02-16,M05,U011,13,0,172.73,True,Atıştırmalık,Çikolata,Marka-E,False
2025-02-17,M05,U011,0,0,146.82,True,Atıştırmalık,Çikolata,Marka-E,True
2025-02-18,M05,U011,0,0,172.73,True,Atıştırmalık,Çikolata,Marka-E,False
2025-02-19,M05,U011,16,92,172.73,False,Atıştırmalık,Çikolata,Marka-E,False
2025-02-20,M05,U011,16,76,172.73,False,Atıştırmalık,Çikolata,Marka-E,False
2025-02-21,M05,U011,22,54,172.73,False,Atıştırmalık,Çikolata,Marka-E,False
2025-02-22,M05,U011,24,30,172.73,False,Atıştırmalık,Çikolata,Marka-E,False
2025-02-23,M05,U011,18,12,172.73,False,Atıştırmalık,Çikolata,Marka-E,False
2025-02-24,M05,U011,12,0,172.73,True,Atıştırmalık,Çikolata,Marka-E,False
2025-02-25,M05,U011,0,0,172.73,True,Atıştırmalık,Çikolata,Marka-E,False
2025-02-26,M05,U011,24,91,172.73,False,Atıştırmalık,Çikolata,Marka-E,False
2025-02-27,M05,U011,31,60,172.73,False,Atıştırmalık,Çikolata,Marka-E,False
2025-02-28,M05,U011,26,34,172.73,False,Atıştırmalık,Çikolata,Marka-E,False
2025-03-01,M05,U011,29,5,172.73,False,Atıştırmalık,Çikolata,Marka-E,False
2025-03-02,M05,U011,5,0,172.73,True,Atıştırmalık,Çikolata,Marka-E,False
2025-03-03,M05,U011,0,0,172.73,True,Atıştırmalık,Çikolata,Marka-E,False
2025-03-04,M05,U011,0,0,172.73,True,Atıştırmalık,Çikolata,Marka-E,False
2025-03-05,M05,U011,25,92,172.73,False,Atıştırmalık,Çikolata,Marka-E,False
2025-03-06,M05,U011,28,64,172.73,False,Atıştırmalık,Çikolata,Marka-E,False
2025-03-07,M05,U011,26,38,172.73,False,Atıştırmalık,Çikolata,Marka-E,False
2025-03-08,M05,U011,35,3,172.73,False,Atıştırmalık,Çikolata,Marka-E,False
2025-03-09,M05,U011,3,0,172.73,True,Atıştırmalık,Çikolata,Marka-E,False
2025-03-10,M05,U011,0,0,172.73,True,Atıştırmalık,Çikolata,Marka-E,False
2025-03-11,M05,U011,0,0,172.73,True,Atıştırmalık,Çikolata,Marka-E,False
2025-03-12,M05,U011,17,105,172.73,False,Atıştırmalık,Çikolata,Marka-E,False
2025-03-13,M05,U011,27,78,172.73,False,Atıştırmalık,Çikolata,Marka-E,False
2025-03-14,M05,U011,22,56,172.73,False,Atıştırmalık,Çikolata,Marka-E,False
2025-03-15,M05,U011,36,20,172.73,False,Atıştırmalık,Çikolata,Marka-E,False
2025-03-16,M05,U011,20,0,172.73,True,Atıştırmalık,Çikolata,Marka-E,False
2025-03-17,M05,U011,0,0,172.73,True,Atıştırmalık,Çikolata,Marka-E,False
2025-03-18,M05,U011,0,0,172.73,True,Atıştırmalık,Çikolata,Marka-E,False
2025-03-19,M05,U011,33,73,146.82,False,Atıştırmalık,Çikolata,Marka-E,True
2025-03-20,M05,U011,28,45,172.73,False,Atıştırmalık,Çikolata,Marka-E,False
2025-03-21,M05,U011,20,25,172.73,False,Atıştırmalık,Çikolata,Marka-E,False
2025-03-22,M05,U011,25,0,172.73,True,Atıştırmalık,Çikolata,Marka-E,False
2025-03-23,M05,U011,0,0,172.73,True,Atıştırmalık,Çikolata,Marka-E,False
2025-03-24,M05,U011,0,0,155.46,True,Atıştırmalık,Çikolata,Marka-E,True
2025-03-25,M05,U011,0,0,172.73,True,Atıştırmalık,Çikolata,Marka-E,False
2025-03-26,M05,U011,17,97,172.73,False,Atıştırmalık,Çikolata,Marka-E,False
2025-03-27,M05,U011,21,76,172.73,False,Atıştırmalık,Çikolata,Marka-E,False
2025-03-28,M05,U011,23,53,172.73,False,Atıştırmalık,Çikolata,Marka-E,False
2025-03-29,M05,U011,26,27,172.73,False,Atıştırmalık,Çikolata,Marka-E,False
2025-03-30,M05,U011,27,0,172.73,True,Atıştırmalık,Çikolata,Marka-E,False
2025-03-31,M05,U011,0,0,172.73,True,Atıştırmalık,Çikolata,Marka-E,False
2025-04-01,M05,U011,0,0,172.73,True,Atıştırmalık,Çikolata,Marka-E,False
2025-04-02,M05,U011,22,85,172.73,False,Atıştırmalık,Çikolata,Marka-E,False
2025-04-03,M05,U011,21,64,172.73,False,Atıştırmalık,Çikolata,Marka-E,False
2025-04-04,M05,U011,27,37,172.73,False,Atıştırmalık,Çikolata,Marka-E,False
2025-04-05,M05,U011,28,9,172.73,False,Atıştırmalık,Çikolata,Marka-E,False
2025-04-06,M05,U011,9,0,172.73,True,Atıştırmalık,Çikolata,Marka-E,False
2025-04-07,M05,U011,0,0,172.73,True,Atıştırmalık,Çikolata,Marka-E,False
2025-04-08,M05,U011,0,0,146.82,True,Atıştırmalık,Çikolata,Marka-E,True
2025-04-09,M05,U011,24,85,172.73,False,Atıştırmalık,Çikolata,Marka-E,False
2025-04-10,M05,U011,23,62,172.73,False,Atıştırmalık,Çikolata,Marka-E,False
2025-04-11,M05,U011,23,39,172.73,False,Atıştırmalık,Çikolata,Marka-E,False
2025-04-12,M05,U011,38,1,172.73,False,Atıştırmalık,Çikolata,Marka-E,False
2025-04-13,M05,U011,1,0,172.73,True,Atıştırmalık,Çikolata,Marka-E,False
2025-04-14,M05,U011,0,0,172.73,True,Atıştırmalık,Çikolata,Marka-E,False
2025-04-15,M05,U011,0,0,172.73,True,Atıştırmalık,Çikolata,Marka-E,False
2025-04-16,M05,U011,25,96,172.73,False,Atıştırmalık,Çikolata,Marka-E,False
2025-04-17,M05,U011,22,74,172.73,False,Atıştırmalık,Çikolata,Marka-E,False
2025-04-18,M05,U011,30,44,172.73,False,Atıştırmalık,Çikolata,Marka-E,False
2025-04-19,M05,U011,36,8,172.73,False,Atıştırmalık,Çikolata,Marka-E,False
2025-04-20,M05,U011,8,0,172.73,True,Atıştırmalık,Çikolata,Marka-E,False
2025-04-21,M05,U011,0,0,172.73,True,Atıştırmalık,Çikolata,Marka-E,False
2025-04-22,M05,U011,0,0,172.73,True,Atıştırmalık,Çikolata,Marka-E,False
2025-04-23,M05,U011,25,81,172.73,False,Atıştırmalık,Çikolata,Marka-E,False
2025-04-24,M05,U011,21,60,172.73,False,Atıştırmalık,Çikolata,Marka-E,False
2025-04-25,M05,U011,15,45,172.73,False,Atıştırmalık,Çikolata,Marka-E,False
2025-04-26,M05,U011,45,0,146.82,True,Atıştırmalık,Çikolata,Marka-E,True
2025-04-27,M05,U011,0,0,172.73,True,Atıştırmalık,Çikolata,Marka-E,False
2025-04-28,M05,U011,0,0,172.73,True,Atıştırmalık,Çikolata,Marka-E,False
2025-04-29,M05,U011,0,0,172.73,True,Atıştırmalık,Çikolata,Marka-E,False
2025-04-30,M05,U011,22,89,172.73,False,Atıştırmalık,Çikolata,Marka-E,False
2025-05-01,M05,U011,18,71,172.73,False,Atıştırmalık,Çikolata,Marka-E,False
2025-05-02,M05,U011,24,47,172.73,False,Atıştırmalık,Çikolata,Marka-E,False
2025-05-03,M05,U011,27,20,172.73,False,Atıştırmalık,Çikolata,Marka-E,False
2025-05-04,M05,U011,20,0,172.73,True,Atıştırmalık,Çikolata,Marka-E,False
2025-05-05,M05,U011,0,0,172.73,True,Atıştırmalık,Çikolata,Marka-E,False
2025-05-06,M05,U011,0,0,172.73,True,Atıştırmalık,Çikolata,Marka-E,False
2025-01-01,M05,U012,43,65,214.19,False,Atıştırmalık,Çikolata,Marka-F,False
2025-01-02,M05,U012,32,33,214.19,False,Atıştırmalık,Çikolata,Marka-F,False
2025-01-03,M05,U012,33,0,171.35,True,Atıştırmalık,Çikolata,Marka-F,True
2025-01-04,M05,U012,0,0,214.19,True,Atıştırmalık,Çikolata,Marka-F,False
2025-01-05,M05,U012,39,140,214.19,False,Atıştırmalık,Çikolata,Marka-F,False
2025-01-06,M05,U012,37,103,214.19,False,Atıştırmalık,Çikolata,Marka-F,False
2025-01-07,M05,U012,39,64,214.19,False,Atıştırmalık,Çikolata,Marka-F,False
2025-01-08,M05,U012,39,25,214.19,False,Atıştırmalık,Çikolata,Marka-F,False
2025-01-09,M05,U012,42,151,214.19,False,Atıştırmalık,Çikolata,Marka-F,False
2025-01-10,M05,U012,27,124,214.19,False,Atıştırmalık,Çikolata,Marka-F,False
2025-01-11,M05,U012,54,70,214.19,False,Atıştırmalık,Çikolata,Marka-F,False
2025-01-12,M05,U012,43,27,214.19,False,Atıştırmalık,Çikolata,Marka-F,False
2025-01-13,M05,U012,29,178,214.19,False,Atıştırmalık,Çikolata,Marka-F,False
2025-01-14,M05,U012,30,148,214.19,False,Atıştırmalık,Çikolata,Marka-F,False
2025-01-15,M05,U012,35,113,214.19,False,Atıştırmalık,Çikolata,Marka-F,False
2025-01-16,M05,U012,43,70,214.19,False,Atıştırmalık,Çikolata,Marka-F,False
2025-01-17,M05,U012,43,173,214.19,False,Atıştırmalık,Çikolata,Marka-F,False
2025-01-18,M05,U012,50,123,214.19,False,Atıştırmalık,Çikolata,Marka-F,False
2025-01-19,M05,U012,55,68,171.35,False,Atıştırmalık,Çikolata,Marka-F,True
2025-01-20,M05,U012,27,41,214.19,False,Atıştırmalık,Çikolata,Marka-F,False
2025-01-21,M05,U012,27,182,214.19,False,Atıştırmalık,Çikolata,Marka-F,False
2025-01-22,M05,U012,31,151,214.19,False,Atıştırmalık,Çikolata,Marka-F,False
2025-01-23,M05,U012,31,120,214.19,False,Atıştırmalık,Çikolata,Marka-F,False
2025-01-24,M05,U012,48,72,214.19,False,Atıştırmalık,Çikolata,Marka-F,False
2025-01-25,M05,U012,43,136,214.19,False,Atıştırmalık,Çikolata,Marka-F,False
2025-01-26,M05,U012,57,79,171.35,False,Atıştırmalık,Çikolata,Marka-F,True
2025-01-27,M05,U012,28,51,214.19,False,Atıştırmalık,Çikolata,Marka-F,False
2025-01-28,M05,U012,35,16,214.19,False,Atıştırmalık,Çikolata,Marka-F,False
2025-01-29,M05,U012,45,143,214.19,False,Atıştırmalık,Çikolata,Marka-F,False
2025-01-30,M05,U012,56,87,182.06,False,Atıştırmalık,Çikolata,Marka-F,True
2025-01-31,M05,U012,39,48,214.19,False,Atıştırmalık,Çikolata,Marka-F,False
2025-02-01,M05,U012,48,0,214.19,True,Atıştırmalık,Çikolata,Marka-F,False
2025-02-02,M05,U012,60,130,214.19,False,Atıştırmalık,Çikolata,Marka-F,False
2025-02-03,M05,U012,30,100,214.19,False,Atıştırmalık,Çikolata,Marka-F,False
2025-02-04,M05,U012,57,43,171.35,False,Atıştırmalık,Çikolata,Marka-F,True
2025-02-05,M05,U012,43,0,214.19,False,Atıştırmalık,Çikolata,Marka-F,False
2025-02-06,M05,U012,40,171,214.19,False,Atıştırmalık,Çikolata,Marka-F,False
2025-02-07,M05,U012,43,128,214.19,False,Atıştırmalık,Çikolata,Marka-F,False
2025-02-08,M05,U012,47,81,214.19,False,Atıştırmalık,Çikolata,Marka-F,False
2025-02-09,M05,U012,49,32,214.19,False,Atıştırmalık,Çikolata,Marka-F,False
2025-02-10,M05,U012,29,168,214.19,False,Atıştırmalık,Çikolata,Marka-F,False
2025-02-11,M05,U012,36,132,214.19,False,Atıştırmalık,Çikolata,Marka-F,False
2025-02-12,M05,U012,40,92,214.19,False,Atıştırmalık,Çikolata,Marka-F,False
2025-02-13,M05,U012,34,58,214.19,False,Atıştırmalık,Çikolata,Marka-F,False
2025-02-14,M05,U012,34,179,214.19,False,Atıştırmalık,Çikolata,Marka-F,False
2025-02-15,M05,U012,43,136,214.19,False,Atıştırmalık,Çikolata,Marka-F,False
2025-02-16,M05,U012,57,79,214.19,False,Atıştırmalık,Çikolata,Marka-F,False
2025-02-17,M05,U012,47,32,214.19,False,Atıştırmalık,Çikolata,Marka-F,False
2025-02-18,M05,U012,39,162,214.19,False,Atıştırmalık,Çikolata,Marka-F,False
2025-02-19,M05,U012,41,121,214.19,False,Atıştırmalık,Çikolata,Marka-F,False
2025-02-20,M05,U012,36,85,214.19,False,Atıştırmalık,Çikolata,Marka-F,False
2025-02-21,M05,U012,32,53,214.19,False,Atıştırmalık,Çikolata,Marka-F,False
2025-02-22,M05,U012,39,142,214.19,False,Atıştırmalık,Çikolata,Marka-F,False
2025-02-23,M05,U012,50,92,214.19,False,Atıştırmalık,Çikolata,Marka-F,False
2025-02-24,M05,U012,35,57,214.19,False,Atıştırmalık,Çikolata,Marka-F,False
2025-02-25,M05,U012,45,12,214.19,False,Atıştırmalık,Çikolata,Marka-F,False
2025-02-26,M05,U012,54,157,214.19,False,Atıştırmalık,Çikolata,Marka-F,False
2025-02-27,M05,U012,41,116,214.19,False,Atıştırmalık,Çikolata,Marka-F,False
2025-02-28,M05,U012,44,72,214.19,False,Atıştırmalık,Çikolata,Marka-F,False
2025-03-01,M05,U012,50,22,214.19,False,Atıştırmalık,Çikolata,Marka-F,False
2025-03-02,M05,U012,22,0,214.19,True,Atıştırmalık,Çikolata,Marka-F,False
2025-03-03,M05,U012,0,0,214.19,True,Atıştırmalık,Çikolata,Marka-F,False
2025-03-04,M05,U012,0,0,214.19,True,Atıştırmalık,Çikolata,Marka-F,False
2025-03-05,M05,U012,0,0,214.19,True,Atıştırmalık,Çikolata,Marka-F,False
2025-03-06,M05,U012,49,139,214.19,False,Atıştırmalık,Çikolata,Marka-F,False
2025-03-07,M05,U012,48,91,214.19,False,Atıştırmalık,Çikolata,Marka-F,False
2025-03-08,M05,U012,54,37,214.19,False,Atıştırmalık,Çikolata,Marka-F,False
2025-03-09,M05,U012,37,0,214.19,True,Atıştırmalık,Çikolata,Marka-F,False
2025-03-10,M05,U012,35,174,214.19,False,Atıştırmalık,Çikolata,Marka-F,False
2025-03-11,M05,U012,50,124,214.19,False,Atıştırmalık,Çikolata,Marka-F,False
2025-03-12,M05,U012,31,93,214.19,False,Atıştırmalık,Çikolata,Marka-F,False
2025-03-13,M05,U012,41,52,214.19,False,Atıştırmalık,Çikolata,Marka-F,False
2025-03-14,M05,U012,47,133,214.19,False,Atıştırmalık,Çikolata,Marka-F,False
2025-03-15,M05,U012,56,77,214.19,False,Atıştırmalık,Çikolata,Marka-F,False
2025-03-16,M05,U012,43,34,214.19,False,Atıştırmalık,Çikolata,Marka-F,False
2025-03-17,M05,U012,34,0,214.19,True,Atıştırmalık,Çikolata,Marka-F,False
2025-03-18,M05,U012,67,130,192.77,False,Atıştırmalık,Çikolata,Marka-F,True
2025-03-19,M05,U012,39,91,214.19,False,Atıştırmalık,Çikolata,Marka-F,False
2025-03-20,M05,U012,44,47,214.19,False,Atıştırmalık,Çikolata,Marka-F,False
2025-03-21,M05,U012,36,11,214.19,False,Atıştırmalık,Çikolata,Marka-F,False
2025-03-22,M05,U012,54,124,214.19,False,Atıştırmalık,Çikolata,Marka-F,False
2025-03-23,M05,U012,79,45,182.06,False,Atıştırmalık,Çikolata,Marka-F,True
2025-03-24,M05,U012,38,7,214.19,False,Atıştırmalık,Çikolata,Marka-F,False
2025-03-25,M05,U012,7,0,214.19,True,Atıştırmalık,Çikolata,Marka-F,False
2025-03-26,M05,U012,39,140,214.19,False,Atıştırmalık,Çikolata,Marka-F,False
2025-03-27,M05,U012,66,74,182.06,False,Atıştırmalık,Çikolata,Marka-F,True
2025-03-28,M05,U012,51,23,214.19,False,Atıştırmalık,Çikolata,Marka-F,False
2025-03-29,M05,U012,23,0,214.19,True,Atıştırmalık,Çikolata,Marka-F,False
2025-03-30,M05,U012,71,119,171.35,False,Atıştırmalık,Çikolata,Marka-F,True
2025-03-31,M05,U012,42,77,214.19,False,Atıştırmalık,Çikolata,Marka-F,False
2025-04-01,M05,U012,55,22,214.19,False,Atıştırmalık,Çikolata,Marka-F,False
2025-04-02,M05,U012,22,0,214.19,True,Atıştırmalık,Çikolata,Marka-F,False
2025-04-03,M05,U012,49,145,214.19,False,Atıştırmalık,Çikolata,Marka-F,False
2025-04-04,M05,U012,53,92,214.19,False,Atıştırmalık,Çikolata,Marka-F,False
2025-04-05,M05,U012,51,41,214.19,False,Atıştırmalık,Çikolata,Marka-F,False
2025-04-06,M05,U012,41,0,214.19,True,Atıştırmalık,Çikolata,Marka-F,False
2025-04-07,M05,U012,82,121,171.35,False,Atıştırmalık,Çikolata,Marka-F,True
2025-04-08,M05,U012,42,79,214.19,False,Atıştırmalık,Çikolata,Marka-F,False
2025-04-09,M05,U012,44,35,214.19,False,Atıştırmalık,Çikolata,Marka-F,False
2025-04-10,M05,U012,34,1,214.19,False,Atıştırmalık,Çikolata,Marka-F,False
2025-04-11,M05,U012,54,161,214.19,False,Atıştırmalık,Çikolata,Marka-F,False
2025-04-12,M05,U012,55,106,214.19,False,Atıştırmalık,Çikolata,Marka-F,False
2025-04-13,M05,U012,54,52,214.19,False,Atıştırmalık,Çikolata,Marka-F,False
2025-04-14,M05,U012,41,11,214.19,False,Atıştırmalık,Çikolata,Marka-F,False
2025-04-15,M05,U012,48,133,214.19,False,Atıştırmalık,Çikolata,Marka-F,False
2025-04-16,M05,U012,53,80,214.19,False,Atıştırmalık,Çikolata,Marka-F,False
2025-04-17,M05,U012,46,34,214.19,False,Atıştırmalık,Çikolata,Marka-F,False
2025-04-18,M05,U012,34,0,214.19,True,Atıştırmalık,Çikolata,Marka-F,False
2025-04-19,M05,U012,56,137,214.19,False,Atıştırmalık,Çikolata,Marka-F,False
2025-04-20,M05,U012,51,86,214.19,False,Atıştırmalık,Çikolata,Marka-F,False
2025-04-21,M05,U012,46,40,214.19,False,Atıştırmalık,Çikolata,Marka-F,False
2025-04-22,M05,U012,40,0,214.19,False,Atıştırmalık,Çikolata,Marka-F,False
2025-04-23,M05,U012,56,138,214.19,False,Atıştırmalık,Çikolata,Marka-F,False
2025-04-24,M05,U012,63,75,182.06,False,Atıştırmalık,Çikolata,Marka-F,True
2025-04-25,M05,U012,47,28,214.19,False,Atıştırmalık,Çikolata,Marka-F,False
2025-04-26,M05,U012,28,0,214.19,True,Atıştırmalık,Çikolata,Marka-F,False
2025-04-27,M05,U012,40,173,214.19,False,Atıştırmalık,Çikolata,Marka-F,False
2025-04-28,M05,U012,31,142,214.19,False,Atıştırmalık,Çikolata,Marka-F,False
2025-04-29,M05,U012,37,105,214.19,False,Atıştırmalık,Çikolata,Marka-F,False
2025-04-30,M05,U012,57,48,214.19,False,Atıştırmalık,Çikolata,Marka-F,False
2025-05-01,M05,U012,51,143,214.19,False,Atıştırmalık,Çikolata,Marka-F,False
2025-05-02,M05,U012,57,86,214.19,False,Atıştırmalık,Çikolata,Marka-F,False
2025-05-03,M05,U012,61,25,214.19,False,Atıştırmalık,Çikolata,Marka-F,False
2025-05-04,M05,U012,25,0,214.19,True,Atıştırmalık,Çikolata,Marka-F,False
2025-05-05,M05,U012,37,145,214.19,False,Atıştırmalık,Çikolata,Marka-F,False
2025-05-06,M05,U012,50,95,214.19,False,Atıştırmalık,Çikolata,Marka-F,False
2025-01-01,M05,U013,9,28,176.68,False,Süt Ürünleri,Süt,Marka-A,False
2025-01-02,M05,U013,18,10,176.68,False,Süt Ürünleri,Süt,Marka-A,False
2025-01-03,M05,U013,10,0,176.68,True,Süt Ürünleri,Süt,Marka-A,False
2025-01-04,M05,U013,0,0,176.68,True,Süt Ürünleri,Süt,Marka-A,False
2025-01-05,M05,U013,0,0,176.68,True,Süt Ürünleri,Süt,Marka-A,False
2025-01-06,M05,U013,0,0,176.68,True,Süt Ürünleri,Süt,Marka-A,False
2025-01-07,M05,U013,12,100,176.68,False,Süt Ürünleri,Süt,Marka-A,False
2025-01-08,M05,U013,14,86,176.68,False,Süt Ürünleri,Süt,Marka-A,False
2025-01-09,M05,U013,11,75,176.68,False,Süt Ürünleri,Süt,Marka-A,False
2025-01-10,M05,U013,11,64,176.68,False,Süt Ürünleri,Süt,Marka-A,False
2025-01-11,M05,U013,17,47,176.68,False,Süt Ürünleri,Süt,Marka-A,False
2025-01-12,M05,U013,20,27,176.68,False,Süt Ürünleri,Süt,Marka-A,False
2025-01-13,M05,U013,8,108,176.68,False,Süt Ürünleri,Süt,Marka-A,False
2025-01-14,M05,U013,13,95,176.68,False,Süt Ürünleri,Süt,Marka-A,False
2025-01-15,M05,U013,19,76,176.68,False,Süt Ürünleri,Süt,Marka-A,False
2025-01-16,M05,U013,15,61,176.68,False,Süt Ürünleri,Süt,Marka-A,False
2025-01-17,M05,U013,11,50,176.68,False,Süt Ürünleri,Süt,Marka-A,False
2025-01-18,M05,U013,15,35,176.68,False,Süt Ürünleri,Süt,Marka-A,False
2025-01-19,M05,U013,17,90,176.68,False,Süt Ürünleri,Süt,Marka-A,False
2025-01-20,M05,U013,19,71,176.68,False,Süt Ürünleri,Süt,Marka-A,False
2025-01-21,M05,U013,20,51,176.68,False,Süt Ürünleri,Süt,Marka-A,False
2025-01-22,M05,U013,16,35,176.68,False,Süt Ürünleri,Süt,Marka-A,False
2025-01-23,M05,U013,10,25,176.68,False,Süt Ürünleri,Süt,Marka-A,False
2025-01-24,M05,U013,25,0,176.68,False,Süt Ürünleri,Süt,Marka-A,False
2025-01-25,M05,U013,27,83,176.68,False,Süt Ürünleri,Süt,Marka-A,False
2025-01-26,M05,U013,15,68,176.68,False,Süt Ürünleri,Süt,Marka-A,False
2025-01-27,M05,U013,7,61,176.68,False,Süt Ürünleri,Süt,Marka-A,False
2025-01-28,M05,U013,10,51,176.68,False,Süt Ürünleri,Süt,Marka-A,False
2025-01-29,M05,U013,28,23,141.34,False,Süt Ürünleri,Süt,Marka-A,True
2025-01-30,M05,U013,16,7,176.68,False,Süt Ürünleri,Süt,Marka-A,False
2025-01-31,M05,U013,11,91,176.68,False,Süt Ürünleri,Süt,Marka-A,False
2025-02-01,M05,U013,22,69,176.68,False,Süt Ürünleri,Süt,Marka-A,False
2025-02-02,M05,U013,15,54,176.68,False,Süt Ürünleri,Süt,Marka-A,False
2025-02-03,M05,U013,14,40,176.68,False,Süt Ürünleri,Süt,Marka-A,False
2025-02-04,M05,U013,13,27,176.68,False,Süt Ürünleri,Süt,Marka-A,False
2025-02-05,M05,U013,16,11,176.68,False,Süt Ürünleri,Süt,Marka-A,False
2025-02-06,M05,U013,23,88,176.68,False,Süt Ürünleri,Süt,Marka-A,False
2025-02-07,M05,U013,14,74,176.68,False,Süt Ürünleri,Süt,Marka-A,False
2025-02-08,M05,U013,15,59,176.68,False,Süt Ürünleri,Süt,Marka-A,False
2025-02-09,M05,U013,21,38,176.68,False,Süt Ürünleri,Süt,Marka-A,False
2025-02-10,M05,U013,18,20,176.68,False,Süt Ürünleri,Süt,Marka-A,False
2025-02-11,M05,U013,16,4,176.68,False,Süt Ürünleri,Süt,Marka-A,False
2025-02-12,M05,U013,18,94,159.01,False,Süt Ürünleri,Süt,Marka-A,True
2025-02-13,M05,U013,13,81,176.68,False,Süt Ürünleri,Süt,Marka-A,False
2025-02-14,M05,U013,24,57,176.68,False,Süt Ürünleri,Süt,Marka-A,False
2025-02-15,M05,U013,29,28,176.68,False,Süt Ürünleri,Süt,Marka-A,False
2025-02-16,M05,U013,27,1,176.68,False,Süt Ürünleri,Süt,Marka-A,False
2025-02-17,M05,U013,1,0,176.68,True,Süt Ürünleri,Süt,Marka-A,False
2025-02-18,M05,U013,10,108,176.68,False,Süt Ürünleri,Süt,Marka-A,False
2025-02-19,M05,U013,13,95,176.68,False,Süt Ürünleri,Süt,Marka-A,False
2025-02-20,M05,U013,16,79,176.68,False,Süt Ürünleri,Süt,Marka-A,False
2025-02-21,M05,U013,13,66,176.68,False,Süt Ürünleri,Süt,Marka-A,False
2025-02-22,M05,U013,13,53,176.68,False,Süt Ürünleri,Süt,Marka-A,False
2025-02-23,M05,U013,32,21,150.18,False,Süt Ürünleri,Süt,Marka-A,True
2025-02-24,M05,U013,15,94,176.68,False,Süt Ürünleri,Süt,Marka-A,False
2025-02-25,M05,U013,20,74,176.68,False,Süt Ürünleri,Süt,Marka-A,False
2025-02-26,M05,U013,13,61,176.68,False,Süt Ürünleri,Süt,Marka-A,False
2025-02-27,M05,U013,20,41,176.68,False,Süt Ürünleri,Süt,Marka-A,False
2025-02-28,M05,U013,15,26,176.68,False,Süt Ürünleri,Süt,Marka-A,False
2025-03-01,M05,U013,14,12,176.68,False,Süt Ürünleri,Süt,Marka-A,False
2025-03-02,M05,U013,12,0,176.68,True,Süt Ürünleri,Süt,Marka-A,False
2025-03-03,M05,U013,0,0,176.68,True,Süt Ürünleri,Süt,Marka-A,False
2025-03-04,M05,U013,0,0,141.34,True,Süt Ürünleri,Süt,Marka-A,True
2025-03-05,M05,U013,0,0,176.68,True,Süt Ürünleri,Süt,Marka-A,False
2025-03-06,M05,U013,0,0,176.68,True,Süt Ürünleri,Süt,Marka-A,False
2025-03-07,M05,U013,0,0,176.68,True,Süt Ürünleri,Süt,Marka-A,False
2025-03-08,M05,U013,29,88,150.18,False,Süt Ürünleri,Süt,Marka-A,True
2025-03-09,M05,U013,21,67,176.68,False,Süt Ürünleri,Süt,Marka-A,False
2025-03-10,M05,U013,12,55,176.68,False,Süt Ürünleri,Süt,Marka-A,False
2025-03-11,M05,U013,13,42,176.68,False,Süt Ürünleri,Süt,Marka-A,False
2025-03-12,M05,U013,23,19,159.01,False,Süt Ürünleri,Süt,Marka-A,True
2025-03-13,M05,U013,16,3,176.68,False,Süt Ürünleri,Süt,Marka-A,False
2025-03-14,M05,U013,17,89,176.68,False,Süt Ürünleri,Süt,Marka-A,False
2025-03-15,M05,U013,17,72,176.68,False,Süt Ürünleri,Süt,Marka-A,False
2025-03-16,M05,U013,16,56,176.68,False,Süt Ürünleri,Süt,Marka-A,False
2025-03-17,M05,U013,15,41,176.68,False,Süt Ürünleri,Süt,Marka-A,False
2025-03-18,M05,U013,15,26,176.68,False,Süt Ürünleri,Süt,Marka-A,False
2025-03-19,M05,U013,16,10,176.68,False,Süt Ürünleri,Süt,Marka-A,False
2025-03-20,M05,U013,10,0,159.01,True,Süt Ürünleri,Süt,Marka-A,True
2025-03-21,M05,U013,0,0,176.68,True,Süt Ürünleri,Süt,Marka-A,False
2025-03-22,M05,U013,0,0,176.68,True,Süt Ürünleri,Süt,Marka-A,False
2025-03-23,M05,U013,0,0,176.68,True,Süt Ürünleri,Süt,Marka-A,False
2025-03-24,M05,U013,0,0,176.68,True,Süt Ürünleri,Süt,Marka-A,False
2025-03-25,M05,U013,0,0,176.68,True,Süt Ürünleri,Süt,Marka-A,False
2025-03-26,M05,U013,16,94,176.68,False,Süt Ürünleri,Süt,Marka-A,False
2025-03-27,M05,U013,14,80,176.68,False,Süt Ürünleri,Süt,Marka-A,False
2025-03-28,M05,U013,12,68,176.68,False,Süt Ürünleri,Süt,Marka-A,False
2025-03-29,M05,U013,20,48,176.68,False,Süt Ürünleri,Süt,Marka-A,False
2025-03-30,M05,U013,22,26,176.68,False,Süt Ürünleri,Süt,Marka-A,False
2025-03-31,M05,U013,21,5,176.68,False,Süt Ürünleri,Süt,Marka-A,False
2025-04-01,M05,U013,7,100,176.68,False,Süt Ürünleri,Süt,Marka-A,False
2025-04-02,M05,U013,19,81,176.68,False,Süt Ürünleri,Süt,Marka-A,False
2025-04-03,M05,U013,17,64,176.68,False,Süt Ürünleri,Süt,Marka-A,False
2025-04-04,M05,U013,20,44,176.68,False,Süt Ürünleri,Süt,Marka-A,False
2025-04-05,M05,U013,44,0,159.01,False,Süt Ürünleri,Süt,Marka-A,True
2025-04-06,M05,U013,0,0,141.34,True,Süt Ürünleri,Süt,Marka-A,True
2025-04-07,M05,U013,12,87,176.68,False,Süt Ürünleri,Süt,Marka-A,False
2025-04-08,M05,U013,14,73,176.68,False,Süt Ürünleri,Süt,Marka-A,False
2025-04-09,M05,U013,16,57,176.68,False,Süt Ürünleri,Süt,Marka-A,False
2025-04-10,M05,U013,15,42,176.68,False,Süt Ürünleri,Süt,Marka-A,False
2025-04-11,M05,U013,21,21,176.68,False,Süt Ürünleri,Süt,Marka-A,False
2025-04-12,M05,U013,20,1,176.68,False,Süt Ürünleri,Süt,Marka-A,False
2025-04-13,M05,U013,21,81,176.68,False,Süt Ürünleri,Süt,Marka-A,False
2025-04-14,M05,U013,10,71,176.68,False,Süt Ürünleri,Süt,Marka-A,False
2025-04-15,M05,U013,29,42,141.34,False,Süt Ürünleri,Süt,Marka-A,True
2025-04-16,M05,U013,10,32,176.68,False,Süt Ürünleri,Süt,Marka-A,False
2025-04-17,M05,U013,21,11,176.68,False,Süt Ürünleri,Süt,Marka-A,False
2025-04-18,M05,U013,11,0,176.68,True,Süt Ürünleri,Süt,Marka-A,False
2025-04-19,M05,U013,27,91,176.68,False,Süt Ürünleri,Süt,Marka-A,False
2025-04-20,M05,U013,17,74,176.68,False,Süt Ürünleri,Süt,Marka-A,False
2025-04-21,M05,U013,11,63,176.68,False,Süt Ürünleri,Süt,Marka-A,False
2025-04-22,M05,U013,21,42,176.68,False,Süt Ürünleri,Süt,Marka-A,False
2025-04-23,M05,U013,13,29,176.68,False,Süt Ürünleri,Süt,Marka-A,False
2025-04-24,M05,U013,20,9,176.68,False,Süt Ürünleri,Süt,Marka-A,False
2025-04-25,M05,U013,16,86,176.68,False,Süt Ürünleri,Süt,Marka-A,False
2025-04-26,M05,U013,21,65,176.68,False,Süt Ürünleri,Süt,Marka-A,False
2025-04-27,M05,U013,19,46,176.68,False,Süt Ürünleri,Süt,Marka-A,False
2025-04-28,M05,U013,15,31,176.68,False,Süt Ürünleri,Süt,Marka-A,False
2025-04-29,M05,U013,12,19,176.68,False,Süt Ürünleri,Süt,Marka-A,False
2025-04-30,M05,U013,19,0,141.34,True,Süt Ürünleri,Süt,Marka-A,True
2025-05-01,M05,U013,24,79,159.01,False,Süt Ürünleri,Süt,Marka-A,True
2025-05-02,M05,U013,18,61,176.68,False,Süt Ürünleri,Süt,Marka-A,False
2025-05-03,M05,U013,21,40,176.68,False,Süt Ürünleri,Süt,Marka-A,False
2025-05-04,M05,U013,20,20,176.68,False,Süt Ürünleri,Süt,Marka-A,False
2025-05-05,M05,U013,14,6,176.68,False,Süt Ürünleri,Süt,Marka-A,False
2025-05-06,M05,U013,6,0,176.68,True,Süt Ürünleri,Süt,Marka-A,False
2025-01-01,M05,U014,8,40,115.91,False,Süt Ürünleri,Süt,Marka-B,False
2025-01-02,M05,U014,9,31,115.91,False,Süt Ürünleri,Süt,Marka-B,False
2025-01-03,M05,U014,10,21,115.91,False,Süt Ürünleri,Süt,Marka-B,False
2025-01-04,M05,U014,11,10,115.91,False,Süt Ürünleri,Süt,Marka-B,False
2025-01-05,M05,U014,10,0,115.91,True,Süt Ürünleri,Süt,Marka-B,False
2025-01-06,M05,U014,9,38,115.91,False,Süt Ürünleri,Süt,Marka-B,False
2025-01-07,M05,U014,7,31,115.91,False,Süt Ürünleri,Süt,Marka-B,False
2025-01-08,M05,U014,8,23,115.91,False,Süt Ürünleri,Süt,Marka-B,False
2025-01-09,M05,U014,11,12,115.91,False,Süt Ürünleri,Süt,Marka-B,False
2025-01-10,M05,U014,6,6,115.91,False,Süt Ürünleri,Süt,Marka-B,False
2025-01-11,M05,U014,7,42,115.91,False,Süt Ürünleri,Süt,Marka-B,False
2025-01-12,M05,U014,19,23,98.52,False,Süt Ürünleri,Süt,Marka-B,True
2025-01-13,M05,U014,2,21,115.91,False,Süt Ürünleri,Süt,Marka-B,False
2025-01-14,M05,U014,8,13,115.91,False,Süt Ürünleri,Süt,Marka-B,False
2025-01-15,M05,U014,10,3,115.91,False,Süt Ürünleri,Süt,Marka-B,False
2025-01-16,M05,U014,15,27,115.91,False,Süt Ürünleri,Süt,Marka-B,False
2025-01-17,M05,U014,13,14,115.91,False,Süt Ürünleri,Süt,Marka-B,False
2025-01-18,M05,U014,10,4,115.91,False,Süt Ürünleri,Süt,Marka-B,False
2025-01-19,M05,U014,4,0,115.91,True,Süt Ürünleri,Süt,Marka-B,False
2025-01-20,M05,U014,0,0,98.52,True,Süt Ürünleri,Süt,Marka-B,True
2025-01-21,M05,U014,0,0,115.91,True,Süt Ürünleri,Süt,Marka-B,False
2025-01-22,M05,U014,0,0,115.91,True,Süt Ürünleri,Süt,Marka-B,False
2025-01-23,M05,U014,0,0,115.91,True,Süt Ürünleri,Süt,Marka-B,False
2025-01-24,M05,U014,0,0,115.91,True,Süt Ürünleri,Süt,Marka-B,False
2025-01-25,M05,U014,0,0,115.91,True,Süt Ürünleri,Süt,Marka-B,False
2025-01-26,M05,U014,13,32,115.91,False,Süt Ürünleri,Süt,Marka-B,False
2025-01-27,M05,U014,18,14,115.91,False,Süt Ürünleri,Süt,Marka-B,False
2025-01-28,M05,U014,13,1,115.91,False,Süt Ürünleri,Süt,Marka-B,False
2025-01-29,M05,U014,1,0,115.91,True,Süt Ürünleri,Süt,Marka-B,False
2025-01-30,M05,U014,0,0,115.91,True,Süt Ürünleri,Süt,Marka-B,False
2025-01-31,M05,U014,8,37,115.91,False,Süt Ürünleri,Süt,Marka-B,False
2025-02-01,M05,U014,11,26,115.91,False,Süt Ürünleri,Süt,Marka-B,False
2025-02-02,M05,U014,13,13,115.91,False,Süt Ürünleri,Süt,Marka-B,False
2025-02-03,M05,U014,9,4,115.91,False,Süt Ürünleri,Süt,Marka-B,False
2025-02-04,M05,U014,4,0,115.91,True,Süt Ürünleri,Süt,Marka-B,False
2025-02-05,M05,U014,12,35,115.91,False,Süt Ürünleri,Süt,Marka-B,False
2025-02-06,M05,U014,10,25,115.91,False,Süt Ürünleri,Süt,Marka-B,False
2025-02-07,M05,U014,14,11,115.91,False,Süt Ürünleri,Süt,Marka-B,False
2025-02-08,M05,U014,11,0,115.91,True,Süt Ürünleri,Süt,Marka-B,False
2025-02-09,M05,U014,0,0,115.91,True,Süt Ürünleri,Süt,Marka-B,False
2025-02-10,M05,U014,12,30,104.32,False,Süt Ürünleri,Süt,Marka-B,True
2025-02-11,M05,U014,7,23,115.91,False,Süt Ürünleri,Süt,Marka-B,False
2025-02-12,M05,U014,17,6,115.91,False,Süt Ürünleri,Süt,Marka-B,False
2025-02-13,M05,U014,6,0,115.91,True,Süt Ürünleri,Süt,Marka-B,False
2025-02-14,M05,U014,0,0,115.91,True,Süt Ürünleri,Süt,Marka-B,False
2025-02-15,M05,U014,15,32,115.91,False,Süt Ürünleri,Süt,Marka-B,False
2025-02-16,M05,U014,9,23,115.91,False,Süt Ürünleri,Süt,Marka-B,False
2025-02-17,M05,U014,15,8,115.91,False,Süt Ürünleri,Süt,Marka-B,False
2025-02-18,M05,U014,6,2,115.91,False,Süt Ürünleri,Süt,Marka-B,False
2025-02-19,M05,U014,2,0,115.91,True,Süt Ürünleri,Süt,Marka-B,False
2025-02-20,M05,U014,5,39,115.91,False,Süt Ürünleri,Süt,Marka-B,False
2025-02-21,M05,U014,11,28,115.91,False,Süt Ürünleri,Süt,Marka-B,False
2025-02-22,M05,U014,12,16,115.91,False,Süt Ürünleri,Süt,Marka-B,False
2025-02-23,M05,U014,15,1,115.91,False,Süt Ürünleri,Süt,Marka-B,False
2025-02-24,M05,U014,1,0,115.91,True,Süt Ürünleri,Süt,Marka-B,False
2025-02-25,M05,U014,14,31,115.91,False,Süt Ürünleri,Süt,Marka-B,False
2025-02-26,M05,U014,8,23,115.91,False,Süt Ürünleri,Süt,Marka-B,False
2025-02-27,M05,U014,9,14,115.91,False,Süt Ürünleri,Süt,Marka-B,False
2025-02-28,M05,U014,10,4,115.91,False,Süt Ürünleri,Süt,Marka-B,False
2025-03-01,M05,U014,4,0,115.91,True,Süt Ürünleri,Süt,Marka-B,False
2025-03-02,M05,U014,11,37,115.91,False,Süt Ürünleri,Süt,Marka-B,False
2025-03-03,M05,U014,12,25,115.91,False,Süt Ürünleri,Süt,Marka-B,False
2025-03-04,M05,U014,9,16,115.91,False,Süt Ürünleri,Süt,Marka-B,False
2025-03-05,M05,U014,7,9,115.91,False,Süt Ürünleri,Süt,Marka-B,False
2025-03-06,M05,U014,9,0,115.91,True,Süt Ürünleri,Süt,Marka-B,False
2025-03-07,M05,U014,9,36,115.91,False,Süt Ürünleri,Süt,Marka-B,False
2025-03-08,M05,U014,15,21,115.91,False,Süt Ürünleri,Süt,Marka-B,False
2025-03-09,M05,U014,16,5,115.91,False,Süt Ürünleri,Süt,Marka-B,False
2025-03-10,M05,U014,5,0,115.91,True,Süt Ürünleri,Süt,Marka-B,False
2025-03-11,M05,U014,0,0,115.91,True,Süt Ürünleri,Süt,Marka-B,False
2025-03-12,M05,U014,10,37,115.91,False,Süt Ürünleri,Süt,Marka-B,False
2025-03-13,M05,U014,23,14,98.52,False,Süt Ürünleri,Süt,Marka-B,True
2025-03-14,M05,U014,11,3,115.91,False,Süt Ürünleri,Süt,Marka-B,False
2025-03-15,M05,U014,3,0,115.91,True,Süt Ürünleri,Süt,Marka-B,False
2025-03-16,M05,U014,0,0,115.91,True,Süt Ürünleri,Süt,Marka-B,False
2025-03-17,M05,U014,11,39,115.91,False,Süt Ürünleri,Süt,Marka-B,False
2025-03-18,M05,U014,2,37,115.91,False,Süt Ürünleri,Süt,Marka-B,False
2025-03-19,M05,U014,13,24,115.91,False,Süt Ürünleri,Süt,Marka-B,False
2025-03-20,M05,U014,9,15,115.91,False,Süt Ürünleri,Süt,Marka-B,False
2025-03-21,M05,U014,10,5,115.91,False,Süt Ürünleri,Süt,Marka-B,False
2025-03-22,M05,U014,5,0,98.52,True,Süt Ürünleri,Süt,Marka-B,True
2025-03-23,M05,U014,0,0,115.91,True,Süt Ürünleri,Süt,Marka-B,False
2025-03-24,M05,U014,0,0,115.91,True,Süt Ürünleri,Süt,Marka-B,False
2025-03-25,M05,U014,0,0,115.91,True,Süt Ürünleri,Süt,Marka-B,False
2025-03-26,M05,U014,0,0,115.91,True,Süt Ürünleri,Süt,Marka-B,False
2025-03-27,M05,U014,17,31,115.91,False,Süt Ürünleri,Süt,Marka-B,False
2025-03-28,M05,U014,10,21,115.91,False,Süt Ürünleri,Süt,Marka-B,False
2025-03-29,M05,U014,13,8,115.91,False,Süt Ürünleri,Süt,Marka-B,False
2025-03-30,M05,U014,8,0,115.91,True,Süt Ürünleri,Süt,Marka-B,False
2025-03-31,M05,U014,0,0,115.91,True,Süt Ürünleri,Süt,Marka-B,False
2025-04-01,M05,U014,7,39,115.91,False,Süt Ürünleri,Süt,Marka-B,False
2025-04-02,M05,U014,15,24,115.91,False,Süt Ürünleri,Süt,Marka-B,False
2025-04-03,M05,U014,8,16,115.91,False,Süt Ürünleri,Süt,Marka-B,False
2025-04-04,M05,U014,11,5,115.91,False,Süt Ürünleri,Süt,Marka-B,False
2025-04-05,M05,U014,5,0,115.91,True,Süt Ürünleri,Süt,Marka-B,False
2025-04-06,M05,U014,10,36,115.91,False,Süt Ürünleri,Süt,Marka-B,False
2025-04-07,M05,U014,14,22,115.91,False,Süt Ürünleri,Süt,Marka-B,False
2025-04-08,M05,U014,13,9,115.91,False,Süt Ürünleri,Süt,Marka-B,False
2025-04-09,M05,U014,9,0,115.91,True,Süt Ürünleri,Süt,Marka-B,False
2025-04-10,M05,U014,0,0,115.91,True,Süt Ürünleri,Süt,Marka-B,False
2025-04-11,M05,U014,13,30,115.91,False,Süt Ürünleri,Süt,Marka-B,False
2025-04-12,M05,U014,19,11,115.91,False,Süt Ürünleri,Süt,Marka-B,False
2025-04-13,M05,U014,11,0,115.91,True,Süt Ürünleri,Süt,Marka-B,False
2025-04-14,M05,U014,0,0,115.91,True,Süt Ürünleri,Süt,Marka-B,False
2025-04-15,M05,U014,0,0,115.91,True,Süt Ürünleri,Süt,Marka-B,False
2025-04-16,M05,U014,0,0,115.91,True,Süt Ürünleri,Süt,Marka-B,False
2025-04-17,M05,U014,0,0,115.91,True,Süt Ürünleri,Süt,Marka-B,False
2025-04-18,M05,U014,0,0,115.91,True,Süt Ürünleri,Süt,Marka-B,False
2025-04-19,M05,U014,0,0,115.91,True,Süt Ürünleri,Süt,Marka-B,False
2025-04-20,M05,U014,0,0,115.91,True,Süt Ürünleri,Süt,Marka-B,False
2025-04-21,M05,U014,15,33,115.91,False,Süt Ürünleri,Süt,Marka-B,False
2025-04-22,M05,U014,13,20,115.91,False,Süt Ürünleri,Süt,Marka-B,False
2025-04-23,M05,U014,20,0,92.73,True,Süt Ürünleri,Süt,Marka-B,True
2025-04-24,M05,U014,0,0,115.91,True,Süt Ürünleri,Süt,Marka-B,False
2025-04-25,M05,U014,0,0,98.52,True,Süt Ürünleri,Süt,Marka-B,True
2025-04-26,M05,U014,16,32,115.91,False,Süt Ürünleri,Süt,Marka-B,False
2025-04-27,M05,U014,7,25,115.91,False,Süt Ürünleri,Süt,Marka-B,False
2025-04-28,M05,U014,5,20,115.91,False,Süt Ürünleri,Süt,Marka-B,False
2025-04-29,M05,U014,11,9,115.91,False,Süt Ürünleri,Süt,Marka-B,False
2025-04-30,M05,U014,5,4,115.91,False,Süt Ürünleri,Süt,Marka-B,False
2025-05-01,M05,U014,3,1,115.91,False,Süt Ürünleri,Süt,Marka-B,False
2025-05-02,M05,U014,1,0,104.32,True,Süt Ürünleri,Süt,Marka-B,True
2025-05-03,M05,U014,0,0,115.91,True,Süt Ürünleri,Süt,Marka-B,False
2025-05-04,M05,U014,0,0,98.52,True,Süt Ürünleri,Süt,Marka-B,True
2025-05-05,M05,U014,0,0,115.91,True,Süt Ürünleri,Süt,Marka-B,False
2025-05-06,M05,U014,12,32,115.91,False,Süt Ürünleri,Süt,Marka-B,False
2025-01-01,M05,U015,37,177,54.99,False,Süt Ürünleri,Yoğurt,Marka-C,False
2025-01-02,M05,U015,32,145,54.99,False,Süt Ürünleri,Yoğurt,Marka-C,False
2025-01-03,M05,U015,26,119,54.99,False,Süt Ürünleri,Yoğurt,Marka-C,False
2025-01-04,M05,U015,49,70,54.99,False,Süt Ürünleri,Yoğurt,Marka-C,False
2025-01-05,M05,U015,34,36,54.99,False,Süt Ürünleri,Yoğurt,Marka-C,False
2025-01-06,M05,U015,28,8,54.99,False,Süt Ürünleri,Yoğurt,Marka-C,False
2025-01-07,M05,U015,8,0,54.99,True,Süt Ürünleri,Yoğurt,Marka-C,False
2025-01-08,M05,U015,0,0,54.99,True,Süt Ürünleri,Yoğurt,Marka-C,False
2025-01-09,M05,U015,0,0,54.99,True,Süt Ürünleri,Yoğurt,Marka-C,False
2025-01-10,M05,U015,0,0,54.99,True,Süt Ürünleri,Yoğurt,Marka-C,False
2025-01-11,M05,U015,0,0,54.99,True,Süt Ürünleri,Yoğurt,Marka-C,False
2025-01-12,M05,U015,0,0,54.99,True,Süt Ürünleri,Yoğurt,Marka-C,False
2025-01-13,M05,U015,34,172,54.99,False,Süt Ürünleri,Yoğurt,Marka-C,False
2025-01-14,M05,U015,28,144,54.99,False,Süt Ürünleri,Yoğurt,Marka-C,False
2025-01-15,M05,U015,33,111,54.99,False,Süt Ürünleri,Yoğurt,Marka-C,False
2025-01-16,M05,U015,26,85,54.99,False,Süt Ürünleri,Yoğurt,Marka-C,False
2025-01-17,M05,U015,29,56,54.99,False,Süt Ürünleri,Yoğurt,Marka-C,False
2025-01-18,M05,U015,36,20,54.99,False,Süt Ürünleri,Yoğurt,Marka-C,False
2025-01-19,M05,U015,41,190,54.99,False,Süt Ürünleri,Yoğurt,Marka-C,False
2025-01-20,M05,U015,35,155,54.99,False,Süt Ürünleri,Yoğurt,Marka-C,False
2025-01-21,M05,U015,29,126,54.99,False,Süt Ürünleri,Yoğurt,Marka-C,False
2025-01-22,M05,U015,30,96,54.99,False,Süt Ürünleri,Yoğurt,Marka-C,False
2025-01-23,M05,U015,34,62,54.99,False,Süt Ürünleri,Yoğurt,Marka-C,False
2025-01-24,M05,U015,28,34,54.99,False,Süt Ürünleri,Yoğurt,Marka-C,False
2025-01-25,M05,U015,44,200,54.99,False,Süt Ürünleri,Yoğurt,Marka-C,False
2025-01-26,M05,U015,31,169,54.99,False,Süt Ürünleri,Yoğurt,Marka-C,False
2025-01-27,M05,U015,31,138,54.99,False,Süt Ürünleri,Yoğurt,Marka-C,False
2025-01-28,M05,U015,41,97,54.99,False,Süt Ürünleri,Yoğurt,Marka-C,False
2025-01-29,M05,U015,24,73,54.99,False,Süt Ürünleri,Yoğurt,Marka-C,False
2025-01-30,M05,U015,32,41,54.99,False,Süt Ürünleri,Yoğurt,Marka-C,False
2025-01-31,M05,U015,32,216,54.99,False,Süt Ürünleri,Yoğurt,Marka-C,False
2025-02-01,M05,U015,54,162,54.99,False,Süt Ürünleri,Yoğurt,Marka-C,False
2025-02-02,M05,U015,33,129,54.99,False,Süt Ürünleri,Yoğurt,Marka-C,False
2025-02-03,M05,U015,29,100,54.99,False,Süt Ürünleri,Yoğurt,Marka-C,False
2025-02-04,M05,U015,29,71,54.99,False,Süt Ürünleri,Yoğurt,Marka-C,False
2025-02-05,M05,U015,25,46,54.99,False,Süt Ürünleri,Yoğurt,Marka-C,False
2025-02-06,M05,U015,36,214,54.99,False,Süt Ürünleri,Yoğurt,Marka-C,False
2025-02-07,M05,U015,38,176,54.99,False,Süt Ürünleri,Yoğurt,Marka-C,False
2025-02-08,M05,U015,45,131,54.99,False,Süt Ürünleri,Yoğurt,Marka-C,False
2025-02-09,M05,U015,38,93,54.99,False,Süt Ürünleri,Yoğurt,Marka-C,False
2025-02-10,M05,U015,22,71,54.99,False,Süt Ürünleri,Yoğurt,Marka-C,False
2025-02-11,M05,U015,23,48,54.99,False,Süt Ürünleri,Yoğurt,Marka-C,False
2025-02-12,M05,U015,37,200,54.99,False,Süt Ürünleri,Yoğurt,Marka-C,False
2025-02-13,M05,U015,31,169,54.99,False,Süt Ürünleri,Yoğurt,Marka-C,False
2025-02-14,M05,U015,26,143,54.99,False,Süt Ürünleri,Yoğurt,Marka-C,False
2025-02-15,M05,U015,36,107,54.99,False,Süt Ürünleri,Yoğurt,Marka-C,False
2025-02-16,M05,U015,34,73,54.99,False,Süt Ürünleri,Yoğurt,Marka-C,False
2025-02-17,M05,U015,25,48,54.99,False,Süt Ürünleri,Yoğurt,Marka-C,False
2025-02-18,M05,U015,27,212,54.99,False,Süt Ürünleri,Yoğurt,Marka-C,False
2025-02-19,M05,U015,32,180,54.99,False,Süt Ürünleri,Yoğurt,Marka-C,False
2025-02-20,M05,U015,32,148,54.99,False,Süt Ürünleri,Yoğurt,Marka-C,False
2025-02-21,M05,U015,39,109,54.99,False,Süt Ürünleri,Yoğurt,Marka-C,False
2025-02-22,M05,U015,43,66,54.99,False,Süt Ürünleri,Yoğurt,Marka-C,False
2025-02-23,M05,U015,41,25,54.99,False,Süt Ürünleri,Yoğurt,Marka-C,False
2025-02-24,M05,U015,20,205,54.99,False,Süt Ürünleri,Yoğurt,Marka-C,False
2025-02-25,M05,U015,39,166,54.99,False,Süt Ürünleri,Yoğurt,Marka-C,False
2025-02-26,M05,U015,25,141,54.99,False,Süt Ürünleri,Yoğurt,Marka-C,False
2025-02-27,M05,U015,20,121,54.99,False,Süt Ürünleri,Yoğurt,Marka-C,False
2025-02-28,M05,U015,49,72,54.99,False,Süt Ürünleri,Yoğurt,Marka-C,False
2025-03-01,M05,U015,43,29,54.99,False,Süt Ürünleri,Yoğurt,Marka-C,False
2025-03-02,M05,U015,52,164,49.49,False,Süt Ürünleri,Yoğurt,Marka-C,True
2025-03-03,M05,U015,56,108,43.99,False,Süt Ürünleri,Yoğurt,Marka-C,True
2025-03-04,M05,U015,25,83,54.99,False,Süt Ürünleri,Yoğurt,Marka-C,False
2025-03-05,M05,U015,33,50,54.99,False,Süt Ürünleri,Yoğurt,Marka-C,False
2025-03-06,M05,U015,32,18,54.99,False,Süt Ürünleri,Yoğurt,Marka-C,False
2025-03-07,M05,U015,18,0,54.99,True,Süt Ürünleri,Yoğurt,Marka-C,False
2025-03-08,M05,U015,48,177,54.99,False,Süt Ürünleri,Yoğurt,Marka-C,False
2025-03-09,M05,U015,42,135,54.99,False,Süt Ürünleri,Yoğurt,Marka-C,False
2025-03-10,M05,U015,39,96,54.99,False,Süt Ürünleri,Yoğurt,Marka-C,False
2025-03-11,M05,U015,40,56,54.99,False,Süt Ürünleri,Yoğurt,Marka-C,False
2025-03-12,M05,U015,34,22,54.99,False,Süt Ürünleri,Yoğurt,Marka-C,False
2025-03-13,M05,U015,22,0,54.99,True,Süt Ürünleri,Yoğurt,Marka-C,False
2025-03-14,M05,U015,0,0,54.99,True,Süt Ürünleri,Yoğurt,Marka-C,False
2025-03-15,M05,U015,0,0,54.99,True,Süt Ürünleri,Yoğurt,Marka-C,False
2025-03-16,M05,U015,0,0,54.99,True,Süt Ürünleri,Yoğurt,Marka-C,False
2025-03-17,M05,U015,0,0,54.99,True,Süt Ürünleri,Yoğurt,Marka-C,False
2025-03-18,M05,U015,0,0,54.99,True,Süt Ürünleri,Yoğurt,Marka-C,False
2025-03-19,M05,U015,0,0,54.99,True,Süt Ürünleri,Yoğurt,Marka-C,False
2025-03-20,M05,U015,29,188,54.99,False,Süt Ürünleri,Yoğurt,Marka-C,False
2025-03-21,M05,U015,41,147,54.99,False,Süt Ürünleri,Yoğurt,Marka-C,False
2025-03-22,M05,U015,39,108,54.99,False,Süt Ürünleri,Yoğurt,Marka-C,False
2025-03-23,M05,U015,49,59,54.99,False,Süt Ürünleri,Yoğurt,Marka-C,False
2025-03-24,M05,U015,30,29,54.99,False,Süt Ürünleri,Yoğurt,Marka-C,False
2025-03-25,M05,U015,18,11,54.99,False,Süt Ürünleri,Yoğurt,Marka-C,False
2025-03-26,M05,U015,27,222,54.99,False,Süt Ürünleri,Yoğurt,Marka-C,False
2025-03-27,M05,U015,33,189,54.99,False,Süt Ürünleri,Yoğurt,Marka-C,False
2025-03-28,M05,U015,41,148,54.99,False,Süt Ürünleri,Yoğurt,Marka-C,False
2025-03-29,M05,U015,50,98,54.99,False,Süt Ürünleri,Yoğurt,Marka-C,False
2025-03-30,M05,U015,32,66,54.99,False,Süt Ürünleri,Yoğurt,Marka-C,False
2025-03-31,M05,U015,19,47,54.99,False,Süt Ürünleri,Yoğurt,Marka-C,False
2025-04-01,M05,U015,30,183,54.99,False,Süt Ürünleri,Yoğurt,Marka-C,False
2025-04-02,M05,U015,34,149,54.99,False,Süt Ürünleri,Yoğurt,Marka-C,False
2025-04-03,M05,U015,31,118,54.99,False,Süt Ürünleri,Yoğurt,Marka-C,False
2025-04-04,M05,U015,54,64,43.99,False,Süt Ürünleri,Yoğurt,Marka-C,True
2025-04-05,M05,U015,49,15,54.99,False,Süt Ürünleri,Yoğurt,Marka-C,False
2025-04-06,M05,U015,15,0,54.99,True,Süt Ürünleri,Yoğurt,Marka-C,False
2025-04-07,M05,U015,33,214,54.99,False,Süt Ürünleri,Yoğurt,Marka-C,False
2025-04-08,M05,U015,42,172,54.99,False,Süt Ürünleri,Yoğurt,Marka-C,False
2025-04-09,M05,U015,45,127,54.99,False,Süt Ürünleri,Yoğurt,Marka-C,False
2025-04-10,M05,U015,28,99,54.99,False,Süt Ürünleri,Yoğurt,Marka-C,False
2025-04-11,M05,U015,48,51,54.99,False,Süt Ürünleri,Yoğurt,Marka-C,False
2025-04-12,M05,U015,51,0,54.99,False,Süt Ürünleri,Yoğurt,Marka-C,False
2025-04-13,M05,U015,41,187,54.99,False,Süt Ürünleri,Yoğurt,Marka-C,False
2025-04-14,M05,U015,42,145,54.99,False,Süt Ürünleri,Yoğurt,Marka-C,False
2025-04-15,M05,U015,22,123,54.99,False,Süt Ürünleri,Yoğurt,Marka-C,False
2025-04-16,M05,U015,37,86,54.99,False,Süt Ürünleri,Yoğurt,Marka-C,False
2025-04-17,M05,U015,26,60,54.99,False,Süt Ürünleri,Yoğurt,Marka-C,False
2025-04-18,M05,U015,38,22,54.99,False,Süt Ürünleri,Yoğurt,Marka-C,False
2025-04-19,M05,U015,22,0,54.99,True,Süt Ürünleri,Yoğurt,Marka-C,False
2025-04-20,M05,U015,0,0,54.99,True,Süt Ürünleri,Yoğurt,Marka-C,False
2025-04-21,M05,U015,0,0,54.99,True,Süt Ürünleri,Yoğurt,Marka-C,False
2025-04-22,M05,U015,0,0,54.99,True,Süt Ürünleri,Yoğurt,Marka-C,False
2025-04-23,M05,U015,0,0,54.99,True,Süt Ürünleri,Yoğurt,Marka-C,False
2025-04-24,M05,U015,0,0,54.99,True,Süt Ürünleri,Yoğurt,Marka-C,False
2025-04-25,M05,U015,49,199,54.99,False,Süt Ürünleri,Yoğurt,Marka-C,False
2025-04-26,M05,U015,62,137,54.99,False,Süt Ürünleri,Yoğurt,Marka-C,False
2025-04-27,M05,U015,34,103,54.99,False,Süt Ürünleri,Yoğurt,Marka-C,False
2025-04-28,M05,U015,30,73,54.99,False,Süt Ürünleri,Yoğurt,Marka-C,False
2025-04-29,M05,U015,28,45,54.99,False,Süt Ürünleri,Yoğurt,Marka-C,False
2025-04-30,M05,U015,34,11,54.99,False,Süt Ürünleri,Yoğurt,Marka-C,False
2025-05-01,M05,U015,34,204,54.99,False,Süt Ürünleri,Yoğurt,Marka-C,False
2025-05-02,M05,U015,49,155,54.99,False,Süt Ürünleri,Yoğurt,Marka-C,False
2025-05-03,M05,U015,45,110,54.99,False,Süt Ürünleri,Yoğurt,Marka-C,False
2025-05-04,M05,U015,38,72,54.99,False,Süt Ürünleri,Yoğurt,Marka-C,False
2025-05-05,M05,U015,27,45,54.99,False,Süt Ürünleri,Yoğurt,Marka-C,False
2025-05-06,M05,U015,43,2,54.99,False,Süt Ürünleri,Yoğurt,Marka-C,False
2025-01-01,M05,U016,29,234,170.13,False,Süt Ürünleri,Yoğurt,Marka-D,False
2025-01-02,M05,U016,38,196,170.13,False,Süt Ürünleri,Yoğurt,Marka-D,False
2025-01-03,M05,U016,42,154,170.13,False,Süt Ürünleri,Yoğurt,Marka-D,False
2025-01-04,M05,U016,43,111,170.13,False,Süt Ürünleri,Yoğurt,Marka-D,False
2025-01-05,M05,U016,43,68,170.13,False,Süt Ürünleri,Yoğurt,Marka-D,False
2025-01-06,M05,U016,42,239,170.13,False,Süt Ürünleri,Yoğurt,Marka-D,False
2025-01-07,M05,U016,40,199,170.13,False,Süt Ürünleri,Yoğurt,Marka-D,False
2025-01-08,M05,U016,47,152,170.13,False,Süt Ürünleri,Yoğurt,Marka-D,False
2025-01-09,M05,U016,35,117,170.13,False,Süt Ürünleri,Yoğurt,Marka-D,False
2025-01-10,M05,U016,41,76,170.13,False,Süt Ürünleri,Yoğurt,Marka-D,False
2025-01-11,M05,U016,51,199,170.13,False,Süt Ürünleri,Yoğurt,Marka-D,False
2025-01-12,M05,U016,58,141,170.13,False,Süt Ürünleri,Yoğurt,Marka-D,False
2025-01-13,M05,U016,39,102,170.13,False,Süt Ürünleri,Yoğurt,Marka-D,False
2025-01-14,M05,U016,66,36,144.61,False,Süt Ürünleri,Yoğurt,Marka-D,True
2025-01-15,M05,U016,30,6,170.13,False,Süt Ürünleri,Yoğurt,Marka-D,False
2025-01-16,M05,U016,44,197,170.13,False,Süt Ürünleri,Yoğurt,Marka-D,False
2025-01-17,M05,U016,48,149,170.13,False,Süt Ürünleri,Yoğurt,Marka-D,False
2025-01-18,M05,U016,44,105,170.13,False,Süt Ürünleri,Yoğurt,Marka-D,False
2025-01-19,M05,U016,42,63,170.13,False,Süt Ürünleri,Yoğurt,Marka-D,False
2025-01-20,M05,U016,23,40,170.13,False,Süt Ürünleri,Yoğurt,Marka-D,False
2025-01-21,M05,U016,57,181,144.61,False,Süt Ürünleri,Yoğurt,Marka-D,True
2025-01-22,M05,U016,38,143,170.13,False,Süt Ürünleri,Yoğurt,Marka-D,False
2025-01-23,M05,U016,43,100,170.13,False,Süt Ürünleri,Yoğurt,Marka-D,False
2025-01-24,M05,U016,44,56,170.13,False,Süt Ürünleri,Yoğurt,Marka-D,False
2025-01-25,M05,U016,56,0,144.61,True,Süt Ürünleri,Yoğurt,Marka-D,True
2025-01-26,M05,U016,42,192,170.13,False,Süt Ürünleri,Yoğurt,Marka-D,False
2025-01-27,M05,U016,37,155,170.13,False,Süt Ürünleri,Yoğurt,Marka-D,False
2025-01-28,M05,U016,54,101,170.13,False,Süt Ürünleri,Yoğurt,Marka-D,False
2025-01-29,M05,U016,46,55,170.13,False,Süt Ürünleri,Yoğurt,Marka-D,False
2025-01-30,M05,U016,42,13,170.13,False,Süt Ürünleri,Yoğurt,Marka-D,False
2025-01-31,M05,U016,50,219,170.13,False,Süt Ürünleri,Yoğurt,Marka-D,False
2025-02-01,M05,U016,64,155,170.13,False,Süt Ürünleri,Yoğurt,Marka-D,False
2025-02-02,M05,U016,52,103,170.13,False,Süt Ürünleri,Yoğurt,Marka-D,False
2025-02-03,M05,U016,31,72,170.13,False,Süt Ürünleri,Yoğurt,Marka-D,False
2025-02-04,M05,U016,56,16,136.1,False,Süt Ürünleri,Yoğurt,Marka-D,True
2025-02-05,M05,U016,40,215,170.13,False,Süt Ürünleri,Yoğurt,Marka-D,False
2025-02-06,M05,U016,45,170,170.13,False,Süt Ürünleri,Yoğurt,Marka-D,False
2025-02-07,M05,U016,47,123,170.13,False,Süt Ürünleri,Yoğurt,Marka-D,False
2025-02-08,M05,U016,55,68,170.13,False,Süt Ürünleri,Yoğurt,Marka-D,False
2025-02-09,M05,U016,54,14,170.13,False,Süt Ürünleri,Yoğurt,Marka-D,False
2025-02-10,M05,U016,32,241,170.13,False,Süt Ürünleri,Yoğurt,Marka-D,False
2025-02-11,M05,U016,39,202,170.13,False,Süt Ürünleri,Yoğurt,Marka-D,False
2025-02-12,M05,U016,62,140,153.12,False,Süt Ürünleri,Yoğurt,Marka-D,True
2025-02-13,M05,U016,60,80,136.1,False,Süt Ürünleri,Yoğurt,Marka-D,True
2025-02-14,M05,U016,58,22,170.13,False,Süt Ürünleri,Yoğurt,Marka-D,False
2025-02-15,M05,U016,48,227,170.13,False,Süt Ürünleri,Yoğurt,Marka-D,False
2025-02-16,M05,U016,53,174,170.13,False,Süt Ürünleri,Yoğurt,Marka-D,False
2025-02-17,M05,U016,39,135,170.13,False,Süt Ürünleri,Yoğurt,Marka-D,False
2025-02-18,M05,U016,51,84,144.61,False,Süt Ürünleri,Yoğurt,Marka-D,True
2025-02-19,M05,U016,34,50,170.13,False,Süt Ürünleri,Yoğurt,Marka-D,False
2025-02-20,M05,U016,56,203,170.13,False,Süt Ürünleri,Yoğurt,Marka-D,False
2025-02-21,M05,U016,84,119,136.1,False,Süt Ürünleri,Yoğurt,Marka-D,True
2025-02-22,M05,U016,74,45,153.12,False,Süt Ürünleri,Yoğurt,Marka-D,True
2025-02-23,M05,U016,33,12,170.13,False,Süt Ürünleri,Yoğurt,Marka-D,False
2025-02-24,M05,U016,12,0,170.13,True,Süt Ürünleri,Yoğurt,Marka-D,False
2025-02-25,M05,U016,36,247,170.13,False,Süt Ürünleri,Yoğurt,Marka-D,False
2025-02-26,M05,U016,45,202,170.13,False,Süt Ürünleri,Yoğurt,Marka-D,False
2025-02-27,M05,U016,44,158,170.13,False,Süt Ürünleri,Yoğurt,Marka-D,False
2025-02-28,M05,U016,38,120,170.13,False,Süt Ürünleri,Yoğurt,Marka-D,False
2025-03-01,M05,U016,48,72,170.13,False,Süt Ürünleri,Yoğurt,Marka-D,False
2025-03-02,M05,U016,59,218,170.13,False,Süt Ürünleri,Yoğurt,Marka-D,False
2025-03-03,M05,U016,41,177,170.13,False,Süt Ürünleri,Yoğurt,Marka-D,False
2025-03-04,M05,U016,41,136,170.13,False,Süt Ürünleri,Yoğurt,Marka-D,False
2025-03-05,M05,U016,62,74,170.13,False,Süt Ürünleri,Yoğurt,Marka-D,False
2025-03-06,M05,U016,45,29,170.13,False,Süt Ürünleri,Yoğurt,Marka-D,False
2025-03-07,M05,U016,29,0,170.13,True,Süt Ürünleri,Yoğurt,Marka-D,False
2025-03-08,M05,U016,0,0,170.13,True,Süt Ürünleri,Yoğurt,Marka-D,False
2025-03-09,M05,U016,0,0,170.13,True,Süt Ürünleri,Yoğurt,Marka-D,False
2025-03-10,M05,U016,0,0,170.13,True,Süt Ürünleri,Yoğurt,Marka-D,False
2025-03-11,M05,U016,0,0,170.13,True,Süt Ürünleri,Yoğurt,Marka-D,False
2025-03-12,M05,U016,31,236,170.13,False,Süt Ürünleri,Yoğurt,Marka-D,False
2025-03-13,M05,U016,51,185,170.13,False,Süt Ürünleri,Yoğurt,Marka-D,False
2025-03-14,M05,U016,55,130,170.13,False,Süt Ürünleri,Yoğurt,Marka-D,False
2025-03-15,M05,U016,62,68,170.13,False,Süt Ürünleri,Yoğurt,Marka-D,False
2025-03-16,M05,U016,52,16,170.13,False,Süt Ürünleri,Yoğurt,Marka-D,False
2025-03-17,M05,U016,42,213,170.13,False,Süt Ürünleri,Yoğurt,Marka-D,False
2025-03-18,M05,U016,36,177,170.13,False,Süt Ürünleri,Yoğurt,Marka-D,False
2025-03-19,M05,U016,52,125,170.13,False,Süt Ürünleri,Yoğurt,Marka-D,False
2025-03-20,M05,U016,74,51,153.12,False,Süt Ürünleri,Yoğurt,Marka-D,True
2025-03-21,M05,U016,44,7,170.13,False,Süt Ürünleri,Yoğurt,Marka-D,False
2025-03-22,M05,U016,7,0,170.13,True,Süt Ürünleri,Yoğurt,Marka-D,False
2025-03-23,M05,U016,0,0,170.13,True,Süt Ürünleri,Yoğurt,Marka-D,False
2025-03-24,M05,U016,0,0,170.13,True,Süt Ürünleri,Yoğurt,Marka-D,False
2025-03-25,M05,U016,0,0,144.61,True,Süt Ürünleri,Yoğurt,Marka-D,True
2025-03-26,M05,U016,0,0,170.13,True,Süt Ürünleri,Yoğurt,Marka-D,False
2025-03-27,M05,U016,35,215,170.13,False,Süt Ürünleri,Yoğurt,Marka-D,False
2025-03-28,M05,U016,41,174,170.13,False,Süt Ürünleri,Yoğurt,Marka-D,False
2025-03-29,M05,U016,51,123,170.13,False,Süt Ürünleri,Yoğurt,Marka-D,False
2025-03-30,M05,U016,57,66,170.13,False,Süt Ürünleri,Yoğurt,Marka-D,False
2025-03-31,M05,U016,34,32,170.13,False,Süt Ürünleri,Yoğurt,Marka-D,False
2025-04-01,M05,U016,37,246,170.13,False,Süt Ürünleri,Yoğurt,Marka-D,False
2025-04-02,M05,U016,45,201,170.13,False,Süt Ürünleri,Yoğurt,Marka-D,False
2025-04-03,M05,U016,62,139,170.13,False,Süt Ürünleri,Yoğurt,Marka-D,False
2025-04-04,M05,U016,54,85,170.13,False,Süt Ürünleri,Yoğurt,Marka-D,False
2025-04-05,M05,U016,62,23,170.13,False,Süt Ürünleri,Yoğurt,Marka-D,False
2025-04-06,M05,U016,51,221,170.13,False,Süt Ürünleri,Yoğurt,Marka-D,False
2025-04-07,M05,U016,38,183,170.13,False,Süt Ürünleri,Yoğurt,Marka-D,False
2025-04-08,M05,U016,36,147,170.13,False,Süt Ürünleri,Yoğurt,Marka-D,False
2025-04-09,M05,U016,46,101,170.13,False,Süt Ürünleri,Yoğurt,Marka-D,False
2025-04-10,M05,U016,42,59,170.13,False,Süt Ürünleri,Yoğurt,Marka-D,False
2025-04-11,M05,U016,55,190,170.13,False,Süt Ürünleri,Yoğurt,Marka-D,False
2025-04-12,M05,U016,60,130,170.13,False,Süt Ürünleri,Yoğurt,Marka-D,False
2025-04-13,M05,U016,45,85,170.13,False,Süt Ürünleri,Yoğurt,Marka-D,False
2025-04-14,M05,U016,38,47,170.13,False,Süt Ürünleri,Yoğurt,Marka-D,False
2025-04-15,M05,U016,35,12,170.13,False,Süt Ürünleri,Yoğurt,Marka-D,False
2025-04-16,M05,U016,34,230,170.13,False,Süt Ürünleri,Yoğurt,Marka-D,False
2025-04-17,M05,U016,72,158,153.12,False,Süt Ürünleri,Yoğurt,Marka-D,True
2025-04-18,M05,U016,51,107,170.13,False,Süt Ürünleri,Yoğurt,Marka-D,False
2025-04-19,M05,U016,75,32,170.13,False,Süt Ürünleri,Yoğurt,Marka-D,False
2025-04-20,M05,U016,32,0,170.13,True,Süt Ürünleri,Yoğurt,Marka-D,False
2025-04-21,M05,U016,58,215,136.1,False,Süt Ürünleri,Yoğurt,Marka-D,True
2025-04-22,M05,U016,46,169,170.13,False,Süt Ürünleri,Yoğurt,Marka-D,False
2025-04-23,M05,U016,49,120,170.13,False,Süt Ürünleri,Yoğurt,Marka-D,False
2025-04-24,M05,U016,51,69,170.13,False,Süt Ürünleri,Yoğurt,Marka-D,False
2025-04-25,M05,U016,36,33,170.13,False,Süt Ürünleri,Yoğurt,Marka-D,False
2025-04-26,M05,U016,49,188,170.13,False,Süt Ürünleri,Yoğurt,Marka-D,False
2025-04-27,M05,U016,60,128,170.13,False,Süt Ürünleri,Yoğurt,Marka-D,False
2025-04-28,M05,U016,39,89,170.13,False,Süt Ürünleri,Yoğurt,Marka-D,False
2025-04-29,M05,U016,50,39,170.13,False,Süt Ürünleri,Yoğurt,Marka-D,False
2025-04-30,M05,U016,39,0,170.13,True,Süt Ürünleri,Yoğurt,Marka-D,False
2025-05-01,M05,U016,40,222,170.13,False,Süt Ürünleri,Yoğurt,Marka-D,False
2025-05-02,M05,U016,48,174,170.13,False,Süt Ürünleri,Yoğurt,Marka-D,False
2025-05-03,M05,U016,52,122,170.13,False,Süt Ürünleri,Yoğurt,Marka-D,False
2025-05-04,M05,U016,60,62,170.13,False,Süt Ürünleri,Yoğurt,Marka-D,False
2025-05-05,M05,U016,44,18,170.13,False,Süt Ürünleri,Yoğurt,Marka-D,False
2025-05-06,M05,U016,37,223,170.13,False,Süt Ürünleri,Yoğurt,Marka-D,False
2025-01-01,M05,U017,23,130,88.44,False,Süt Ürünleri,Peynir,Marka-E,False
2025-01-02,M05,U017,16,114,88.44,False,Süt Ürünleri,Peynir,Marka-E,False
2025-01-03,M05,U017,24,90,88.44,False,Süt Ürünleri,Peynir,Marka-E,False
2025-01-04,M05,U017,35,55,75.17,False,Süt Ürünleri,Peynir,Marka-E,True
2025-01-05,M05,U017,22,33,88.44,False,Süt Ürünleri,Peynir,Marka-E,False
2025-01-06,M05,U017,18,115,88.44,False,Süt Ürünleri,Peynir,Marka-E,False
2025-01-07,M05,U017,23,92,88.44,False,Süt Ürünleri,Peynir,Marka-E,False
2025-01-08,M05,U017,17,75,88.44,False,Süt Ürünleri,Peynir,Marka-E,False
2025-01-09,M05,U017,27,48,88.44,False,Süt Ürünleri,Peynir,Marka-E,False
2025-01-10,M05,U017,25,23,88.44,False,Süt Ürünleri,Peynir,Marka-E,False
2025-01-11,M05,U017,23,0,88.44,True,Süt Ürünleri,Peynir,Marka-E,False
2025-01-12,M05,U017,0,0,88.44,True,Süt Ürünleri,Peynir,Marka-E,False
2025-01-13,M05,U017,0,0,88.44,True,Süt Ürünleri,Peynir,Marka-E,False
2025-01-14,M05,U017,0,0,88.44,True,Süt Ürünleri,Peynir,Marka-E,False
2025-01-15,M05,U017,0,0,70.75,True,Süt Ürünleri,Peynir,Marka-E,True
2025-01-16,M05,U017,17,117,88.44,False,Süt Ürünleri,Peynir,Marka-E,False
2025-01-17,M05,U017,16,101,88.44,False,Süt Ürünleri,Peynir,Marka-E,False
2025-01-18,M05,U017,18,83,88.44,False,Süt Ürünleri,Peynir,Marka-E,False
2025-01-19,M05,U017,34,49,88.44,False,Süt Ürünleri,Peynir,Marka-E,False
2025-01-20,M05,U017,16,33,88.44,False,Süt Ürünleri,Peynir,Marka-E,False
2025-01-21,M05,U017,22,133,88.44,False,Süt Ürünleri,Peynir,Marka-E,False
2025-01-22,M05,U017,18,115,88.44,False,Süt Ürünleri,Peynir,Marka-E,False
2025-01-23,M05,U017,22,93,88.44,False,Süt Ürünleri,Peynir,Marka-E,False
2025-01-24,M05,U017,22,71,88.44,False,Süt Ürünleri,Peynir,Marka-E,False
2025-01-25,M05,U017,28,43,88.44,False,Süt Ürünleri,Peynir,Marka-E,False
2025-01-26,M05,U017,21,131,88.44,False,Süt Ürünleri,Peynir,Marka-E,False
2025-01-27,M05,U017,19,112,88.44,False,Süt Ürünleri,Peynir,Marka-E,False
2025-01-28,M05,U017,23,89,88.44,False,Süt Ürünleri,Peynir,Marka-E,False
2025-01-29,M05,U017,29,60,88.44,False,Süt Ürünleri,Peynir,Marka-E,False
2025-01-30,M05,U017,22,38,88.44,False,Süt Ürünleri,Peynir,Marka-E,False
2025-01-31,M05,U017,23,111,88.44,False,Süt Ürünleri,Peynir,Marka-E,False
2025-02-01,M05,U017,23,88,88.44,False,Süt Ürünleri,Peynir,Marka-E,False
2025-02-02,M05,U017,22,66,88.44,False,Süt Ürünleri,Peynir,Marka-E,False
2025-02-03,M05,U017,24,42,88.44,False,Süt Ürünleri,Peynir,Marka-E,False
2025-02-04,M05,U017,15,27,88.44,False,Süt Ürünleri,Peynir,Marka-E,False
2025-02-05,M05,U017,15,145,88.44,False,Süt Ürünleri,Peynir,Marka-E,False
2025-02-06,M05,U017,16,129,88.44,False,Süt Ürünleri,Peynir,Marka-E,False
2025-02-07,M05,U017,27,102,88.44,False,Süt Ürünleri,Peynir,Marka-E,False
2025-02-08,M05,U017,27,75,88.44,False,Süt Ürünleri,Peynir,Marka-E,False
2025-02-09,M05,U017,27,48,88.44,False,Süt Ürünleri,Peynir,Marka-E,False
2025-02-10,M05,U017,20,131,88.44,False,Süt Ürünleri,Peynir,Marka-E,False
2025-02-11,M05,U017,24,107,88.44,False,Süt Ürünleri,Peynir,Marka-E,False
2025-02-12,M05,U017,21,86,88.44,False,Süt Ürünleri,Peynir,Marka-E,False
2025-02-13,M05,U017,32,54,75.17,False,Süt Ürünleri,Peynir,Marka-E,True
2025-02-14,M05,U017,26,28,88.44,False,Süt Ürünleri,Peynir,Marka-E,False
2025-02-15,M05,U017,29,121,88.44,False,Süt Ürünleri,Peynir,Marka-E,False
2025-02-16,M05,U017,25,96,88.44,False,Süt Ürünleri,Peynir,Marka-E,False
2025-02-17,M05,U017,18,78,88.44,False,Süt Ürünleri,Peynir,Marka-E,False
2025-02-18,M05,U017,15,63,88.44,False,Süt Ürünleri,Peynir,Marka-E,False
2025-02-19,M05,U017,15,48,88.44,False,Süt Ürünleri,Peynir,Marka-E,False
2025-02-20,M05,U017,18,30,88.44,False,Süt Ürünleri,Peynir,Marka-E,False
2025-02-21,M05,U017,24,6,88.44,False,Süt Ürünleri,Peynir,Marka-E,False
2025-02-22,M05,U017,6,0,88.44,True,Süt Ürünleri,Peynir,Marka-E,False
2025-02-23,M05,U017,0,0,88.44,True,Süt Ürünleri,Peynir,Marka-E,False
2025-02-24,M05,U017,0,0,88.44,True,Süt Ürünleri,Peynir,Marka-E,False
2025-02-25,M05,U017,21,117,88.44,False,Süt Ürünleri,Peynir,Marka-E,False
2025-02-26,M05,U017,30,87,88.44,False,Süt Ürünleri,Peynir,Marka-E,False
2025-02-27,M05,U017,18,69,88.44,False,Süt Ürünleri,Peynir,Marka-E,False
2025-02-28,M05,U017,26,43,88.44,False,Süt Ürünleri,Peynir,Marka-E,False
2025-03-01,M05,U017,28,15,88.44,False,Süt Ürünleri,Peynir,Marka-E,False
2025-03-02,M05,U017,26,127,88.44,False,Süt Ürünleri,Peynir,Marka-E,False
2025-03-03,M05,U017,26,101,79.6,False,Süt Ürünleri,Peynir,Marka-E,True
2025-03-04,M05,U017,22,79,88.44,False,Süt Ürünleri,Peynir,Marka-E,False
2025-03-05,M05,U017,30,49,75.17,False,Süt Ürünleri,Peynir,Marka-E,True
2025-03-06,M05,U017,23,26,88.44,False,Süt Ürünleri,Peynir,Marka-E,False
2025-03-07,M05,U017,43,110,79.6,False,Süt Ürünleri,Peynir,Marka-E,True
2025-03-08,M05,U017,32,78,88.44,False,Süt Ürünleri,Peynir,Marka-E,False
2025-03-09,M05,U017,27,51,88.44,False,Süt Ürünleri,Peynir,Marka-E,False
2025-03-10,M05,U017,22,29,88.44,False,Süt Ürünleri,Peynir,Marka-E,False
2025-03-11,M05,U017,14,15,88.44,False,Süt Ürünleri,Peynir,Marka-E,False
2025-03-12,M05,U017,20,125,88.44,False,Süt Ürünleri,Peynir,Marka-E,False
2025-03-13,M05,U017,20,105,88.44,False,Süt Ürünleri,Peynir,Marka-E,False
2025-03-14,M05,U017,31,74,88.44,False,Süt Ürünleri,Peynir,Marka-E,False
2025-03-15,M05,U017,25,49,88.44,False,Süt Ürünleri,Peynir,Marka-E,False
2025-03-16,M05,U017,30,19,88.44,False,Süt Ürünleri,Peynir,Marka-E,False
2025-03-17,M05,U017,34,108,70.75,False,Süt Ürünleri,Peynir,Marka-E,True
2025-03-18,M05,U017,20,88,88.44,False,Süt Ürünleri,Peynir,Marka-E,False
2025-03-19,M05,U017,18,70,88.44,False,Süt Ürünleri,Peynir,Marka-E,False
2025-03-20,M05,U017,28,42,88.44,False,Süt Ürünleri,Peynir,Marka-E,False
2025-03-21,M05,U017,21,21,88.44,False,Süt Ürünleri,Peynir,Marka-E,False
2025-03-22,M05,U017,26,116,88.44,False,Süt Ürünleri,Peynir,Marka-E,False
2025-03-23,M05,U017,25,91,88.44,False,Süt Ürünleri,Peynir,Marka-E,False
2025-03-24,M05,U017,23,68,88.44,False,Süt Ürünleri,Peynir,Marka-E,False
2025-03-25,M05,U017,20,48,88.44,False,Süt Ürünleri,Peynir,Marka-E,False
2025-03-26,M05,U017,24,24,88.44,False,Süt Ürünleri,Peynir,Marka-E,False
2025-03-27,M05,U017,38,95,88.44,False,Süt Ürünleri,Peynir,Marka-E,False
2025-03-28,M05,U017,22,73,88.44,False,Süt Ürünleri,Peynir,Marka-E,False
2025-03-29,M05,U017,34,39,88.44,False,Süt Ürünleri,Peynir,Marka-E,False
2025-03-30,M05,U017,29,10,88.44,False,Süt Ürünleri,Peynir,Marka-E,False
2025-03-31,M05,U017,10,0,88.44,True,Süt Ürünleri,Peynir,Marka-E,False
2025-04-01,M05,U017,21,117,88.44,False,Süt Ürünleri,Peynir,Marka-E,False
2025-04-02,M05,U017,27,90,88.44,False,Süt Ürünleri,Peynir,Marka-E,False
2025-04-03,M05,U017,22,68,88.44,False,Süt Ürünleri,Peynir,Marka-E,False
2025-04-04,M05,U017,26,42,88.44,False,Süt Ürünleri,Peynir,Marka-E,False
2025-04-05,M05,U017,27,15,88.44,False,Süt Ürünleri,Peynir,Marka-E,False
2025-04-06,M05,U017,26,110,88.44,False,Süt Ürünleri,Peynir,Marka-E,False
2025-04-07,M05,U017,14,96,88.44,False,Süt Ürünleri,Peynir,Marka-E,False
2025-04-08,M05,U017,21,75,88.44,False,Süt Ürünleri,Peynir,Marka-E,False
2025-04-09,M05,U017,20,55,88.44,False,Süt Ürünleri,Peynir,Marka-E,False
2025-04-10,M05,U017,37,18,70.75,False,Süt Ürünleri,Peynir,Marka-E,True
2025-04-11,M05,U017,18,0,88.44,True,Süt Ürünleri,Peynir,Marka-E,False
2025-04-12,M05,U017,0,0,88.44,True,Süt Ürünleri,Peynir,Marka-E,False
2025-04-13,M05,U017,0,0,88.44,True,Süt Ürünleri,Peynir,Marka-E,False
2025-04-14,M05,U017,0,0,88.44,True,Süt Ürünleri,Peynir,Marka-E,False
2025-04-15,M05,U017,0,0,88.44,True,Süt Ürünleri,Peynir,Marka-E,False
2025-04-16,M05,U017,20,141,88.44,False,Süt Ürünleri,Peynir,Marka-E,False
2025-04-17,M05,U017,26,115,88.44,False,Süt Ürünleri,Peynir,Marka-E,False
2025-04-18,M05,U017,42,73,70.75,False,Süt Ürünleri,Peynir,Marka-E,True
2025-04-19,M05,U017,34,39,88.44,False,Süt Ürünleri,Peynir,Marka-E,False
2025-04-20,M05,U017,35,4,88.44,False,Süt Ürünleri,Peynir,Marka-E,False
2025-04-21,M05,U017,17,144,88.44,False,Süt Ürünleri,Peynir,Marka-E,False
2025-04-22,M05,U017,26,118,88.44,False,Süt Ürünleri,Peynir,Marka-E,False
2025-04-23,M05,U017,27,91,88.44,False,Süt Ürünleri,Peynir,Marka-E,False
2025-04-24,M05,U017,39,52,75.17,False,Süt Ürünleri,Peynir,Marka-E,True
2025-04-25,M05,U017,18,34,88.44,False,Süt Ürünleri,Peynir,Marka-E,False
2025-04-26,M05,U017,36,116,88.44,False,Süt Ürünleri,Peynir,Marka-E,False
2025-04-27,M05,U017,23,93,88.44,False,Süt Ürünleri,Peynir,Marka-E,False
2025-04-28,M05,U017,19,74,88.44,False,Süt Ürünleri,Peynir,Marka-E,False
2025-04-29,M05,U017,27,47,88.44,False,Süt Ürünleri,Peynir,Marka-E,False
2025-04-30,M05,U017,23,24,88.44,False,Süt Ürünleri,Peynir,Marka-E,False
2025-05-01,M05,U017,29,126,88.44,False,Süt Ürünleri,Peynir,Marka-E,False
2025-05-02,M05,U017,33,93,88.44,False,Süt Ürünleri,Peynir,Marka-E,False
2025-05-03,M05,U017,33,60,88.44,False,Süt Ürünleri,Peynir,Marka-E,False
2025-05-04,M05,U017,32,28,88.44,False,Süt Ürünleri,Peynir,Marka-E,False
2025-05-05,M05,U017,28,0,79.6,True,Süt Ürünleri,Peynir,Marka-E,True
2025-05-06,M05,U017,19,119,88.44,False,Süt Ürünleri,Peynir,Marka-E,False
2025-01-01,M05,U018,14,73,116.46,False,Süt Ürünleri,Peynir,Marka-F,False
2025-01-02,M05,U018,16,57,116.46,False,Süt Ürünleri,Peynir,Marka-F,False
2025-01-03,M05,U018,17,40,116.46,False,Süt Ürünleri,Peynir,Marka-F,False
2025-01-04,M05,U018,18,22,116.46,False,Süt Ürünleri,Peynir,Marka-F,False
2025-01-05,M05,U018,13,9,116.46,False,Süt Ürünleri,Peynir,Marka-F,False
2025-01-06,M05,U018,9,0,116.46,True,Süt Ürünleri,Peynir,Marka-F,False
2025-01-07,M05,U018,0,0,93.17,True,Süt Ürünleri,Peynir,Marka-F,True
2025-01-08,M05,U018,0,0,98.99,True,Süt Ürünleri,Peynir,Marka-F,True
2025-01-09,M05,U018,0,0,116.46,True,Süt Ürünleri,Peynir,Marka-F,False
2025-01-10,M05,U018,0,0,116.46,True,Süt Ürünleri,Peynir,Marka-F,False
2025-01-11,M05,U018,16,84,116.46,False,Süt Ürünleri,Peynir,Marka-F,False
2025-01-12,M05,U018,12,72,116.46,False,Süt Ürünleri,Peynir,Marka-F,False
2025-01-13,M05,U018,18,54,116.46,False,Süt Ürünleri,Peynir,Marka-F,False
2025-01-14,M05,U018,13,41,116.46,False,Süt Ürünleri,Peynir,Marka-F,False
2025-01-15,M05,U018,13,28,116.46,False,Süt Ürünleri,Peynir,Marka-F,False
2025-01-16,M05,U018,15,84,116.46,False,Süt Ürünleri,Peynir,Marka-F,False
2025-01-17,M05,U018,20,64,116.46,False,Süt Ürünleri,Peynir,Marka-F,False
2025-01-18,M05,U018,17,47,116.46,False,Süt Ürünleri,Peynir,Marka-F,False
2025-01-19,M05,U018,18,29,116.46,False,Süt Ürünleri,Peynir,Marka-F,False
2025-01-20,M05,U018,16,13,116.46,False,Süt Ürünleri,Peynir,Marka-F,False
2025-01-21,M05,U018,18,72,116.46,False,Süt Ürünleri,Peynir,Marka-F,False
2025-01-22,M05,U018,12,60,116.46,False,Süt Ürünleri,Peynir,Marka-F,False
2025-01-23,M05,U018,21,39,93.17,False,Süt Ürünleri,Peynir,Marka-F,True
2025-01-24,M05,U018,19,20,116.46,False,Süt Ürünleri,Peynir,Marka-F,False
2025-01-25,M05,U018,20,0,98.99,True,Süt Ürünleri,Peynir,Marka-F,True
2025-01-26,M05,U018,12,88,116.46,False,Süt Ürünleri,Peynir,Marka-F,False
2025-01-27,M05,U018,16,72,116.46,False,Süt Ürünleri,Peynir,Marka-F,False
2025-01-28,M05,U018,11,61,116.46,False,Süt Ürünleri,Peynir,Marka-F,False
2025-01-29,M05,U018,16,45,116.46,False,Süt Ürünleri,Peynir,Marka-F,False
2025-01-30,M05,U018,19,26,116.46,False,Süt Ürünleri,Peynir,Marka-F,False
2025-01-31,M05,U018,9,96,116.46,False,Süt Ürünleri,Peynir,Marka-F,False
2025-02-01,M05,U018,15,81,116.46,False,Süt Ürünleri,Peynir,Marka-F,False
2025-02-02,M05,U018,13,68,116.46,False,Süt Ürünleri,Peynir,Marka-F,False
2025-02-03,M05,U018,11,57,116.46,False,Süt Ürünleri,Peynir,Marka-F,False
2025-02-04,M05,U018,11,46,116.46,False,Süt Ürünleri,Peynir,Marka-F,False
2025-02-05,M05,U018,22,67,93.17,False,Süt Ürünleri,Peynir,Marka-F,True
2025-02-06,M05,U018,17,50,116.46,False,Süt Ürünleri,Peynir,Marka-F,False
2025-02-07,M05,U018,20,30,116.46,False,Süt Ürünleri,Peynir,Marka-F,False
2025-02-08,M05,U018,12,18,116.46,False,Süt Ürünleri,Peynir,Marka-F,False
2025-02-09,M05,U018,13,5,116.46,False,Süt Ürünleri,Peynir,Marka-F,False
2025-02-10,M05,U018,13,90,116.46,False,Süt Ürünleri,Peynir,Marka-F,False
2025-02-11,M05,U018,24,66,104.81,False,Süt Ürünleri,Peynir,Marka-F,True
2025-02-12,M05,U018,11,55,116.46,False,Süt Ürünleri,Peynir,Marka-F,False
2025-02-13,M05,U018,29,26,104.81,False,Süt Ürünleri,Peynir,Marka-F,True
2025-02-14,M05,U018,14,12,116.46,False,Süt Ürünleri,Peynir,Marka-F,False
2025-02-15,M05,U018,14,89,116.46,False,Süt Ürünleri,Peynir,Marka-F,False
2025-02-16,M05,U018,13,76,116.46,False,Süt Ürünleri,Peynir,Marka-F,False
2025-02-17,M05,U018,11,65,116.46,False,Süt Ürünleri,Peynir,Marka-F,False
2025-02-18,M05,U018,17,48,116.46,False,Süt Ürünleri,Peynir,Marka-F,False
2025-02-19,M05,U018,20,28,116.46,False,Süt Ürünleri,Peynir,Marka-F,False
2025-02-20,M05,U018,13,78,116.46,False,Süt Ürünleri,Peynir,Marka-F,False
2025-02-21,M05,U018,16,62,116.46,False,Süt Ürünleri,Peynir,Marka-F,False
2025-02-22,M05,U018,17,45,116.46,False,Süt Ürünleri,Peynir,Marka-F,False
2025-02-23,M05,U018,20,25,104.81,False,Süt Ürünleri,Peynir,Marka-F,True
2025-02-24,M05,U018,16,9,116.46,False,Süt Ürünleri,Peynir,Marka-F,False
2025-02-25,M05,U018,12,78,116.46,False,Süt Ürünleri,Peynir,Marka-F,False
2025-02-26,M05,U018,12,66,116.46,False,Süt Ürünleri,Peynir,Marka-F,False
2025-02-27,M05,U018,23,43,116.46,False,Süt Ürünleri,Peynir,Marka-F,False
2025-02-28,M05,U018,20,23,116.46,False,Süt Ürünleri,Peynir,Marka-F,False
2025-03-01,M05,U018,23,0,116.46,True,Süt Ürünleri,Peynir,Marka-F,False
2025-03-02,M05,U018,14,82,116.46,False,Süt Ürünleri,Peynir,Marka-F,False
2025-03-03,M05,U018,11,71,116.46,False,Süt Ürünleri,Peynir,Marka-F,False
2025-03-04,M05,U018,15,56,116.46,False,Süt Ürünleri,Peynir,Marka-F,False
2025-03-05,M05,U018,17,39,116.46,False,Süt Ürünleri,Peynir,Marka-F,False
2025-03-06,M05,U018,14,25,116.46,False,Süt Ürünleri,Peynir,Marka-F,False
2025-03-07,M05,U018,16,71,116.46,False,Süt Ürünleri,Peynir,Marka-F,False
2025-03-08,M05,U018,12,59,116.46,False,Süt Ürünleri,Peynir,Marka-F,False
2025-03-09,M05,U018,15,44,116.46,False,Süt Ürünleri,Peynir,Marka-F,False
2025-03-10,M05,U018,16,28,116.46,False,Süt Ürünleri,Peynir,Marka-F,False
2025-03-11,M05,U018,5,23,116.46,False,Süt Ürünleri,Peynir,Marka-F,False
2025-03-12,M05,U018,13,86,116.46,False,Süt Ürünleri,Peynir,Marka-F,False
2025-03-13,M05,U018,26,60,93.17,False,Süt Ürünleri,Peynir,Marka-F,True
2025-03-14,M05,U018,19,41,116.46,False,Süt Ürünleri,Peynir,Marka-F,False
2025-03-15,M05,U018,25,16,116.46,False,Süt Ürünleri,Peynir,Marka-F,False
2025-03-16,M05,U018,16,0,116.46,True,Süt Ürünleri,Peynir,Marka-F,False
2025-03-17,M05,U018,11,87,116.46,False,Süt Ürünleri,Peynir,Marka-F,False
2025-03-18,M05,U018,11,76,116.46,False,Süt Ürünleri,Peynir,Marka-F,False
2025-03-19,M05,U018,12,64,116.46,False,Süt Ürünleri,Peynir,Marka-F,False
2025-03-20,M05,U018,21,43,116.46,False,Süt Ürünleri,Peynir,Marka-F,False
2025-03-21,M05,U018,20,23,116.46,False,Süt Ürünleri,Peynir,Marka-F,False
2025-03-22,M05,U018,26,69,116.46,False,Süt Ürünleri,Peynir,Marka-F,False
2025-03-23,M05,U018,34,35,93.17,False,Süt Ürünleri,Peynir,Marka-F,True
2025-03-24,M05,U018,18,17,116.46,False,Süt Ürünleri,Peynir,Marka-F,False
2025-03-25,M05,U018,11,6,116.46,False,Süt Ürünleri,Peynir,Marka-F,False
2025-03-26,M05,U018,5,1,116.46,False,Süt Ürünleri,Peynir,Marka-F,False
2025-03-27,M05,U018,19,76,116.46,False,Süt Ürünleri,Peynir,Marka-F,False
2025-03-28,M05,U018,25,51,116.46,False,Süt Ürünleri,Peynir,Marka-F,False
2025-03-29,M05,U018,15,36,116.46,False,Süt Ürünleri,Peynir,Marka-F,False
2025-03-30,M05,U018,23,13,116.46,False,Süt Ürünleri,Peynir,Marka-F,False
2025-03-31,M05,U018,13,0,116.46,True,Süt Ürünleri,Peynir,Marka-F,False
2025-04-01,M05,U018,12,81,116.46,False,Süt Ürünleri,Peynir,Marka-F,False
2025-04-02,M05,U018,17,64,116.46,False,Süt Ürünleri,Peynir,Marka-F,False
2025-04-03,M05,U018,14,50,116.46,False,Süt Ürünleri,Peynir,Marka-F,False
2025-04-04,M05,U018,16,34,116.46,False,Süt Ürünleri,Peynir,Marka-F,False
2025-04-05,M05,U018,13,21,116.46,False,Süt Ürünleri,Peynir,Marka-F,False
2025-04-06,M05,U018,21,0,116.46,True,Süt Ürünleri,Peynir,Marka-F,False
2025-04-07,M05,U018,0,0,116.46,True,Süt Ürünleri,Peynir,Marka-F,False
2025-04-08,M05,U018,0,0,116.46,True,Süt Ürünleri,Peynir,Marka-F,False
2025-04-09,M05,U018,0,0,116.46,True,Süt Ürünleri,Peynir,Marka-F,False
2025-04-10,M05,U018,0,0,116.46,True,Süt Ürünleri,Peynir,Marka-F,False
2025-04-11,M05,U018,22,67,116.46,False,Süt Ürünleri,Peynir,Marka-F,False
2025-04-12,M05,U018,27,40,116.46,False,Süt Ürünleri,Peynir,Marka-F,False
2025-04-13,M05,U018,16,24,116.46,False,Süt Ürünleri,Peynir,Marka-F,False
2025-04-14,M05,U018,16,8,116.46,False,Süt Ürünleri,Peynir,Marka-F,False
2025-04-15,M05,U018,8,0,116.46,True,Süt Ürünleri,Peynir,Marka-F,False
2025-04-16,M05,U018,12,78,116.46,False,Süt Ürünleri,Peynir,Marka-F,False
2025-04-17,M05,U018,24,54,116.46,False,Süt Ürünleri,Peynir,Marka-F,False
2025-04-18,M05,U018,26,28,116.46,False,Süt Ürünleri,Peynir,Marka-F,False
2025-04-19,M05,U018,19,9,116.46,False,Süt Ürünleri,Peynir,Marka-F,False
2025-04-20,M05,U018,9,0,116.46,True,Süt Ürünleri,Peynir,Marka-F,False
2025-04-21,M05,U018,11,81,116.46,False,Süt Ürünleri,Peynir,Marka-F,False
2025-04-22,M05,U018,12,69,116.46,False,Süt Ürünleri,Peynir,Marka-F,False
2025-04-23,M05,U018,22,47,104.81,False,Süt Ürünleri,Peynir,Marka-F,True
2025-04-24,M05,U018,20,27,116.46,False,Süt Ürünleri,Peynir,Marka-F,False
2025-04-25,M05,U018,13,14,116.46,False,Süt Ürünleri,Peynir,Marka-F,False
2025-04-26,M05,U018,31,73,116.46,False,Süt Ürünleri,Peynir,Marka-F,False
2025-04-27,M05,U018,24,49,116.46,False,Süt Ürünleri,Peynir,Marka-F,False
2025-04-28,M05,U018,12,37,116.46,False,Süt Ürünleri,Peynir,Marka-F,False
2025-04-29,M05,U018,24,13,93.17,False,Süt Ürünleri,Peynir,Marka-F,True
2025-04-30,M05,U018,13,0,116.46,True,Süt Ürünleri,Peynir,Marka-F,False
2025-05-01,M05,U018,17,72,116.46,False,Süt Ürünleri,Peynir,Marka-F,False
2025-05-02,M05,U018,23,49,116.46,False,Süt Ürünleri,Peynir,Marka-F,False
2025-05-03,M05,U018,28,21,116.46,False,Süt Ürünleri,Peynir,Marka-F,False
2025-05-04,M05,U018,21,0,93.17,True,Süt Ürünleri,Peynir,Marka-F,True
2025-05-05,M05,U018,0,0,98.99,True,Süt Ürünleri,Peynir,Marka-F,True
2025-05-06,M05,U018,18,87,116.46,False,Süt Ürünleri,Peynir,Marka-F,False
2025-01-01,M06,U001,17,157,175.82,False,İçecek,Gazlı İçecek,Marka-A,False
2025-01-02,M06,U001,28,129,175.82,False,İçecek,Gazlı İçecek,Marka-A,False
2025-01-03,M06,U001,20,109,175.82,False,İçecek,Gazlı İçecek,Marka-A,False
2025-01-04,M06,U001,35,74,175.82,False,İçecek,Gazlı İçecek,Marka-A,False
2025-01-05,M06,U001,27,151,175.82,False,İçecek,Gazlı İçecek,Marka-A,False
2025-01-06,M06,U001,17,134,175.82,False,İçecek,Gazlı İçecek,Marka-A,False
2025-01-07,M06,U001,22,112,175.82,False,İçecek,Gazlı İçecek,Marka-A,False
2025-01-08,M06,U001,20,92,175.82,False,İçecek,Gazlı İçecek,Marka-A,False
2025-01-09,M06,U001,19,160,175.82,False,İçecek,Gazlı İçecek,Marka-A,False
2025-01-10,M06,U001,28,132,175.82,False,İçecek,Gazlı İçecek,Marka-A,False
2025-01-11,M06,U001,30,102,175.82,False,İçecek,Gazlı İçecek,Marka-A,False
2025-01-12,M06,U001,26,76,175.82,False,İçecek,Gazlı İçecek,Marka-A,False
2025-01-13,M06,U001,34,147,175.82,False,İçecek,Gazlı İçecek,Marka-A,False
2025-01-14,M06,U001,28,119,175.82,False,İçecek,Gazlı İçecek,Marka-A,False
2025-01-15,M06,U001,19,100,175.82,False,İçecek,Gazlı İçecek,Marka-A,False
2025-01-16,M06,U001,31,69,175.82,False,İçecek,Gazlı İçecek,Marka-A,False
2025-01-17,M06,U001,32,149,175.82,False,İçecek,Gazlı İçecek,Marka-A,False
2025-01-18,M06,U001,40,109,175.82,False,İçecek,Gazlı İçecek,Marka-A,False
2025-01-19,M06,U001,31,78,175.82,False,İçecek,Gazlı İçecek,Marka-A,False
2025-01-20,M06,U001,22,56,175.82,False,İçecek,Gazlı İçecek,Marka-A,False
2025-01-21,M06,U001,33,158,175.82,False,İçecek,Gazlı İçecek,Marka-A,False
2025-01-22,M06,U001,26,132,175.82,False,İçecek,Gazlı İçecek,Marka-A,False
2025-01-23,M06,U001,28,104,175.82,False,İçecek,Gazlı İçecek,Marka-A,False
2025-01-24,M06,U001,30,74,175.82,False,İçecek,Gazlı İçecek,Marka-A,False
2025-01-25,M06,U001,28,159,175.82,False,İçecek,Gazlı İçecek,Marka-A,False
2025-01-26,M06,U001,50,109,158.24,False,İçecek,Gazlı İçecek,Marka-A,True
2025-01-27,M06,U001,24,85,175.82,False,İçecek,Gazlı İçecek,Marka-A,False
2025-01-28,M06,U001,21,64,175.82,False,İçecek,Gazlı İçecek,Marka-A,False
2025-01-29,M06,U001,35,135,175.82,False,İçecek,Gazlı İçecek,Marka-A,False
2025-01-30,M06,U001,26,109,175.82,False,İçecek,Gazlı İçecek,Marka-A,False
2025-01-31,M06,U001,24,85,175.82,False,İçecek,Gazlı İçecek,Marka-A,False
2025-02-01,M06,U001,43,42,175.82,False,İçecek,Gazlı İçecek,Marka-A,False
2025-02-02,M06,U001,41,124,149.45,False,İçecek,Gazlı İçecek,Marka-A,True
2025-02-03,M06,U001,25,99,175.82,False,İçecek,Gazlı İçecek,Marka-A,False
2025-02-04,M06,U001,19,80,175.82,False,İçecek,Gazlı İçecek,Marka-A,False
2025-02-05,M06,U001,15,65,175.82,False,İçecek,Gazlı İçecek,Marka-A,False
2025-02-06,M06,U001,21,142,175.82,False,İçecek,Gazlı İçecek,Marka-A,False
2025-02-07,M06,U001,29,113,175.82,False,İçecek,Gazlı İçecek,Marka-A,False
2025-02-08,M06,U001,31,82,175.82,False,İçecek,Gazlı İçecek,Marka-A,False
2025-02-09,M06,U001,30,52,175.82,False,İçecek,Gazlı İçecek,Marka-A,False
2025-02-10,M06,U001,23,166,175.82,False,İçecek,Gazlı İçecek,Marka-A,False
2025-02-11,M06,U001,32,134,175.82,False,İçecek,Gazlı İçecek,Marka-A,False
2025-02-12,M06,U001,21,113,175.82,False,İçecek,Gazlı İçecek,Marka-A,False
2025-02-13,M06,U001,34,79,175.82,False,İçecek,Gazlı İçecek,Marka-A,False
2025-02-14,M06,U001,28,142,175.82,False,İçecek,Gazlı İçecek,Marka-A,False
2025-02-15,M06,U001,38,104,140.66,False,İçecek,Gazlı İçecek,Marka-A,True
2025-02-16,M06,U001,36,68,175.82,False,İçecek,Gazlı İçecek,Marka-A,False
2025-02-17,M06,U001,21,47,175.82,False,İçecek,Gazlı İçecek,Marka-A,False
2025-02-18,M06,U001,34,133,149.45,False,İçecek,Gazlı İçecek,Marka-A,True
2025-02-19,M06,U001,27,106,175.82,False,İçecek,Gazlı İçecek,Marka-A,False
2025-02-20,M06,U001,22,84,175.82,False,İçecek,Gazlı İçecek,Marka-A,False
2025-02-21,M06,U001,26,58,175.82,False,İçecek,Gazlı İçecek,Marka-A,False
2025-02-22,M06,U001,33,136,175.82,False,İçecek,Gazlı İçecek,Marka-A,False
2025-02-23,M06,U001,40,96,140.66,False,İçecek,Gazlı İçecek,Marka-A,True
2025-02-24,M06,U001,36,60,140.66,False,İçecek,Gazlı İçecek,Marka-A,True
2025-02-25,M06,U001,47,13,140.66,False,İçecek,Gazlı İçecek,Marka-A,True
2025-02-26,M06,U001,17,145,175.82,False,İçecek,Gazlı İçecek,Marka-A,False
2025-02-27,M06,U001,38,107,175.82,False,İçecek,Gazlı İçecek,Marka-A,False
2025-02-28,M06,U001,38,69,175.82,False,İçecek,Gazlı İçecek,Marka-A,False
2025-03-01,M06,U001,38,31,175.82,False,İçecek,Gazlı İçecek,Marka-A,False
2025-03-02,M06,U001,23,141,175.82,False,İçecek,Gazlı İçecek,Marka-A,False
2025-03-03,M06,U001,18,123,175.82,False,İçecek,Gazlı İçecek,Marka-A,False
2025-03-04,M06,U001,32,91,175.82,False,İçecek,Gazlı İçecek,Marka-A,False
2025-03-05,M06,U001,29,62,175.82,False,İçecek,Gazlı İçecek,Marka-A,False
2025-03-06,M06,U001,24,149,175.82,False,İçecek,Gazlı İçecek,Marka-A,False
2025-03-07,M06,U001,27,122,175.82,False,İçecek,Gazlı İçecek,Marka-A,False
2025-03-08,M06,U001,44,78,175.82,False,İçecek,Gazlı İçecek,Marka-A,False
2025-03-09,M06,U001,31,47,175.82,False,İçecek,Gazlı İçecek,Marka-A,False
2025-03-10,M06,U001,23,24,175.82,False,İçecek,Gazlı İçecek,Marka-A,False
2025-03-11,M06,U001,22,2,175.82,False,İçecek,Gazlı İçecek,Marka-A,False
2025-03-12,M06,U001,2,0,175.82,True,İçecek,Gazlı İçecek,Marka-A,False
2025-03-13,M06,U001,0,0,175.82,True,İçecek,Gazlı İçecek,Marka-A,False
2025-03-14,M06,U001,38,129,175.82,False,İçecek,Gazlı İçecek,Marka-A,False
2025-03-15,M06,U001,38,91,175.82,False,İçecek,Gazlı İçecek,Marka-A,False
2025-03-16,M06,U001,30,61,175.82,False,İçecek,Gazlı İçecek,Marka-A,False
2025-03-17,M06,U001,23,38,175.82,False,İçecek,Gazlı İçecek,Marka-A,False
2025-03-18,M06,U001,27,151,175.82,False,İçecek,Gazlı İçecek,Marka-A,False
2025-03-19,M06,U001,21,130,175.82,False,İçecek,Gazlı İçecek,Marka-A,False
2025-03-20,M06,U001,23,107,175.82,False,İçecek,Gazlı İçecek,Marka-A,False
2025-03-21,M06,U001,18,89,175.82,False,İçecek,Gazlı İçecek,Marka-A,False
2025-03-22,M06,U001,39,122,175.82,False,İçecek,Gazlı İçecek,Marka-A,False
2025-03-23,M06,U001,30,92,175.82,False,İçecek,Gazlı İçecek,Marka-A,False
2025-03-24,M06,U001,37,55,175.82,False,İçecek,Gazlı İçecek,Marka-A,False
2025-03-25,M06,U001,24,31,175.82,False,İçecek,Gazlı İçecek,Marka-A,False
2025-03-26,M06,U001,40,148,149.45,False,İçecek,Gazlı İçecek,Marka-A,True
2025-03-27,M06,U001,18,130,175.82,False,İçecek,Gazlı İçecek,Marka-A,False
2025-03-28,M06,U001,24,106,175.82,False,İçecek,Gazlı İçecek,Marka-A,False
2025-03-29,M06,U001,37,69,175.82,False,İçecek,Gazlı İçecek,Marka-A,False
2025-03-30,M06,U001,38,118,175.82,False,İçecek,Gazlı İçecek,Marka-A,False
2025-03-31,M06,U001,30,88,175.82,False,İçecek,Gazlı İçecek,Marka-A,False
2025-04-01,M06,U001,22,66,175.82,False,İçecek,Gazlı İçecek,Marka-A,False
2025-04-02,M06,U001,22,44,175.82,False,İçecek,Gazlı İçecek,Marka-A,False
2025-04-03,M06,U001,28,152,175.82,False,İçecek,Gazlı İçecek,Marka-A,False
2025-04-04,M06,U001,26,126,175.82,False,İçecek,Gazlı İçecek,Marka-A,False
2025-04-05,M06,U001,34,92,175.82,False,İçecek,Gazlı İçecek,Marka-A,False
2025-04-06,M06,U001,45,47,175.82,False,İçecek,Gazlı İçecek,Marka-A,False
2025-04-07,M06,U001,23,151,175.82,False,İçecek,Gazlı İçecek,Marka-A,False
2025-04-08,M06,U001,29,122,175.82,False,İçecek,Gazlı İçecek,Marka-A,False
2025-04-09,M06,U001,42,80,175.82,False,İçecek,Gazlı İçecek,Marka-A,False
2025-04-10,M06,U001,48,32,158.24,False,İçecek,Gazlı İçecek,Marka-A,True
2025-04-11,M06,U001,36,140,175.82,False,İçecek,Gazlı İçecek,Marka-A,False
2025-04-12,M06,U001,37,103,175.82,False,İçecek,Gazlı İçecek,Marka-A,False
2025-04-13,M06,U001,47,56,158.24,False,İçecek,Gazlı İçecek,Marka-A,True
2025-04-14,M06,U001,28,28,175.82,False,İçecek,Gazlı İçecek,Marka-A,False
2025-04-15,M06,U001,28,131,175.82,False,İçecek,Gazlı İçecek,Marka-A,False
2025-04-16,M06,U001,32,99,175.82,False,İçecek,Gazlı İçecek,Marka-A,False
2025-04-17,M06,U001,27,72,175.82,False,İçecek,Gazlı İçecek,Marka-A,False
2025-04-18,M06,U001,35,37,175.82,False,İçecek,Gazlı İçecek,Marka-A,False
2025-04-19,M06,U001,32,144,175.82,False,İçecek,Gazlı İçecek,Marka-A,False
2025-04-20,M06,U001,28,116,175.82,False,İçecek,Gazlı İçecek,Marka-A,False
2025-04-21,M06,U001,19,97,175.82,False,İçecek,Gazlı İçecek,Marka-A,False
2025-04-22,M06,U001,33,64,175.82,False,İçecek,Gazlı İçecek,Marka-A,False
2025-04-23,M06,U001,43,124,149.45,False,İçecek,Gazlı İçecek,Marka-A,True
2025-04-24,M06,U001,31,93,175.82,False,İçecek,Gazlı İçecek,Marka-A,False
2025-04-25,M06,U001,33,60,175.82,False,İçecek,Gazlı İçecek,Marka-A,False
2025-04-26,M06,U001,37,23,175.82,False,İçecek,Gazlı İçecek,Marka-A,False
2025-04-27,M06,U001,38,126,175.82,False,İçecek,Gazlı İçecek,Marka-A,False
2025-04-28,M06,U001,42,84,149.45,False,İçecek,Gazlı İçecek,Marka-A,True
2025-04-29,M06,U001,33,51,175.82,False,İçecek,Gazlı İçecek,Marka-A,False
2025-04-30,M06,U001,27,24,175.82,False,İçecek,Gazlı İçecek,Marka-A,False
2025-05-01,M06,U001,27,159,175.82,False,İçecek,Gazlı İçecek,Marka-A,False
2025-05-02,M06,U001,31,128,175.82,False,İçecek,Gazlı İçecek,Marka-A,False
2025-05-03,M06,U001,45,83,175.82,False,İçecek,Gazlı İçecek,Marka-A,False
2025-05-04,M06,U001,24,59,175.82,False,İçecek,Gazlı İçecek,Marka-A,False
2025-05-05,M06,U001,31,153,175.82,False,İçecek,Gazlı İçecek,Marka-A,False
2025-05-06,M06,U001,24,129,175.82,False,İçecek,Gazlı İçecek,Marka-A,False
2025-01-01,M06,U002,22,185,192.33,False,İçecek,Gazlı İçecek,Marka-B,False
2025-01-02,M06,U002,36,149,192.33,False,İçecek,Gazlı İçecek,Marka-B,False
2025-01-03,M06,U002,34,115,192.33,False,İçecek,Gazlı İçecek,Marka-B,False
2025-01-04,M06,U002,56,59,153.86,False,İçecek,Gazlı İçecek,Marka-B,True
2025-01-05,M06,U002,54,5,192.33,False,İçecek,Gazlı İçecek,Marka-B,False
2025-01-06,M06,U002,24,162,192.33,False,İçecek,Gazlı İçecek,Marka-B,False
2025-01-07,M06,U002,47,115,173.1,False,İçecek,Gazlı İçecek,Marka-B,True
2025-01-08,M06,U002,35,80,192.33,False,İçecek,Gazlı İçecek,Marka-B,False
2025-01-09,M06,U002,41,39,192.33,False,İçecek,Gazlı İçecek,Marka-B,False
2025-01-10,M06,U002,39,0,173.1,True,İçecek,Gazlı İçecek,Marka-B,True
2025-01-11,M06,U002,0,0,192.33,True,İçecek,Gazlı İçecek,Marka-B,False
2025-01-12,M06,U002,0,0,192.33,True,İçecek,Gazlı İçecek,Marka-B,False
2025-01-13,M06,U002,0,0,192.33,True,İçecek,Gazlı İçecek,Marka-B,False
2025-01-14,M06,U002,0,0,163.48,True,İçecek,Gazlı İçecek,Marka-B,True
2025-01-15,M06,U002,0,0,153.86,True,İçecek,Gazlı İçecek,Marka-B,True
2025-01-16,M06,U002,34,159,192.33,False,İçecek,Gazlı İçecek,Marka-B,False
2025-01-17,M06,U002,39,120,192.33,False,İçecek,Gazlı İçecek,Marka-B,False
2025-01-18,M06,U002,40,80,192.33,False,İçecek,Gazlı İçecek,Marka-B,False
2025-01-19,M06,U002,35,45,192.33,False,İçecek,Gazlı İçecek,Marka-B,False
2025-01-20,M06,U002,35,10,192.33,False,İçecek,Gazlı İçecek,Marka-B,False
2025-01-21,M06,U002,24,167,192.33,False,İçecek,Gazlı İçecek,Marka-B,False
2025-01-22,M06,U002,30,137,192.33,False,İçecek,Gazlı İçecek,Marka-B,False
2025-01-23,M06,U002,45,92,192.33,False,İçecek,Gazlı İçecek,Marka-B,False
2025-01-24,M06,U002,41,51,192.33,False,İçecek,Gazlı İçecek,Marka-B,False
2025-01-25,M06,U002,40,11,192.33,False,İçecek,Gazlı İçecek,Marka-B,False
2025-01-26,M06,U002,36,170,192.33,False,İçecek,Gazlı İçecek,Marka-B,False
2025-01-27,M06,U002,26,144,192.33,False,İçecek,Gazlı İçecek,Marka-B,False
2025-01-28,M06,U002,35,109,192.33,False,İçecek,Gazlı İçecek,Marka-B,False
2025-01-29,M06,U002,33,76,192.33,False,İçecek,Gazlı İçecek,Marka-B,False
2025-01-30,M06,U002,30,46,192.33,False,İçecek,Gazlı İçecek,Marka-B,False
2025-01-31,M06,U002,46,0,163.48,True,İçecek,Gazlı İçecek,Marka-B,True
2025-02-01,M06,U002,0,0,192.33,True,İçecek,Gazlı İçecek,Marka-B,False
2025-02-02,M06,U002,0,0,192.33,True,İçecek,Gazlı İçecek,Marka-B,False
2025-02-03,M06,U002,0,0,173.1,True,İçecek,Gazlı İçecek,Marka-B,True
2025-02-04,M06,U002,0,0,192.33,True,İçecek,Gazlı İçecek,Marka-B,False
2025-02-05,M06,U002,34,178,192.33,False,İçecek,Gazlı İçecek,Marka-B,False
2025-02-06,M06,U002,36,142,192.33,False,İçecek,Gazlı İçecek,Marka-B,False
2025-02-07,M06,U002,35,107,192.33,False,İçecek,Gazlı İçecek,Marka-B,False
2025-02-08,M06,U002,47,60,192.33,False,İçecek,Gazlı İçecek,Marka-B,False
2025-02-09,M06,U002,42,18,192.33,False,İçecek,Gazlı İçecek,Marka-B,False
2025-02-10,M06,U002,34,158,192.33,False,İçecek,Gazlı İçecek,Marka-B,False
2025-02-11,M06,U002,26,132,192.33,False,İçecek,Gazlı İçecek,Marka-B,False
2025-02-12,M06,U002,36,96,192.33,False,İçecek,Gazlı İçecek,Marka-B,False
2025-02-13,M06,U002,36,60,192.33,False,İçecek,Gazlı İçecek,Marka-B,False
2025-02-14,M06,U002,33,27,192.33,False,İçecek,Gazlı İçecek,Marka-B,False
2025-02-15,M06,U002,37,168,192.33,False,İçecek,Gazlı İçecek,Marka-B,False
2025-02-16,M06,U002,40,128,192.33,False,İçecek,Gazlı İçecek,Marka-B,False
2025-02-17,M06,U002,22,106,192.33,False,İçecek,Gazlı İçecek,Marka-B,False
2025-02-18,M06,U002,29,77,192.33,False,İçecek,Gazlı İçecek,Marka-B,False
2025-02-19,M06,U002,39,38,192.33,False,İçecek,Gazlı İçecek,Marka-B,False
2025-02-20,M06,U002,57,134,173.1,False,İçecek,Gazlı İçecek,Marka-B,True
2025-02-21,M06,U002,62,72,173.1,False,İçecek,Gazlı İçecek,Marka-B,True
2025-02-22,M06,U002,51,21,192.33,False,İçecek,Gazlı İçecek,Marka-B,False
2025-02-23,M06,U002,21,0,192.33,True,İçecek,Gazlı İçecek,Marka-B,False
2025-02-24,M06,U002,0,0,192.33,True,İçecek,Gazlı İçecek,Marka-B,False
2025-02-25,M06,U002,32,161,192.33,False,İçecek,Gazlı İçecek,Marka-B,False
2025-02-26,M06,U002,39,122,192.33,False,İçecek,Gazlı İçecek,Marka-B,False
2025-02-27,M06,U002,53,69,173.1,False,İçecek,Gazlı İçecek,Marka-B,True
2025-02-28,M06,U002,36,33,192.33,False,İçecek,Gazlı İçecek,Marka-B,False
2025-03-01,M06,U002,33,0,192.33,True,İçecek,Gazlı İçecek,Marka-B,False
2025-03-02,M06,U002,40,167,192.33,False,İçecek,Gazlı İçecek,Marka-B,False
2025-03-03,M06,U002,31,136,192.33,False,İçecek,Gazlı İçecek,Marka-B,False
2025-03-04,M06,U002,46,90,153.86,False,İçecek,Gazlı İçecek,Marka-B,True
2025-03-05,M06,U002,24,66,192.33,False,İçecek,Gazlı İçecek,Marka-B,False
2025-03-06,M06,U002,43,23,192.33,False,İçecek,Gazlı İçecek,Marka-B,False
2025-03-07,M06,U002,38,149,192.33,False,İçecek,Gazlı İçecek,Marka-B,False
2025-03-08,M06,U002,50,99,192.33,False,İçecek,Gazlı İçecek,Marka-B,False
2025-03-09,M06,U002,60,39,153.86,False,İçecek,Gazlı İçecek,Marka-B,True
2025-03-10,M06,U002,36,3,192.33,False,İçecek,Gazlı İçecek,Marka-B,False
2025-03-11,M06,U002,3,0,163.48,True,İçecek,Gazlı İçecek,Marka-B,True
2025-03-12,M06,U002,41,143,192.33,False,İçecek,Gazlı İçecek,Marka-B,False
2025-03-13,M06,U002,52,91,192.33,False,İçecek,Gazlı İçecek,Marka-B,False
2025-03-14,M06,U002,43,48,192.33,False,İçecek,Gazlı İçecek,Marka-B,False
2025-03-15,M06,U002,46,2,192.33,False,İçecek,Gazlı İçecek,Marka-B,False
2025-03-16,M06,U002,2,0,153.86,True,İçecek,Gazlı İçecek,Marka-B,True
2025-03-17,M06,U002,41,169,192.33,False,İçecek,Gazlı İçecek,Marka-B,False
2025-03-18,M06,U002,29,140,192.33,False,İçecek,Gazlı İçecek,Marka-B,False
2025-03-19,M06,U002,65,75,153.86,False,İçecek,Gazlı İçecek,Marka-B,True
2025-03-20,M06,U002,39,36,192.33,False,İçecek,Gazlı İçecek,Marka-B,False
2025-03-21,M06,U002,36,0,192.33,True,İçecek,Gazlı İçecek,Marka-B,False
2025-03-22,M06,U002,65,117,192.33,False,İçecek,Gazlı İçecek,Marka-B,False
2025-03-23,M06,U002,49,68,192.33,False,İçecek,Gazlı İçecek,Marka-B,False
2025-03-24,M06,U002,37,31,192.33,False,İçecek,Gazlı İçecek,Marka-B,False
2025-03-25,M06,U002,28,3,192.33,False,İçecek,Gazlı İçecek,Marka-B,False
2025-03-26,M06,U002,3,0,192.33,True,İçecek,Gazlı İçecek,Marka-B,False
2025-03-27,M06,U002,26,179,192.33,False,İçecek,Gazlı İçecek,Marka-B,False
2025-03-28,M06,U002,44,135,192.33,False,İçecek,Gazlı İçecek,Marka-B,False
2025-03-29,M06,U002,50,85,192.33,False,İçecek,Gazlı İçecek,Marka-B,False
2025-03-30,M06,U002,50,35,192.33,False,İçecek,Gazlı İçecek,Marka-B,False
2025-03-31,M06,U002,34,1,192.33,False,İçecek,Gazlı İçecek,Marka-B,False
2025-04-01,M06,U002,1,0,192.33,True,İçecek,Gazlı İçecek,Marka-B,False
2025-04-02,M06,U002,0,0,192.33,True,İçecek,Gazlı İçecek,Marka-B,False
2025-04-03,M06,U002,0,0,192.33,True,İçecek,Gazlı İçecek,Marka-B,False
2025-04-04,M06,U002,0,0,192.33,True,İçecek,Gazlı İçecek,Marka-B,False
2025-04-05,M06,U002,0,0,192.33,True,İçecek,Gazlı İçecek,Marka-B,False
2025-04-06,M06,U002,73,126,153.86,False,İçecek,Gazlı İçecek,Marka-B,True
2025-04-07,M06,U002,33,93,192.33,False,İçecek,Gazlı İçecek,Marka-B,False
2025-04-08,M06,U002,33,60,192.33,False,İçecek,Gazlı İçecek,Marka-B,False
2025-04-09,M06,U002,41,19,192.33,False,İçecek,Gazlı İçecek,Marka-B,False
2025-04-10,M06,U002,19,0,192.33,True,İçecek,Gazlı İçecek,Marka-B,False
2025-04-11,M06,U002,43,170,192.33,False,İçecek,Gazlı İçecek,Marka-B,False
2025-04-12,M06,U002,39,131,192.33,False,İçecek,Gazlı İçecek,Marka-B,False
2025-04-13,M06,U002,68,63,153.86,False,İçecek,Gazlı İçecek,Marka-B,True
2025-04-14,M06,U002,26,37,192.33,False,İçecek,Gazlı İçecek,Marka-B,False
2025-04-15,M06,U002,36,1,192.33,False,İçecek,Gazlı İçecek,Marka-B,False
2025-04-16,M06,U002,36,175,192.33,False,İçecek,Gazlı İçecek,Marka-B,False
2025-04-17,M06,U002,38,137,192.33,False,İçecek,Gazlı İçecek,Marka-B,False
2025-04-18,M06,U002,29,108,192.33,False,İçecek,Gazlı İçecek,Marka-B,False
2025-04-19,M06,U002,54,54,192.33,False,İçecek,Gazlı İçecek,Marka-B,False
2025-04-20,M06,U002,54,0,192.33,True,İçecek,Gazlı İçecek,Marka-B,False
2025-04-21,M06,U002,31,181,192.33,False,İçecek,Gazlı İçecek,Marka-B,False
2025-04-22,M06,U002,35,146,192.33,False,İçecek,Gazlı İçecek,Marka-B,False
2025-04-23,M06,U002,32,114,192.33,False,İçecek,Gazlı İçecek,Marka-B,False
2025-04-24,M06,U002,44,70,192.33,False,İçecek,Gazlı İçecek,Marka-B,False
2025-04-25,M06,U002,51,19,192.33,False,İçecek,Gazlı İçecek,Marka-B,False
2025-04-26,M06,U002,19,0,192.33,True,İçecek,Gazlı İçecek,Marka-B,False
2025-04-27,M06,U002,0,0,192.33,True,İçecek,Gazlı İçecek,Marka-B,False
2025-04-28,M06,U002,0,0,192.33,True,İçecek,Gazlı İçecek,Marka-B,False
2025-04-29,M06,U002,0,0,192.33,True,İçecek,Gazlı İçecek,Marka-B,False
2025-04-30,M06,U002,0,0,192.33,True,İçecek,Gazlı İçecek,Marka-B,False
2025-05-01,M06,U002,0,0,192.33,True,İçecek,Gazlı İçecek,Marka-B,False
2025-05-02,M06,U002,0,0,192.33,True,İçecek,Gazlı İçecek,Marka-B,False
2025-05-03,M06,U002,0,0,192.33,True,İçecek,Gazlı İçecek,Marka-B,False
2025-05-04,M06,U002,0,0,192.33,True,İçecek,Gazlı İçecek,Marka-B,False
2025-05-05,M06,U002,0,0,192.33,True,İçecek,Gazlı İçecek,Marka-B,False
2025-05-06,M06,U002,30,170,192.33,False,İçecek,Gazlı İçecek,Marka-B,False
2025-01-01,M06,U003,51,191,43.26,False,İçecek,Meyve Suyu,Marka-C,False
2025-01-02,M06,U003,51,140,43.26,False,İçecek,Meyve Suyu,Marka-C,False
2025-01-03,M06,U003,42,98,43.26,False,İçecek,Meyve Suyu,Marka-C,False
2025-01-04,M06,U003,53,45,43.26,False,İçecek,Meyve Suyu,Marka-C,False
2025-01-05,M06,U003,44,1,43.26,False,İçecek,Meyve Suyu,Marka-C,False
2025-01-06,M06,U003,1,0,36.77,True,İçecek,Meyve Suyu,Marka-C,True
2025-01-07,M06,U003,0,0,43.26,True,İçecek,Meyve Suyu,Marka-C,False
2025-01-08,M06,U003,41,244,43.26,False,İçecek,Meyve Suyu,Marka-C,False
2025-01-09,M06,U003,41,203,43.26,False,İçecek,Meyve Suyu,Marka-C,False
2025-01-10,M06,U003,47,156,43.26,False,İçecek,Meyve Suyu,Marka-C,False
2025-01-11,M06,U003,57,99,43.26,False,İçecek,Meyve Suyu,Marka-C,False
2025-01-12,M06,U003,70,29,43.26,False,İçecek,Meyve Suyu,Marka-C,False
2025-01-13,M06,U003,27,2,43.26,False,İçecek,Meyve Suyu,Marka-C,False
2025-01-14,M06,U003,2,0,43.26,True,İçecek,Meyve Suyu,Marka-C,False
2025-01-15,M06,U003,49,235,43.26,False,İçecek,Meyve Suyu,Marka-C,False
2025-01-16,M06,U003,62,173,34.61,False,İçecek,Meyve Suyu,Marka-C,True
2025-01-17,M06,U003,45,128,43.26,False,İçecek,Meyve Suyu,Marka-C,False
2025-01-18,M06,U003,46,82,43.26,False,İçecek,Meyve Suyu,Marka-C,False
2025-01-19,M06,U003,51,31,43.26,False,İçecek,Meyve Suyu,Marka-C,False
2025-01-20,M06,U003,31,0,43.26,False,İçecek,Meyve Suyu,Marka-C,False
2025-01-21,M06,U003,0,0,43.26,True,İçecek,Meyve Suyu,Marka-C,False
2025-01-22,M06,U003,47,207,43.26,False,İçecek,Meyve Suyu,Marka-C,False
2025-01-23,M06,U003,54,153,43.26,False,İçecek,Meyve Suyu,Marka-C,False
2025-01-24,M06,U003,81,72,34.61,False,İçecek,Meyve Suyu,Marka-C,True
2025-01-25,M06,U003,60,12,43.26,False,İçecek,Meyve Suyu,Marka-C,False
2025-01-26,M06,U003,12,0,43.26,True,İçecek,Meyve Suyu,Marka-C,False
2025-01-27,M06,U003,0,0,43.26,True,İçecek,Meyve Suyu,Marka-C,False
2025-01-28,M06,U003,0,0,43.26,True,İçecek,Meyve Suyu,Marka-C,False
2025-01-29,M06,U003,48,205,43.26,False,İçecek,Meyve Suyu,Marka-C,False
2025-01-30,M06,U003,66,139,36.77,False,İçecek,Meyve Suyu,Marka-C,True
2025-01-31,M06,U003,46,93,43.26,False,İçecek,Meyve Suyu,Marka-C,False
2025-02-01,M06,U003,60,33,43.26,False,İçecek,Meyve Suyu,Marka-C,False
2025-02-02,M06,U003,33,0,43.26,True,İçecek,Meyve Suyu,Marka-C,False
2025-02-03,M06,U003,0,0,43.26,True,İçecek,Meyve Suyu,Marka-C,False
2025-02-04,M06,U003,0,0,43.26,True,İçecek,Meyve Suyu,Marka-C,False
2025-02-05,M06,U003,62,181,43.26,False,İçecek,Meyve Suyu,Marka-C,False
2025-02-06,M06,U003,54,127,43.26,False,İçecek,Meyve Suyu,Marka-C,False
2025-02-07,M06,U003,59,68,43.26,False,İçecek,Meyve Suyu,Marka-C,False
2025-02-08,M06,U003,37,31,43.26,False,İçecek,Meyve Suyu,Marka-C,False
2025-02-09,M06,U003,31,0,43.26,True,İçecek,Meyve Suyu,Marka-C,False
2025-02-10,M06,U003,0,0,43.26,True,İçecek,Meyve Suyu,Marka-C,False
2025-02-11,M06,U003,0,0,43.26,True,İçecek,Meyve Suyu,Marka-C,False
2025-02-12,M06,U003,38,243,43.26,False,İçecek,Meyve Suyu,Marka-C,False
2025-02-13,M06,U003,85,158,38.93,False,İçecek,Meyve Suyu,Marka-C,True
2025-02-14,M06,U003,54,104,43.26,False,İçecek,Meyve Suyu,Marka-C,False
2025-02-15,M06,U003,73,31,43.26,False,İçecek,Meyve Suyu,Marka-C,False
2025-02-16,M06,U003,31,0,43.26,True,İçecek,Meyve Suyu,Marka-C,False
2025-02-17,M06,U003,0,0,43.26,True,İçecek,Meyve Suyu,Marka-C,False
2025-02-18,M06,U003,0,0,34.61,True,İçecek,Meyve Suyu,Marka-C,True
2025-02-19,M06,U003,43,197,43.26,False,İçecek,Meyve Suyu,Marka-C,False
2025-02-20,M06,U003,71,126,38.93,False,İçecek,Meyve Suyu,Marka-C,True
2025-02-21,M06,U003,37,89,43.26,False,İçecek,Meyve Suyu,Marka-C,False
2025-02-22,M06,U003,89,0,34.61,True,İçecek,Meyve Suyu,Marka-C,True
2025-02-23,M06,U003,0,0,43.26,True,İçecek,Meyve Suyu,Marka-C,False
2025-02-24,M06,U003,0,0,43.26,True,İçecek,Meyve Suyu,Marka-C,False
2025-02-25,M06,U003,0,0,43.26,True,İçecek,Meyve Suyu,Marka-C,False
2025-02-26,M06,U003,58,212,43.26,False,İçecek,Meyve Suyu,Marka-C,False
2025-02-27,M06,U003,57,155,43.26,False,İçecek,Meyve Suyu,Marka-C,False
2025-02-28,M06,U003,88,67,38.93,False,İçecek,Meyve Suyu,Marka-C,True
2025-03-01,M06,U003,57,10,43.26,False,İçecek,Meyve Suyu,Marka-C,False
2025-03-02,M06,U003,10,0,43.26,True,İçecek,Meyve Suyu,Marka-C,False
2025-03-03,M06,U003,0,0,43.26,True,İçecek,Meyve Suyu,Marka-C,False
2025-03-04,M06,U003,0,0,43.26,True,İçecek,Meyve Suyu,Marka-C,False
2025-03-05,M06,U003,56,196,43.26,False,İçecek,Meyve Suyu,Marka-C,False
2025-03-06,M06,U003,53,143,43.26,False,İçecek,Meyve Suyu,Marka-C,False
2025-03-07,M06,U003,52,91,43.26,False,İçecek,Meyve Suyu,Marka-C,False
2025-03-08,M06,U003,63,28,43.26,False,İçecek,Meyve Suyu,Marka-C,False
2025-03-09,M06,U003,28,0,43.26,True,İçecek,Meyve Suyu,Marka-C,False
2025-03-10,M06,U003,0,0,43.26,True,İçecek,Meyve Suyu,Marka-C,False
2025-03-11,M06,U003,0,0,43.26,True,İçecek,Meyve Suyu,Marka-C,False
2025-03-12,M06,U003,60,198,43.26,False,İçecek,Meyve Suyu,Marka-C,False
2025-03-13,M06,U003,55,143,43.26,False,İçecek,Meyve Suyu,Marka-C,False
2025-03-14,M06,U003,48,95,43.26,False,İçecek,Meyve Suyu,Marka-C,False
2025-03-15,M06,U003,35,60,43.26,False,İçecek,Meyve Suyu,Marka-C,False
2025-03-16,M06,U003,47,13,43.26,False,İçecek,Meyve Suyu,Marka-C,False
2025-03-17,M06,U003,13,0,43.26,True,İçecek,Meyve Suyu,Marka-C,False
2025-03-18,M06,U003,0,0,43.26,True,İçecek,Meyve Suyu,Marka-C,False
2025-03-19,M06,U003,49,195,43.26,False,İçecek,Meyve Suyu,Marka-C,False
2025-03-20,M06,U003,54,141,43.26,False,İçecek,Meyve Suyu,Marka-C,False
2025-03-21,M06,U003,43,98,43.26,False,İçecek,Meyve Suyu,Marka-C,False
2025-03-22,M06,U003,60,38,43.26,False,İçecek,Meyve Suyu,Marka-C,False
2025-03-23,M06,U003,38,0,43.26,True,İçecek,Meyve Suyu,Marka-C,False
2025-03-24,M06,U003,0,0,43.26,True,İçecek,Meyve Suyu,Marka-C,False
2025-03-25,M06,U003,0,0,43.26,True,İçecek,Meyve Suyu,Marka-C,False
2025-03-26,M06,U003,61,190,43.26,False,İçecek,Meyve Suyu,Marka-C,False
2025-03-27,M06,U003,30,160,43.26,False,İçecek,Meyve Suyu,Marka-C,False
2025-03-28,M06,U003,58,102,43.26,False,İçecek,Meyve Suyu,Marka-C,False
2025-03-29,M06,U003,59,43,43.26,False,İçecek,Meyve Suyu,Marka-C,False
2025-03-30,M06,U003,43,0,43.26,True,İçecek,Meyve Suyu,Marka-C,False
2025-03-31,M06,U003,0,0,43.26,True,İçecek,Meyve Suyu,Marka-C,False
2025-04-01,M06,U003,0,0,34.61,True,İçecek,Meyve Suyu,Marka-C,True
2025-04-02,M06,U003,49,229,43.26,False,İçecek,Meyve Suyu,Marka-C,False
2025-04-03,M06,U003,89,140,38.93,False,İçecek,Meyve Suyu,Marka-C,True
2025-04-04,M06,U003,49,91,43.26,False,İçecek,Meyve Suyu,Marka-C,False
2025-04-05,M06,U003,72,19,43.26,False,İçecek,Meyve Suyu,Marka-C,False
2025-04-06,M06,U003,19,0,43.26,True,İçecek,Meyve Suyu,Marka-C,False
2025-04-07,M06,U003,0,0,43.26,True,İçecek,Meyve Suyu,Marka-C,False
2025-04-08,M06,U003,0,0,43.26,True,İçecek,Meyve Suyu,Marka-C,False
2025-04-09,M06,U003,0,0,43.26,True,İçecek,Meyve Suyu,Marka-C,False
2025-04-10,M06,U003,0,0,43.26,True,İçecek,Meyve Suyu,Marka-C,False
2025-04-11,M06,U003,0,0,43.26,True,İçecek,Meyve Suyu,Marka-C,False
2025-04-12,M06,U003,0,0,43.26,True,İçecek,Meyve Suyu,Marka-C,False
2025-04-13,M06,U003,0,0,43.26,True,İçecek,Meyve Suyu,Marka-C,False
2025-04-14,M06,U003,0,0,43.26,True,İçecek,Meyve Suyu,Marka-C,False
2025-04-15,M06,U003,0,0,43.26,True,İçecek,Meyve Suyu,Marka-C,False
2025-04-16,M06,U003,48,232,43.26,False,İçecek,Meyve Suyu,Marka-C,False
2025-04-17,M06,U003,56,176,43.26,False,İçecek,Meyve Suyu,Marka-C,False
2025-04-18,M06,U003,72,104,43.26,False,İçecek,Meyve Suyu,Marka-C,False
2025-04-19,M06,U003,68,36,43.26,False,İçecek,Meyve Suyu,Marka-C,False
2025-04-20,M06,U003,36,0,43.26,True,İçecek,Meyve Suyu,Marka-C,False
2025-04-21,M06,U003,0,0,43.26,True,İçecek,Meyve Suyu,Marka-C,False
2025-04-22,M06,U003,0,0,36.77,True,İçecek,Meyve Suyu,Marka-C,True
2025-04-23,M06,U003,42,224,43.26,False,İçecek,Meyve Suyu,Marka-C,False
2025-04-24,M06,U003,36,188,43.26,False,İçecek,Meyve Suyu,Marka-C,False
2025-04-25,M06,U003,65,123,43.26,False,İçecek,Meyve Suyu,Marka-C,False
2025-04-26,M06,U003,66,57,43.26,False,İçecek,Meyve Suyu,Marka-C,False
2025-04-27,M06,U003,57,0,43.26,True,İçecek,Meyve Suyu,Marka-C,False
2025-04-28,M06,U003,0,0,43.26,True,İçecek,Meyve Suyu,Marka-C,False
2025-04-29,M06,U003,0,0,43.26,True,İçecek,Meyve Suyu,Marka-C,False
2025-04-30,M06,U003,53,212,43.26,False,İçecek,Meyve Suyu,Marka-C,False
2025-05-01,M06,U003,38,174,43.26,False,İçecek,Meyve Suyu,Marka-C,False
2025-05-02,M06,U003,65,109,43.26,False,İçecek,Meyve Suyu,Marka-C,False
2025-05-03,M06,U003,89,20,34.61,False,İçecek,Meyve Suyu,Marka-C,True
2025-05-04,M06,U003,20,0,43.26,True,İçecek,Meyve Suyu,Marka-C,False
2025-05-05,M06,U003,0,0,43.26,True,İçecek,Meyve Suyu,Marka-C,False
2025-05-06,M06,U003,0,0,43.26,True,İçecek,Meyve Suyu,Marka-C,False
2025-01-01,M06,U004,36,249,173.32,False,İçecek,Meyve Suyu,Marka-D,False
2025-01-02,M06,U004,39,210,173.32,False,İçecek,Meyve Suyu,Marka-D,False
2025-01-03,M06,U004,33,177,173.32,False,İçecek,Meyve Suyu,Marka-D,False
2025-01-04,M06,U004,47,130,173.32,False,İçecek,Meyve Suyu,Marka-D,False
2025-01-05,M06,U004,43,87,173.32,False,İçecek,Meyve Suyu,Marka-D,False
2025-01-06,M06,U004,56,194,138.66,False,İçecek,Meyve Suyu,Marka-D,True
2025-01-07,M06,U004,31,163,173.32,False,İçecek,Meyve Suyu,Marka-D,False
2025-01-08,M06,U004,35,128,173.32,False,İçecek,Meyve Suyu,Marka-D,False
2025-01-09,M06,U004,57,71,155.99,False,İçecek,Meyve Suyu,Marka-D,True
2025-01-10,M06,U004,42,29,173.32,False,İçecek,Meyve Suyu,Marka-D,False
2025-01-11,M06,U004,54,229,173.32,False,İçecek,Meyve Suyu,Marka-D,False
2025-01-12,M06,U004,59,170,173.32,False,İçecek,Meyve Suyu,Marka-D,False
2025-01-13,M06,U004,71,99,138.66,False,İçecek,Meyve Suyu,Marka-D,True
2025-01-14,M06,U004,44,55,173.32,False,İçecek,Meyve Suyu,Marka-D,False
2025-01-15,M06,U004,43,12,173.32,False,İçecek,Meyve Suyu,Marka-D,False
2025-01-16,M06,U004,44,235,173.32,False,İçecek,Meyve Suyu,Marka-D,False
2025-01-17,M06,U004,35,200,173.32,False,İçecek,Meyve Suyu,Marka-D,False
2025-01-18,M06,U004,43,157,173.32,False,İçecek,Meyve Suyu,Marka-D,False
2025-01-19,M06,U004,43,114,173.32,False,İçecek,Meyve Suyu,Marka-D,False
2025-01-20,M06,U004,30,84,173.32,False,İçecek,Meyve Suyu,Marka-D,False
2025-01-21,M06,U004,36,219,173.32,False,İçecek,Meyve Suyu,Marka-D,False
2025-01-22,M06,U004,35,184,173.32,False,İçecek,Meyve Suyu,Marka-D,False
2025-01-23,M06,U004,43,141,173.32,False,İçecek,Meyve Suyu,Marka-D,False
2025-01-24,M06,U004,42,99,173.32,False,İçecek,Meyve Suyu,Marka-D,False
2025-01-25,M06,U004,39,60,173.32,False,İçecek,Meyve Suyu,Marka-D,False
2025-01-26,M06,U004,38,222,173.32,False,İçecek,Meyve Suyu,Marka-D,False
2025-01-27,M06,U004,32,190,173.32,False,İçecek,Meyve Suyu,Marka-D,False
2025-01-28,M06,U004,27,163,173.32,False,İçecek,Meyve Suyu,Marka-D,False
2025-01-29,M06,U004,38,125,173.32,False,İçecek,Meyve Suyu,Marka-D,False
2025-01-30,M06,U004,50,75,173.32,False,İçecek,Meyve Suyu,Marka-D,False
2025-01-31,M06,U004,38,223,173.32,False,İçecek,Meyve Suyu,Marka-D,False
2025-02-01,M06,U004,49,174,173.32,False,İçecek,Meyve Suyu,Marka-D,False
2025-02-02,M06,U004,47,127,173.32,False,İçecek,Meyve Suyu,Marka-D,False
2025-02-03,M06,U004,20,107,173.32,False,İçecek,Meyve Suyu,Marka-D,False
2025-02-04,M06,U004,37,70,173.32,False,İçecek,Meyve Suyu,Marka-D,False
2025-02-05,M06,U004,38,216,173.32,False,İçecek,Meyve Suyu,Marka-D,False
2025-02-06,M06,U004,45,171,173.32,False,İçecek,Meyve Suyu,Marka-D,False
2025-02-07,M06,U004,28,143,173.32,False,İçecek,Meyve Suyu,Marka-D,False
2025-02-08,M06,U004,55,88,173.32,False,İçecek,Meyve Suyu,Marka-D,False
2025-02-09,M06,U004,29,59,173.32,False,İçecek,Meyve Suyu,Marka-D,False
2025-02-10,M06,U004,37,233,173.32,False,İçecek,Meyve Suyu,Marka-D,False
2025-02-11,M06,U004,29,204,173.32,False,İçecek,Meyve Suyu,Marka-D,False
2025-02-12,M06,U004,34,170,173.32,False,İçecek,Meyve Suyu,Marka-D,False
2025-02-13,M06,U004,42,128,173.32,False,İçecek,Meyve Suyu,Marka-D,False
2025-02-14,M06,U004,38,90,173.32,False,İçecek,Meyve Suyu,Marka-D,False
2025-02-15,M06,U004,48,235,173.32,False,İçecek,Meyve Suyu,Marka-D,False
2025-02-16,M06,U004,29,206,173.32,False,İçecek,Meyve Suyu,Marka-D,False
2025-02-17,M06,U004,39,167,173.32,False,İçecek,Meyve Suyu,Marka-D,False
2025-02-18,M06,U004,36,131,173.32,False,İçecek,Meyve Suyu,Marka-D,False
2025-02-19,M06,U004,38,93,173.32,False,İçecek,Meyve Suyu,Marka-D,False
2025-02-20,M06,U004,45,239,173.32,False,İçecek,Meyve Suyu,Marka-D,False
2025-02-21,M06,U004,48,191,173.32,False,İçecek,Meyve Suyu,Marka-D,False
2025-02-22,M06,U004,52,139,173.32,False,İçecek,Meyve Suyu,Marka-D,False
2025-02-23,M06,U004,49,90,173.32,False,İçecek,Meyve Suyu,Marka-D,False
2025-02-24,M06,U004,40,50,173.32,False,İçecek,Meyve Suyu,Marka-D,False
2025-02-25,M06,U004,29,258,173.32,False,İçecek,Meyve Suyu,Marka-D,False
2025-02-26,M06,U004,30,228,173.32,False,İçecek,Meyve Suyu,Marka-D,False
2025-02-27,M06,U004,38,190,173.32,False,İçecek,Meyve Suyu,Marka-D,False
2025-02-28,M06,U004,44,146,173.32,False,İçecek,Meyve Suyu,Marka-D,False
2025-03-01,M06,U004,71,75,147.32,False,İçecek,Meyve Suyu,Marka-D,True
2025-03-02,M06,U004,51,231,173.32,False,İçecek,Meyve Suyu,Marka-D,False
2025-03-03,M06,U004,40,191,173.32,False,İçecek,Meyve Suyu,Marka-D,False
2025-03-04,M06,U004,36,155,173.32,False,İçecek,Meyve Suyu,Marka-D,False
2025-03-05,M06,U004,38,117,173.32,False,İçecek,Meyve Suyu,Marka-D,False
2025-03-06,M06,U004,37,80,173.32,False,İçecek,Meyve Suyu,Marka-D,False
2025-03-07,M06,U004,49,224,173.32,False,İçecek,Meyve Suyu,Marka-D,False
2025-03-08,M06,U004,58,166,173.32,False,İçecek,Meyve Suyu,Marka-D,False
2025-03-09,M06,U004,38,128,173.32,False,İçecek,Meyve Suyu,Marka-D,False
2025-03-10,M06,U004,30,98,173.32,False,İçecek,Meyve Suyu,Marka-D,False
2025-03-11,M06,U004,34,64,173.32,False,İçecek,Meyve Suyu,Marka-D,False
2025-03-12,M06,U004,40,236,173.32,False,İçecek,Meyve Suyu,Marka-D,False
2025-03-13,M06,U004,37,199,173.32,False,İçecek,Meyve Suyu,Marka-D,False
2025-03-14,M06,U004,58,141,147.32,False,İçecek,Meyve Suyu,Marka-D,True
2025-03-15,M06,U004,85,56,138.66,False,İçecek,Meyve Suyu,Marka-D,True
2025-03-16,M06,U004,51,5,173.32,False,İçecek,Meyve Suyu,Marka-D,False
2025-03-17,M06,U004,30,252,173.32,False,İçecek,Meyve Suyu,Marka-D,False
2025-03-18,M06,U004,41,211,173.32,False,İçecek,Meyve Suyu,Marka-D,False
2025-03-19,M06,U004,57,154,155.99,False,İçecek,Meyve Suyu,Marka-D,True
2025-03-20,M06,U004,39,115,173.32,False,İçecek,Meyve Suyu,Marka-D,False
2025-03-21,M06,U004,43,72,173.32,False,İçecek,Meyve Suyu,Marka-D,False
2025-03-22,M06,U004,56,213,173.32,False,İçecek,Meyve Suyu,Marka-D,False
2025-03-23,M06,U004,42,171,173.32,False,İçecek,Meyve Suyu,Marka-D,False
2025-03-24,M06,U004,37,134,173.32,False,İçecek,Meyve Suyu,Marka-D,False
2025-03-25,M06,U004,38,96,173.32,False,İçecek,Meyve Suyu,Marka-D,False
2025-03-26,M06,U004,31,65,173.32,False,İçecek,Meyve Suyu,Marka-D,False
2025-03-27,M06,U004,36,234,173.32,False,İçecek,Meyve Suyu,Marka-D,False
2025-03-28,M06,U004,38,196,173.32,False,İçecek,Meyve Suyu,Marka-D,False
2025-03-29,M06,U004,56,140,173.32,False,İçecek,Meyve Suyu,Marka-D,False
2025-03-30,M06,U004,41,99,173.32,False,İçecek,Meyve Suyu,Marka-D,False
2025-03-31,M06,U004,39,60,173.32,False,İçecek,Meyve Suyu,Marka-D,False
2025-04-01,M06,U004,40,20,173.32,False,İçecek,Meyve Suyu,Marka-D,False
2025-04-02,M06,U004,20,0,173.32,True,İçecek,Meyve Suyu,Marka-D,False
2025-04-03,M06,U004,0,0,147.32,True,İçecek,Meyve Suyu,Marka-D,True
2025-04-04,M06,U004,0,0,155.99,True,İçecek,Meyve Suyu,Marka-D,True
2025-04-05,M06,U004,0,0,173.32,True,İçecek,Meyve Suyu,Marka-D,False
2025-04-06,M06,U004,48,241,173.32,False,İçecek,Meyve Suyu,Marka-D,False
2025-04-07,M06,U004,36,205,173.32,False,İçecek,Meyve Suyu,Marka-D,False
2025-04-08,M06,U004,36,169,173.32,False,İçecek,Meyve Suyu,Marka-D,False
2025-04-09,M06,U004,43,126,173.32,False,İçecek,Meyve Suyu,Marka-D,False
2025-04-10,M06,U004,57,69,173.32,False,İçecek,Meyve Suyu,Marka-D,False
2025-04-11,M06,U004,43,26,173.32,False,İçecek,Meyve Suyu,Marka-D,False
2025-04-12,M06,U004,26,0,138.66,True,İçecek,Meyve Suyu,Marka-D,True
2025-04-13,M06,U004,0,0,173.32,True,İçecek,Meyve Suyu,Marka-D,False
2025-04-14,M06,U004,0,0,173.32,True,İçecek,Meyve Suyu,Marka-D,False
2025-04-15,M06,U004,0,0,173.32,True,İçecek,Meyve Suyu,Marka-D,False
2025-04-16,M06,U004,40,260,173.32,False,İçecek,Meyve Suyu,Marka-D,False
2025-04-17,M06,U004,36,224,173.32,False,İçecek,Meyve Suyu,Marka-D,False
2025-04-18,M06,U004,47,177,173.32,False,İçecek,Meyve Suyu,Marka-D,False
2025-04-19,M06,U004,53,124,173.32,False,İçecek,Meyve Suyu,Marka-D,False
2025-04-20,M06,U004,60,64,173.32,False,İçecek,Meyve Suyu,Marka-D,False
2025-04-21,M06,U004,42,253,173.32,False,İçecek,Meyve Suyu,Marka-D,False
2025-04-22,M06,U004,46,207,173.32,False,İçecek,Meyve Suyu,Marka-D,False
2025-04-23,M06,U004,44,163,173.32,False,İçecek,Meyve Suyu,Marka-D,False
2025-04-24,M06,U004,53,110,173.32,False,İçecek,Meyve Suyu,Marka-D,False
2025-04-25,M06,U004,38,72,173.32,False,İçecek,Meyve Suyu,Marka-D,False
2025-04-26,M06,U004,59,199,173.32,False,İçecek,Meyve Suyu,Marka-D,False
2025-04-27,M06,U004,44,155,173.32,False,İçecek,Meyve Suyu,Marka-D,False
2025-04-28,M06,U004,30,125,173.32,False,İçecek,Meyve Suyu,Marka-D,False
2025-04-29,M06,U004,29,96,173.32,False,İçecek,Meyve Suyu,Marka-D,False
2025-04-30,M06,U004,70,26,138.66,False,İçecek,Meyve Suyu,Marka-D,True
2025-05-01,M06,U004,51,222,173.32,False,İçecek,Meyve Suyu,Marka-D,False
2025-05-02,M06,U004,37,185,173.32,False,İçecek,Meyve Suyu,Marka-D,False
2025-05-03,M06,U004,50,135,173.32,False,İçecek,Meyve Suyu,Marka-D,False
2025-05-04,M06,U004,47,88,173.32,False,İçecek,Meyve Suyu,Marka-D,False
2025-05-05,M06,U004,29,59,173.32,False,İçecek,Meyve Suyu,Marka-D,False
2025-05-06,M06,U004,38,246,173.32,False,İçecek,Meyve Suyu,Marka-D,False
2025-01-01,M06,U005,25,86,49.88,False,İçecek,Su,Marka-E,False
2025-01-02,M06,U005,33,53,49.88,False,İçecek,Su,Marka-E,False
2025-01-03,M06,U005,28,25,49.88,False,İçecek,Su,Marka-E,False
2025-01-04,M06,U005,25,0,49.88,True,İçecek,Su,Marka-E,False
2025-01-05,M06,U005,0,0,49.88,True,İçecek,Su,Marka-E,False
2025-01-06,M06,U005,0,0,49.88,True,İçecek,Su,Marka-E,False
2025-01-07,M06,U005,0,0,49.88,True,İçecek,Su,Marka-E,False
2025-01-08,M06,U005,20,94,49.88,False,İçecek,Su,Marka-E,False
2025-01-09,M06,U005,35,59,49.88,False,İçecek,Su,Marka-E,False
2025-01-10,M06,U005,20,39,49.88,False,İçecek,Su,Marka-E,False
2025-01-11,M06,U005,39,0,44.89,True,İçecek,Su,Marka-E,True
2025-01-12,M06,U005,0,0,49.88,True,İçecek,Su,Marka-E,False
2025-01-13,M06,U005,0,0,49.88,True,İçecek,Su,Marka-E,False
2025-01-14,M06,U005,0,0,49.88,True,İçecek,Su,Marka-E,False
2025-01-15,M06,U005,25,100,49.88,False,İçecek,Su,Marka-E,False
2025-01-16,M06,U005,25,75,49.88,False,İçecek,Su,Marka-E,False
2025-01-17,M06,U005,26,49,49.88,False,İçecek,Su,Marka-E,False
2025-01-18,M06,U005,49,0,49.88,True,İçecek,Su,Marka-E,False
2025-01-19,M06,U005,0,0,42.4,True,İçecek,Su,Marka-E,True
2025-01-20,M06,U005,0,0,49.88,True,İçecek,Su,Marka-E,False
2025-01-21,M06,U005,0,0,49.88,True,İçecek,Su,Marka-E,False
2025-01-22,M06,U005,18,109,49.88,False,İçecek,Su,Marka-E,False
2025-01-23,M06,U005,29,80,49.88,False,İçecek,Su,Marka-E,False
2025-01-24,M06,U005,27,53,49.88,False,İçecek,Su,Marka-E,False
2025-01-25,M06,U005,34,19,49.88,False,İçecek,Su,Marka-E,False
2025-01-26,M06,U005,19,0,49.88,True,İçecek,Su,Marka-E,False
2025-01-27,M06,U005,0,0,49.88,True,İçecek,Su,Marka-E,False
2025-01-28,M06,U005,0,0,49.88,True,İçecek,Su,Marka-E,False
2025-01-29,M06,U005,20,97,49.88,False,İçecek,Su,Marka-E,False
2025-01-30,M06,U005,27,70,49.88,False,İçecek,Su,Marka-E,False
2025-01-31,M06,U005,27,43,49.88,False,İçecek,Su,Marka-E,False
2025-02-01,M06,U005,39,4,49.88,False,İçecek,Su,Marka-E,False
2025-02-02,M06,U005,4,0,49.88,True,İçecek,Su,Marka-E,False
2025-02-03,M06,U005,0,0,49.88,True,İçecek,Su,Marka-E,False
2025-02-04,M06,U005,0,0,49.88,True,İçecek,Su,Marka-E,False
2025-02-05,M06,U005,23,91,49.88,False,İçecek,Su,Marka-E,False
2025-02-06,M06,U005,26,65,49.88,False,İçecek,Su,Marka-E,False
2025-02-07,M06,U005,35,30,49.88,False,İçecek,Su,Marka-E,False
2025-02-08,M06,U005,30,0,49.88,True,İçecek,Su,Marka-E,False
2025-02-09,M06,U005,0,0,49.88,True,İçecek,Su,Marka-E,False
2025-02-10,M06,U005,0,0,49.88,True,İçecek,Su,Marka-E,False
2025-02-11,M06,U005,0,0,44.89,True,İçecek,Su,Marka-E,True
2025-02-12,M06,U005,18,96,49.88,False,İçecek,Su,Marka-E,False
2025-02-13,M06,U005,23,73,49.88,False,İçecek,Su,Marka-E,False
2025-02-14,M06,U005,26,47,49.88,False,İçecek,Su,Marka-E,False
2025-02-15,M06,U005,23,24,49.88,False,İçecek,Su,Marka-E,False
2025-02-16,M06,U005,24,0,49.88,True,İçecek,Su,Marka-E,False
2025-02-17,M06,U005,0,0,49.88,True,İçecek,Su,Marka-E,False
2025-02-18,M06,U005,0,0,49.88,True,İçecek,Su,Marka-E,False
2025-02-19,M06,U005,23,103,49.88,False,İçecek,Su,Marka-E,False
2025-02-20,M06,U005,43,60,42.4,False,İçecek,Su,Marka-E,True
2025-02-21,M06,U005,37,23,49.88,False,İçecek,Su,Marka-E,False
2025-02-22,M06,U005,23,0,49.88,True,İçecek,Su,Marka-E,False
2025-02-23,M06,U005,0,0,49.88,True,İçecek,Su,Marka-E,False
2025-02-24,M06,U005,0,0,49.88,True,İçecek,Su,Marka-E,False
2025-02-25,M06,U005,0,0,49.88,True,İçecek,Su,Marka-E,False
2025-02-26,M06,U005,23,97,49.88,False,İçecek,Su,Marka-E,False
2025-02-27,M06,U005,33,64,49.88,False,İçecek,Su,Marka-E,False
2025-02-28,M06,U005,29,35,49.88,False,İçecek,Su,Marka-E,False
2025-03-01,M06,U005,35,0,49.88,True,İçecek,Su,Marka-E,False
2025-03-02,M06,U005,0,0,49.88,True,İçecek,Su,Marka-E,False
2025-03-03,M06,U005,0,0,49.88,True,İçecek,Su,Marka-E,False
2025-03-04,M06,U005,0,0,49.88,True,İçecek,Su,Marka-E,False
2025-03-05,M06,U005,25,110,49.88,False,İçecek,Su,Marka-E,False
2025-03-06,M06,U005,25,85,49.88,False,İçecek,Su,Marka-E,False
2025-03-07,M06,U005,30,55,49.88,False,İçecek,Su,Marka-E,False
2025-03-08,M06,U005,30,25,49.88,False,İçecek,Su,Marka-E,False
2025-03-09,M06,U005,25,0,44.89,True,İçecek,Su,Marka-E,True
2025-03-10,M06,U005,0,0,49.88,True,İçecek,Su,Marka-E,False
2025-03-11,M06,U005,0,0,49.88,True,İçecek,Su,Marka-E,False
2025-03-12,M06,U005,35,93,49.88,False,İçecek,Su,Marka-E,False
2025-03-13,M06,U005,29,64,49.88,False,İçecek,Su,Marka-E,False
2025-03-14,M06,U005,23,41,49.88,False,İçecek,Su,Marka-E,False
2025-03-15,M06,U005,27,14,49.88,False,İçecek,Su,Marka-E,False
2025-03-16,M06,U005,14,0,49.88,True,İçecek,Su,Marka-E,False
2025-03-17,M06,U005,0,0,42.4,True,İçecek,Su,Marka-E,True
2025-03-18,M06,U005,0,0,49.88,True,İçecek,Su,Marka-E,False
2025-03-19,M06,U005,31,104,49.88,False,İçecek,Su,Marka-E,False
2025-03-20,M06,U005,30,74,49.88,False,İçecek,Su,Marka-E,False
2025-03-21,M06,U005,26,48,49.88,False,İçecek,Su,Marka-E,False
2025-03-22,M06,U005,28,20,49.88,False,İçecek,Su,Marka-E,False
2025-03-23,M06,U005,20,0,49.88,True,İçecek,Su,Marka-E,False
2025-03-24,M06,U005,0,0,49.88,True,İçecek,Su,Marka-E,False
2025-03-25,M06,U005,0,0,49.88,True,İçecek,Su,Marka-E,False
2025-03-26,M06,U005,33,92,49.88,False,İçecek,Su,Marka-E,False
2025-03-27,M06,U005,32,60,49.88,False,İçecek,Su,Marka-E,False
2025-03-28,M06,U005,26,34,49.88,False,İçecek,Su,Marka-E,False
2025-03-29,M06,U005,34,0,49.88,True,İçecek,Su,Marka-E,False
2025-03-30,M06,U005,0,0,49.88,True,İçecek,Su,Marka-E,False
2025-03-31,M06,U005,0,0,49.88,True,İçecek,Su,Marka-E,False
2025-04-01,M06,U005,0,0,49.88,True,İçecek,Su,Marka-E,False
2025-04-02,M06,U005,16,107,49.88,False,İçecek,Su,Marka-E,False
2025-04-03,M06,U005,28,79,49.88,False,İçecek,Su,Marka-E,False
2025-04-04,M06,U005,41,38,49.88,False,İçecek,Su,Marka-E,False
2025-04-05,M06,U005,31,7,49.88,False,İçecek,Su,Marka-E,False
2025-04-06,M06,U005,7,0,49.88,True,İçecek,Su,Marka-E,False
2025-04-07,M06,U005,0,0,49.88,True,İçecek,Su,Marka-E,False
2025-04-08,M06,U005,0,0,49.88,True,İçecek,Su,Marka-E,False
2025-04-09,M06,U005,29,105,49.88,False,İçecek,Su,Marka-E,False
2025-04-10,M06,U005,36,69,49.88,False,İçecek,Su,Marka-E,False
2025-04-11,M06,U005,62,7,42.4,False,İçecek,Su,Marka-E,True
2025-04-12,M06,U005,7,0,49.88,True,İçecek,Su,Marka-E,False
2025-04-13,M06,U005,0,0,49.88,True,İçecek,Su,Marka-E,False
2025-04-14,M06,U005,0,0,49.88,True,İçecek,Su,Marka-E,False
2025-04-15,M06,U005,0,0,49.88,True,İçecek,Su,Marka-E,False
2025-04-16,M06,U005,39,92,39.9,False,İçecek,Su,Marka-E,True
2025-04-17,M06,U005,26,66,49.88,False,İçecek,Su,Marka-E,False
2025-04-18,M06,U005,16,50,49.88,False,İçecek,Su,Marka-E,False
2025-04-19,M06,U005,50,0,44.89,True,İçecek,Su,Marka-E,True
2025-04-20,M06,U005,0,0,49.88,True,İçecek,Su,Marka-E,False
2025-04-21,M06,U005,0,0,39.9,True,İçecek,Su,Marka-E,True
2025-04-22,M06,U005,0,0,49.88,True,İçecek,Su,Marka-E,False
2025-04-23,M06,U005,21,113,49.88,False,İçecek,Su,Marka-E,False
2025-04-24,M06,U005,34,79,49.88,False,İçecek,Su,Marka-E,False
2025-04-25,M06,U005,29,50,49.88,False,İçecek,Su,Marka-E,False
2025-04-26,M06,U005,37,13,49.88,False,İçecek,Su,Marka-E,False
2025-04-27,M06,U005,13,0,49.88,True,İçecek,Su,Marka-E,False
2025-04-28,M06,U005,0,0,49.88,True,İçecek,Su,Marka-E,False
2025-04-29,M06,U005,0,0,49.88,True,İçecek,Su,Marka-E,False
2025-04-30,M06,U005,30,100,49.88,False,İçecek,Su,Marka-E,False
2025-05-01,M06,U005,32,68,49.88,False,İçecek,Su,Marka-E,False
2025-05-02,M06,U005,30,38,49.88,False,İçecek,Su,Marka-E,False
2025-05-03,M06,U005,36,2,49.88,False,İçecek,Su,Marka-E,False
2025-05-04,M06,U005,2,0,49.88,True,İçecek,Su,Marka-E,False
2025-05-05,M06,U005,0,0,49.88,True,İçecek,Su,Marka-E,False
2025-05-06,M06,U005,0,0,49.88,True,İçecek,Su,Marka-E,False
2025-01-01,M06,U006,38,277,97.21,False,İçecek,Su,Marka-F,False
2025-01-02,M06,U006,42,235,97.21,False,İçecek,Su,Marka-F,False
2025-01-03,M06,U006,43,192,97.21,False,İçecek,Su,Marka-F,False
2025-01-04,M06,U006,51,141,97.21,False,İçecek,Su,Marka-F,False
2025-01-05,M06,U006,47,94,97.21,False,İçecek,Su,Marka-F,False
2025-01-06,M06,U006,38,56,97.21,False,İçecek,Su,Marka-F,False
2025-01-07,M06,U006,35,247,97.21,False,İçecek,Su,Marka-F,False
2025-01-08,M06,U006,42,205,97.21,False,İçecek,Su,Marka-F,False
2025-01-09,M06,U006,45,160,97.21,False,İçecek,Su,Marka-F,False
2025-01-10,M06,U006,47,113,97.21,False,İçecek,Su,Marka-F,False
2025-01-11,M06,U006,54,59,97.21,False,İçecek,Su,Marka-F,False
2025-01-12,M06,U006,52,7,97.21,False,İçecek,Su,Marka-F,False
2025-01-13,M06,U006,61,218,77.77,False,İçecek,Su,Marka-F,True
2025-01-14,M06,U006,39,179,97.21,False,İçecek,Su,Marka-F,False
2025-01-15,M06,U006,32,147,97.21,False,İçecek,Su,Marka-F,False
2025-01-16,M06,U006,41,106,97.21,False,İçecek,Su,Marka-F,False
2025-01-17,M06,U006,69,37,82.63,False,İçecek,Su,Marka-F,True
2025-01-18,M06,U006,37,0,87.49,True,İçecek,Su,Marka-F,True
2025-01-19,M06,U006,46,223,97.21,False,İçecek,Su,Marka-F,False
2025-01-20,M06,U006,42,181,97.21,False,İçecek,Su,Marka-F,False
2025-01-21,M06,U006,45,136,97.21,False,İçecek,Su,Marka-F,False
2025-01-22,M06,U006,52,84,97.21,False,İçecek,Su,Marka-F,False
2025-01-23,M06,U006,44,40,97.21,False,İçecek,Su,Marka-F,False
2025-01-24,M06,U006,40,0,97.21,True,İçecek,Su,Marka-F,False
2025-01-25,M06,U006,51,214,97.21,False,İçecek,Su,Marka-F,False
2025-01-26,M06,U006,86,128,77.77,False,İçecek,Su,Marka-F,True
2025-01-27,M06,U006,39,89,97.21,False,İçecek,Su,Marka-F,False
2025-01-28,M06,U006,54,35,87.49,False,İçecek,Su,Marka-F,True
2025-01-29,M06,U006,27,8,97.21,False,İçecek,Su,Marka-F,False
2025-01-30,M06,U006,8,0,97.21,True,İçecek,Su,Marka-F,False
2025-01-31,M06,U006,55,252,97.21,False,İçecek,Su,Marka-F,False
2025-02-01,M06,U006,52,200,97.21,False,İçecek,Su,Marka-F,False
2025-02-02,M06,U006,45,155,97.21,False,İçecek,Su,Marka-F,False
2025-02-03,M06,U006,53,102,82.63,False,İçecek,Su,Marka-F,True
2025-02-04,M06,U006,44,58,97.21,False,İçecek,Su,Marka-F,False
2025-02-05,M06,U006,47,11,97.21,False,İçecek,Su,Marka-F,False
2025-02-06,M06,U006,42,262,97.21,False,İçecek,Su,Marka-F,False
2025-02-07,M06,U006,46,216,97.21,False,İçecek,Su,Marka-F,False
2025-02-08,M06,U006,64,152,97.21,False,İçecek,Su,Marka-F,False
2025-02-09,M06,U006,48,104,97.21,False,İçecek,Su,Marka-F,False
2025-02-10,M06,U006,52,52,97.21,False,İçecek,Su,Marka-F,False
2025-02-11,M06,U006,35,17,97.21,False,İçecek,Su,Marka-F,False
2025-02-12,M06,U006,42,271,97.21,False,İçecek,Su,Marka-F,False
2025-02-13,M06,U006,55,216,97.21,False,İçecek,Su,Marka-F,False
2025-02-14,M06,U006,38,178,97.21,False,İçecek,Su,Marka-F,False
2025-02-15,M06,U006,65,113,97.21,False,İçecek,Su,Marka-F,False
2025-02-16,M06,U006,28,85,97.21,False,İçecek,Su,Marka-F,False
2025-02-17,M06,U006,28,57,97.21,False,İçecek,Su,Marka-F,False
2025-02-18,M06,U006,36,267,97.21,False,İçecek,Su,Marka-F,False
2025-02-19,M06,U006,37,230,97.21,False,İçecek,Su,Marka-F,False
2025-02-20,M06,U006,51,179,97.21,False,İçecek,Su,Marka-F,False
2025-02-21,M06,U006,65,114,97.21,False,İçecek,Su,Marka-F,False
2025-02-22,M06,U006,78,36,77.77,False,İçecek,Su,Marka-F,True
2025-02-23,M06,U006,36,0,97.21,True,İçecek,Su,Marka-F,False
2025-02-24,M06,U006,40,228,97.21,False,İçecek,Su,Marka-F,False
2025-02-25,M06,U006,48,180,97.21,False,İçecek,Su,Marka-F,False
2025-02-26,M06,U006,45,135,97.21,False,İçecek,Su,Marka-F,False
2025-02-27,M06,U006,48,87,97.21,False,İçecek,Su,Marka-F,False
2025-02-28,M06,U006,48,39,97.21,False,İçecek,Su,Marka-F,False
2025-03-01,M06,U006,39,0,97.21,True,İçecek,Su,Marka-F,False
2025-03-02,M06,U006,0,0,87.49,True,İçecek,Su,Marka-F,True
2025-03-03,M06,U006,0,0,97.21,True,İçecek,Su,Marka-F,False
2025-03-04,M06,U006,0,0,97.21,True,İçecek,Su,Marka-F,False
2025-03-05,M06,U006,0,0,97.21,True,İçecek,Su,Marka-F,False
2025-03-06,M06,U006,0,0,97.21,True,İçecek,Su,Marka-F,False
2025-03-07,M06,U006,0,0,97.21,True,İçecek,Su,Marka-F,False
2025-03-08,M06,U006,52,244,97.21,False,İçecek,Su,Marka-F,False
2025-03-09,M06,U006,47,197,97.21,False,İçecek,Su,Marka-F,False
2025-03-10,M06,U006,44,153,97.21,False,İçecek,Su,Marka-F,False
2025-03-11,M06,U006,39,114,97.21,False,İçecek,Su,Marka-F,False
2025-03-12,M06,U006,38,76,97.21,False,İçecek,Su,Marka-F,False
2025-03-13,M06,U006,44,32,97.21,False,İçecek,Su,Marka-F,False
2025-03-14,M06,U006,81,197,87.49,False,İçecek,Su,Marka-F,True
2025-03-15,M06,U006,66,131,97.21,False,İçecek,Su,Marka-F,False
2025-03-16,M06,U006,50,81,97.21,False,İçecek,Su,Marka-F,False
2025-03-17,M06,U006,44,37,97.21,False,İçecek,Su,Marka-F,False
2025-03-18,M06,U006,37,0,97.21,True,İçecek,Su,Marka-F,False
2025-03-19,M06,U006,0,0,97.21,True,İçecek,Su,Marka-F,False
2025-03-20,M06,U006,44,252,97.21,False,İçecek,Su,Marka-F,False
2025-03-21,M06,U006,46,206,97.21,False,İçecek,Su,Marka-F,False
2025-03-22,M06,U006,67,139,97.21,False,İçecek,Su,Marka-F,False
2025-03-23,M06,U006,55,84,97.21,False,İçecek,Su,Marka-F,False
2025-03-24,M06,U006,50,34,97.21,False,İçecek,Su,Marka-F,False
2025-03-25,M06,U006,34,0,97.21,True,İçecek,Su,Marka-F,False
2025-03-26,M06,U006,41,237,97.21,False,İçecek,Su,Marka-F,False
2025-03-27,M06,U006,46,191,97.21,False,İçecek,Su,Marka-F,False
2025-03-28,M06,U006,50,141,97.21,False,İçecek,Su,Marka-F,False
2025-03-29,M06,U006,50,91,97.21,False,İçecek,Su,Marka-F,False
2025-03-30,M06,U006,62,29,97.21,False,İçecek,Su,Marka-F,False
2025-03-31,M06,U006,29,0,97.21,True,İçecek,Su,Marka-F,False
2025-04-01,M06,U006,44,237,97.21,False,İçecek,Su,Marka-F,False
2025-04-02,M06,U006,42,195,97.21,False,İçecek,Su,Marka-F,False
2025-04-03,M06,U006,42,153,97.21,False,İçecek,Su,Marka-F,False
2025-04-04,M06,U006,40,113,97.21,False,İçecek,Su,Marka-F,False
2025-04-05,M06,U006,56,57,97.21,False,İçecek,Su,Marka-F,False
2025-04-06,M06,U006,56,1,97.21,False,İçecek,Su,Marka-F,False
2025-04-07,M06,U006,39,235,97.21,False,İçecek,Su,Marka-F,False
2025-04-08,M06,U006,38,197,97.21,False,İçecek,Su,Marka-F,False
2025-04-09,M06,U006,45,152,97.21,False,İçecek,Su,Marka-F,False
2025-04-10,M06,U006,42,110,97.21,False,İçecek,Su,Marka-F,False
2025-04-11,M06,U006,60,50,97.21,False,İçecek,Su,Marka-F,False
2025-04-12,M06,U006,50,0,97.21,True,İçecek,Su,Marka-F,False
2025-04-13,M06,U006,64,198,97.21,False,İçecek,Su,Marka-F,False
2025-04-14,M06,U006,48,150,97.21,False,İçecek,Su,Marka-F,False
2025-04-15,M06,U006,43,107,97.21,False,İçecek,Su,Marka-F,False
2025-04-16,M06,U006,45,62,97.21,False,İçecek,Su,Marka-F,False
2025-04-17,M06,U006,40,22,97.21,False,İçecek,Su,Marka-F,False
2025-04-18,M06,U006,22,0,97.21,True,İçecek,Su,Marka-F,False
2025-04-19,M06,U006,63,219,97.21,False,İçecek,Su,Marka-F,False
2025-04-20,M06,U006,54,165,97.21,False,İçecek,Su,Marka-F,False
2025-04-21,M06,U006,53,112,97.21,False,İçecek,Su,Marka-F,False
2025-04-22,M06,U006,41,71,97.21,False,İçecek,Su,Marka-F,False
2025-04-23,M06,U006,50,21,97.21,False,İçecek,Su,Marka-F,False
2025-04-24,M06,U006,21,0,97.21,True,İçecek,Su,Marka-F,False
2025-04-25,M06,U006,49,264,97.21,False,İçecek,Su,Marka-F,False
2025-04-26,M06,U006,66,198,97.21,False,İçecek,Su,Marka-F,False
2025-04-27,M06,U006,54,144,97.21,False,İçecek,Su,Marka-F,False
2025-04-28,M06,U006,41,103,97.21,False,İçecek,Su,Marka-F,False
2025-04-29,M06,U006,43,60,97.21,False,İçecek,Su,Marka-F,False
2025-04-30,M06,U006,41,19,97.21,False,İçecek,Su,Marka-F,False
2025-05-01,M06,U006,55,253,97.21,False,İçecek,Su,Marka-F,False
2025-05-02,M06,U006,36,217,97.21,False,İçecek,Su,Marka-F,False
2025-05-03,M06,U006,74,143,97.21,False,İçecek,Su,Marka-F,False
2025-05-04,M06,U006,56,87,97.21,False,İçecek,Su,Marka-F,False
2025-05-05,M06,U006,37,50,97.21,False,İçecek,Su,Marka-F,False
2025-05-06,M06,U006,47,3,97.21,False,İçecek,Su,Marka-F,False
2025-01-01,M06,U007,40,156,150.45,False,Atıştırmalık,Cips,Marka-A,False
2025-01-02,M06,U007,33,123,150.45,False,Atıştırmalık,Cips,Marka-A,False
2025-01-03,M06,U007,35,88,150.45,False,Atıştırmalık,Cips,Marka-A,False
2025-01-04,M06,U007,41,47,150.45,False,Atıştırmalık,Cips,Marka-A,False
2025-01-05,M06,U007,47,0,150.45,True,Atıştırmalık,Cips,Marka-A,False
2025-01-06,M06,U007,0,0,150.45,True,Atıştırmalık,Cips,Marka-A,False
2025-01-07,M06,U007,0,0,127.88,True,Atıştırmalık,Cips,Marka-A,True
2025-01-08,M06,U007,0,0,150.45,True,Atıştırmalık,Cips,Marka-A,False
2025-01-09,M06,U007,42,146,150.45,False,Atıştırmalık,Cips,Marka-A,False
2025-01-10,M06,U007,40,106,150.45,False,Atıştırmalık,Cips,Marka-A,False
2025-01-11,M06,U007,61,45,150.45,False,Atıştırmalık,Cips,Marka-A,False
2025-01-12,M06,U007,41,4,150.45,False,Atıştırmalık,Cips,Marka-A,False
2025-01-13,M06,U007,39,146,150.45,False,Atıştırmalık,Cips,Marka-A,False
2025-01-14,M06,U007,66,80,120.36,False,Atıştırmalık,Cips,Marka-A,True
2025-01-15,M06,U007,31,49,150.45,False,Atıştırmalık,Cips,Marka-A,False
2025-01-16,M06,U007,49,0,150.45,True,Atıştırmalık,Cips,Marka-A,False
2025-01-17,M06,U007,0,0,150.45,True,Atıştırmalık,Cips,Marka-A,False
2025-01-18,M06,U007,0,0,150.45,True,Atıştırmalık,Cips,Marka-A,False
2025-01-19,M06,U007,0,0,150.45,True,Atıştırmalık,Cips,Marka-A,False
2025-01-20,M06,U007,0,0,150.45,True,Atıştırmalık,Cips,Marka-A,False
2025-01-21,M06,U007,31,171,150.45,False,Atıştırmalık,Cips,Marka-A,False
2025-01-22,M06,U007,51,120,150.45,False,Atıştırmalık,Cips,Marka-A,False
2025-01-23,M06,U007,34,86,150.45,False,Atıştırmalık,Cips,Marka-A,False
2025-01-24,M06,U007,47,39,150.45,False,Atıştırmalık,Cips,Marka-A,False
2025-01-25,M06,U007,47,141,150.45,False,Atıştırmalık,Cips,Marka-A,False
2025-01-26,M06,U007,59,82,150.45,False,Atıştırmalık,Cips,Marka-A,False
2025-01-27,M06,U007,38,44,150.45,False,Atıştırmalık,Cips,Marka-A,False
2025-01-28,M06,U007,44,0,127.88,True,Atıştırmalık,Cips,Marka-A,True
2025-01-29,M06,U007,27,149,150.45,False,Atıştırmalık,Cips,Marka-A,False
2025-01-30,M06,U007,57,92,150.45,False,Atıştırmalık,Cips,Marka-A,False
2025-01-31,M06,U007,47,45,150.45,False,Atıştırmalık,Cips,Marka-A,False
2025-02-01,M06,U007,45,0,150.45,True,Atıştırmalık,Cips,Marka-A,False
2025-02-02,M06,U007,42,139,150.45,False,Atıştırmalık,Cips,Marka-A,False
2025-02-03,M06,U007,37,102,150.45,False,Atıştırmalık,Cips,Marka-A,False
2025-02-04,M06,U007,42,60,150.45,False,Atıştırmalık,Cips,Marka-A,False
2025-02-05,M06,U007,36,24,150.45,False,Atıştırmalık,Cips,Marka-A,False
2025-02-06,M06,U007,42,162,150.45,False,Atıştırmalık,Cips,Marka-A,False
2025-02-07,M06,U007,41,121,150.45,False,Atıştırmalık,Cips,Marka-A,False
2025-02-08,M06,U007,64,57,150.45,False,Atıştırmalık,Cips,Marka-A,False
2025-02-09,M06,U007,50,7,150.45,False,Atıştırmalık,Cips,Marka-A,False
2025-02-10,M06,U007,33,143,150.45,False,Atıştırmalık,Cips,Marka-A,False
2025-02-11,M06,U007,37,106,150.45,False,Atıştırmalık,Cips,Marka-A,False
2025-02-12,M06,U007,39,67,150.45,False,Atıştırmalık,Cips,Marka-A,False
2025-02-13,M06,U007,33,34,150.45,False,Atıştırmalık,Cips,Marka-A,False
2025-02-14,M06,U007,39,129,150.45,False,Atıştırmalık,Cips,Marka-A,False
2025-02-15,M06,U007,59,70,150.45,False,Atıştırmalık,Cips,Marka-A,False
2025-02-16,M06,U007,50,20,150.45,False,Atıştırmalık,Cips,Marka-A,False
2025-02-17,M06,U007,20,0,150.45,True,Atıştırmalık,Cips,Marka-A,False
2025-02-18,M06,U007,47,123,150.45,False,Atıştırmalık,Cips,Marka-A,False
2025-02-19,M06,U007,42,81,150.45,False,Atıştırmalık,Cips,Marka-A,False
2025-02-20,M06,U007,37,44,150.45,False,Atıştırmalık,Cips,Marka-A,False
2025-02-21,M06,U007,44,0,150.45,True,Atıştırmalık,Cips,Marka-A,False
2025-02-22,M06,U007,0,0,150.45,True,Atıştırmalık,Cips,Marka-A,False
2025-02-23,M06,U007,0,0,127.88,True,Atıştırmalık,Cips,Marka-A,True
2025-02-24,M06,U007,0,0,150.45,True,Atıştırmalık,Cips,Marka-A,False
2025-02-25,M06,U007,0,0,150.45,True,Atıştırmalık,Cips,Marka-A,False
2025-02-26,M06,U007,36,169,150.45,False,Atıştırmalık,Cips,Marka-A,False
2025-02-27,M06,U007,41,128,150.45,False,Atıştırmalık,Cips,Marka-A,False
2025-02-28,M06,U007,45,83,150.45,False,Atıştırmalık,Cips,Marka-A,False
2025-03-01,M06,U007,65,18,150.45,False,Atıştırmalık,Cips,Marka-A,False
2025-03-02,M06,U007,42,159,150.45,False,Atıştırmalık,Cips,Marka-A,False
2025-03-03,M06,U007,41,118,150.45,False,Atıştırmalık,Cips,Marka-A,False
2025-03-04,M06,U007,44,74,150.45,False,Atıştırmalık,Cips,Marka-A,False
2025-03-05,M06,U007,41,33,150.45,False,Atıştırmalık,Cips,Marka-A,False
2025-03-06,M06,U007,44,149,150.45,False,Atıştırmalık,Cips,Marka-A,False
2025-03-07,M06,U007,64,85,150.45,False,Atıştırmalık,Cips,Marka-A,False
2025-03-08,M06,U007,47,38,150.45,False,Atıştırmalık,Cips,Marka-A,False
2025-03-09,M06,U007,38,0,150.45,True,Atıştırmalık,Cips,Marka-A,False
2025-03-10,M06,U007,42,151,150.45,False,Atıştırmalık,Cips,Marka-A,False
2025-03-11,M06,U007,28,123,150.45,False,Atıştırmalık,Cips,Marka-A,False
2025-03-12,M06,U007,36,87,150.45,False,Atıştırmalık,Cips,Marka-A,False
2025-03-13,M06,U007,41,46,150.45,False,Atıştırmalık,Cips,Marka-A,False
2025-03-14,M06,U007,51,145,150.45,False,Atıştırmalık,Cips,Marka-A,False
2025-03-15,M06,U007,57,88,150.45,False,Atıştırmalık,Cips,Marka-A,False
2025-03-16,M06,U007,37,51,150.45,False,Atıştırmalık,Cips,Marka-A,False
2025-03-17,M06,U007,42,9,150.45,False,Atıştırmalık,Cips,Marka-A,False
2025-03-18,M06,U007,43,158,150.45,False,Atıştırmalık,Cips,Marka-A,False
2025-03-19,M06,U007,45,113,150.45,False,Atıştırmalık,Cips,Marka-A,False
2025-03-20,M06,U007,54,59,150.45,False,Atıştırmalık,Cips,Marka-A,False
2025-03-21,M06,U007,49,10,150.45,False,Atıştırmalık,Cips,Marka-A,False
2025-03-22,M06,U007,53,129,150.45,False,Atıştırmalık,Cips,Marka-A,False
2025-03-23,M06,U007,75,54,127.88,False,Atıştırmalık,Cips,Marka-A,True
2025-03-24,M06,U007,34,20,150.45,False,Atıştırmalık,Cips,Marka-A,False
2025-03-25,M06,U007,20,0,150.45,True,Atıştırmalık,Cips,Marka-A,False
2025-03-26,M06,U007,46,156,150.45,False,Atıştırmalık,Cips,Marka-A,False
2025-03-27,M06,U007,35,121,150.45,False,Atıştırmalık,Cips,Marka-A,False
2025-03-28,M06,U007,51,70,150.45,False,Atıştırmalık,Cips,Marka-A,False
2025-03-29,M06,U007,44,26,150.45,False,Atıştırmalık,Cips,Marka-A,False
2025-03-30,M06,U007,26,0,150.45,True,Atıştırmalık,Cips,Marka-A,False
2025-03-31,M06,U007,0,0,150.45,True,Atıştırmalık,Cips,Marka-A,False
2025-04-01,M06,U007,0,0,150.45,True,Atıştırmalık,Cips,Marka-A,False
2025-04-02,M06,U007,0,0,150.45,True,Atıştırmalık,Cips,Marka-A,False
2025-04-03,M06,U007,70,134,127.88,False,Atıştırmalık,Cips,Marka-A,True
2025-04-04,M06,U007,35,99,150.45,False,Atıştırmalık,Cips,Marka-A,False
2025-04-05,M06,U007,56,43,150.45,False,Atıştırmalık,Cips,Marka-A,False
2025-04-06,M06,U007,43,0,150.45,True,Atıştırmalık,Cips,Marka-A,False
2025-04-07,M06,U007,41,152,150.45,False,Atıştırmalık,Cips,Marka-A,False
2025-04-08,M06,U007,35,117,150.45,False,Atıştırmalık,Cips,Marka-A,False
2025-04-09,M06,U007,32,85,150.45,False,Atıştırmalık,Cips,Marka-A,False
2025-04-10,M06,U007,62,23,120.36,False,Atıştırmalık,Cips,Marka-A,True
2025-04-11,M06,U007,49,150,150.45,False,Atıştırmalık,Cips,Marka-A,False
2025-04-12,M06,U007,59,91,150.45,False,Atıştırmalık,Cips,Marka-A,False
2025-04-13,M06,U007,55,36,150.45,False,Atıştırmalık,Cips,Marka-A,False
2025-04-14,M06,U007,36,0,150.45,True,Atıştırmalık,Cips,Marka-A,False
2025-04-15,M06,U007,41,130,150.45,False,Atıştırmalık,Cips,Marka-A,False
2025-04-16,M06,U007,45,85,150.45,False,Atıştırmalık,Cips,Marka-A,False
2025-04-17,M06,U007,36,49,150.45,False,Atıştırmalık,Cips,Marka-A,False
2025-04-18,M06,U007,43,6,150.45,False,Atıştırmalık,Cips,Marka-A,False
2025-04-19,M06,U007,63,132,150.45,False,Atıştırmalık,Cips,Marka-A,False
2025-04-20,M06,U007,85,47,127.88,False,Atıştırmalık,Cips,Marka-A,True
2025-04-21,M06,U007,47,0,135.41,True,Atıştırmalık,Cips,Marka-A,True
2025-04-22,M06,U007,0,0,150.45,True,Atıştırmalık,Cips,Marka-A,False
2025-04-23,M06,U007,66,123,150.45,False,Atıştırmalık,Cips,Marka-A,False
2025-04-24,M06,U007,40,83,150.45,False,Atıştırmalık,Cips,Marka-A,False
2025-04-25,M06,U007,44,39,150.45,False,Atıştırmalık,Cips,Marka-A,False
2025-04-26,M06,U007,39,0,150.45,True,Atıştırmalık,Cips,Marka-A,False
2025-04-27,M06,U007,54,151,150.45,False,Atıştırmalık,Cips,Marka-A,False
2025-04-28,M06,U007,36,115,150.45,False,Atıştırmalık,Cips,Marka-A,False
2025-04-29,M06,U007,44,71,150.45,False,Atıştırmalık,Cips,Marka-A,False
2025-04-30,M06,U007,53,18,150.45,False,Atıştırmalık,Cips,Marka-A,False
2025-05-01,M06,U007,46,151,150.45,False,Atıştırmalık,Cips,Marka-A,False
2025-05-02,M06,U007,57,94,150.45,False,Atıştırmalık,Cips,Marka-A,False
2025-05-03,M06,U007,67,27,150.45,False,Atıştırmalık,Cips,Marka-A,False
2025-05-04,M06,U007,27,0,150.45,True,Atıştırmalık,Cips,Marka-A,False
2025-05-05,M06,U007,44,142,150.45,False,Atıştırmalık,Cips,Marka-A,False
2025-05-06,M06,U007,65,77,127.88,False,Atıştırmalık,Cips,Marka-A,True
2025-01-01,M06,U008,14,75,111.37,False,Atıştırmalık,Cips,Marka-B,False
2025-01-02,M06,U008,19,56,111.37,False,Atıştırmalık,Cips,Marka-B,False
2025-01-03,M06,U008,30,26,89.1,False,Atıştırmalık,Cips,Marka-B,True
2025-01-04,M06,U008,15,11,111.37,False,Atıştırmalık,Cips,Marka-B,False
2025-01-05,M06,U008,11,0,111.37,True,Atıştırmalık,Cips,Marka-B,False
2025-01-06,M06,U008,0,0,111.37,True,Atıştırmalık,Cips,Marka-B,False
2025-01-07,M06,U008,0,0,94.66,True,Atıştırmalık,Cips,Marka-B,True
2025-01-08,M06,U008,20,63,111.37,False,Atıştırmalık,Cips,Marka-B,False
2025-01-09,M06,U008,17,46,111.37,False,Atıştırmalık,Cips,Marka-B,False
2025-01-10,M06,U008,24,22,89.1,False,Atıştırmalık,Cips,Marka-B,True
2025-01-11,M06,U008,22,0,111.37,False,Atıştırmalık,Cips,Marka-B,False
2025-01-12,M06,U008,0,0,111.37,True,Atıştırmalık,Cips,Marka-B,False
2025-01-13,M06,U008,0,0,111.37,True,Atıştırmalık,Cips,Marka-B,False
2025-01-14,M06,U008,0,0,89.1,True,Atıştırmalık,Cips,Marka-B,True
2025-01-15,M06,U008,15,64,111.37,False,Atıştırmalık,Cips,Marka-B,False
2025-01-16,M06,U008,12,52,111.37,False,Atıştırmalık,Cips,Marka-B,False
2025-01-17,M06,U008,19,33,111.37,False,Atıştırmalık,Cips,Marka-B,False
2025-01-18,M06,U008,22,11,111.37,False,Atıştırmalık,Cips,Marka-B,False
2025-01-19,M06,U008,11,0,111.37,True,Atıştırmalık,Cips,Marka-B,False
2025-01-20,M06,U008,0,0,111.37,True,Atıştırmalık,Cips,Marka-B,False
2025-01-21,M06,U008,0,0,111.37,True,Atıştırmalık,Cips,Marka-B,False
2025-01-22,M06,U008,20,69,111.37,False,Atıştırmalık,Cips,Marka-B,False
2025-01-23,M06,U008,18,51,111.37,False,Atıştırmalık,Cips,Marka-B,False
2025-01-24,M06,U008,14,37,111.37,False,Atıştırmalık,Cips,Marka-B,False
2025-01-25,M06,U008,23,14,111.37,False,Atıştırmalık,Cips,Marka-B,False
2025-01-26,M06,U008,14,0,111.37,True,Atıştırmalık,Cips,Marka-B,False
2025-01-27,M06,U008,0,0,111.37,True,Atıştırmalık,Cips,Marka-B,False
2025-01-28,M06,U008,0,0,111.37,True,Atıştırmalık,Cips,Marka-B,False
2025-01-29,M06,U008,18,63,111.37,False,Atıştırmalık,Cips,Marka-B,False
2025-01-30,M06,U008,22,41,111.37,False,Atıştırmalık,Cips,Marka-B,False
2025-01-31,M06,U008,20,21,111.37,False,Atıştırmalık,Cips,Marka-B,False
2025-02-01,M06,U008,21,0,111.37,False,Atıştırmalık,Cips,Marka-B,False
2025-02-02,M06,U008,0,0,111.37,True,Atıştırmalık,Cips,Marka-B,False
2025-02-03,M06,U008,0,0,111.37,True,Atıştırmalık,Cips,Marka-B,False
2025-02-04,M06,U008,0,0,100.23,True,Atıştırmalık,Cips,Marka-B,True
2025-02-05,M06,U008,0,0,111.37,True,Atıştırmalık,Cips,Marka-B,False
2025-02-06,M06,U008,0,0,111.37,True,Atıştırmalık,Cips,Marka-B,False
2025-02-07,M06,U008,0,0,111.37,True,Atıştırmalık,Cips,Marka-B,False
2025-02-08,M06,U008,0,0,111.37,True,Atıştırmalık,Cips,Marka-B,False
2025-02-09,M06,U008,0,0,111.37,True,Atıştırmalık,Cips,Marka-B,False
2025-02-10,M06,U008,0,0,111.37,True,Atıştırmalık,Cips,Marka-B,False
2025-02-11,M06,U008,0,0,94.66,True,Atıştırmalık,Cips,Marka-B,True
2025-02-12,M06,U008,16,72,111.37,False,Atıştırmalık,Cips,Marka-B,False
2025-02-13,M06,U008,12,60,111.37,False,Atıştırmalık,Cips,Marka-B,False
2025-02-14,M06,U008,20,40,111.37,False,Atıştırmalık,Cips,Marka-B,False
2025-02-15,M06,U008,27,13,111.37,False,Atıştırmalık,Cips,Marka-B,False
2025-02-16,M06,U008,13,0,111.37,True,Atıştırmalık,Cips,Marka-B,False
2025-02-17,M06,U008,0,0,111.37,True,Atıştırmalık,Cips,Marka-B,False
2025-02-18,M06,U008,0,0,111.37,True,Atıştırmalık,Cips,Marka-B,False
2025-02-19,M06,U008,17,70,111.37,False,Atıştırmalık,Cips,Marka-B,False
2025-02-20,M06,U008,22,48,111.37,False,Atıştırmalık,Cips,Marka-B,False
2025-02-21,M06,U008,19,29,111.37,False,Atıştırmalık,Cips,Marka-B,False
2025-02-22,M06,U008,29,0,111.37,True,Atıştırmalık,Cips,Marka-B,False
2025-02-23,M06,U008,0,0,111.37,True,Atıştırmalık,Cips,Marka-B,False
2025-02-24,M06,U008,0,0,111.37,True,Atıştırmalık,Cips,Marka-B,False
2025-02-25,M06,U008,0,0,111.37,True,Atıştırmalık,Cips,Marka-B,False
2025-02-26,M06,U008,11,82,111.37,False,Atıştırmalık,Cips,Marka-B,False
2025-02-27,M06,U008,18,64,111.37,False,Atıştırmalık,Cips,Marka-B,False
2025-02-28,M06,U008,18,46,111.37,False,Atıştırmalık,Cips,Marka-B,False
2025-03-01,M06,U008,26,20,111.37,False,Atıştırmalık,Cips,Marka-B,False
2025-03-02,M06,U008,19,1,111.37,False,Atıştırmalık,Cips,Marka-B,False
2025-03-03,M06,U008,1,0,111.37,True,Atıştırmalık,Cips,Marka-B,False
2025-03-04,M06,U008,0,0,111.37,True,Atıştırmalık,Cips,Marka-B,False
2025-03-05,M06,U008,25,68,111.37,False,Atıştırmalık,Cips,Marka-B,False
2025-03-06,M06,U008,22,46,111.37,False,Atıştırmalık,Cips,Marka-B,False
2025-03-07,M06,U008,20,26,111.37,False,Atıştırmalık,Cips,Marka-B,False
2025-03-08,M06,U008,19,7,111.37,False,Atıştırmalık,Cips,Marka-B,False
2025-03-09,M06,U008,7,0,111.37,True,Atıştırmalık,Cips,Marka-B,False
2025-03-10,M06,U008,0,0,111.37,True,Atıştırmalık,Cips,Marka-B,False
2025-03-11,M06,U008,0,0,111.37,True,Atıştırmalık,Cips,Marka-B,False
2025-03-12,M06,U008,24,72,89.1,False,Atıştırmalık,Cips,Marka-B,True
2025-03-13,M06,U008,20,52,111.37,False,Atıştırmalık,Cips,Marka-B,False
2025-03-14,M06,U008,19,33,111.37,False,Atıştırmalık,Cips,Marka-B,False
2025-03-15,M06,U008,19,14,111.37,False,Atıştırmalık,Cips,Marka-B,False
2025-03-16,M06,U008,14,0,100.23,True,Atıştırmalık,Cips,Marka-B,True
2025-03-17,M06,U008,0,0,111.37,True,Atıştırmalık,Cips,Marka-B,False
2025-03-18,M06,U008,0,0,111.37,True,Atıştırmalık,Cips,Marka-B,False
2025-03-19,M06,U008,18,62,111.37,False,Atıştırmalık,Cips,Marka-B,False
2025-03-20,M06,U008,17,45,111.37,False,Atıştırmalık,Cips,Marka-B,False
2025-03-21,M06,U008,43,2,89.1,False,Atıştırmalık,Cips,Marka-B,True
2025-03-22,M06,U008,2,0,111.37,True,Atıştırmalık,Cips,Marka-B,False
2025-03-23,M06,U008,0,0,111.37,True,Atıştırmalık,Cips,Marka-B,False
2025-03-24,M06,U008,0,0,111.37,True,Atıştırmalık,Cips,Marka-B,False
2025-03-25,M06,U008,0,0,111.37,True,Atıştırmalık,Cips,Marka-B,False
2025-03-26,M06,U008,27,55,111.37,False,Atıştırmalık,Cips,Marka-B,False
2025-03-27,M06,U008,29,26,111.37,False,Atıştırmalık,Cips,Marka-B,False
2025-03-28,M06,U008,17,9,111.37,False,Atıştırmalık,Cips,Marka-B,False
2025-03-29,M06,U008,9,0,111.37,True,Atıştırmalık,Cips,Marka-B,False
2025-03-30,M06,U008,0,0,111.37,True,Atıştırmalık,Cips,Marka-B,False
2025-03-31,M06,U008,0,0,111.37,True,Atıştırmalık,Cips,Marka-B,False
2025-04-01,M06,U008,0,0,111.37,True,Atıştırmalık,Cips,Marka-B,False
2025-04-02,M06,U008,16,69,111.37,False,Atıştırmalık,Cips,Marka-B,False
2025-04-03,M06,U008,28,41,100.23,False,Atıştırmalık,Cips,Marka-B,True
2025-04-04,M06,U008,16,25,111.37,False,Atıştırmalık,Cips,Marka-B,False
2025-04-05,M06,U008,23,2,111.37,False,Atıştırmalık,Cips,Marka-B,False
2025-04-06,M06,U008,2,0,111.37,True,Atıştırmalık,Cips,Marka-B,False
2025-04-07,M06,U008,0,0,111.37,True,Atıştırmalık,Cips,Marka-B,False
2025-04-08,M06,U008,0,0,111.37,True,Atıştırmalık,Cips,Marka-B,False
2025-04-09,M06,U008,14,67,111.37,False,Atıştırmalık,Cips,Marka-B,False
2025-04-10,M06,U008,19,48,111.37,False,Atıştırmalık,Cips,Marka-B,False
2025-04-11,M06,U008,19,29,111.37,False,Atıştırmalık,Cips,Marka-B,False
2025-04-12,M06,U008,22,7,111.37,False,Atıştırmalık,Cips,Marka-B,False
2025-04-13,M06,U008,7,0,111.37,True,Atıştırmalık,Cips,Marka-B,False
2025-04-14,M06,U008,0,0,111.37,True,Atıştırmalık,Cips,Marka-B,False
2025-04-15,M06,U008,0,0,111.37,True,Atıştırmalık,Cips,Marka-B,False
2025-04-16,M06,U008,15,75,111.37,False,Atıştırmalık,Cips,Marka-B,False
2025-04-17,M06,U008,20,55,111.37,False,Atıştırmalık,Cips,Marka-B,False
2025-04-18,M06,U008,31,24,111.37,False,Atıştırmalık,Cips,Marka-B,False
2025-04-19,M06,U008,24,0,111.37,True,Atıştırmalık,Cips,Marka-B,False
2025-04-20,M06,U008,0,0,111.37,True,Atıştırmalık,Cips,Marka-B,False
2025-04-21,M06,U008,0,0,89.1,True,Atıştırmalık,Cips,Marka-B,True
2025-04-22,M06,U008,0,0,111.37,True,Atıştırmalık,Cips,Marka-B,False
2025-04-23,M06,U008,18,66,111.37,False,Atıştırmalık,Cips,Marka-B,False
2025-04-24,M06,U008,16,50,111.37,False,Atıştırmalık,Cips,Marka-B,False
2025-04-25,M06,U008,29,21,111.37,False,Atıştırmalık,Cips,Marka-B,False
2025-04-26,M06,U008,21,0,111.37,True,Atıştırmalık,Cips,Marka-B,False
2025-04-27,M06,U008,0,0,111.37,True,Atıştırmalık,Cips,Marka-B,False
2025-04-28,M06,U008,0,0,111.37,True,Atıştırmalık,Cips,Marka-B,False
2025-04-29,M06,U008,0,0,111.37,True,Atıştırmalık,Cips,Marka-B,False
2025-04-30,M06,U008,19,68,111.37,False,Atıştırmalık,Cips,Marka-B,False
2025-05-01,M06,U008,12,56,111.37,False,Atıştırmalık,Cips,Marka-B,False
2025-05-02,M06,U008,24,32,111.37,False,Atıştırmalık,Cips,Marka-B,False
2025-05-03,M06,U008,32,0,111.37,True,Atıştırmalık,Cips,Marka-B,False
2025-05-04,M06,U008,0,0,111.37,True,Atıştırmalık,Cips,Marka-B,False
2025-05-05,M06,U008,0,0,111.37,True,Atıştırmalık,Cips,Marka-B,False
2025-05-06,M06,U008,0,0,111.37,True,Atıştırmalık,Cips,Marka-B,False
2025-01-01,M06,U009,13,58,133.04,False,Atıştırmalık,Bisküvi,Marka-C,False
2025-01-02,M06,U009,23,35,133.04,False,Atıştırmalık,Bisküvi,Marka-C,False
2025-01-03,M06,U009,13,22,133.04,False,Atıştırmalık,Bisküvi,Marka-C,False
2025-01-04,M06,U009,8,14,133.04,False,Atıştırmalık,Bisküvi,Marka-C,False
2025-01-05,M06,U009,5,68,133.04,False,Atıştırmalık,Bisküvi,Marka-C,False
2025-01-06,M06,U009,15,53,106.43,False,Atıştırmalık,Bisküvi,Marka-C,True
2025-01-07,M06,U009,14,39,133.04,False,Atıştırmalık,Bisküvi,Marka-C,False
2025-01-08,M06,U009,11,28,133.04,False,Atıştırmalık,Bisküvi,Marka-C,False
2025-01-09,M06,U009,10,72,133.04,False,Atıştırmalık,Bisküvi,Marka-C,False
2025-01-10,M06,U009,24,48,106.43,False,Atıştırmalık,Bisküvi,Marka-C,True
2025-01-11,M06,U009,9,39,133.04,False,Atıştırmalık,Bisküvi,Marka-C,False
2025-01-12,M06,U009,10,29,133.04,False,Atıştırmalık,Bisküvi,Marka-C,False
2025-01-13,M06,U009,7,75,133.04,False,Atıştırmalık,Bisküvi,Marka-C,False
2025-01-14,M06,U009,14,61,133.04,False,Atıştırmalık,Bisküvi,Marka-C,False
2025-01-15,M06,U009,16,45,133.04,False,Atıştırmalık,Bisküvi,Marka-C,False
2025-01-16,M06,U009,23,22,106.43,False,Atıştırmalık,Bisküvi,Marka-C,True
2025-01-17,M06,U009,13,55,133.04,False,Atıştırmalık,Bisküvi,Marka-C,False
2025-01-18,M06,U009,13,42,133.04,False,Atıştırmalık,Bisküvi,Marka-C,False
2025-01-19,M06,U009,14,28,133.04,False,Atıştırmalık,Bisküvi,Marka-C,False
2025-01-20,M06,U009,9,19,133.04,False,Atıştırmalık,Bisküvi,Marka-C,False
2025-01-21,M06,U009,8,68,133.04,False,Atıştırmalık,Bisküvi,Marka-C,False
2025-01-22,M06,U009,9,59,133.04,False,Atıştırmalık,Bisküvi,Marka-C,False
2025-01-23,M06,U009,15,44,133.04,False,Atıştırmalık,Bisküvi,Marka-C,False
2025-01-24,M06,U009,19,25,106.43,False,Atıştırmalık,Bisküvi,Marka-C,True
2025-01-25,M06,U009,17,58,113.08,False,Atıştırmalık,Bisküvi,Marka-C,True
2025-01-26,M06,U009,20,38,106.43,False,Atıştırmalık,Bisküvi,Marka-C,True
2025-01-27,M06,U009,11,27,133.04,False,Atıştırmalık,Bisküvi,Marka-C,False
2025-01-28,M06,U009,12,15,133.04,False,Atıştırmalık,Bisküvi,Marka-C,False
2025-01-29,M06,U009,14,68,133.04,False,Atıştırmalık,Bisküvi,Marka-C,False
2025-01-30,M06,U009,8,60,133.04,False,Atıştırmalık,Bisküvi,Marka-C,False
2025-01-31,M06,U009,17,43,133.04,False,Atıştırmalık,Bisküvi,Marka-C,False
2025-02-01,M06,U009,11,32,133.04,False,Atıştırmalık,Bisküvi,Marka-C,False
2025-02-02,M06,U009,13,68,133.04,False,Atıştırmalık,Bisküvi,Marka-C,False
2025-02-03,M06,U009,14,54,133.04,False,Atıştırmalık,Bisküvi,Marka-C,False
2025-02-04,M06,U009,9,45,133.04,False,Atıştırmalık,Bisküvi,Marka-C,False
2025-02-05,M06,U009,12,33,133.04,False,Atıştırmalık,Bisküvi,Marka-C,False
2025-02-06,M06,U009,18,55,133.04,False,Atıştırmalık,Bisküvi,Marka-C,False
2025-02-07,M06,U009,12,43,133.04,False,Atıştırmalık,Bisküvi,Marka-C,False
2025-02-08,M06,U009,22,21,106.43,False,Atıştırmalık,Bisküvi,Marka-C,True
2025-02-09,M06,U009,12,9,133.04,False,Atıştırmalık,Bisküvi,Marka-C,False
2025-02-10,M06,U009,12,60,133.04,False,Atıştırmalık,Bisküvi,Marka-C,False
2025-02-11,M06,U009,11,49,133.04,False,Atıştırmalık,Bisküvi,Marka-C,False
2025-02-12,M06,U009,11,38,133.04,False,Atıştırmalık,Bisküvi,Marka-C,False
2025-02-13,M06,U009,17,21,113.08,False,Atıştırmalık,Bisküvi,Marka-C,True
2025-02-14,M06,U009,21,50,133.04,False,Atıştırmalık,Bisküvi,Marka-C,False
2025-02-15,M06,U009,18,32,133.04,False,Atıştırmalık,Bisküvi,Marka-C,False
2025-02-16,M06,U009,17,15,133.04,False,Atıştırmalık,Bisküvi,Marka-C,False
2025-02-17,M06,U009,15,0,133.04,True,Atıştırmalık,Bisküvi,Marka-C,False
2025-02-18,M06,U009,7,72,133.04,False,Atıştırmalık,Bisküvi,Marka-C,False
2025-02-19,M06,U009,14,58,133.04,False,Atıştırmalık,Bisküvi,Marka-C,False
2025-02-20,M06,U009,14,44,133.04,False,Atıştırmalık,Bisküvi,Marka-C,False
2025-02-21,M06,U009,11,33,133.04,False,Atıştırmalık,Bisküvi,Marka-C,False
2025-02-22,M06,U009,13,59,133.04,False,Atıştırmalık,Bisküvi,Marka-C,False
2025-02-23,M06,U009,18,41,133.04,False,Atıştırmalık,Bisküvi,Marka-C,False
2025-02-24,M06,U009,10,31,133.04,False,Atıştırmalık,Bisküvi,Marka-C,False
2025-02-25,M06,U009,11,20,133.04,False,Atıştırmalık,Bisküvi,Marka-C,False
2025-02-26,M06,U009,16,60,133.04,False,Atıştırmalık,Bisküvi,Marka-C,False
2025-02-27,M06,U009,15,45,133.04,False,Atıştırmalık,Bisküvi,Marka-C,False
2025-02-28,M06,U009,13,32,133.04,False,Atıştırmalık,Bisküvi,Marka-C,False
2025-03-01,M06,U009,13,19,133.04,False,Atıştırmalık,Bisküvi,Marka-C,False
2025-03-02,M06,U009,10,59,133.04,False,Atıştırmalık,Bisküvi,Marka-C,False
2025-03-03,M06,U009,13,46,133.04,False,Atıştırmalık,Bisküvi,Marka-C,False
2025-03-04,M06,U009,12,34,133.04,False,Atıştırmalık,Bisküvi,Marka-C,False
2025-03-05,M06,U009,9,25,133.04,False,Atıştırmalık,Bisküvi,Marka-C,False
2025-03-06,M06,U009,9,66,133.04,False,Atıştırmalık,Bisküvi,Marka-C,False
2025-03-07,M06,U009,14,52,133.04,False,Atıştırmalık,Bisküvi,Marka-C,False
2025-03-08,M06,U009,19,33,133.04,False,Atıştırmalık,Bisküvi,Marka-C,False
2025-03-09,M06,U009,21,12,133.04,False,Atıştırmalık,Bisküvi,Marka-C,False
2025-03-10,M06,U009,13,56,133.04,False,Atıştırmalık,Bisküvi,Marka-C,False
2025-03-11,M06,U009,13,43,133.04,False,Atıştırmalık,Bisküvi,Marka-C,False
2025-03-12,M06,U009,10,33,133.04,False,Atıştırmalık,Bisküvi,Marka-C,False
2025-03-13,M06,U009,11,22,133.04,False,Atıştırmalık,Bisküvi,Marka-C,False
2025-03-14,M06,U009,10,72,133.04,False,Atıştırmalık,Bisküvi,Marka-C,False
2025-03-15,M06,U009,10,62,133.04,False,Atıştırmalık,Bisküvi,Marka-C,False
2025-03-16,M06,U009,15,47,133.04,False,Atıştırmalık,Bisküvi,Marka-C,False
2025-03-17,M06,U009,16,31,106.43,False,Atıştırmalık,Bisküvi,Marka-C,True
2025-03-18,M06,U009,19,62,119.74,False,Atıştırmalık,Bisküvi,Marka-C,True
2025-03-19,M06,U009,12,50,133.04,False,Atıştırmalık,Bisküvi,Marka-C,False
2025-03-20,M06,U009,13,37,133.04,False,Atıştırmalık,Bisküvi,Marka-C,False
2025-03-21,M06,U009,10,27,133.04,False,Atıştırmalık,Bisküvi,Marka-C,False
2025-03-22,M06,U009,20,49,133.04,False,Atıştırmalık,Bisküvi,Marka-C,False
2025-03-23,M06,U009,10,39,133.04,False,Atıştırmalık,Bisküvi,Marka-C,False
2025-03-24,M06,U009,15,24,113.08,False,Atıştırmalık,Bisküvi,Marka-C,True
2025-03-25,M06,U009,21,3,106.43,False,Atıştırmalık,Bisküvi,Marka-C,True
2025-03-26,M06,U009,14,56,133.04,False,Atıştırmalık,Bisküvi,Marka-C,False
2025-03-27,M06,U009,9,47,133.04,False,Atıştırmalık,Bisküvi,Marka-C,False
2025-03-28,M06,U009,13,34,133.04,False,Atıştırmalık,Bisküvi,Marka-C,False
2025-03-29,M06,U009,17,17,133.04,False,Atıştırmalık,Bisküvi,Marka-C,False
2025-03-30,M06,U009,12,58,133.04,False,Atıştırmalık,Bisküvi,Marka-C,False
2025-03-31,M06,U009,15,43,133.04,False,Atıştırmalık,Bisküvi,Marka-C,False
2025-04-01,M06,U009,22,21,106.43,False,Atıştırmalık,Bisküvi,Marka-C,True
2025-04-02,M06,U009,15,6,133.04,False,Atıştırmalık,Bisküvi,Marka-C,False
2025-04-03,M06,U009,12,63,133.04,False,Atıştırmalık,Bisküvi,Marka-C,False
2025-04-04,M06,U009,14,49,133.04,False,Atıştırmalık,Bisküvi,Marka-C,False
2025-04-05,M06,U009,11,38,133.04,False,Atıştırmalık,Bisküvi,Marka-C,False
2025-04-06,M06,U009,11,27,133.04,False,Atıştırmalık,Bisküvi,Marka-C,False
2025-04-07,M06,U009,13,56,119.74,False,Atıştırmalık,Bisküvi,Marka-C,True
2025-04-08,M06,U009,20,36,133.04,False,Atıştırmalık,Bisküvi,Marka-C,False
2025-04-09,M06,U009,11,25,133.04,False,Atıştırmalık,Bisküvi,Marka-C,False
2025-04-10,M06,U009,10,15,133.04,False,Atıştırmalık,Bisküvi,Marka-C,False
2025-04-11,M06,U009,15,0,133.04,True,Atıştırmalık,Bisküvi,Marka-C,False
2025-04-12,M06,U009,0,0,133.04,True,Atıştırmalık,Bisküvi,Marka-C,False
2025-04-13,M06,U009,0,0,133.04,True,Atıştırmalık,Bisküvi,Marka-C,False
2025-04-14,M06,U009,0,0,133.04,True,Atıştırmalık,Bisküvi,Marka-C,False
2025-04-15,M06,U009,11,57,133.04,False,Atıştırmalık,Bisküvi,Marka-C,False
2025-04-16,M06,U009,10,47,133.04,False,Atıştırmalık,Bisküvi,Marka-C,False
2025-04-17,M06,U009,15,32,133.04,False,Atıştırmalık,Bisküvi,Marka-C,False
2025-04-18,M06,U009,11,21,133.04,False,Atıştırmalık,Bisküvi,Marka-C,False
2025-04-19,M06,U009,13,58,133.04,False,Atıştırmalık,Bisküvi,Marka-C,False
2025-04-20,M06,U009,20,38,133.04,False,Atıştırmalık,Bisküvi,Marka-C,False
2025-04-21,M06,U009,9,29,133.04,False,Atıştırmalık,Bisküvi,Marka-C,False
2025-04-22,M06,U009,13,16,133.04,False,Atıştırmalık,Bisküvi,Marka-C,False
2025-04-23,M06,U009,24,45,133.04,False,Atıştırmalık,Bisküvi,Marka-C,False
2025-04-24,M06,U009,20,25,106.43,False,Atıştırmalık,Bisküvi,Marka-C,True
2025-04-25,M06,U009,9,16,133.04,False,Atıştırmalık,Bisküvi,Marka-C,False
2025-04-26,M06,U009,16,0,133.04,True,Atıştırmalık,Bisküvi,Marka-C,False
2025-04-27,M06,U009,16,65,133.04,False,Atıştırmalık,Bisküvi,Marka-C,False
2025-04-28,M06,U009,14,51,133.04,False,Atıştırmalık,Bisküvi,Marka-C,False
2025-04-29,M06,U009,22,29,113.08,False,Atıştırmalık,Bisküvi,Marka-C,True
2025-04-30,M06,U009,7,22,133.04,False,Atıştırmalık,Bisküvi,Marka-C,False
2025-05-01,M06,U009,11,62,133.04,False,Atıştırmalık,Bisküvi,Marka-C,False
2025-05-02,M06,U009,11,51,133.04,False,Atıştırmalık,Bisküvi,Marka-C,False
2025-05-03,M06,U009,15,36,133.04,False,Atıştırmalık,Bisküvi,Marka-C,False
2025-05-04,M06,U009,21,15,133.04,False,Atıştırmalık,Bisküvi,Marka-C,False
2025-05-05,M06,U009,12,60,133.04,False,Atıştırmalık,Bisküvi,Marka-C,False
2025-05-06,M06,U009,18,42,133.04,False,Atıştırmalık,Bisküvi,Marka-C,False
2025-01-01,M06,U010,41,133,186.29,False,Atıştırmalık,Bisküvi,Marka-D,False
2025-01-02,M06,U010,44,89,186.29,False,Atıştırmalık,Bisküvi,Marka-D,False
2025-01-03,M06,U010,37,52,186.29,False,Atıştırmalık,Bisküvi,Marka-D,False
2025-01-04,M06,U010,47,5,186.29,False,Atıştırmalık,Bisküvi,Marka-D,False
2025-01-05,M06,U010,35,137,186.29,False,Atıştırmalık,Bisküvi,Marka-D,False
2025-01-06,M06,U010,21,116,186.29,False,Atıştırmalık,Bisküvi,Marka-D,False
2025-01-07,M06,U010,27,89,186.29,False,Atıştırmalık,Bisküvi,Marka-D,False
2025-01-08,M06,U010,24,65,186.29,False,Atıştırmalık,Bisküvi,Marka-D,False
2025-01-09,M06,U010,29,120,186.29,False,Atıştırmalık,Bisküvi,Marka-D,False
2025-01-10,M06,U010,32,88,186.29,False,Atıştırmalık,Bisküvi,Marka-D,False
2025-01-11,M06,U010,38,50,186.29,False,Atıştırmalık,Bisküvi,Marka-D,False
2025-01-12,M06,U010,50,0,186.29,False,Atıştırmalık,Bisküvi,Marka-D,False
2025-01-13,M06,U010,58,99,167.66,False,Atıştırmalık,Bisküvi,Marka-D,True
2025-01-14,M06,U010,21,78,186.29,False,Atıştırmalık,Bisküvi,Marka-D,False
2025-01-15,M06,U010,19,59,186.29,False,Atıştırmalık,Bisküvi,Marka-D,False
2025-01-16,M06,U010,28,31,186.29,False,Atıştırmalık,Bisküvi,Marka-D,False
2025-01-17,M06,U010,43,105,186.29,False,Atıştırmalık,Bisküvi,Marka-D,False
2025-01-18,M06,U010,32,73,186.29,False,Atıştırmalık,Bisküvi,Marka-D,False
2025-01-19,M06,U010,36,37,186.29,False,Atıştırmalık,Bisküvi,Marka-D,False
2025-01-20,M06,U010,21,16,186.29,False,Atıştırmalık,Bisküvi,Marka-D,False
2025-01-21,M06,U010,32,117,186.29,False,Atıştırmalık,Bisküvi,Marka-D,False
2025-01-22,M06,U010,23,94,186.29,False,Atıştırmalık,Bisküvi,Marka-D,False
2025-01-23,M06,U010,41,53,186.29,False,Atıştırmalık,Bisküvi,Marka-D,False
2025-01-24,M06,U010,36,17,186.29,False,Atıştırmalık,Bisküvi,Marka-D,False
2025-01-25,M06,U010,35,134,186.29,False,Atıştırmalık,Bisküvi,Marka-D,False
2025-01-26,M06,U010,35,99,186.29,False,Atıştırmalık,Bisküvi,Marka-D,False
2025-01-27,M06,U010,33,66,186.29,False,Atıştırmalık,Bisküvi,Marka-D,False
2025-01-28,M06,U010,27,39,186.29,False,Atıştırmalık,Bisküvi,Marka-D,False
2025-01-29,M06,U010,39,121,158.35,False,Atıştırmalık,Bisküvi,Marka-D,True
2025-01-30,M06,U010,33,88,186.29,False,Atıştırmalık,Bisküvi,Marka-D,False
2025-01-31,M06,U010,37,51,186.29,False,Atıştırmalık,Bisküvi,Marka-D,False
2025-02-01,M06,U010,37,14,186.29,False,Atıştırmalık,Bisküvi,Marka-D,False
2025-02-02,M06,U010,32,112,186.29,False,Atıştırmalık,Bisküvi,Marka-D,False
2025-02-03,M06,U010,47,65,186.29,False,Atıştırmalık,Bisküvi,Marka-D,False
2025-02-04,M06,U010,18,47,186.29,False,Atıştırmalık,Bisküvi,Marka-D,False
2025-02-05,M06,U010,43,4,186.29,False,Atıştırmalık,Bisküvi,Marka-D,False
2025-02-06,M06,U010,4,0,167.66,True,Atıştırmalık,Bisküvi,Marka-D,True
2025-02-07,M06,U010,0,0,186.29,True,Atıştırmalık,Bisküvi,Marka-D,False
2025-02-08,M06,U010,0,0,186.29,True,Atıştırmalık,Bisküvi,Marka-D,False
2025-02-09,M06,U010,0,0,186.29,True,Atıştırmalık,Bisküvi,Marka-D,False
2025-02-10,M06,U010,42,106,149.03,False,Atıştırmalık,Bisküvi,Marka-D,True
2025-02-11,M06,U010,36,70,186.29,False,Atıştırmalık,Bisküvi,Marka-D,False
2025-02-12,M06,U010,38,32,186.29,False,Atıştırmalık,Bisküvi,Marka-D,False
2025-02-13,M06,U010,32,0,186.29,True,Atıştırmalık,Bisküvi,Marka-D,False
2025-02-14,M06,U010,36,129,186.29,False,Atıştırmalık,Bisküvi,Marka-D,False
2025-02-15,M06,U010,55,74,149.03,False,Atıştırmalık,Bisküvi,Marka-D,True
2025-02-16,M06,U010,29,45,186.29,False,Atıştırmalık,Bisküvi,Marka-D,False
2025-02-17,M06,U010,25,20,186.29,False,Atıştırmalık,Bisküvi,Marka-D,False
2025-02-18,M06,U010,29,123,186.29,False,Atıştırmalık,Bisküvi,Marka-D,False
2025-02-19,M06,U010,35,88,186.29,False,Atıştırmalık,Bisküvi,Marka-D,False
2025-02-20,M06,U010,29,59,186.29,False,Atıştırmalık,Bisküvi,Marka-D,False
2025-02-21,M06,U010,37,22,186.29,False,Atıştırmalık,Bisküvi,Marka-D,False
2025-02-22,M06,U010,51,107,186.29,False,Atıştırmalık,Bisküvi,Marka-D,False
2025-02-23,M06,U010,32,75,186.29,False,Atıştırmalık,Bisküvi,Marka-D,False
2025-02-24,M06,U010,34,41,186.29,False,Atıştırmalık,Bisküvi,Marka-D,False
2025-02-25,M06,U010,28,13,186.29,False,Atıştırmalık,Bisküvi,Marka-D,False
2025-02-26,M06,U010,37,123,186.29,False,Atıştırmalık,Bisküvi,Marka-D,False
2025-02-27,M06,U010,35,88,186.29,False,Atıştırmalık,Bisküvi,Marka-D,False
2025-02-28,M06,U010,40,48,186.29,False,Atıştırmalık,Bisküvi,Marka-D,False
2025-03-01,M06,U010,48,0,186.29,True,Atıştırmalık,Bisküvi,Marka-D,False
2025-03-02,M06,U010,59,115,158.35,False,Atıştırmalık,Bisküvi,Marka-D,True
2025-03-03,M06,U010,33,82,186.29,False,Atıştırmalık,Bisküvi,Marka-D,False
2025-03-04,M06,U010,31,51,186.29,False,Atıştırmalık,Bisküvi,Marka-D,False
2025-03-05,M06,U010,36,15,186.29,False,Atıştırmalık,Bisküvi,Marka-D,False
2025-03-06,M06,U010,37,108,186.29,False,Atıştırmalık,Bisküvi,Marka-D,False
2025-03-07,M06,U010,36,72,186.29,False,Atıştırmalık,Bisküvi,Marka-D,False
2025-03-08,M06,U010,43,29,186.29,False,Atıştırmalık,Bisküvi,Marka-D,False
2025-03-09,M06,U010,29,0,186.29,True,Atıştırmalık,Bisküvi,Marka-D,False
2025-03-10,M06,U010,34,129,186.29,False,Atıştırmalık,Bisküvi,Marka-D,False
2025-03-11,M06,U010,29,100,186.29,False,Atıştırmalık,Bisküvi,Marka-D,False
2025-03-12,M06,U010,36,64,186.29,False,Atıştırmalık,Bisküvi,Marka-D,False
2025-03-13,M06,U010,35,29,186.29,False,Atıştırmalık,Bisküvi,Marka-D,False
2025-03-14,M06,U010,35,118,186.29,False,Atıştırmalık,Bisküvi,Marka-D,False
2025-03-15,M06,U010,45,73,186.29,False,Atıştırmalık,Bisküvi,Marka-D,False
2025-03-16,M06,U010,34,39,186.29,False,Atıştırmalık,Bisküvi,Marka-D,False
2025-03-17,M06,U010,27,12,186.29,False,Atıştırmalık,Bisküvi,Marka-D,False
2025-03-18,M06,U010,31,136,186.29,False,Atıştırmalık,Bisküvi,Marka-D,False
2025-03-19,M06,U010,36,100,186.29,False,Atıştırmalık,Bisküvi,Marka-D,False
2025-03-20,M06,U010,33,67,186.29,False,Atıştırmalık,Bisküvi,Marka-D,False
2025-03-21,M06,U010,44,23,186.29,False,Atıştırmalık,Bisküvi,Marka-D,False
2025-03-22,M06,U010,64,91,167.66,False,Atıştırmalık,Bisküvi,Marka-D,True
2025-03-23,M06,U010,76,15,158.35,False,Atıştırmalık,Bisküvi,Marka-D,True
2025-03-24,M06,U010,15,0,186.29,True,Atıştırmalık,Bisküvi,Marka-D,False
2025-03-25,M06,U010,0,0,186.29,True,Atıştırmalık,Bisküvi,Marka-D,False
2025-03-26,M06,U010,42,121,186.29,False,Atıştırmalık,Bisküvi,Marka-D,False
2025-03-27,M06,U010,56,65,149.03,False,Atıştırmalık,Bisküvi,Marka-D,True
2025-03-28,M06,U010,38,27,186.29,False,Atıştırmalık,Bisküvi,Marka-D,False
2025-03-29,M06,U010,27,0,186.29,True,Atıştırmalık,Bisküvi,Marka-D,False
2025-03-30,M06,U010,41,119,186.29,False,Atıştırmalık,Bisküvi,Marka-D,False
2025-03-31,M06,U010,36,83,186.29,False,Atıştırmalık,Bisküvi,Marka-D,False
2025-04-01,M06,U010,31,52,186.29,False,Atıştırmalık,Bisküvi,Marka-D,False
2025-04-02,M06,U010,38,14,186.29,False,Atıştırmalık,Bisküvi,Marka-D,False
2025-04-03,M06,U010,28,145,186.29,False,Atıştırmalık,Bisküvi,Marka-D,False
2025-04-04,M06,U010,51,94,186.29,False,Atıştırmalık,Bisküvi,Marka-D,False
2025-04-05,M06,U010,44,50,186.29,False,Atıştırmalık,Bisküvi,Marka-D,False
2025-04-06,M06,U010,43,7,186.29,False,Atıştırmalık,Bisküvi,Marka-D,False
2025-04-07,M06,U010,60,112,158.35,False,Atıştırmalık,Bisküvi,Marka-D,True
2025-04-08,M06,U010,38,74,186.29,False,Atıştırmalık,Bisküvi,Marka-D,False
2025-04-09,M06,U010,40,34,186.29,False,Atıştırmalık,Bisküvi,Marka-D,False
2025-04-10,M06,U010,34,0,186.29,False,Atıştırmalık,Bisküvi,Marka-D,False
2025-04-11,M06,U010,40,131,186.29,False,Atıştırmalık,Bisküvi,Marka-D,False
2025-04-12,M06,U010,52,79,186.29,False,Atıştırmalık,Bisküvi,Marka-D,False
2025-04-13,M06,U010,46,33,186.29,False,Atıştırmalık,Bisküvi,Marka-D,False
2025-04-14,M06,U010,33,0,167.66,True,Atıştırmalık,Bisküvi,Marka-D,True
2025-04-15,M06,U010,31,122,186.29,False,Atıştırmalık,Bisküvi,Marka-D,False
2025-04-16,M06,U010,33,89,186.29,False,Atıştırmalık,Bisküvi,Marka-D,False
2025-04-17,M06,U010,41,48,186.29,False,Atıştırmalık,Bisküvi,Marka-D,False
2025-04-18,M06,U010,39,9,186.29,False,Atıştırmalık,Bisküvi,Marka-D,False
2025-04-19,M06,U010,60,92,186.29,False,Atıştırmalık,Bisküvi,Marka-D,False
2025-04-20,M06,U010,41,51,186.29,False,Atıştırmalık,Bisküvi,Marka-D,False
2025-04-21,M06,U010,34,17,186.29,False,Atıştırmalık,Bisküvi,Marka-D,False
2025-04-22,M06,U010,17,0,186.29,True,Atıştırmalık,Bisküvi,Marka-D,False
2025-04-23,M06,U010,43,105,167.66,False,Atıştırmalık,Bisküvi,Marka-D,True
2025-04-24,M06,U010,29,76,186.29,False,Atıştırmalık,Bisküvi,Marka-D,False
2025-04-25,M06,U010,46,30,186.29,False,Atıştırmalık,Bisküvi,Marka-D,False
2025-04-26,M06,U010,30,0,186.29,True,Atıştırmalık,Bisküvi,Marka-D,False
2025-04-27,M06,U010,39,129,186.29,False,Atıştırmalık,Bisküvi,Marka-D,False
2025-04-28,M06,U010,25,104,186.29,False,Atıştırmalık,Bisküvi,Marka-D,False
2025-04-29,M06,U010,35,69,186.29,False,Atıştırmalık,Bisküvi,Marka-D,False
2025-04-30,M06,U010,41,28,186.29,False,Atıştırmalık,Bisküvi,Marka-D,False
2025-05-01,M06,U010,42,120,186.29,False,Atıştırmalık,Bisküvi,Marka-D,False
2025-05-02,M06,U010,28,92,186.29,False,Atıştırmalık,Bisküvi,Marka-D,False
2025-05-03,M06,U010,45,47,186.29,False,Atıştırmalık,Bisküvi,Marka-D,False
2025-05-04,M06,U010,47,0,186.29,True,Atıştırmalık,Bisküvi,Marka-D,False
2025-05-05,M06,U010,34,133,186.29,False,Atıştırmalık,Bisküvi,Marka-D,False
2025-05-06,M06,U010,38,95,186.29,False,Atıştırmalık,Bisküvi,Marka-D,False
2025-01-01,M06,U011,22,127,172.73,False,Atıştırmalık,Çikolata,Marka-E,False
2025-01-02,M06,U011,21,106,172.73,False,Atıştırmalık,Çikolata,Marka-E,False
2025-01-03,M06,U011,28,78,172.73,False,Atıştırmalık,Çikolata,Marka-E,False
2025-01-04,M06,U011,28,50,172.73,False,Atıştırmalık,Çikolata,Marka-E,False
2025-01-05,M06,U011,25,25,172.73,False,Atıştırmalık,Çikolata,Marka-E,False
2025-01-06,M06,U011,25,0,172.73,True,Atıştırmalık,Çikolata,Marka-E,False
2025-01-07,M06,U011,0,0,172.73,True,Atıştırmalık,Çikolata,Marka-E,False
2025-01-08,M06,U011,0,0,172.73,True,Atıştırmalık,Çikolata,Marka-E,False
2025-01-09,M06,U011,0,0,172.73,True,Atıştırmalık,Çikolata,Marka-E,False
2025-01-10,M06,U011,0,0,172.73,True,Atıştırmalık,Çikolata,Marka-E,False
2025-01-11,M06,U011,30,116,172.73,False,Atıştırmalık,Çikolata,Marka-E,False
2025-01-12,M06,U011,21,95,172.73,False,Atıştırmalık,Çikolata,Marka-E,False
2025-01-13,M06,U011,24,71,172.73,False,Atıştırmalık,Çikolata,Marka-E,False
2025-01-14,M06,U011,18,53,172.73,False,Atıştırmalık,Çikolata,Marka-E,False
2025-01-15,M06,U011,30,23,172.73,False,Atıştırmalık,Çikolata,Marka-E,False
2025-01-16,M06,U011,20,125,172.73,False,Atıştırmalık,Çikolata,Marka-E,False
2025-01-17,M06,U011,17,108,172.73,False,Atıştırmalık,Çikolata,Marka-E,False
2025-01-18,M06,U011,40,68,155.46,False,Atıştırmalık,Çikolata,Marka-E,True
2025-01-19,M06,U011,44,24,138.18,False,Atıştırmalık,Çikolata,Marka-E,True
2025-01-20,M06,U011,22,2,172.73,False,Atıştırmalık,Çikolata,Marka-E,False
2025-01-21,M06,U011,27,114,172.73,False,Atıştırmalık,Çikolata,Marka-E,False
2025-01-22,M06,U011,17,97,172.73,False,Atıştırmalık,Çikolata,Marka-E,False
2025-01-23,M06,U011,27,70,172.73,False,Atıştırmalık,Çikolata,Marka-E,False
2025-01-24,M06,U011,26,44,172.73,False,Atıştırmalık,Çikolata,Marka-E,False
2025-01-25,M06,U011,27,17,172.73,False,Atıştırmalık,Çikolata,Marka-E,False
2025-01-26,M06,U011,17,0,172.73,True,Atıştırmalık,Çikolata,Marka-E,False
2025-01-27,M06,U011,0,0,172.73,True,Atıştırmalık,Çikolata,Marka-E,False
2025-01-28,M06,U011,0,0,172.73,True,Atıştırmalık,Çikolata,Marka-E,False
2025-01-29,M06,U011,0,0,155.46,True,Atıştırmalık,Çikolata,Marka-E,True
2025-01-30,M06,U011,0,0,172.73,True,Atıştırmalık,Çikolata,Marka-E,False
2025-01-31,M06,U011,30,112,172.73,False,Atıştırmalık,Çikolata,Marka-E,False
2025-02-01,M06,U011,48,64,155.46,False,Atıştırmalık,Çikolata,Marka-E,True
2025-02-02,M06,U011,26,38,172.73,False,Atıştırmalık,Çikolata,Marka-E,False
2025-02-03,M06,U011,21,17,172.73,False,Atıştırmalık,Çikolata,Marka-E,False
2025-02-04,M06,U011,11,6,172.73,False,Atıştırmalık,Çikolata,Marka-E,False
2025-02-05,M06,U011,28,97,172.73,False,Atıştırmalık,Çikolata,Marka-E,False
2025-02-06,M06,U011,28,69,172.73,False,Atıştırmalık,Çikolata,Marka-E,False
2025-02-07,M06,U011,31,38,172.73,False,Atıştırmalık,Çikolata,Marka-E,False
2025-02-08,M06,U011,29,9,172.73,False,Atıştırmalık,Çikolata,Marka-E,False
2025-02-09,M06,U011,9,0,172.73,True,Atıştırmalık,Çikolata,Marka-E,False
2025-02-10,M06,U011,18,129,172.73,False,Atıştırmalık,Çikolata,Marka-E,False
2025-02-11,M06,U011,28,101,172.73,False,Atıştırmalık,Çikolata,Marka-E,False
2025-02-12,M06,U011,23,78,172.73,False,Atıştırmalık,Çikolata,Marka-E,False
2025-02-13,M06,U011,19,59,172.73,False,Atıştırmalık,Çikolata,Marka-E,False
2025-02-14,M06,U011,25,34,172.73,False,Atıştırmalık,Çikolata,Marka-E,False
2025-02-15,M06,U011,42,82,172.73,False,Atıştırmalık,Çikolata,Marka-E,False
2025-02-16,M06,U011,32,50,172.73,False,Atıştırmalık,Çikolata,Marka-E,False
2025-02-17,M06,U011,27,23,172.73,False,Atıştırmalık,Çikolata,Marka-E,False
2025-02-18,M06,U011,17,6,172.73,False,Atıştırmalık,Çikolata,Marka-E,False
2025-02-19,M06,U011,6,0,172.73,True,Atıştırmalık,Çikolata,Marka-E,False
2025-02-20,M06,U011,21,122,172.73,False,Atıştırmalık,Çikolata,Marka-E,False
2025-02-21,M06,U011,31,91,172.73,False,Atıştırmalık,Çikolata,Marka-E,False
2025-02-22,M06,U011,33,58,172.73,False,Atıştırmalık,Çikolata,Marka-E,False
2025-02-23,M06,U011,18,40,172.73,False,Atıştırmalık,Çikolata,Marka-E,False
2025-02-24,M06,U011,26,14,155.46,False,Atıştırmalık,Çikolata,Marka-E,True
2025-02-25,M06,U011,25,109,172.73,False,Atıştırmalık,Çikolata,Marka-E,False
2025-02-26,M06,U011,26,83,172.73,False,Atıştırmalık,Çikolata,Marka-E,False
2025-02-27,M06,U011,21,62,172.73,False,Atıştırmalık,Çikolata,Marka-E,False
2025-02-28,M06,U011,33,29,155.46,False,Atıştırmalık,Çikolata,Marka-E,True
2025-03-01,M06,U011,27,2,172.73,False,Atıştırmalık,Çikolata,Marka-E,False
2025-03-02,M06,U011,40,109,155.46,False,Atıştırmalık,Çikolata,Marka-E,True
2025-03-03,M06,U011,25,84,172.73,False,Atıştırmalık,Çikolata,Marka-E,False
2025-03-04,M06,U011,17,67,172.73,False,Atıştırmalık,Çikolata,Marka-E,False
2025-03-05,M06,U011,22,45,172.73,False,Atıştırmalık,Çikolata,Marka-E,False
2025-03-06,M06,U011,15,30,172.73,False,Atıştırmalık,Çikolata,Marka-E,False
2025-03-07,M06,U011,28,100,172.73,False,Atıştırmalık,Çikolata,Marka-E,False
2025-03-08,M06,U011,42,58,172.73,False,Atıştırmalık,Çikolata,Marka-E,False
2025-03-09,M06,U011,34,24,172.73,False,Atıştırmalık,Çikolata,Marka-E,False
2025-03-10,M06,U011,22,2,172.73,False,Atıştırmalık,Çikolata,Marka-E,False
2025-03-11,M06,U011,2,0,172.73,True,Atıştırmalık,Çikolata,Marka-E,False
2025-03-12,M06,U011,28,115,172.73,False,Atıştırmalık,Çikolata,Marka-E,False
2025-03-13,M06,U011,19,96,172.73,False,Atıştırmalık,Çikolata,Marka-E,False
2025-03-14,M06,U011,21,75,172.73,False,Atıştırmalık,Çikolata,Marka-E,False
2025-03-15,M06,U011,30,45,172.73,False,Atıştırmalık,Çikolata,Marka-E,False
2025-03-16,M06,U011,21,24,172.73,False,Atıştırmalık,Çikolata,Marka-E,False
2025-03-17,M06,U011,19,116,172.73,False,Atıştırmalık,Çikolata,Marka-E,False
2025-03-18,M06,U011,29,87,172.73,False,Atıştırmalık,Çikolata,Marka-E,False
2025-03-19,M06,U011,18,69,172.73,False,Atıştırmalık,Çikolata,Marka-E,False
2025-03-20,M06,U011,37,32,146.82,False,Atıştırmalık,Çikolata,Marka-E,True
2025-03-21,M06,U011,26,6,172.73,False,Atıştırmalık,Çikolata,Marka-E,False
2025-03-22,M06,U011,35,105,172.73,False,Atıştırmalık,Çikolata,Marka-E,False
2025-03-23,M06,U011,30,75,172.73,False,Atıştırmalık,Çikolata,Marka-E,False
2025-03-24,M06,U011,20,55,172.73,False,Atıştırmalık,Çikolata,Marka-E,False
2025-03-25,M06,U011,17,38,172.73,False,Atıştırmalık,Çikolata,Marka-E,False
2025-03-26,M06,U011,32,6,172.73,False,Atıştırmalık,Çikolata,Marka-E,False
2025-03-27,M06,U011,23,108,172.73,False,Atıştırmalık,Çikolata,Marka-E,False
2025-03-28,M06,U011,22,86,172.73,False,Atıştırmalık,Çikolata,Marka-E,False
2025-03-29,M06,U011,29,57,172.73,False,Atıştırmalık,Çikolata,Marka-E,False
2025-03-30,M06,U011,24,33,172.73,False,Atıştırmalık,Çikolata,Marka-E,False
2025-03-31,M06,U011,18,15,172.73,False,Atıştırmalık,Çikolata,Marka-E,False
2025-04-01,M06,U011,19,113,172.73,False,Atıştırmalık,Çikolata,Marka-E,False
2025-04-02,M06,U011,28,85,172.73,False,Atıştırmalık,Çikolata,Marka-E,False
2025-04-03,M06,U011,23,62,172.73,False,Atıştırmalık,Çikolata,Marka-E,False
2025-04-04,M06,U011,28,34,172.73,False,Atıştırmalık,Çikolata,Marka-E,False
2025-04-05,M06,U011,30,4,172.73,False,Atıştırmalık,Çikolata,Marka-E,False
2025-04-06,M06,U011,27,106,172.73,False,Atıştırmalık,Çikolata,Marka-E,False
2025-04-07,M06,U011,21,85,172.73,False,Atıştırmalık,Çikolata,Marka-E,False
2025-04-08,M06,U011,17,68,172.73,False,Atıştırmalık,Çikolata,Marka-E,False
2025-04-09,M06,U011,23,45,172.73,False,Atıştırmalık,Çikolata,Marka-E,False
2025-04-10,M06,U011,10,35,172.73,False,Atıştırmalık,Çikolata,Marka-E,False
2025-04-11,M06,U011,31,4,172.73,False,Atıştırmalık,Çikolata,Marka-E,False
2025-04-12,M06,U011,4,0,172.73,True,Atıştırmalık,Çikolata,Marka-E,False
2025-04-13,M06,U011,0,0,172.73,True,Atıştırmalık,Çikolata,Marka-E,False
2025-04-14,M06,U011,0,0,155.46,True,Atıştırmalık,Çikolata,Marka-E,True
2025-04-15,M06,U011,0,0,172.73,True,Atıştırmalık,Çikolata,Marka-E,False
2025-04-16,M06,U011,31,93,172.73,False,Atıştırmalık,Çikolata,Marka-E,False
2025-04-17,M06,U011,21,72,172.73,False,Atıştırmalık,Çikolata,Marka-E,False
2025-04-18,M06,U011,24,48,172.73,False,Atıştırmalık,Çikolata,Marka-E,False
2025-04-19,M06,U011,34,14,172.73,False,Atıştırmalık,Çikolata,Marka-E,False
2025-04-20,M06,U011,14,0,138.18,True,Atıştırmalık,Çikolata,Marka-E,True
2025-04-21,M06,U011,26,115,172.73,False,Atıştırmalık,Çikolata,Marka-E,False
2025-04-22,M06,U011,19,96,172.73,False,Atıştırmalık,Çikolata,Marka-E,False
2025-04-23,M06,U011,26,70,172.73,False,Atıştırmalık,Çikolata,Marka-E,False
2025-04-24,M06,U011,30,40,172.73,False,Atıştırmalık,Çikolata,Marka-E,False
2025-04-25,M06,U011,27,13,172.73,False,Atıştırmalık,Çikolata,Marka-E,False
2025-04-26,M06,U011,35,94,172.73,False,Atıştırmalık,Çikolata,Marka-E,False
2025-04-27,M06,U011,31,63,172.73,False,Atıştırmalık,Çikolata,Marka-E,False
2025-04-28,M06,U011,30,33,155.46,False,Atıştırmalık,Çikolata,Marka-E,True
2025-04-29,M06,U011,23,10,172.73,False,Atıştırmalık,Çikolata,Marka-E,False
2025-04-30,M06,U011,10,0,172.73,True,Atıştırmalık,Çikolata,Marka-E,False
2025-05-01,M06,U011,24,101,172.73,False,Atıştırmalık,Çikolata,Marka-E,False
2025-05-02,M06,U011,25,76,172.73,False,Atıştırmalık,Çikolata,Marka-E,False
2025-05-03,M06,U011,33,43,172.73,False,Atıştırmalık,Çikolata,Marka-E,False
2025-05-04,M06,U011,30,13,172.73,False,Atıştırmalık,Çikolata,Marka-E,False
2025-05-05,M06,U011,13,0,146.82,True,Atıştırmalık,Çikolata,Marka-E,True
2025-05-06,M06,U011,28,97,172.73,False,Atıştırmalık,Çikolata,Marka-E,False
2025-01-01,M06,U012,39,293,214.19,False,Atıştırmalık,Çikolata,Marka-F,False
2025-01-02,M06,U012,43,250,214.19,False,Atıştırmalık,Çikolata,Marka-F,False
2025-01-03,M06,U012,71,179,192.77,False,Atıştırmalık,Çikolata,Marka-F,True
2025-01-04,M06,U012,47,132,214.19,False,Atıştırmalık,Çikolata,Marka-F,False
2025-01-05,M06,U012,39,93,214.19,False,Atıştırmalık,Çikolata,Marka-F,False
2025-01-06,M06,U012,36,57,214.19,False,Atıştırmalık,Çikolata,Marka-F,False
2025-01-07,M06,U012,31,298,214.19,False,Atıştırmalık,Çikolata,Marka-F,False
2025-01-08,M06,U012,35,263,214.19,False,Atıştırmalık,Çikolata,Marka-F,False
2025-01-09,M06,U012,42,221,214.19,False,Atıştırmalık,Çikolata,Marka-F,False
2025-01-10,M06,U012,52,169,214.19,False,Atıştırmalık,Çikolata,Marka-F,False
2025-01-11,M06,U012,48,121,214.19,False,Atıştırmalık,Çikolata,Marka-F,False
2025-01-12,M06,U012,75,46,171.35,False,Atıştırmalık,Çikolata,Marka-F,True
2025-01-13,M06,U012,28,275,214.19,False,Atıştırmalık,Çikolata,Marka-F,False
2025-01-14,M06,U012,40,235,214.19,False,Atıştırmalık,Çikolata,Marka-F,False
2025-01-15,M06,U012,51,184,214.19,False,Atıştırmalık,Çikolata,Marka-F,False
2025-01-16,M06,U012,35,149,214.19,False,Atıştırmalık,Çikolata,Marka-F,False
2025-01-17,M06,U012,66,83,192.77,False,Atıştırmalık,Çikolata,Marka-F,True
2025-01-18,M06,U012,59,24,214.19,False,Atıştırmalık,Çikolata,Marka-F,False
2025-01-19,M06,U012,52,268,214.19,False,Atıştırmalık,Çikolata,Marka-F,False
2025-01-20,M06,U012,37,231,214.19,False,Atıştırmalık,Çikolata,Marka-F,False
2025-01-21,M06,U012,29,202,214.19,False,Atıştırmalık,Çikolata,Marka-F,False
2025-01-22,M06,U012,31,171,214.19,False,Atıştırmalık,Çikolata,Marka-F,False
2025-01-23,M06,U012,53,118,214.19,False,Atıştırmalık,Çikolata,Marka-F,False
2025-01-24,M06,U012,43,75,214.19,False,Atıştırmalık,Çikolata,Marka-F,False
2025-01-25,M06,U012,65,213,214.19,False,Atıştırmalık,Çikolata,Marka-F,False
2025-01-26,M06,U012,48,165,214.19,False,Atıştırmalık,Çikolata,Marka-F,False
2025-01-27,M06,U012,41,124,214.19,False,Atıştırmalık,Çikolata,Marka-F,False
2025-01-28,M06,U012,70,54,192.77,False,Atıştırmalık,Çikolata,Marka-F,True
2025-01-29,M06,U012,43,11,214.19,False,Atıştırmalık,Çikolata,Marka-F,False
2025-01-30,M06,U012,11,0,214.19,True,Atıştırmalık,Çikolata,Marka-F,False
2025-01-31,M06,U012,0,0,214.19,True,Atıştırmalık,Çikolata,Marka-F,False
2025-02-01,M06,U012,0,0,214.19,True,Atıştırmalık,Çikolata,Marka-F,False
2025-02-02,M06,U012,0,0,214.19,True,Atıştırmalık,Çikolata,Marka-F,False
2025-02-03,M06,U012,0,0,214.19,True,Atıştırmalık,Çikolata,Marka-F,False
2025-02-04,M06,U012,0,0,214.19,True,Atıştırmalık,Çikolata,Marka-F,False
2025-02-05,M06,U012,0,0,214.19,True,Atıştırmalık,Çikolata,Marka-F,False
2025-02-06,M06,U012,38,283,214.19,False,Atıştırmalık,Çikolata,Marka-F,False
2025-02-07,M06,U012,41,242,214.19,False,Atıştırmalık,Çikolata,Marka-F,False
2025-02-08,M06,U012,90,152,182.06,False,Atıştırmalık,Çikolata,Marka-F,True
2025-02-09,M06,U012,53,99,214.19,False,Atıştırmalık,Çikolata,Marka-F,False
2025-02-10,M06,U012,29,70,214.19,False,Atıştırmalık,Çikolata,Marka-F,False
2025-02-11,M06,U012,47,23,214.19,False,Atıştırmalık,Çikolata,Marka-F,False
2025-02-12,M06,U012,49,230,214.19,False,Atıştırmalık,Çikolata,Marka-F,False
2025-02-13,M06,U012,46,184,214.19,False,Atıştırmalık,Çikolata,Marka-F,False
2025-02-14,M06,U012,55,129,214.19,False,Atıştırmalık,Çikolata,Marka-F,False
2025-02-15,M06,U012,49,80,214.19,False,Atıştırmalık,Çikolata,Marka-F,False
2025-02-16,M06,U012,57,23,214.19,False,Atıştırmalık,Çikolata,Marka-F,False
2025-02-17,M06,U012,23,0,214.19,True,Atıştırmalık,Çikolata,Marka-F,False
2025-02-18,M06,U012,36,267,214.19,False,Atıştırmalık,Çikolata,Marka-F,False
2025-02-19,M06,U012,34,233,214.19,False,Atıştırmalık,Çikolata,Marka-F,False
2025-02-20,M06,U012,47,186,214.19,False,Atıştırmalık,Çikolata,Marka-F,False
2025-02-21,M06,U012,47,139,214.19,False,Atıştırmalık,Çikolata,Marka-F,False
2025-02-22,M06,U012,59,80,214.19,False,Atıştırmalık,Çikolata,Marka-F,False
2025-02-23,M06,U012,60,20,214.19,False,Atıştırmalık,Çikolata,Marka-F,False
2025-02-24,M06,U012,39,261,214.19,False,Atıştırmalık,Çikolata,Marka-F,False
2025-02-25,M06,U012,41,220,214.19,False,Atıştırmalık,Çikolata,Marka-F,False
2025-02-26,M06,U012,49,171,214.19,False,Atıştırmalık,Çikolata,Marka-F,False
2025-02-27,M06,U012,48,123,214.19,False,Atıştırmalık,Çikolata,Marka-F,False
2025-02-28,M06,U012,40,83,214.19,False,Atıştırmalık,Çikolata,Marka-F,False
2025-03-01,M06,U012,65,18,214.19,False,Atıştırmalık,Çikolata,Marka-F,False
2025-03-02,M06,U012,33,298,214.19,False,Atıştırmalık,Çikolata,Marka-F,False
2025-03-03,M06,U012,34,264,214.19,False,Atıştırmalık,Çikolata,Marka-F,False
2025-03-04,M06,U012,39,225,214.19,False,Atıştırmalık,Çikolata,Marka-F,False
2025-03-05,M06,U012,44,181,214.19,False,Atıştırmalık,Çikolata,Marka-F,False
2025-03-06,M06,U012,69,112,171.35,False,Atıştırmalık,Çikolata,Marka-F,True
2025-03-07,M06,U012,50,62,214.19,False,Atıştırmalık,Çikolata,Marka-F,False
2025-03-08,M06,U012,61,241,214.19,False,Atıştırmalık,Çikolata,Marka-F,False
2025-03-09,M06,U012,51,190,214.19,False,Atıştırmalık,Çikolata,Marka-F,False
2025-03-10,M06,U012,45,145,214.19,False,Atıştırmalık,Çikolata,Marka-F,False
2025-03-11,M06,U012,42,103,214.19,False,Atıştırmalık,Çikolata,Marka-F,False
2025-03-12,M06,U012,40,63,214.19,False,Atıştırmalık,Çikolata,Marka-F,False
2025-03-13,M06,U012,48,15,214.19,False,Atıştırmalık,Çikolata,Marka-F,False
2025-03-14,M06,U012,48,246,214.19,False,Atıştırmalık,Çikolata,Marka-F,False
2025-03-15,M06,U012,62,184,214.19,False,Atıştırmalık,Çikolata,Marka-F,False
2025-03-16,M06,U012,54,130,214.19,False,Atıştırmalık,Çikolata,Marka-F,False
2025-03-17,M06,U012,40,90,214.19,False,Atıştırmalık,Çikolata,Marka-F,False
2025-03-18,M06,U012,36,54,214.19,False,Atıştırmalık,Çikolata,Marka-F,False
2025-03-19,M06,U012,51,3,214.19,False,Atıştırmalık,Çikolata,Marka-F,False
2025-03-20,M06,U012,40,249,214.19,False,Atıştırmalık,Çikolata,Marka-F,False
2025-03-21,M06,U012,47,202,214.19,False,Atıştırmalık,Çikolata,Marka-F,False
2025-03-22,M06,U012,65,137,214.19,False,Atıştırmalık,Çikolata,Marka-F,False
2025-03-23,M06,U012,56,81,214.19,False,Atıştırmalık,Çikolata,Marka-F,False
2025-03-24,M06,U012,49,32,214.19,False,Atıştırmalık,Çikolata,Marka-F,False
2025-03-25,M06,U012,32,0,214.19,True,Atıştırmalık,Çikolata,Marka-F,False
2025-03-26,M06,U012,35,259,214.19,False,Atıştırmalık,Çikolata,Marka-F,False
2025-03-27,M06,U012,47,212,214.19,False,Atıştırmalık,Çikolata,Marka-F,False
2025-03-28,M06,U012,40,172,214.19,False,Atıştırmalık,Çikolata,Marka-F,False
2025-03-29,M06,U012,57,115,214.19,False,Atıştırmalık,Çikolata,Marka-F,False
2025-03-30,M06,U012,64,51,214.19,False,Atıştırmalık,Çikolata,Marka-F,False
2025-03-31,M06,U012,51,0,214.19,True,Atıştırmalık,Çikolata,Marka-F,False
2025-04-01,M06,U012,47,284,214.19,False,Atıştırmalık,Çikolata,Marka-F,False
2025-04-02,M06,U012,65,219,214.19,False,Atıştırmalık,Çikolata,Marka-F,False
2025-04-03,M06,U012,44,175,214.19,False,Atıştırmalık,Çikolata,Marka-F,False
2025-04-04,M06,U012,57,118,214.19,False,Atıştırmalık,Çikolata,Marka-F,False
2025-04-05,M06,U012,53,65,214.19,False,Atıştırmalık,Çikolata,Marka-F,False
2025-04-06,M06,U012,65,0,182.06,True,Atıştırmalık,Çikolata,Marka-F,True
2025-04-07,M06,U012,38,291,214.19,False,Atıştırmalık,Çikolata,Marka-F,False
2025-04-08,M06,U012,38,253,214.19,False,Atıştırmalık,Çikolata,Marka-F,False
2025-04-09,M06,U012,48,205,214.19,False,Atıştırmalık,Çikolata,Marka-F,False
2025-04-10,M06,U012,42,163,214.19,False,Atıştırmalık,Çikolata,Marka-F,False
2025-04-11,M06,U012,47,116,214.19,False,Atıştırmalık,Çikolata,Marka-F,False
2025-04-12,M06,U012,47,69,214.19,False,Atıştırmalık,Çikolata,Marka-F,False
2025-04-13,M06,U012,81,249,192.77,False,Atıştırmalık,Çikolata,Marka-F,True
2025-04-14,M06,U012,52,197,214.19,False,Atıştırmalık,Çikolata,Marka-F,False
2025-04-15,M06,U012,42,155,214.19,False,Atıştırmalık,Çikolata,Marka-F,False
2025-04-16,M06,U012,40,115,214.19,False,Atıştırmalık,Çikolata,Marka-F,False
2025-04-17,M06,U012,38,77,214.19,False,Atıştırmalık,Çikolata,Marka-F,False
2025-04-18,M06,U012,62,15,214.19,False,Atıştırmalık,Çikolata,Marka-F,False
2025-04-19,M06,U012,64,244,214.19,False,Atıştırmalık,Çikolata,Marka-F,False
2025-04-20,M06,U012,45,199,214.19,False,Atıştırmalık,Çikolata,Marka-F,False
2025-04-21,M06,U012,38,161,214.19,False,Atıştırmalık,Çikolata,Marka-F,False
2025-04-22,M06,U012,45,116,214.19,False,Atıştırmalık,Çikolata,Marka-F,False
2025-04-23,M06,U012,44,72,214.19,False,Atıştırmalık,Çikolata,Marka-F,False
2025-04-24,M06,U012,50,22,214.19,False,Atıştırmalık,Çikolata,Marka-F,False
2025-04-25,M06,U012,49,269,214.19,False,Atıştırmalık,Çikolata,Marka-F,False
2025-04-26,M06,U012,59,210,214.19,False,Atıştırmalık,Çikolata,Marka-F,False
2025-04-27,M06,U012,61,149,214.19,False,Atıştırmalık,Çikolata,Marka-F,False
2025-04-28,M06,U012,43,106,214.19,False,Atıştırmalık,Çikolata,Marka-F,False
2025-04-29,M06,U012,49,57,214.19,False,Atıştırmalık,Çikolata,Marka-F,False
2025-04-30,M06,U012,52,5,214.19,False,Atıştırmalık,Çikolata,Marka-F,False
2025-05-01,M06,U012,48,258,214.19,False,Atıştırmalık,Çikolata,Marka-F,False
2025-05-02,M06,U012,46,212,214.19,False,Atıştırmalık,Çikolata,Marka-F,False
2025-05-03,M06,U012,97,115,192.77,False,Atıştırmalık,Çikolata,Marka-F,True
2025-05-04,M06,U012,61,54,214.19,False,Atıştırmalık,Çikolata,Marka-F,False
2025-05-05,M06,U012,41,13,214.19,False,Atıştırmalık,Çikolata,Marka-F,False
2025-05-06,M06,U012,13,0,214.19,True,Atıştırmalık,Çikolata,Marka-F,False
2025-01-01,M06,U013,18,106,176.68,False,Süt Ürünleri,Süt,Marka-A,False
2025-01-02,M06,U013,15,91,176.68,False,Süt Ürünleri,Süt,Marka-A,False
2025-01-03,M06,U013,18,73,176.68,False,Süt Ürünleri,Süt,Marka-A,False
2025-01-04,M06,U013,39,34,141.34,False,Süt Ürünleri,Süt,Marka-A,True
2025-01-05,M06,U013,18,106,176.68,False,Süt Ürünleri,Süt,Marka-A,False
2025-01-06,M06,U013,8,98,176.68,False,Süt Ürünleri,Süt,Marka-A,False
2025-01-07,M06,U013,14,84,176.68,False,Süt Ürünleri,Süt,Marka-A,False
2025-01-08,M06,U013,18,66,176.68,False,Süt Ürünleri,Süt,Marka-A,False
2025-01-09,M06,U013,13,107,176.68,False,Süt Ürünleri,Süt,Marka-A,False
2025-01-10,M06,U013,21,86,176.68,False,Süt Ürünleri,Süt,Marka-A,False
2025-01-11,M06,U013,22,64,176.68,False,Süt Ürünleri,Süt,Marka-A,False
2025-01-12,M06,U013,21,43,176.68,False,Süt Ürünleri,Süt,Marka-A,False
2025-01-13,M06,U013,23,81,141.34,False,Süt Ürünleri,Süt,Marka-A,True
2025-01-14,M06,U013,15,66,176.68,False,Süt Ürünleri,Süt,Marka-A,False
2025-01-15,M06,U013,14,52,176.68,False,Süt Ürünleri,Süt,Marka-A,False
2025-01-16,M06,U013,22,30,176.68,False,Süt Ürünleri,Süt,Marka-A,False
2025-01-17,M06,U013,20,88,176.68,False,Süt Ürünleri,Süt,Marka-A,False
2025-01-18,M06,U013,18,70,176.68,False,Süt Ürünleri,Süt,Marka-A,False
2025-01-19,M06,U013,19,51,176.68,False,Süt Ürünleri,Süt,Marka-A,False
2025-01-20,M06,U013,12,39,176.68,False,Süt Ürünleri,Süt,Marka-A,False
2025-01-21,M06,U013,14,25,176.68,False,Süt Ürünleri,Süt,Marka-A,False
2025-01-22,M06,U013,21,4,176.68,False,Süt Ürünleri,Süt,Marka-A,False
2025-01-23,M06,U013,4,0,176.68,True,Süt Ürünleri,Süt,Marka-A,False
2025-01-24,M06,U013,0,0,176.68,True,Süt Ürünleri,Süt,Marka-A,False
2025-01-25,M06,U013,16,102,176.68,False,Süt Ürünleri,Süt,Marka-A,False
2025-01-26,M06,U013,18,84,176.68,False,Süt Ürünleri,Süt,Marka-A,False
2025-01-27,M06,U013,17,67,176.68,False,Süt Ürünleri,Süt,Marka-A,False
2025-01-28,M06,U013,17,50,176.68,False,Süt Ürünleri,Süt,Marka-A,False
2025-01-29,M06,U013,13,94,176.68,False,Süt Ürünleri,Süt,Marka-A,False
2025-01-30,M06,U013,18,76,176.68,False,Süt Ürünleri,Süt,Marka-A,False
2025-01-31,M06,U013,25,51,176.68,False,Süt Ürünleri,Süt,Marka-A,False
2025-02-01,M06,U013,22,29,176.68,False,Süt Ürünleri,Süt,Marka-A,False
2025-02-02,M06,U013,23,99,176.68,False,Süt Ürünleri,Süt,Marka-A,False
2025-02-03,M06,U013,18,81,176.68,False,Süt Ürünleri,Süt,Marka-A,False
2025-02-04,M06,U013,15,66,176.68,False,Süt Ürünleri,Süt,Marka-A,False
2025-02-05,M06,U013,15,51,176.68,False,Süt Ürünleri,Süt,Marka-A,False
2025-02-06,M06,U013,12,110,176.68,False,Süt Ürünleri,Süt,Marka-A,False
2025-02-07,M06,U013,17,93,176.68,False,Süt Ürünleri,Süt,Marka-A,False
2025-02-08,M06,U013,24,69,176.68,False,Süt Ürünleri,Süt,Marka-A,False
2025-02-09,M06,U013,13,56,176.68,False,Süt Ürünleri,Süt,Marka-A,False
2025-02-10,M06,U013,18,106,176.68,False,Süt Ürünleri,Süt,Marka-A,False
2025-02-11,M06,U013,16,90,176.68,False,Süt Ürünleri,Süt,Marka-A,False
2025-02-12,M06,U013,15,75,176.68,False,Süt Ürünleri,Süt,Marka-A,False
2025-02-13,M06,U013,16,59,176.68,False,Süt Ürünleri,Süt,Marka-A,False
2025-02-14,M06,U013,14,111,176.68,False,Süt Ürünleri,Süt,Marka-A,False
2025-02-15,M06,U013,18,93,176.68,False,Süt Ürünleri,Süt,Marka-A,False
2025-02-16,M06,U013,16,77,176.68,False,Süt Ürünleri,Süt,Marka-A,False
2025-02-17,M06,U013,18,59,176.68,False,Süt Ürünleri,Süt,Marka-A,False
2025-02-18,M06,U013,11,97,176.68,False,Süt Ürünleri,Süt,Marka-A,False
2025-02-19,M06,U013,24,73,159.01,False,Süt Ürünleri,Süt,Marka-A,True
2025-02-20,M06,U013,17,56,176.68,False,Süt Ürünleri,Süt,Marka-A,False
2025-02-21,M06,U013,12,44,176.68,False,Süt Ürünleri,Süt,Marka-A,False
2025-02-22,M06,U013,22,94,176.68,False,Süt Ürünleri,Süt,Marka-A,False
2025-02-23,M06,U013,19,75,176.68,False,Süt Ürünleri,Süt,Marka-A,False
2025-02-24,M06,U013,14,61,176.68,False,Süt Ürünleri,Süt,Marka-A,False
2025-02-25,M06,U013,23,38,176.68,False,Süt Ürünleri,Süt,Marka-A,False
2025-02-26,M06,U013,28,10,159.01,False,Süt Ürünleri,Süt,Marka-A,True
2025-02-27,M06,U013,10,0,176.68,True,Süt Ürünleri,Süt,Marka-A,False
2025-02-28,M06,U013,0,0,176.68,True,Süt Ürünleri,Süt,Marka-A,False
2025-03-01,M06,U013,0,0,176.68,True,Süt Ürünleri,Süt,Marka-A,False
2025-03-02,M06,U013,0,0,176.68,True,Süt Ürünleri,Süt,Marka-A,False
2025-03-03,M06,U013,0,0,159.01,True,Süt Ürünleri,Süt,Marka-A,True
2025-03-04,M06,U013,0,0,176.68,True,Süt Ürünleri,Süt,Marka-A,False
2025-03-05,M06,U013,0,0,159.01,True,Süt Ürünleri,Süt,Marka-A,True
2025-03-06,M06,U013,19,104,159.01,False,Süt Ürünleri,Süt,Marka-A,True
2025-03-07,M06,U013,30,74,150.18,False,Süt Ürünleri,Süt,Marka-A,True
2025-03-08,M06,U013,14,60,176.68,False,Süt Ürünleri,Süt,Marka-A,False
2025-03-09,M06,U013,25,35,176.68,False,Süt Ürünleri,Süt,Marka-A,False
2025-03-10,M06,U013,18,96,176.68,False,Süt Ürünleri,Süt,Marka-A,False
2025-03-11,M06,U013,15,81,176.68,False,Süt Ürünleri,Süt,Marka-A,False
2025-03-12,M06,U013,19,62,176.68,False,Süt Ürünleri,Süt,Marka-A,False
2025-03-13,M06,U013,14,48,176.68,False,Süt Ürünleri,Süt,Marka-A,False
2025-03-14,M06,U013,25,97,176.68,False,Süt Ürünleri,Süt,Marka-A,False
2025-03-15,M06,U013,20,77,176.68,False,Süt Ürünleri,Süt,Marka-A,False
2025-03-16,M06,U013,14,63,176.68,False,Süt Ürünleri,Süt,Marka-A,False
2025-03-17,M06,U013,15,48,176.68,False,Süt Ürünleri,Süt,Marka-A,False
2025-03-18,M06,U013,13,96,176.68,False,Süt Ürünleri,Süt,Marka-A,False
2025-03-19,M06,U013,14,82,176.68,False,Süt Ürünleri,Süt,Marka-A,False
2025-03-20,M06,U013,15,67,176.68,False,Süt Ürünleri,Süt,Marka-A,False
2025-03-21,M06,U013,22,45,176.68,False,Süt Ürünleri,Süt,Marka-A,False
2025-03-22,M06,U013,27,90,176.68,False,Süt Ürünleri,Süt,Marka-A,False
2025-03-23,M06,U013,25,65,176.68,False,Süt Ürünleri,Süt,Marka-A,False
2025-03-24,M06,U013,18,47,176.68,False,Süt Ürünleri,Süt,Marka-A,False
2025-03-25,M06,U013,14,33,176.68,False,Süt Ürünleri,Süt,Marka-A,False
2025-03-26,M06,U013,19,100,176.68,False,Süt Ürünleri,Süt,Marka-A,False
2025-03-27,M06,U013,23,77,176.68,False,Süt Ürünleri,Süt,Marka-A,False
2025-03-28,M06,U013,31,46,176.68,False,Süt Ürünleri,Süt,Marka-A,False
2025-03-29,M06,U013,25,21,176.68,False,Süt Ürünleri,Süt,Marka-A,False
2025-03-30,M06,U013,22,94,176.68,False,Süt Ürünleri,Süt,Marka-A,False
2025-03-31,M06,U013,17,77,176.68,False,Süt Ürünleri,Süt,Marka-A,False
2025-04-01,M06,U013,24,53,176.68,False,Süt Ürünleri,Süt,Marka-A,False
2025-04-02,M06,U013,23,30,176.68,False,Süt Ürünleri,Süt,Marka-A,False
2025-04-03,M06,U013,23,89,176.68,False,Süt Ürünleri,Süt,Marka-A,False
2025-04-04,M06,U013,24,65,176.68,False,Süt Ürünleri,Süt,Marka-A,False
2025-04-05,M06,U013,22,43,176.68,False,Süt Ürünleri,Süt,Marka-A,False
2025-04-06,M06,U013,18,25,176.68,False,Süt Ürünleri,Süt,Marka-A,False
2025-04-07,M06,U013,13,12,176.68,False,Süt Ürünleri,Süt,Marka-A,False
2025-04-08,M06,U013,12,0,176.68,True,Süt Ürünleri,Süt,Marka-A,False
2025-04-09,M06,U013,0,0,176.68,True,Süt Ürünleri,Süt,Marka-A,False
2025-04-10,M06,U013,0,0,176.68,True,Süt Ürünleri,Süt,Marka-A,False
2025-04-11,M06,U013,16,93,176.68,False,Süt Ürünleri,Süt,Marka-A,False
2025-04-12,M06,U013,25,68,176.68,False,Süt Ürünleri,Süt,Marka-A,False
2025-04-13,M06,U013,18,50,176.68,False,Süt Ürünleri,Süt,Marka-A,False
2025-04-14,M06,U013,16,34,176.68,False,Süt Ürünleri,Süt,Marka-A,False
2025-04-15,M06,U013,26,80,176.68,False,Süt Ürünleri,Süt,Marka-A,False
2025-04-16,M06,U013,25,55,176.68,False,Süt Ürünleri,Süt,Marka-A,False
2025-04-17,M06,U013,16,39,176.68,False,Süt Ürünleri,Süt,Marka-A,False
2025-04-18,M06,U013,17,22,176.68,False,Süt Ürünleri,Süt,Marka-A,False
2025-04-19,M06,U013,22,0,176.68,True,Süt Ürünleri,Süt,Marka-A,False
2025-04-20,M06,U013,0,0,176.68,True,Süt Ürünleri,Süt,Marka-A,False
2025-04-21,M06,U013,0,0,176.68,True,Süt Ürünleri,Süt,Marka-A,False
2025-04-22,M06,U013,0,0,176.68,True,Süt Ürünleri,Süt,Marka-A,False
2025-04-23,M06,U013,10,112,176.68,False,Süt Ürünleri,Süt,Marka-A,False
2025-04-24,M06,U013,18,94,176.68,False,Süt Ürünleri,Süt,Marka-A,False
2025-04-25,M06,U013,23,71,176.68,False,Süt Ürünleri,Süt,Marka-A,False
2025-04-26,M06,U013,14,57,176.68,False,Süt Ürünleri,Süt,Marka-A,False
2025-04-27,M06,U013,18,93,176.68,False,Süt Ürünleri,Süt,Marka-A,False
2025-04-28,M06,U013,14,79,176.68,False,Süt Ürünleri,Süt,Marka-A,False
2025-04-29,M06,U013,18,61,176.68,False,Süt Ürünleri,Süt,Marka-A,False
2025-04-30,M06,U013,23,38,176.68,False,Süt Ürünleri,Süt,Marka-A,False
2025-05-01,M06,U013,19,102,176.68,False,Süt Ürünleri,Süt,Marka-A,False
2025-05-02,M06,U013,22,80,176.68,False,Süt Ürünleri,Süt,Marka-A,False
2025-05-03,M06,U013,22,58,176.68,False,Süt Ürünleri,Süt,Marka-A,False
2025-05-04,M06,U013,29,29,176.68,False,Süt Ürünleri,Süt,Marka-A,False
2025-05-05,M06,U013,21,89,159.01,False,Süt Ürünleri,Süt,Marka-A,True
2025-05-06,M06,U013,21,68,176.68,False,Süt Ürünleri,Süt,Marka-A,False
2025-01-01,M06,U014,4,65,115.91,False,Süt Ürünleri,Süt,Marka-B,False
2025-01-02,M06,U014,7,58,115.91,False,Süt Ürünleri,Süt,Marka-B,False
2025-01-03,M06,U014,18,40,98.52,False,Süt Ürünleri,Süt,Marka-B,True
2025-01-04,M06,U014,9,31,115.91,False,Süt Ürünleri,Süt,Marka-B,False
2025-01-05,M06,U014,14,17,115.91,False,Süt Ürünleri,Süt,Marka-B,False
2025-01-06,M06,U014,13,4,115.91,False,Süt Ürünleri,Süt,Marka-B,False
2025-01-07,M06,U014,4,0,115.91,True,Süt Ürünleri,Süt,Marka-B,False
2025-01-08,M06,U014,17,58,115.91,False,Süt Ürünleri,Süt,Marka-B,False
2025-01-09,M06,U014,13,45,115.91,False,Süt Ürünleri,Süt,Marka-B,False
2025-01-10,M06,U014,13,32,115.91,False,Süt Ürünleri,Süt,Marka-B,False
2025-01-11,M06,U014,8,24,115.91,False,Süt Ürünleri,Süt,Marka-B,False
2025-01-12,M06,U014,14,10,115.91,False,Süt Ürünleri,Süt,Marka-B,False
2025-01-13,M06,U014,7,3,115.91,False,Süt Ürünleri,Süt,Marka-B,False
2025-01-14,M06,U014,3,0,115.91,True,Süt Ürünleri,Süt,Marka-B,False
2025-01-15,M06,U014,15,56,115.91,False,Süt Ürünleri,Süt,Marka-B,False
2025-01-16,M06,U014,10,46,115.91,False,Süt Ürünleri,Süt,Marka-B,False
2025-01-17,M06,U014,17,29,115.91,False,Süt Ürünleri,Süt,Marka-B,False
2025-01-18,M06,U014,16,13,115.91,False,Süt Ürünleri,Süt,Marka-B,False
2025-01-19,M06,U014,13,0,115.91,False,Süt Ürünleri,Süt,Marka-B,False
2025-01-20,M06,U014,0,0,115.91,True,Süt Ürünleri,Süt,Marka-B,False
2025-01-21,M06,U014,0,0,115.91,True,Süt Ürünleri,Süt,Marka-B,False
2025-01-22,M06,U014,17,55,115.91,False,Süt Ürünleri,Süt,Marka-B,False
2025-01-23,M06,U014,8,47,115.91,False,Süt Ürünleri,Süt,Marka-B,False
2025-01-24,M06,U014,6,41,115.91,False,Süt Ürünleri,Süt,Marka-B,False
2025-01-25,M06,U014,7,34,115.91,False,Süt Ürünleri,Süt,Marka-B,False
2025-01-26,M06,U014,14,20,115.91,False,Süt Ürünleri,Süt,Marka-B,False
2025-01-27,M06,U014,8,12,115.91,False,Süt Ürünleri,Süt,Marka-B,False
2025-01-28,M06,U014,11,1,115.91,False,Süt Ürünleri,Süt,Marka-B,False
2025-01-29,M06,U014,10,73,115.91,False,Süt Ürünleri,Süt,Marka-B,False
2025-01-30,M06,U014,23,50,104.32,False,Süt Ürünleri,Süt,Marka-B,True
2025-01-31,M06,U014,14,36,115.91,False,Süt Ürünleri,Süt,Marka-B,False
2025-02-01,M06,U014,16,20,115.91,False,Süt Ürünleri,Süt,Marka-B,False
2025-02-02,M06,U014,19,1,115.91,False,Süt Ürünleri,Süt,Marka-B,False
2025-02-03,M06,U014,1,0,115.91,True,Süt Ürünleri,Süt,Marka-B,False
2025-02-04,M06,U014,0,0,115.91,True,Süt Ürünleri,Süt,Marka-B,False
2025-02-05,M06,U014,8,75,115.91,False,Süt Ürünleri,Süt,Marka-B,False
2025-02-06,M06,U014,15,60,115.91,False,Süt Ürünleri,Süt,Marka-B,False
2025-02-07,M06,U014,15,45,115.91,False,Süt Ürünleri,Süt,Marka-B,False
2025-02-08,M06,U014,10,35,115.91,False,Süt Ürünleri,Süt,Marka-B,False
2025-02-09,M06,U014,9,26,115.91,False,Süt Ürünleri,Süt,Marka-B,False
2025-02-10,M06,U014,6,20,115.91,False,Süt Ürünleri,Süt,Marka-B,False
2025-02-11,M06,U014,10,10,115.91,False,Süt Ürünleri,Süt,Marka-B,False
2025-02-12,M06,U014,7,70,115.91,False,Süt Ürünleri,Süt,Marka-B,False
2025-02-13,M06,U014,7,63,115.91,False,Süt Ürünleri,Süt,Marka-B,False
2025-02-14,M06,U014,13,50,115.91,False,Süt Ürünleri,Süt,Marka-B,False
2025-02-15,M06,U014,9,41,115.91,False,Süt Ürünleri,Süt,Marka-B,False
2025-02-16,M06,U014,14,27,115.91,False,Süt Ürünleri,Süt,Marka-B,False
2025-02-17,M06,U014,6,21,115.91,False,Süt Ürünleri,Süt,Marka-B,False
2025-02-18,M06,U014,7,14,115.91,False,Süt Ürünleri,Süt,Marka-B,False
2025-02-19,M06,U014,11,58,115.91,False,Süt Ürünleri,Süt,Marka-B,False
2025-02-20,M06,U014,9,49,115.91,False,Süt Ürünleri,Süt,Marka-B,False
2025-02-21,M06,U014,8,41,115.91,False,Süt Ürünleri,Süt,Marka-B,False
2025-02-22,M06,U014,20,21,92.73,False,Süt Ürünleri,Süt,Marka-B,True
2025-02-23,M06,U014,10,11,115.91,False,Süt Ürünleri,Süt,Marka-B,False
2025-02-24,M06,U014,7,4,115.91,False,Süt Ürünleri,Süt,Marka-B,False
2025-02-25,M06,U014,4,0,115.91,True,Süt Ürünleri,Süt,Marka-B,False
2025-02-26,M06,U014,20,52,104.32,False,Süt Ürünleri,Süt,Marka-B,True
2025-02-27,M06,U014,11,41,115.91,False,Süt Ürünleri,Süt,Marka-B,False
2025-02-28,M06,U014,11,30,115.91,False,Süt Ürünleri,Süt,Marka-B,False
2025-03-01,M06,U014,15,15,115.91,False,Süt Ürünleri,Süt,Marka-B,False
2025-03-02,M06,U014,10,5,115.91,False,Süt Ürünleri,Süt,Marka-B,False
2025-03-03,M06,U014,5,0,115.91,True,Süt Ürünleri,Süt,Marka-B,False
2025-03-04,M06,U014,0,0,104.32,True,Süt Ürünleri,Süt,Marka-B,True
2025-03-05,M06,U014,10,72,115.91,False,Süt Ürünleri,Süt,Marka-B,False
2025-03-06,M06,U014,10,62,115.91,False,Süt Ürünleri,Süt,Marka-B,False
2025-03-07,M06,U014,18,44,115.91,False,Süt Ürünleri,Süt,Marka-B,False
2025-03-08,M06,U014,18,26,115.91,False,Süt Ürünleri,Süt,Marka-B,False
2025-03-09,M06,U014,18,8,115.91,False,Süt Ürünleri,Süt,Marka-B,False
2025-03-10,M06,U014,8,0,115.91,True,Süt Ürünleri,Süt,Marka-B,False
2025-03-11,M06,U014,0,0,115.91,True,Süt Ürünleri,Süt,Marka-B,False
2025-03-12,M06,U014,10,72,115.91,False,Süt Ürünleri,Süt,Marka-B,False
2025-03-13,M06,U014,12,60,115.91,False,Süt Ürünleri,Süt,Marka-B,False
2025-03-14,M06,U014,13,47,115.91,False,Süt Ürünleri,Süt,Marka-B,False
2025-03-15,M06,U014,14,33,115.91,False,Süt Ürünleri,Süt,Marka-B,False
2025-03-16,M06,U014,13,20,115.91,False,Süt Ürünleri,Süt,Marka-B,False
2025-03-17,M06,U014,9,11,115.91,False,Süt Ürünleri,Süt,Marka-B,False
2025-03-18,M06,U014,11,0,115.91,True,Süt Ürünleri,Süt,Marka-B,False
2025-03-19,M06,U014,8,64,115.91,False,Süt Ürünleri,Süt,Marka-B,False
2025-03-20,M06,U014,13,51,115.91,False,Süt Ürünleri,Süt,Marka-B,False
2025-03-21,M06,U014,20,31,115.91,False,Süt Ürünleri,Süt,Marka-B,False
2025-03-22,M06,U014,9,22,115.91,False,Süt Ürünleri,Süt,Marka-B,False
2025-03-23,M06,U014,14,8,115.91,False,Süt Ürünleri,Süt,Marka-B,False
2025-03-24,M06,U014,8,0,115.91,True,Süt Ürünleri,Süt,Marka-B,False
2025-03-25,M06,U014,0,0,115.91,True,Süt Ürünleri,Süt,Marka-B,False
2025-03-26,M06,U014,12,63,115.91,False,Süt Ürünleri,Süt,Marka-B,False
2025-03-27,M06,U014,19,44,115.91,False,Süt Ürünleri,Süt,Marka-B,False
2025-03-28,M06,U014,11,33,115.91,False,Süt Ürünleri,Süt,Marka-B,False
2025-03-29,M06,U014,24,9,92.73,False,Süt Ürünleri,Süt,Marka-B,True
2025-03-30,M06,U014,9,0,115.91,True,Süt Ürünleri,Süt,Marka-B,False
2025-03-31,M06,U014,0,0,115.91,True,Süt Ürünleri,Süt,Marka-B,False
2025-04-01,M06,U014,0,0,115.91,True,Süt Ürünleri,Süt,Marka-B,False
2025-04-02,M06,U014,9,63,115.91,False,Süt Ürünleri,Süt,Marka-B,False
2025-04-03,M06,U014,15,48,115.91,False,Süt Ürünleri,Süt,Marka-B,False
2025-04-04,M06,U014,6,42,115.91,False,Süt Ürünleri,Süt,Marka-B,False
2025-04-05,M06,U014,23,19,92.73,False,Süt Ürünleri,Süt,Marka-B,True
2025-04-06,M06,U014,15,4,115.91,False,Süt Ürünleri,Süt,Marka-B,False
2025-04-07,M06,U014,4,0,92.73,True,Süt Ürünleri,Süt,Marka-B,True
2025-04-08,M06,U014,0,0,115.91,True,Süt Ürünleri,Süt,Marka-B,False
2025-04-09,M06,U014,0,0,115.91,True,Süt Ürünleri,Süt,Marka-B,False
2025-04-10,M06,U014,0,0,104.32,True,Süt Ürünleri,Süt,Marka-B,True
2025-04-11,M06,U014,0,0,115.91,True,Süt Ürünleri,Süt,Marka-B,False
2025-04-12,M06,U014,0,0,115.91,True,Süt Ürünleri,Süt,Marka-B,False
2025-04-13,M06,U014,0,0,115.91,True,Süt Ürünleri,Süt,Marka-B,False
2025-04-14,M06,U014,0,0,115.91,True,Süt Ürünleri,Süt,Marka-B,False
2025-04-15,M06,U014,0,0,115.91,True,Süt Ürünleri,Süt,Marka-B,False
2025-04-16,M06,U014,10,69,115.91,False,Süt Ürünleri,Süt,Marka-B,False
2025-04-17,M06,U014,9,60,115.91,False,Süt Ürünleri,Süt,Marka-B,False
2025-04-18,M06,U014,15,45,115.91,False,Süt Ürünleri,Süt,Marka-B,False
2025-04-19,M06,U014,18,27,115.91,False,Süt Ürünleri,Süt,Marka-B,False
2025-04-20,M06,U014,17,10,115.91,False,Süt Ürünleri,Süt,Marka-B,False
2025-04-21,M06,U014,7,3,115.91,False,Süt Ürünleri,Süt,Marka-B,False
2025-04-22,M06,U014,3,0,115.91,True,Süt Ürünleri,Süt,Marka-B,False
2025-04-23,M06,U014,13,68,115.91,False,Süt Ürünleri,Süt,Marka-B,False
2025-04-24,M06,U014,18,50,115.91,False,Süt Ürünleri,Süt,Marka-B,False
2025-04-25,M06,U014,13,37,115.91,False,Süt Ürünleri,Süt,Marka-B,False
2025-04-26,M06,U014,9,28,115.91,False,Süt Ürünleri,Süt,Marka-B,False
2025-04-27,M06,U014,17,11,115.91,False,Süt Ürünleri,Süt,Marka-B,False
2025-04-28,M06,U014,11,0,115.91,False,Süt Ürünleri,Süt,Marka-B,False
2025-04-29,M06,U014,0,0,115.91,True,Süt Ürünleri,Süt,Marka-B,False
2025-04-30,M06,U014,17,55,115.91,False,Süt Ürünleri,Süt,Marka-B,False
2025-05-01,M06,U014,9,46,115.91,False,Süt Ürünleri,Süt,Marka-B,False
2025-05-02,M06,U014,14,32,115.91,False,Süt Ürünleri,Süt,Marka-B,False
2025-05-03,M06,U014,18,14,115.91,False,Süt Ürünleri,Süt,Marka-B,False
2025-05-04,M06,U014,14,0,115.91,True,Süt Ürünleri,Süt,Marka-B,False
2025-05-05,M06,U014,0,0,115.91,True,Süt Ürünleri,Süt,Marka-B,False
2025-05-06,M06,U014,0,0,115.91,True,Süt Ürünleri,Süt,Marka-B,False
2025-01-01,M06,U015,36,115,54.99,False,Süt Ürünleri,Yoğurt,Marka-C,False
2025-01-02,M06,U015,34,81,54.99,False,Süt Ürünleri,Yoğurt,Marka-C,False
2025-01-03,M06,U015,32,49,54.99,False,Süt Ürünleri,Yoğurt,Marka-C,False
2025-01-04,M06,U015,49,0,54.99,True,Süt Ürünleri,Yoğurt,Marka-C,False
2025-01-05,M06,U015,0,0,54.99,True,Süt Ürünleri,Yoğurt,Marka-C,False
2025-01-06,M06,U015,33,127,54.99,False,Süt Ürünleri,Yoğurt,Marka-C,False
2025-01-07,M06,U015,32,95,54.99,False,Süt Ürünleri,Yoğurt,Marka-C,False
2025-01-08,M06,U015,32,63,54.99,False,Süt Ürünleri,Yoğurt,Marka-C,False
2025-01-09,M06,U015,61,2,46.74,False,Süt Ürünleri,Yoğurt,Marka-C,True
2025-01-10,M06,U015,2,0,54.99,True,Süt Ürünleri,Yoğurt,Marka-C,False
2025-01-11,M06,U015,35,110,54.99,False,Süt Ürünleri,Yoğurt,Marka-C,False
2025-01-12,M06,U015,32,78,54.99,False,Süt Ürünleri,Yoğurt,Marka-C,False
2025-01-13,M06,U015,27,51,54.99,False,Süt Ürünleri,Yoğurt,Marka-C,False
2025-01-14,M06,U015,33,18,54.99,False,Süt Ürünleri,Yoğurt,Marka-C,False
2025-01-15,M06,U015,18,0,54.99,True,Süt Ürünleri,Yoğurt,Marka-C,False
2025-01-16,M06,U015,28,138,54.99,False,Süt Ürünleri,Yoğurt,Marka-C,False
2025-01-17,M06,U015,36,102,54.99,False,Süt Ürünleri,Yoğurt,Marka-C,False
2025-01-18,M06,U015,47,55,54.99,False,Süt Ürünleri,Yoğurt,Marka-C,False
2025-01-19,M06,U015,39,16,54.99,False,Süt Ürünleri,Yoğurt,Marka-C,False
2025-01-20,M06,U015,16,0,54.99,True,Süt Ürünleri,Yoğurt,Marka-C,False
2025-01-21,M06,U015,28,137,54.99,False,Süt Ürünleri,Yoğurt,Marka-C,False
2025-01-22,M06,U015,25,112,54.99,False,Süt Ürünleri,Yoğurt,Marka-C,False
2025-01-23,M06,U015,31,81,54.99,False,Süt Ürünleri,Yoğurt,Marka-C,False
2025-01-24,M06,U015,42,39,54.99,False,Süt Ürünleri,Yoğurt,Marka-C,False
2025-01-25,M06,U015,39,0,54.99,False,Süt Ürünleri,Yoğurt,Marka-C,False
2025-01-26,M06,U015,41,113,54.99,False,Süt Ürünleri,Yoğurt,Marka-C,False
2025-01-27,M06,U015,37,76,49.49,False,Süt Ürünleri,Yoğurt,Marka-C,True
2025-01-28,M06,U015,40,36,54.99,False,Süt Ürünleri,Yoğurt,Marka-C,False
2025-01-29,M06,U015,36,0,54.99,True,Süt Ürünleri,Yoğurt,Marka-C,False
2025-01-30,M06,U015,0,0,46.74,True,Süt Ürünleri,Yoğurt,Marka-C,True
2025-01-31,M06,U015,39,109,54.99,False,Süt Ürünleri,Yoğurt,Marka-C,False
2025-02-01,M06,U015,39,70,54.99,False,Süt Ürünleri,Yoğurt,Marka-C,False
2025-02-02,M06,U015,40,30,54.99,False,Süt Ürünleri,Yoğurt,Marka-C,False
2025-02-03,M06,U015,30,0,54.99,True,Süt Ürünleri,Yoğurt,Marka-C,False
2025-02-04,M06,U015,0,0,54.99,True,Süt Ürünleri,Yoğurt,Marka-C,False
2025-02-05,M06,U015,26,139,54.99,False,Süt Ürünleri,Yoğurt,Marka-C,False
2025-02-06,M06,U015,38,101,54.99,False,Süt Ürünleri,Yoğurt,Marka-C,False
2025-02-07,M06,U015,46,55,54.99,False,Süt Ürünleri,Yoğurt,Marka-C,False
2025-02-08,M06,U015,45,10,54.99,False,Süt Ürünleri,Yoğurt,Marka-C,False
2025-02-09,M06,U015,10,0,54.99,True,Süt Ürünleri,Yoğurt,Marka-C,False
2025-02-10,M06,U015,0,0,54.99,True,Süt Ürünleri,Yoğurt,Marka-C,False
2025-02-11,M06,U015,0,0,54.99,True,Süt Ürünleri,Yoğurt,Marka-C,False
2025-02-12,M06,U015,0,0,54.99,True,Süt Ürünleri,Yoğurt,Marka-C,False
2025-02-13,M06,U015,0,0,54.99,True,Süt Ürünleri,Yoğurt,Marka-C,False
2025-02-14,M06,U015,0,0,54.99,True,Süt Ürünleri,Yoğurt,Marka-C,False
2025-02-15,M06,U015,45,121,54.99,False,Süt Ürünleri,Yoğurt,Marka-C,False
2025-02-16,M06,U015,40,81,54.99,False,Süt Ürünleri,Yoğurt,Marka-C,False
2025-02-17,M06,U015,35,46,54.99,False,Süt Ürünleri,Yoğurt,Marka-C,False
2025-02-18,M06,U015,34,12,54.99,False,Süt Ürünleri,Yoğurt,Marka-C,False
2025-02-19,M06,U015,12,0,54.99,True,Süt Ürünleri,Yoğurt,Marka-C,False
2025-02-20,M06,U015,31,123,54.99,False,Süt Ürünleri,Yoğurt,Marka-C,False
2025-02-21,M06,U015,34,89,54.99,False,Süt Ürünleri,Yoğurt,Marka-C,False
2025-02-22,M06,U015,47,42,54.99,False,Süt Ürünleri,Yoğurt,Marka-C,False
2025-02-23,M06,U015,42,0,54.99,True,Süt Ürünleri,Yoğurt,Marka-C,False
2025-02-24,M06,U015,0,0,54.99,True,Süt Ürünleri,Yoğurt,Marka-C,False
2025-02-25,M06,U015,37,111,54.99,False,Süt Ürünleri,Yoğurt,Marka-C,False
2025-02-26,M06,U015,36,75,54.99,False,Süt Ürünleri,Yoğurt,Marka-C,False
2025-02-27,M06,U015,33,42,54.99,False,Süt Ürünleri,Yoğurt,Marka-C,False
2025-02-28,M06,U015,29,13,54.99,False,Süt Ürünleri,Yoğurt,Marka-C,False
2025-03-01,M06,U015,13,0,54.99,True,Süt Ürünleri,Yoğurt,Marka-C,False
2025-03-02,M06,U015,35,113,54.99,False,Süt Ürünleri,Yoğurt,Marka-C,False
2025-03-03,M06,U015,31,82,54.99,False,Süt Ürünleri,Yoğurt,Marka-C,False
2025-03-04,M06,U015,28,54,54.99,False,Süt Ürünleri,Yoğurt,Marka-C,False
2025-03-05,M06,U015,31,23,54.99,False,Süt Ürünleri,Yoğurt,Marka-C,False
2025-03-06,M06,U015,23,0,54.99,True,Süt Ürünleri,Yoğurt,Marka-C,False
2025-03-07,M06,U015,30,117,54.99,False,Süt Ürünleri,Yoğurt,Marka-C,False
2025-03-08,M06,U015,73,44,43.99,False,Süt Ürünleri,Yoğurt,Marka-C,True
2025-03-09,M06,U015,43,1,54.99,False,Süt Ürünleri,Yoğurt,Marka-C,False
2025-03-10,M06,U015,1,0,54.99,True,Süt Ürünleri,Yoğurt,Marka-C,False
2025-03-11,M06,U015,0,0,54.99,True,Süt Ürünleri,Yoğurt,Marka-C,False
2025-03-12,M06,U015,38,132,54.99,False,Süt Ürünleri,Yoğurt,Marka-C,False
2025-03-13,M06,U015,36,96,54.99,False,Süt Ürünleri,Yoğurt,Marka-C,False
2025-03-14,M06,U015,36,60,54.99,False,Süt Ürünleri,Yoğurt,Marka-C,False
2025-03-15,M06,U015,37,23,54.99,False,Süt Ürünleri,Yoğurt,Marka-C,False
2025-03-16,M06,U015,23,0,54.99,True,Süt Ürünleri,Yoğurt,Marka-C,False
2025-03-17,M06,U015,46,122,46.74,False,Süt Ürünleri,Yoğurt,Marka-C,True
2025-03-18,M06,U015,28,94,54.99,False,Süt Ürünleri,Yoğurt,Marka-C,False
2025-03-19,M06,U015,36,58,54.99,False,Süt Ürünleri,Yoğurt,Marka-C,False
2025-03-20,M06,U015,29,29,54.99,False,Süt Ürünleri,Yoğurt,Marka-C,False
2025-03-21,M06,U015,29,0,54.99,False,Süt Ürünleri,Yoğurt,Marka-C,False
2025-03-22,M06,U015,52,94,54.99,False,Süt Ürünleri,Yoğurt,Marka-C,False
2025-03-23,M06,U015,44,50,54.99,False,Süt Ürünleri,Yoğurt,Marka-C,False
2025-03-24,M06,U015,23,27,54.99,False,Süt Ürünleri,Yoğurt,Marka-C,False
2025-03-25,M06,U015,27,0,54.99,True,Süt Ürünleri,Yoğurt,Marka-C,False
2025-03-26,M06,U015,0,0,54.99,True,Süt Ürünleri,Yoğurt,Marka-C,False
2025-03-27,M06,U015,63,107,54.99,False,Süt Ürünleri,Yoğurt,Marka-C,False
2025-03-28,M06,U015,36,71,54.99,False,Süt Ürünleri,Yoğurt,Marka-C,False
2025-03-29,M06,U015,46,25,54.99,False,Süt Ürünleri,Yoğurt,Marka-C,False
2025-03-30,M06,U015,25,0,54.99,True,Süt Ürünleri,Yoğurt,Marka-C,False
2025-03-31,M06,U015,0,0,54.99,True,Süt Ürünleri,Yoğurt,Marka-C,False
2025-04-01,M06,U015,0,0,54.99,True,Süt Ürünleri,Yoğurt,Marka-C,False
2025-04-02,M06,U015,0,0,54.99,True,Süt Ürünleri,Yoğurt,Marka-C,False
2025-04-03,M06,U015,0,0,54.99,True,Süt Ürünleri,Yoğurt,Marka-C,False
2025-04-04,M06,U015,0,0,54.99,True,Süt Ürünleri,Yoğurt,Marka-C,False
2025-04-05,M06,U015,0,0,43.99,True,Süt Ürünleri,Yoğurt,Marka-C,True
2025-04-06,M06,U015,35,135,54.99,False,Süt Ürünleri,Yoğurt,Marka-C,False
2025-04-07,M06,U015,29,106,54.99,False,Süt Ürünleri,Yoğurt,Marka-C,False
2025-04-08,M06,U015,34,72,54.99,False,Süt Ürünleri,Yoğurt,Marka-C,False
2025-04-09,M06,U015,48,24,54.99,False,Süt Ürünleri,Yoğurt,Marka-C,False
2025-04-10,M06,U015,24,0,54.99,True,Süt Ürünleri,Yoğurt,Marka-C,False
2025-04-11,M06,U015,32,128,54.99,False,Süt Ürünleri,Yoğurt,Marka-C,False
2025-04-12,M06,U015,72,56,46.74,False,Süt Ürünleri,Yoğurt,Marka-C,True
2025-04-13,M06,U015,39,17,54.99,False,Süt Ürünleri,Yoğurt,Marka-C,False
2025-04-14,M06,U015,17,0,54.99,True,Süt Ürünleri,Yoğurt,Marka-C,False
2025-04-15,M06,U015,0,0,54.99,True,Süt Ürünleri,Yoğurt,Marka-C,False
2025-04-16,M06,U015,38,130,54.99,False,Süt Ürünleri,Yoğurt,Marka-C,False
2025-04-17,M06,U015,37,93,54.99,False,Süt Ürünleri,Yoğurt,Marka-C,False
2025-04-18,M06,U015,49,44,54.99,False,Süt Ürünleri,Yoğurt,Marka-C,False
2025-04-19,M06,U015,44,0,54.99,True,Süt Ürünleri,Yoğurt,Marka-C,False
2025-04-20,M06,U015,0,0,54.99,True,Süt Ürünleri,Yoğurt,Marka-C,False
2025-04-21,M06,U015,35,107,54.99,False,Süt Ürünleri,Yoğurt,Marka-C,False
2025-04-22,M06,U015,43,64,54.99,False,Süt Ürünleri,Yoğurt,Marka-C,False
2025-04-23,M06,U015,54,10,43.99,False,Süt Ürünleri,Yoğurt,Marka-C,True
2025-04-24,M06,U015,10,0,54.99,True,Süt Ürünleri,Yoğurt,Marka-C,False
2025-04-25,M06,U015,0,0,54.99,True,Süt Ürünleri,Yoğurt,Marka-C,False
2025-04-26,M06,U015,70,101,46.74,False,Süt Ürünleri,Yoğurt,Marka-C,True
2025-04-27,M06,U015,68,33,49.49,False,Süt Ürünleri,Yoğurt,Marka-C,True
2025-04-28,M06,U015,32,1,54.99,False,Süt Ürünleri,Yoğurt,Marka-C,False
2025-04-29,M06,U015,1,0,54.99,True,Süt Ürünleri,Yoğurt,Marka-C,False
2025-04-30,M06,U015,0,0,54.99,True,Süt Ürünleri,Yoğurt,Marka-C,False
2025-05-01,M06,U015,44,107,54.99,False,Süt Ürünleri,Yoğurt,Marka-C,False
2025-05-02,M06,U015,39,68,54.99,False,Süt Ürünleri,Yoğurt,Marka-C,False
2025-05-03,M06,U015,37,31,54.99,False,Süt Ürünleri,Yoğurt,Marka-C,False
2025-05-04,M06,U015,31,0,54.99,True,Süt Ürünleri,Yoğurt,Marka-C,False
2025-05-05,M06,U015,0,0,54.99,True,Süt Ürünleri,Yoğurt,Marka-C,False
2025-05-06,M06,U015,36,132,54.99,False,Süt Ürünleri,Yoğurt,Marka-C,False
2025-01-01,M06,U016,51,110,170.13,False,Süt Ürünleri,Yoğurt,Marka-D,False
2025-01-02,M06,U016,54,56,170.13,False,Süt Ürünleri,Yoğurt,Marka-D,False
2025-01-03,M06,U016,53,3,170.13,False,Süt Ürünleri,Yoğurt,Marka-D,False
2025-01-04,M06,U016,3,0,170.13,True,Süt Ürünleri,Yoğurt,Marka-D,False
2025-01-05,M06,U016,0,0,170.13,True,Süt Ürünleri,Yoğurt,Marka-D,False
2025-01-06,M06,U016,38,223,170.13,False,Süt Ürünleri,Yoğurt,Marka-D,False
2025-01-07,M06,U016,43,180,170.13,False,Süt Ürünleri,Yoğurt,Marka-D,False
2025-01-08,M06,U016,43,137,170.13,False,Süt Ürünleri,Yoğurt,Marka-D,False
2025-01-09,M06,U016,39,98,170.13,False,Süt Ürünleri,Yoğurt,Marka-D,False
2025-01-10,M06,U016,40,58,170.13,False,Süt Ürünleri,Yoğurt,Marka-D,False
2025-01-11,M06,U016,49,210,170.13,False,Süt Ürünleri,Yoğurt,Marka-D,False
2025-01-12,M06,U016,95,115,144.61,False,Süt Ürünleri,Yoğurt,Marka-D,True
2025-01-13,M06,U016,41,74,170.13,False,Süt Ürünleri,Yoğurt,Marka-D,False
2025-01-14,M06,U016,36,38,170.13,False,Süt Ürünleri,Yoğurt,Marka-D,False
2025-01-15,M06,U016,34,4,170.13,False,Süt Ürünleri,Yoğurt,Marka-D,False
2025-01-16,M06,U016,25,230,170.13,False,Süt Ürünleri,Yoğurt,Marka-D,False
2025-01-17,M06,U016,47,183,170.13,False,Süt Ürünleri,Yoğurt,Marka-D,False
2025-01-18,M06,U016,57,126,170.13,False,Süt Ürünleri,Yoğurt,Marka-D,False
2025-01-19,M06,U016,40,86,170.13,False,Süt Ürünleri,Yoğurt,Marka-D,False
2025-01-20,M06,U016,48,38,170.13,False,Süt Ürünleri,Yoğurt,Marka-D,False
2025-01-21,M06,U016,30,206,170.13,False,Süt Ürünleri,Yoğurt,Marka-D,False
2025-01-22,M06,U016,40,166,170.13,False,Süt Ürünleri,Yoğurt,Marka-D,False
2025-01-23,M06,U016,47,119,170.13,False,Süt Ürünleri,Yoğurt,Marka-D,False
2025-01-24,M06,U016,47,72,170.13,False,Süt Ürünleri,Yoğurt,Marka-D,False
2025-01-25,M06,U016,54,18,170.13,False,Süt Ürünleri,Yoğurt,Marka-D,False
2025-01-26,M06,U016,18,0,170.13,True,Süt Ürünleri,Yoğurt,Marka-D,False
2025-01-27,M06,U016,0,0,170.13,True,Süt Ürünleri,Yoğurt,Marka-D,False
2025-01-28,M06,U016,0,0,170.13,True,Süt Ürünleri,Yoğurt,Marka-D,False
2025-01-29,M06,U016,0,0,170.13,True,Süt Ürünleri,Yoğurt,Marka-D,False
2025-01-30,M06,U016,0,0,170.13,True,Süt Ürünleri,Yoğurt,Marka-D,False
2025-01-31,M06,U016,47,199,170.13,False,Süt Ürünleri,Yoğurt,Marka-D,False
2025-02-01,M06,U016,52,147,170.13,False,Süt Ürünleri,Yoğurt,Marka-D,False
2025-02-02,M06,U016,52,95,170.13,False,Süt Ürünleri,Yoğurt,Marka-D,False
2025-02-03,M06,U016,46,49,170.13,False,Süt Ürünleri,Yoğurt,Marka-D,False
2025-02-04,M06,U016,39,10,170.13,False,Süt Ürünleri,Yoğurt,Marka-D,False
2025-02-05,M06,U016,54,190,170.13,False,Süt Ürünleri,Yoğurt,Marka-D,False
2025-02-06,M06,U016,44,146,170.13,False,Süt Ürünleri,Yoğurt,Marka-D,False
2025-02-07,M06,U016,38,108,170.13,False,Süt Ürünleri,Yoğurt,Marka-D,False
2025-02-08,M06,U016,60,48,170.13,False,Süt Ürünleri,Yoğurt,Marka-D,False
2025-02-09,M06,U016,48,0,170.13,True,Süt Ürünleri,Yoğurt,Marka-D,False
2025-02-10,M06,U016,64,155,144.61,False,Süt Ürünleri,Yoğurt,Marka-D,True
2025-02-11,M06,U016,39,116,170.13,False,Süt Ürünleri,Yoğurt,Marka-D,False
2025-02-12,M06,U016,44,72,170.13,False,Süt Ürünleri,Yoğurt,Marka-D,False
2025-02-13,M06,U016,44,28,170.13,False,Süt Ürünleri,Yoğurt,Marka-D,False
2025-02-14,M06,U016,28,0,170.13,True,Süt Ürünleri,Yoğurt,Marka-D,False
2025-02-15,M06,U016,60,189,170.13,False,Süt Ürünleri,Yoğurt,Marka-D,False
2025-02-16,M06,U016,51,138,170.13,False,Süt Ürünleri,Yoğurt,Marka-D,False
2025-02-17,M06,U016,44,94,170.13,False,Süt Ürünleri,Yoğurt,Marka-D,False
2025-02-18,M06,U016,86,8,136.1,False,Süt Ürünleri,Yoğurt,Marka-D,True
2025-02-19,M06,U016,8,0,170.13,True,Süt Ürünleri,Yoğurt,Marka-D,False
2025-02-20,M06,U016,43,189,170.13,False,Süt Ürünleri,Yoğurt,Marka-D,False
2025-02-21,M06,U016,56,133,170.13,False,Süt Ürünleri,Yoğurt,Marka-D,False
2025-02-22,M06,U016,64,69,170.13,False,Süt Ürünleri,Yoğurt,Marka-D,False
2025-02-23,M06,U016,41,28,170.13,False,Süt Ürünleri,Yoğurt,Marka-D,False
2025-02-24,M06,U016,28,0,170.13,True,Süt Ürünleri,Yoğurt,Marka-D,False
2025-02-25,M06,U016,44,203,170.13,False,Süt Ürünleri,Yoğurt,Marka-D,False
2025-02-26,M06,U016,43,160,170.13,False,Süt Ürünleri,Yoğurt,Marka-D,False
2025-02-27,M06,U016,44,116,170.13,False,Süt Ürünleri,Yoğurt,Marka-D,False
2025-02-28,M06,U016,41,75,170.13,False,Süt Ürünleri,Yoğurt,Marka-D,False
2025-03-01,M06,U016,54,21,170.13,False,Süt Ürünleri,Yoğurt,Marka-D,False
2025-03-02,M06,U016,52,208,170.13,False,Süt Ürünleri,Yoğurt,Marka-D,False
2025-03-03,M06,U016,36,172,170.13,False,Süt Ürünleri,Yoğurt,Marka-D,False
2025-03-04,M06,U016,40,132,170.13,False,Süt Ürünleri,Yoğurt,Marka-D,False
2025-03-05,M06,U016,61,71,170.13,False,Süt Ürünleri,Yoğurt,Marka-D,False
2025-03-06,M06,U016,54,17,170.13,False,Süt Ürünleri,Yoğurt,Marka-D,False
2025-03-07,M06,U016,51,180,170.13,False,Süt Ürünleri,Yoğurt,Marka-D,False
2025-03-08,M06,U016,60,120,170.13,False,Süt Ürünleri,Yoğurt,Marka-D,False
2025-03-09,M06,U016,69,51,170.13,False,Süt Ürünleri,Yoğurt,Marka-D,False
2025-03-10,M06,U016,37,14,170.13,False,Süt Ürünleri,Yoğurt,Marka-D,False
2025-03-11,M06,U016,14,0,170.13,True,Süt Ürünleri,Yoğurt,Marka-D,False
2025-03-12,M06,U016,53,185,170.13,False,Süt Ürünleri,Yoğurt,Marka-D,False
2025-03-13,M06,U016,49,136,170.13,False,Süt Ürünleri,Yoğurt,Marka-D,False
2025-03-14,M06,U016,63,73,170.13,False,Süt Ürünleri,Yoğurt,Marka-D,False
2025-03-15,M06,U016,71,2,170.13,False,Süt Ürünleri,Yoğurt,Marka-D,False
2025-03-16,M06,U016,2,0,170.13,True,Süt Ürünleri,Yoğurt,Marka-D,False
2025-03-17,M06,U016,45,216,170.13,False,Süt Ürünleri,Yoğurt,Marka-D,False
2025-03-18,M06,U016,41,175,170.13,False,Süt Ürünleri,Yoğurt,Marka-D,False
2025-03-19,M06,U016,46,129,170.13,False,Süt Ürünleri,Yoğurt,Marka-D,False
2025-03-20,M06,U016,56,73,170.13,False,Süt Ürünleri,Yoğurt,Marka-D,False
2025-03-21,M06,U016,42,31,170.13,False,Süt Ürünleri,Yoğurt,Marka-D,False
2025-03-22,M06,U016,66,175,170.13,False,Süt Ürünleri,Yoğurt,Marka-D,False
2025-03-23,M06,U016,39,136,170.13,False,Süt Ürünleri,Yoğurt,Marka-D,False
2025-03-24,M06,U016,82,54,144.61,False,Süt Ürünleri,Yoğurt,Marka-D,True
2025-03-25,M06,U016,44,10,170.13,False,Süt Ürünleri,Yoğurt,Marka-D,False
2025-03-26,M06,U016,10,0,170.13,True,Süt Ürünleri,Yoğurt,Marka-D,False
2025-03-27,M06,U016,39,202,170.13,False,Süt Ürünleri,Yoğurt,Marka-D,False
2025-03-28,M06,U016,53,149,170.13,False,Süt Ürünleri,Yoğurt,Marka-D,False
2025-03-29,M06,U016,59,90,170.13,False,Süt Ürünleri,Yoğurt,Marka-D,False
2025-03-30,M06,U016,59,31,170.13,False,Süt Ürünleri,Yoğurt,Marka-D,False
2025-03-31,M06,U016,31,0,170.13,True,Süt Ürünleri,Yoğurt,Marka-D,False
2025-04-01,M06,U016,66,162,136.1,False,Süt Ürünleri,Yoğurt,Marka-D,True
2025-04-02,M06,U016,38,124,170.13,False,Süt Ürünleri,Yoğurt,Marka-D,False
2025-04-03,M06,U016,37,87,170.13,False,Süt Ürünleri,Yoğurt,Marka-D,False
2025-04-04,M06,U016,50,37,170.13,False,Süt Ürünleri,Yoğurt,Marka-D,False
2025-04-05,M06,U016,37,0,170.13,True,Süt Ürünleri,Yoğurt,Marka-D,False
2025-04-06,M06,U016,97,123,144.61,False,Süt Ürünleri,Yoğurt,Marka-D,True
2025-04-07,M06,U016,53,70,170.13,False,Süt Ürünleri,Yoğurt,Marka-D,False
2025-04-08,M06,U016,44,26,170.13,False,Süt Ürünleri,Yoğurt,Marka-D,False
2025-04-09,M06,U016,26,0,170.13,True,Süt Ürünleri,Yoğurt,Marka-D,False
2025-04-10,M06,U016,0,0,170.13,True,Süt Ürünleri,Yoğurt,Marka-D,False
2025-04-11,M06,U016,49,176,170.13,False,Süt Ürünleri,Yoğurt,Marka-D,False
2025-04-12,M06,U016,58,118,170.13,False,Süt Ürünleri,Yoğurt,Marka-D,False
2025-04-13,M06,U016,58,60,170.13,False,Süt Ürünleri,Yoğurt,Marka-D,False
2025-04-14,M06,U016,49,11,170.13,False,Süt Ürünleri,Yoğurt,Marka-D,False
2025-04-15,M06,U016,11,0,170.13,True,Süt Ürünleri,Yoğurt,Marka-D,False
2025-04-16,M06,U016,46,204,170.13,False,Süt Ürünleri,Yoğurt,Marka-D,False
2025-04-17,M06,U016,42,162,170.13,False,Süt Ürünleri,Yoğurt,Marka-D,False
2025-04-18,M06,U016,55,107,170.13,False,Süt Ürünleri,Yoğurt,Marka-D,False
2025-04-19,M06,U016,60,47,170.13,False,Süt Ürünleri,Yoğurt,Marka-D,False
2025-04-20,M06,U016,47,0,170.13,True,Süt Ürünleri,Yoğurt,Marka-D,False
2025-04-21,M06,U016,52,167,170.13,False,Süt Ürünleri,Yoğurt,Marka-D,False
2025-04-22,M06,U016,49,118,170.13,False,Süt Ürünleri,Yoğurt,Marka-D,False
2025-04-23,M06,U016,56,62,170.13,False,Süt Ürünleri,Yoğurt,Marka-D,False
2025-04-24,M06,U016,44,18,170.13,False,Süt Ürünleri,Yoğurt,Marka-D,False
2025-04-25,M06,U016,18,0,170.13,True,Süt Ürünleri,Yoğurt,Marka-D,False
2025-04-26,M06,U016,66,166,170.13,False,Süt Ürünleri,Yoğurt,Marka-D,False
2025-04-27,M06,U016,64,102,170.13,False,Süt Ürünleri,Yoğurt,Marka-D,False
2025-04-28,M06,U016,48,54,170.13,False,Süt Ürünleri,Yoğurt,Marka-D,False
2025-04-29,M06,U016,36,18,170.13,False,Süt Ürünleri,Yoğurt,Marka-D,False
2025-04-30,M06,U016,18,0,153.12,True,Süt Ürünleri,Yoğurt,Marka-D,True
2025-05-01,M06,U016,50,197,170.13,False,Süt Ürünleri,Yoğurt,Marka-D,False
2025-05-02,M06,U016,70,127,170.13,False,Süt Ürünleri,Yoğurt,Marka-D,False
2025-05-03,M06,U016,72,55,170.13,False,Süt Ürünleri,Yoğurt,Marka-D,False
2025-05-04,M06,U016,55,0,170.13,True,Süt Ürünleri,Yoğurt,Marka-D,False
2025-05-05,M06,U016,0,0,170.13,True,Süt Ürünleri,Yoğurt,Marka-D,False
2025-05-06,M06,U016,0,0,170.13,True,Süt Ürünleri,Yoğurt,Marka-D,False
2025-01-01,M06,U017,27,131,88.44,False,Süt Ürünleri,Peynir,Marka-E,False
2025-01-02,M06,U017,23,108,88.44,False,Süt Ürünleri,Peynir,Marka-E,False
2025-01-03,M06,U017,22,86,88.44,False,Süt Ürünleri,Peynir,Marka-E,False
2025-01-04,M06,U017,29,57,88.44,False,Süt Ürünleri,Peynir,Marka-E,False
2025-01-05,M06,U017,37,20,70.75,False,Süt Ürünleri,Peynir,Marka-E,True
2025-01-06,M06,U017,20,0,88.44,False,Süt Ürünleri,Peynir,Marka-E,False
2025-01-07,M06,U017,23,137,88.44,False,Süt Ürünleri,Peynir,Marka-E,False
2025-01-08,M06,U017,24,113,88.44,False,Süt Ürünleri,Peynir,Marka-E,False
2025-01-09,M06,U017,25,88,88.44,False,Süt Ürünleri,Peynir,Marka-E,False
2025-01-10,M06,U017,32,56,79.6,False,Süt Ürünleri,Peynir,Marka-E,True
2025-01-11,M06,U017,19,37,88.44,False,Süt Ürünleri,Peynir,Marka-E,False
2025-01-12,M06,U017,34,3,75.17,False,Süt Ürünleri,Peynir,Marka-E,True
2025-01-13,M06,U017,17,120,88.44,False,Süt Ürünleri,Peynir,Marka-E,False
2025-01-14,M06,U017,18,102,88.44,False,Süt Ürünleri,Peynir,Marka-E,False
2025-01-15,M06,U017,18,84,88.44,False,Süt Ürünleri,Peynir,Marka-E,False
2025-01-16,M06,U017,18,66,88.44,False,Süt Ürünleri,Peynir,Marka-E,False
2025-01-17,M06,U017,27,39,88.44,False,Süt Ürünleri,Peynir,Marka-E,False
2025-01-18,M06,U017,34,5,88.44,False,Süt Ürünleri,Peynir,Marka-E,False
2025-01-19,M06,U017,36,124,88.44,False,Süt Ürünleri,Peynir,Marka-E,False
2025-01-20,M06,U017,16,108,88.44,False,Süt Ürünleri,Peynir,Marka-E,False
2025-01-21,M06,U017,20,88,88.44,False,Süt Ürünleri,Peynir,Marka-E,False
2025-01-22,M06,U017,23,65,88.44,False,Süt Ürünleri,Peynir,Marka-E,False
2025-01-23,M06,U017,28,37,88.44,False,Süt Ürünleri,Peynir,Marka-E,False
2025-01-24,M06,U017,24,13,88.44,False,Süt Ürünleri,Peynir,Marka-E,False
2025-01-25,M06,U017,26,132,88.44,False,Süt Ürünleri,Peynir,Marka-E,False
2025-01-26,M06,U017,33,99,88.44,False,Süt Ürünleri,Peynir,Marka-E,False
2025-01-27,M06,U017,23,76,75.17,False,Süt Ürünleri,Peynir,Marka-E,True
2025-01-28,M06,U017,33,43,88.44,False,Süt Ürünleri,Peynir,Marka-E,False
2025-01-29,M06,U017,20,23,88.44,False,Süt Ürünleri,Peynir,Marka-E,False
2025-01-30,M06,U017,21,2,88.44,False,Süt Ürünleri,Peynir,Marka-E,False
2025-01-31,M06,U017,24,134,88.44,False,Süt Ürünleri,Peynir,Marka-E,False
2025-02-01,M06,U017,27,107,88.44,False,Süt Ürünleri,Peynir,Marka-E,False
2025-02-02,M06,U017,21,86,88.44,False,Süt Ürünleri,Peynir,Marka-E,False
2025-02-03,M06,U017,16,70,88.44,False,Süt Ürünleri,Peynir,Marka-E,False
2025-02-04,M06,U017,28,42,88.44,False,Süt Ürünleri,Peynir,Marka-E,False
2025-02-05,M06,U017,20,22,88.44,False,Süt Ürünleri,Peynir,Marka-E,False
2025-02-06,M06,U017,33,115,79.6,False,Süt Ürünleri,Peynir,Marka-E,True
2025-02-07,M06,U017,19,96,88.44,False,Süt Ürünleri,Peynir,Marka-E,False
2025-02-08,M06,U017,21,75,88.44,False,Süt Ürünleri,Peynir,Marka-E,False
2025-02-09,M06,U017,39,36,88.44,False,Süt Ürünleri,Peynir,Marka-E,False
2025-02-10,M06,U017,22,14,88.44,False,Süt Ürünleri,Peynir,Marka-E,False
2025-02-11,M06,U017,14,0,88.44,True,Süt Ürünleri,Peynir,Marka-E,False
2025-02-12,M06,U017,0,0,88.44,True,Süt Ürünleri,Peynir,Marka-E,False
2025-02-13,M06,U017,0,0,88.44,True,Süt Ürünleri,Peynir,Marka-E,False
2025-02-14,M06,U017,0,0,88.44,True,Süt Ürünleri,Peynir,Marka-E,False
2025-02-15,M06,U017,0,0,88.44,True,Süt Ürünleri,Peynir,Marka-E,False
2025-02-16,M06,U017,0,0,88.44,True,Süt Ürünleri,Peynir,Marka-E,False
2025-02-17,M06,U017,0,0,88.44,True,Süt Ürünleri,Peynir,Marka-E,False
2025-02-18,M06,U017,24,120,88.44,False,Süt Ürünleri,Peynir,Marka-E,False
2025-02-19,M06,U017,23,97,75.17,False,Süt Ürünleri,Peynir,Marka-E,True
2025-02-20,M06,U017,47,50,70.75,False,Süt Ürünleri,Peynir,Marka-E,True
2025-02-21,M06,U017,29,21,88.44,False,Süt Ürünleri,Peynir,Marka-E,False
2025-02-22,M06,U017,21,0,88.44,True,Süt Ürünleri,Peynir,Marka-E,False
2025-02-23,M06,U017,0,0,88.44,True,Süt Ürünleri,Peynir,Marka-E,False
2025-02-24,M06,U017,24,132,88.44,False,Süt Ürünleri,Peynir,Marka-E,False
2025-02-25,M06,U017,39,93,70.75,False,Süt Ürünleri,Peynir,Marka-E,True
2025-02-26,M06,U017,24,69,88.44,False,Süt Ürünleri,Peynir,Marka-E,False
2025-02-27,M06,U017,21,48,88.44,False,Süt Ürünleri,Peynir,Marka-E,False
2025-02-28,M06,U017,23,25,88.44,False,Süt Ürünleri,Peynir,Marka-E,False
2025-03-01,M06,U017,25,0,88.44,True,Süt Ürünleri,Peynir,Marka-E,False
2025-03-02,M06,U017,20,115,88.44,False,Süt Ürünleri,Peynir,Marka-E,False
2025-03-03,M06,U017,19,96,88.44,False,Süt Ürünleri,Peynir,Marka-E,False
2025-03-04,M06,U017,18,78,88.44,False,Süt Ürünleri,Peynir,Marka-E,False
2025-03-05,M06,U017,25,53,88.44,False,Süt Ürünleri,Peynir,Marka-E,False
2025-03-06,M06,U017,31,22,88.44,False,Süt Ürünleri,Peynir,Marka-E,False
2025-03-07,M06,U017,22,0,88.44,True,Süt Ürünleri,Peynir,Marka-E,False
2025-03-08,M06,U017,26,135,88.44,False,Süt Ürünleri,Peynir,Marka-E,False
2025-03-09,M06,U017,24,111,88.44,False,Süt Ürünleri,Peynir,Marka-E,False
2025-03-10,M06,U017,18,93,88.44,False,Süt Ürünleri,Peynir,Marka-E,False
2025-03-11,M06,U017,18,75,88.44,False,Süt Ürünleri,Peynir,Marka-E,False
2025-03-12,M06,U017,18,57,88.44,False,Süt Ürünleri,Peynir,Marka-E,False
2025-03-13,M06,U017,25,32,88.44,False,Süt Ürünleri,Peynir,Marka-E,False
2025-03-14,M06,U017,36,115,75.17,False,Süt Ürünleri,Peynir,Marka-E,True
2025-03-15,M06,U017,21,94,88.44,False,Süt Ürünleri,Peynir,Marka-E,False
2025-03-16,M06,U017,33,61,88.44,False,Süt Ürünleri,Peynir,Marka-E,False
2025-03-17,M06,U017,22,39,88.44,False,Süt Ürünleri,Peynir,Marka-E,False
2025-03-18,M06,U017,20,19,88.44,False,Süt Ürünleri,Peynir,Marka-E,False
2025-03-19,M06,U017,19,0,88.44,True,Süt Ürünleri,Peynir,Marka-E,False
2025-03-20,M06,U017,18,121,88.44,False,Süt Ürünleri,Peynir,Marka-E,False
2025-03-21,M06,U017,23,98,88.44,False,Süt Ürünleri,Peynir,Marka-E,False
2025-03-22,M06,U017,29,69,88.44,False,Süt Ürünleri,Peynir,Marka-E,False
2025-03-23,M06,U017,25,44,88.44,False,Süt Ürünleri,Peynir,Marka-E,False
2025-03-24,M06,U017,23,21,88.44,False,Süt Ürünleri,Peynir,Marka-E,False
2025-03-25,M06,U017,17,4,88.44,False,Süt Ürünleri,Peynir,Marka-E,False
2025-03-26,M06,U017,40,117,75.17,False,Süt Ürünleri,Peynir,Marka-E,True
2025-03-27,M06,U017,18,99,88.44,False,Süt Ürünleri,Peynir,Marka-E,False
2025-03-28,M06,U017,19,80,88.44,False,Süt Ürünleri,Peynir,Marka-E,False
2025-03-29,M06,U017,30,50,88.44,False,Süt Ürünleri,Peynir,Marka-E,False
2025-03-30,M06,U017,30,20,88.44,False,Süt Ürünleri,Peynir,Marka-E,False
2025-03-31,M06,U017,20,0,88.44,True,Süt Ürünleri,Peynir,Marka-E,False
2025-04-01,M06,U017,33,115,79.6,False,Süt Ürünleri,Peynir,Marka-E,True
2025-04-02,M06,U017,27,88,88.44,False,Süt Ürünleri,Peynir,Marka-E,False
2025-04-03,M06,U017,38,50,88.44,False,Süt Ürünleri,Peynir,Marka-E,False
2025-04-04,M06,U017,30,20,88.44,False,Süt Ürünleri,Peynir,Marka-E,False
2025-04-05,M06,U017,20,0,88.44,True,Süt Ürünleri,Peynir,Marka-E,False
2025-04-06,M06,U017,0,0,88.44,True,Süt Ürünleri,Peynir,Marka-E,False
2025-04-07,M06,U017,24,117,88.44,False,Süt Ürünleri,Peynir,Marka-E,False
2025-04-08,M06,U017,24,93,88.44,False,Süt Ürünleri,Peynir,Marka-E,False
2025-04-09,M06,U017,28,65,88.44,False,Süt Ürünleri,Peynir,Marka-E,False
2025-04-10,M06,U017,28,37,88.44,False,Süt Ürünleri,Peynir,Marka-E,False
2025-04-11,M06,U017,19,18,88.44,False,Süt Ürünleri,Peynir,Marka-E,False
2025-04-12,M06,U017,18,0,88.44,True,Süt Ürünleri,Peynir,Marka-E,False
2025-04-13,M06,U017,27,122,88.44,False,Süt Ürünleri,Peynir,Marka-E,False
2025-04-14,M06,U017,32,90,88.44,False,Süt Ürünleri,Peynir,Marka-E,False
2025-04-15,M06,U017,31,59,70.75,False,Süt Ürünleri,Peynir,Marka-E,True
2025-04-16,M06,U017,24,35,88.44,False,Süt Ürünleri,Peynir,Marka-E,False
2025-04-17,M06,U017,22,13,88.44,False,Süt Ürünleri,Peynir,Marka-E,False
2025-04-18,M06,U017,13,0,88.44,True,Süt Ürünleri,Peynir,Marka-E,False
2025-04-19,M06,U017,35,126,88.44,False,Süt Ürünleri,Peynir,Marka-E,False
2025-04-20,M06,U017,52,74,75.17,False,Süt Ürünleri,Peynir,Marka-E,True
2025-04-21,M06,U017,28,46,88.44,False,Süt Ürünleri,Peynir,Marka-E,False
2025-04-22,M06,U017,36,10,79.6,False,Süt Ürünleri,Peynir,Marka-E,True
2025-04-23,M06,U017,10,0,75.17,True,Süt Ürünleri,Peynir,Marka-E,True
2025-04-24,M06,U017,0,0,88.44,True,Süt Ürünleri,Peynir,Marka-E,False
2025-04-25,M06,U017,31,114,88.44,False,Süt Ürünleri,Peynir,Marka-E,False
2025-04-26,M06,U017,52,62,75.17,False,Süt Ürünleri,Peynir,Marka-E,True
2025-04-27,M06,U017,40,22,88.44,False,Süt Ürünleri,Peynir,Marka-E,False
2025-04-28,M06,U017,22,0,88.44,True,Süt Ürünleri,Peynir,Marka-E,False
2025-04-29,M06,U017,0,0,88.44,True,Süt Ürünleri,Peynir,Marka-E,False
2025-04-30,M06,U017,0,0,88.44,True,Süt Ürünleri,Peynir,Marka-E,False
2025-05-01,M06,U017,27,122,88.44,False,Süt Ürünleri,Peynir,Marka-E,False
2025-05-02,M06,U017,28,94,88.44,False,Süt Ürünleri,Peynir,Marka-E,False
2025-05-03,M06,U017,37,57,88.44,False,Süt Ürünleri,Peynir,Marka-E,False
2025-05-04,M06,U017,24,33,88.44,False,Süt Ürünleri,Peynir,Marka-E,False
2025-05-05,M06,U017,25,8,88.44,False,Süt Ürünleri,Peynir,Marka-E,False
2025-05-06,M06,U017,8,0,88.44,True,Süt Ürünleri,Peynir,Marka-E,False
2025-01-01,M06,U018,12,119,116.46,False,Süt Ürünleri,Peynir,Marka-F,False
2025-01-02,M06,U018,15,104,116.46,False,Süt Ürünleri,Peynir,Marka-F,False
2025-01-03,M06,U018,14,90,116.46,False,Süt Ürünleri,Peynir,Marka-F,False
2025-01-04,M06,U018,19,71,116.46,False,Süt Ürünleri,Peynir,Marka-F,False
2025-01-05,M06,U018,13,58,116.46,False,Süt Ürünleri,Peynir,Marka-F,False
2025-01-06,M06,U018,22,36,93.17,False,Süt Ürünleri,Peynir,Marka-F,True
2025-01-07,M06,U018,11,25,116.46,False,Süt Ürünleri,Peynir,Marka-F,False
2025-01-08,M06,U018,13,12,116.46,False,Süt Ürünleri,Peynir,Marka-F,False
2025-01-09,M06,U018,12,0,116.46,True,Süt Ürünleri,Peynir,Marka-F,False
2025-01-10,M06,U018,0,0,93.17,True,Süt Ürünleri,Peynir,Marka-F,True
2025-01-11,M06,U018,21,91,116.46,False,Süt Ürünleri,Peynir,Marka-F,False
2025-01-12,M06,U018,23,68,116.46,False,Süt Ürünleri,Peynir,Marka-F,False
2025-01-13,M06,U018,16,52,116.46,False,Süt Ürünleri,Peynir,Marka-F,False
2025-01-14,M06,U018,22,30,116.46,False,Süt Ürünleri,Peynir,Marka-F,False
2025-01-15,M06,U018,20,10,116.46,False,Süt Ürünleri,Peynir,Marka-F,False
2025-01-16,M06,U018,8,114,116.46,False,Süt Ürünleri,Peynir,Marka-F,False
2025-01-17,M06,U018,23,91,116.46,False,Süt Ürünleri,Peynir,Marka-F,False
2025-01-18,M06,U018,30,61,116.46,False,Süt Ürünleri,Peynir,Marka-F,False
2025-01-19,M06,U018,20,41,116.46,False,Süt Ürünleri,Peynir,Marka-F,False
2025-01-20,M06,U018,21,20,93.17,False,Süt Ürünleri,Peynir,Marka-F,True
2025-01-21,M06,U018,19,103,116.46,False,Süt Ürünleri,Peynir,Marka-F,False
2025-01-22,M06,U018,26,77,116.46,False,Süt Ürünleri,Peynir,Marka-F,False
2025-01-23,M06,U018,18,59,116.46,False,Süt Ürünleri,Peynir,Marka-F,False
2025-01-24,M06,U018,16,43,116.46,False,Süt Ürünleri,Peynir,Marka-F,False
2025-01-25,M06,U018,18,25,116.46,False,Süt Ürünleri,Peynir,Marka-F,False
2025-01-26,M06,U018,14,97,116.46,False,Süt Ürünleri,Peynir,Marka-F,False
2025-01-27,M06,U018,13,84,116.46,False,Süt Ürünleri,Peynir,Marka-F,False
2025-01-28,M06,U018,19,65,116.46,False,Süt Ürünleri,Peynir,Marka-F,False
2025-01-29,M06,U018,17,48,116.46,False,Süt Ürünleri,Peynir,Marka-F,False
2025-01-30,M06,U018,8,40,116.46,False,Süt Ürünleri,Peynir,Marka-F,False
2025-01-31,M06,U018,18,114,116.46,False,Süt Ürünleri,Peynir,Marka-F,False
2025-02-01,M06,U018,16,98,116.46,False,Süt Ürünleri,Peynir,Marka-F,False
2025-02-02,M06,U018,23,75,116.46,False,Süt Ürünleri,Peynir,Marka-F,False
2025-02-03,M06,U018,16,59,116.46,False,Süt Ürünleri,Peynir,Marka-F,False
2025-02-04,M06,U018,13,46,116.46,False,Süt Ürünleri,Peynir,Marka-F,False
2025-02-05,M06,U018,13,100,116.46,False,Süt Ürünleri,Peynir,Marka-F,False
2025-02-06,M06,U018,11,89,116.46,False,Süt Ürünleri,Peynir,Marka-F,False
2025-02-07,M06,U018,19,70,116.46,False,Süt Ürünleri,Peynir,Marka-F,False
2025-02-08,M06,U018,17,53,116.46,False,Süt Ürünleri,Peynir,Marka-F,False
2025-02-09,M06,U018,16,37,116.46,False,Süt Ürünleri,Peynir,Marka-F,False
2025-02-10,M06,U018,19,18,116.46,False,Süt Ürünleri,Peynir,Marka-F,False
2025-02-11,M06,U018,18,0,116.46,True,Süt Ürünleri,Peynir,Marka-F,False
2025-02-12,M06,U018,0,0,116.46,True,Süt Ürünleri,Peynir,Marka-F,False
2025-02-13,M06,U018,0,0,116.46,True,Süt Ürünleri,Peynir,Marka-F,False
2025-02-14,M06,U018,0,0,116.46,True,Süt Ürünleri,Peynir,Marka-F,False
2025-02-15,M06,U018,13,114,116.46,False,Süt Ürünleri,Peynir,Marka-F,False
2025-02-16,M06,U018,22,92,116.46,False,Süt Ürünleri,Peynir,Marka-F,False
2025-02-17,M06,U018,20,72,116.46,False,Süt Ürünleri,Peynir,Marka-F,False
2025-02-18,M06,U018,16,56,116.46,False,Süt Ürünleri,Peynir,Marka-F,False
2025-02-19,M06,U018,19,37,116.46,False,Süt Ürünleri,Peynir,Marka-F,False
2025-02-20,M06,U018,11,105,116.46,False,Süt Ürünleri,Peynir,Marka-F,False
2025-02-21,M06,U018,25,80,116.46,False,Süt Ürünleri,Peynir,Marka-F,False
2025-02-22,M06,U018,20,60,116.46,False,Süt Ürünleri,Peynir,Marka-F,False
2025-02-23,M06,U018,13,47,116.46,False,Süt Ürünleri,Peynir,Marka-F,False
2025-02-24,M06,U018,16,31,116.46,False,Süt Ürünleri,Peynir,Marka-F,False
2025-02-25,M06,U018,17,115,116.46,False,Süt Ürünleri,Peynir,Marka-F,False
2025-02-26,M06,U018,11,104,116.46,False,Süt Ürünleri,Peynir,Marka-F,False
2025-02-27,M06,U018,14,90,116.46,False,Süt Ürünleri,Peynir,Marka-F,False
2025-02-28,M06,U018,22,68,116.46,False,Süt Ürünleri,Peynir,Marka-F,False
2025-03-01,M06,U018,13,55,116.46,False,Süt Ürünleri,Peynir,Marka-F,False
2025-03-02,M06,U018,16,105,116.46,False,Süt Ürünleri,Peynir,Marka-F,False
2025-03-03,M06,U018,16,89,116.46,False,Süt Ürünleri,Peynir,Marka-F,False
2025-03-04,M06,U018,11,78,116.46,False,Süt Ürünleri,Peynir,Marka-F,False
2025-03-05,M06,U018,14,64,116.46,False,Süt Ürünleri,Peynir,Marka-F,False
2025-03-06,M06,U018,16,48,116.46,False,Süt Ürünleri,Peynir,Marka-F,False
2025-03-07,M06,U018,20,100,116.46,False,Süt Ürünleri,Peynir,Marka-F,False
2025-03-08,M06,U018,23,77,116.46,False,Süt Ürünleri,Peynir,Marka-F,False
2025-03-09,M06,U018,26,51,116.46,False,Süt Ürünleri,Peynir,Marka-F,False
2025-03-10,M06,U018,12,39,116.46,False,Süt Ürünleri,Peynir,Marka-F,False
2025-03-11,M06,U018,12,27,116.46,False,Süt Ürünleri,Peynir,Marka-F,False
2025-03-12,M06,U018,25,91,116.46,False,Süt Ürünleri,Peynir,Marka-F,False
2025-03-13,M06,U018,18,73,116.46,False,Süt Ürünleri,Peynir,Marka-F,False
2025-03-14,M06,U018,13,60,116.46,False,Süt Ürünleri,Peynir,Marka-F,False
2025-03-15,M06,U018,19,41,116.46,False,Süt Ürünleri,Peynir,Marka-F,False
2025-03-16,M06,U018,17,24,116.46,False,Süt Ürünleri,Peynir,Marka-F,False
2025-03-17,M06,U018,17,107,116.46,False,Süt Ürünleri,Peynir,Marka-F,False
2025-03-18,M06,U018,15,92,116.46,False,Süt Ürünleri,Peynir,Marka-F,False
2025-03-19,M06,U018,24,68,116.46,False,Süt Ürünleri,Peynir,Marka-F,False
2025-03-20,M06,U018,20,48,116.46,False,Süt Ürünleri,Peynir,Marka-F,False
2025-03-21,M06,U018,19,29,116.46,False,Süt Ürünleri,Peynir,Marka-F,False
2025-03-22,M06,U018,22,91,116.46,False,Süt Ürünleri,Peynir,Marka-F,False
2025-03-23,M06,U018,22,69,116.46,False,Süt Ürünleri,Peynir,Marka-F,False
2025-03-24,M06,U018,19,50,116.46,False,Süt Ürünleri,Peynir,Marka-F,False
2025-03-25,M06,U018,24,26,116.46,False,Süt Ürünleri,Peynir,Marka-F,False
2025-03-26,M06,U018,12,14,116.46,False,Süt Ürünleri,Peynir,Marka-F,False
2025-03-27,M06,U018,26,90,116.46,False,Süt Ürünleri,Peynir,Marka-F,False
2025-03-28,M06,U018,36,54,93.17,False,Süt Ürünleri,Peynir,Marka-F,True
2025-03-29,M06,U018,18,36,116.46,False,Süt Ürünleri,Peynir,Marka-F,False
2025-03-30,M06,U018,24,12,116.46,False,Süt Ürünleri,Peynir,Marka-F,False
2025-03-31,M06,U018,12,0,116.46,True,Süt Ürünleri,Peynir,Marka-F,False
2025-04-01,M06,U018,20,95,116.46,False,Süt Ürünleri,Peynir,Marka-F,False
2025-04-02,M06,U018,16,79,116.46,False,Süt Ürünleri,Peynir,Marka-F,False
2025-04-03,M06,U018,17,62,116.46,False,Süt Ürünleri,Peynir,Marka-F,False
2025-04-04,M06,U018,12,50,116.46,False,Süt Ürünleri,Peynir,Marka-F,False
2025-04-05,M06,U018,22,28,104.81,False,Süt Ürünleri,Peynir,Marka-F,True
2025-04-06,M06,U018,17,102,116.46,False,Süt Ürünleri,Peynir,Marka-F,False
2025-04-07,M06,U018,15,87,116.46,False,Süt Ürünleri,Peynir,Marka-F,False
2025-04-08,M06,U018,20,67,116.46,False,Süt Ürünleri,Peynir,Marka-F,False
2025-04-09,M06,U018,10,57,116.46,False,Süt Ürünleri,Peynir,Marka-F,False
2025-04-10,M06,U018,16,41,116.46,False,Süt Ürünleri,Peynir,Marka-F,False
2025-04-11,M06,U018,23,87,116.46,False,Süt Ürünleri,Peynir,Marka-F,False
2025-04-12,M06,U018,21,66,116.46,False,Süt Ürünleri,Peynir,Marka-F,False
2025-04-13,M06,U018,18,48,116.46,False,Süt Ürünleri,Peynir,Marka-F,False
2025-04-14,M06,U018,12,36,116.46,False,Süt Ürünleri,Peynir,Marka-F,False
2025-04-15,M06,U018,11,25,116.46,False,Süt Ürünleri,Peynir,Marka-F,False
2025-04-16,M06,U018,14,104,116.46,False,Süt Ürünleri,Peynir,Marka-F,False
2025-04-17,M06,U018,15,89,116.46,False,Süt Ürünleri,Peynir,Marka-F,False
2025-04-18,M06,U018,26,63,116.46,False,Süt Ürünleri,Peynir,Marka-F,False
2025-04-19,M06,U018,50,13,98.99,False,Süt Ürünleri,Peynir,Marka-F,True
2025-04-20,M06,U018,13,0,116.46,True,Süt Ürünleri,Peynir,Marka-F,False
2025-04-21,M06,U018,12,106,116.46,False,Süt Ürünleri,Peynir,Marka-F,False
2025-04-22,M06,U018,21,85,116.46,False,Süt Ürünleri,Peynir,Marka-F,False
2025-04-23,M06,U018,25,60,116.46,False,Süt Ürünleri,Peynir,Marka-F,False
2025-04-24,M06,U018,14,46,116.46,False,Süt Ürünleri,Peynir,Marka-F,False
2025-04-25,M06,U018,28,18,98.99,False,Süt Ürünleri,Peynir,Marka-F,True
2025-04-26,M06,U018,17,102,116.46,False,Süt Ürünleri,Peynir,Marka-F,False
2025-04-27,M06,U018,15,87,116.46,False,Süt Ürünleri,Peynir,Marka-F,False
2025-04-28,M06,U018,18,69,116.46,False,Süt Ürünleri,Peynir,Marka-F,False
2025-04-29,M06,U018,19,50,116.46,False,Süt Ürünleri,Peynir,Marka-F,False
2025-04-30,M06,U018,15,35,116.46,False,Süt Ürünleri,Peynir,Marka-F,False
2025-05-01,M06,U018,26,88,116.46,False,Süt Ürünleri,Peynir,Marka-F,False
2025-05-02,M06,U018,15,73,116.46,False,Süt Ürünleri,Peynir,Marka-F,False
2025-05-03,M06,U018,25,48,116.46,False,Süt Ürünleri,Peynir,Marka-F,False
2025-05-04,M06,U018,25,23,116.46,False,Süt Ürünleri,Peynir,Marka-F,False
2025-05-05,M06,U018,14,9,116.46,False,Süt Ürünleri,Peynir,Marka-F,False
2025-05-06,M06,U018,18,101,116.46,False,Süt Ürünleri,Peynir,Marka-F,False
